# Kanji grapheme families: the edges that join each family; see src/glyph_atlas/shape_families.py.
# The members of a family are the characters of data/vocab/characters.tsv under its head.
# source cjkvi-variants: CJKVI Variants Database (cjkvi-variants); PD (https://github.com/cjkvi/cjkvi-variants/blob/e4f1da248c9737a243f9930b5dc497cef5d5ae16/cjkvi-variants.txt); 川幡太一, CJKVI Variants Database (cjkvi-variants)
# source hng-basic-data: 漢字字体規範史データセット（HNG）基本データセット; CC-BY-SA-4.0 (https://github.com/chise/hng-basic-data/blob/e2174a30844b8100c34af1c0dbe1e301f186883e/README.md); 漢字字体規範史データセット保存会『漢字字体規範史データセット（HNG）』基本データセット, CC BY-SA 4.0
# source mj-kanji: MJ文字情報一覧表; CC-BY-SA-2.1-JP (https://moji.or.jp/mojikiban/mjlist/); 文字情報基盤 MJ文字情報一覧表（IPA）, CC BY-SA 2.1 JP
# source mj-shrink-map: MJ縮退マップ; CC-BY-SA-2.1-JP (https://moji.or.jp/wp-content/mojikiban/oscdl/MJShrinkMap.1.2.0.json); 文字情報基盤 MJ縮退マップ（IPA）, CC BY-SA 2.1 JP
# source opencc: Open Chinese Convert (OpenCC) dictionaries; Apache-2.0 (https://github.com/BYVoid/OpenCC/blob/2939943bd6f4d459b46d7fdcf07a885ab3f01761/LICENSE); OpenCC contributors, Apache License 2.0
# source unicode-ucd: Unicode Character Database and Ideographic Variation Database; Unicode-3.0 (https://www.unicode.org/license.txt); Copyright Unicode, Inc.; Unicode License v3
# source unihan: Unicode Han Database (Unihan), Unihan_Variants.txt; Unicode-3.0 (https://www.unicode.org/license.txt); Copyright Unicode, Inc.; Unicode License v3
# source wikidata: Wikidata, property P5475 (CJKV variant character); CC0-1.0 (https://www.wikidata.org/wiki/Wikidata:Licensing); Wikidata contributors, CC0 1.0
# source yitizi: Yitizi 異體字 (nk2028); CC0-1.0 (https://github.com/nk2028/yitizi/blob/60e232c40d6076af07679151c008349363e699ae/LICENSE); nk2028, Yitizi, CC0 1.0
#   from kanji-variants.tsv (compatibility, z, reduction and the corroborating rows), kanji-equivalents.tsv (itaiji, source mj-kanji: the MJ文字情報一覧表's X0213 column) and mj-kanji.tsv (実装したUCS, the default figure of a code point)
#   unihan: Unihan_IRGSources.txt kIRG_JSource J0 (JIS X 0208) of Unicode 18.0.0, for the representative and for which reductions need a second source
# role: merge joins a and b; corroborates is the second source a reduction between two JIS X 0208 characters needs.
# columns: head, a, b, relation, source, role, detail
# families: 4775 (271 curated), characters: 15039, rows: 10853
head	a	b	relation	source	role	detail
U+34B9	㒹	㒹	compatibility	unicode-ucd	merge	34B9
U+34BB	㒻	㒻	compatibility	unicode-ucd	merge	34BB
U+34BC	𦲸	㒼	reduction	mj-shrink-map	merge	MJ046558: 法務省戸籍法関連通達・通知, 種別 戸籍統一文字情報 親字・正字, ホップ数 1
U+34DF	㓟	㓟	compatibility	unicode-ucd	merge	34DF
U+3515	㔕	㔕	compatibility	unicode-ucd	merge	3515
U+3563	𧮲	㕣	reduction	mj-shrink-map	merge	MJ049276: 法務省戸籍法関連通達・通知, 種別 戸籍統一文字情報 親字・正字, ホップ数 1
U+3588	㖈	䎛	z	cjkvi-variants	merge	㖈→䎛 cjkvi/duplicate
U+3588	㖈	䎛	z	unihan	merge	㖈→䎛 kZVariant | 䎛→㖈 kZVariant
U+363D	㘽	㦳	z	cjkvi-variants	merge	㘽→㦳 cjkvi/duplicate
U+363D	㘽	㦳	z	unihan	merge	㘽→㦳 kZVariant | 㦳→㘽 kZVariant
U+36FC	㛼	㛼	compatibility	unicode-ucd	merge	36FC
U+3775	𮙮	㝵	reduction	mj-shrink-map	merge	MJ058783: 法務省戸籍法関連通達・通知, 種別 戸籍統一文字情報 親字・正字, ホップ数 1
U+3781	㞁	㞁	compatibility	unicode-ucd	merge	3781
U+3840	𭁭	㡀	reduction	mj-shrink-map	merge	MJ057020: 法務省戸籍法関連通達・通知, 種別 戸籍統一文字情報 親字・正字, ホップ数 1
U+387C	㡼	㡼	compatibility	unicode-ucd	merge	387C
U+38C7	㣇	㣇	compatibility	unicode-ucd	merge	38C7
U+38E3	㣣	㣣	compatibility	unicode-ucd	merge	38E3
U+391C	㤜	㤜	compatibility	unicode-ucd	merge	391C
U+393A	㤺	㤺	compatibility	unicode-ucd	merge	393A
U+396F	𭜳	㥯	reduction	mj-shrink-map	merge	MJ057506: 法務省戸籍法関連通達・通知, 種別 戸籍統一文字情報 親字・正字, ホップ数 1
U+396F	𭜵	㥯	reduction	mj-shrink-map	merge	MJ057505: 法務省戸籍法関連通達・通知, 種別 戸籍統一文字情報 親字・正字, ホップ数 1
U+3A6C	㩬	㩬	compatibility	unicode-ucd	merge	3A6C
U+3B08	㬈	㬈	compatibility	unicode-ucd	merge	3B08
U+3B0E	𣊡	㬎	reduction	mj-shrink-map	merge	MJ037794: 法務省戸籍法関連通達・通知, 種別 戸籍統一文字情報 親字・正字, ホップ数 1
U+3B49	㭉	㭉	compatibility	unicode-ucd	merge	3B49
U+3B87	掭	㮇	reduction	mj-shrink-map	merge	MJ012503: 法務省戸籍法関連通達・通知, 種別 戸籍統一文字情報 親字・正字, ホップ数 1
U+3B9D	㮝	㮝	compatibility	unicode-ucd	merge	3B9D
U+3B9D	㮝	㮝	compatibility	unicode-ucd	merge	3B9D
U+3C0F	篙	㰏	reduction	mj-shrink-map	merge	MJ019605: 法務省戸籍法関連通達・通知, 種別 戸籍統一文字情報 親字・正字, ホップ数 1
U+3C0F	𥮑	㰏	reduction	mj-shrink-map	merge	MJ043757: 法務省戸籍法関連通達・通知, 種別 戸籍統一文字情報 親字・正字, ホップ数 1
U+3C18	㰘	㰘	compatibility	unicode-ucd	merge	3C18
U+3C4E	㱎	㱎	compatibility	unicode-ucd	merge	3C4E
U+3D33	㴳	㴳	compatibility	unicode-ucd	merge	3D33
U+3D96	㶖	㶖	compatibility	unicode-ucd	merge	3D96
U+3DB7	㶷	𤈎	z	cjkvi-variants	merge	㶷→𤈎 cjkvi/duplicate
U+3EAC	㺬	㺬	compatibility	unicode-ucd	merge	3EAC
U+3EB8	㺸	㺸	compatibility	unicode-ucd	merge	3EB8
U+3EB8	㺸	㺸	compatibility	unicode-ucd	merge	3EB8
U+3F1B	㼛	㼛	compatibility	unicode-ucd	merge	3F1B
U+3FAE	癀	㾮	reduction	mj-shrink-map	merge	MJ017915: 法務省戸籍法関連通達・通知, 種別 戸籍統一文字情報 親字・正字, ホップ数 1
U+3FC9	㿉	㿗	reduction	mj-shrink-map	merge	MJ002729: 法務省戸籍法関連通達・通知, 種別 戸籍統一文字情報 親字・正字, ホップ数 1
U+3FC9	㿗	㿉	reduction	mj-shrink-map	merge	MJ002742: 法務省戸籍法関連通達・通知, 種別 戸籍統一文字情報 親字・正字, ホップ数 1
U+3FFC	㿼	㿼	compatibility	unicode-ucd	merge	3FFC
U+4008	䀈	䀈	compatibility	unicode-ucd	merge	4008
U+4018	䀘	䀘	compatibility	unicode-ucd	merge	4018
U+4039	䀹	䀹	compatibility	unicode-ucd	merge	4039
U+4039	䀹	䀹	compatibility	unicode-ucd	merge	4039
U+4039	𣮌	䀹	reduction	mj-shrink-map	merge	MJ039050: 法務省戸籍法関連通達・通知, 種別 戸籍統一文字情報 親字・正字, ホップ数 1
U+4039	𣮍	䀹	reduction	mj-shrink-map	merge	MJ039051: 法務省戸籍法関連通達・通知, 種別 戸籍統一文字情報 親字・正字, ホップ数 1
U+4039	𣰞	䀹	reduction	mj-shrink-map	merge	MJ039136: 法務省戸籍法関連通達・通知, 種別 戸籍統一文字情報 親字・正字, ホップ数 1
U+4039	𥇒	䀹	reduction	mj-shrink-map	merge	MJ042331: 法務省戸籍法関連通達・通知, 種別 戸籍統一文字情報 親字・正字, ホップ数 1
U+4039	𥊆	䀹	reduction	mj-shrink-map	merge	MJ042449: 法務省戸籍法関連通達・通知, 種別 戸籍統一文字情報 親字・正字, ホップ数 1
U+4046	䁆	䁆	compatibility	unicode-ucd	merge	4046
U+4096	䂖	䂖	compatibility	unicode-ucd	merge	4096
U+412F	䄯	䄯	compatibility	unicode-ucd	merge	412F
U+4202	䈂	䈂	compatibility	unicode-ucd	merge	4202
U+4227	䈧	䈧	compatibility	unicode-ucd	merge	4227
U+42A0	䊠	䊠	compatibility	unicode-ucd	merge	42A0
U+4301	䌁	䌁	compatibility	unicode-ucd	merge	4301
U+4334	䌴	䌴	compatibility	unicode-ucd	merge	4334
U+4359	䍙	䍙	compatibility	unicode-ucd	merge	4359
U+43D5	䏕	䏕	compatibility	unicode-ucd	merge	43D5
U+43D9	䏙	䏙	compatibility	unicode-ucd	merge	43D9
U+43DE	䏞	𦚜	z	cjkvi-variants	merge	䏞→𦚜 cjkvi/duplicate
U+440B	䐋	䐋	compatibility	unicode-ucd	merge	440B
U+4422	𦛴	䐢	reduction	mj-shrink-map	merge	MJ045599: 法務省戸籍法関連通達・通知, 種別 戸籍統一文字情報 親字・正字, ホップ数 1
U+4422	𦜻	䐢	reduction	mj-shrink-map	merge	MJ045641: 法務省戸籍法関連通達・通知, 種別 戸籍統一文字情報 親字・正字, ホップ数 1
U+4453	𦥄	䑓	reduction	mj-shrink-map	merge	MJ045957: 法務省戸籍法関連通達・通知, 種別 戸籍統一文字情報 親字・正字, ホップ数 1
U+446B	䑫	䑫	compatibility	unicode-ucd	merge	446B
U+452B	䔫	䔫	compatibility	unicode-ucd	merge	452B
U+455D	䕝	䕝	compatibility	unicode-ucd	merge	455D
U+4561	䕡	䕡	compatibility	unicode-ucd	merge	4561
U+456B	䕫	䕫	compatibility	unicode-ucd	merge	456B
U+45D7	䗗	䗗	compatibility	unicode-ucd	merge	45D7
U+45E5	𧐱	䗥	reduction	mj-shrink-map	merge	MJ047830: 法務省戸籍法関連通達・通知, 種別 戸籍統一文字情報 親字・正字, ホップ数 1
U+45F9	䗹	䗹	compatibility	unicode-ucd	merge	45F9
U+4635	䘵	䘵	compatibility	unicode-ucd	merge	4635
U+4665	𧟙	䙥	reduction	mj-shrink-map	merge	MJ048511: 法務省戸籍法関連通達・通知, 種別 戸籍統一文字情報 親字・正字, ホップ数 1
U+46BE	䚾	䚾	compatibility	unicode-ucd	merge	46BE
U+46C7	䛇	䛇	compatibility	unicode-ucd	merge	46C7
U+470C	䜌	龻	z	cjkvi-variants	merge	䜌→龻 cjkvi/duplicate
U+470C	𤔪	䜌	reduction	mj-shrink-map	merge	MJ040252: 法務省戸籍法関連通達・通知, 種別 戸籍統一文字情報 親字・正字, ホップ数 1
U+470C	𮘎	䜌	reduction	mj-shrink-map	merge	MJ058745: 法務省戸籍法関連通達・通知, 種別 戸籍統一文字情報 親字・正字, ホップ数 1
U+4995	䦕	䦕	compatibility	unicode-ucd	merge	4995
U+49E6	䧦	䧦	compatibility	unicode-ucd	merge	49E6
U+4A04	鶕	䨄	reduction	mj-shrink-map	merge	MJ029607: 法務省戸籍法関連通達・通知, 種別 戸籍統一文字情報 親字・正字, ホップ数 1
U+4A04	𪂻	䨄	reduction	mj-shrink-map	merge	MJ055611: 法務省戸籍法関連通達・通知, 種別 戸籍統一文字情報 親字・正字, ホップ数 1
U+4A76	䩶	䩶	compatibility	unicode-ucd	merge	4A76
U+4AB2	䪲	䪲	compatibility	unicode-ucd	merge	4AB2
U+4B33	䬳	䬳	compatibility	unicode-ucd	merge	4B33
U+4BCA	胢	䯊	reduction	mj-shrink-map	merge	MJ021007: 法務省戸籍法関連通達・通知, 種別 戸籍統一文字情報 親字・正字, ホップ数 1
U+4BCE	䯎	䯎	compatibility	unicode-ucd	merge	4BCE
U+4C20	𩳱	䰠	reduction	mj-shrink-map	merge	MJ055022: 法務省戸籍法関連通達・通知, 種別 戸籍統一文字情報 親字・正字, ホップ数 1
U+4C20	𩴋	䰠	reduction	mj-shrink-map	merge	MJ055036: 法務省戸籍法関連通達・通知, 種別 戸籍統一文字情報 親字・正字, ホップ数 1
U+4C4D	䱍	䱎	z	unihan	merge	䱍→䱎 kZVariant | 䱎→䱍 kZVariant
U+4CCE	䳎	䳎	compatibility	unicode-ucd	merge	4CCE
U+4CED	䳭	䳭	compatibility	unicode-ucd	merge	4CED
U+4CF8	䳸	䳸	compatibility	unicode-ucd	merge	4CF8
U+4D07	𩁎	䴇	reduction	mj-shrink-map	merge	MJ052693: 法務省戸籍法関連通達・通知, 種別 戸籍統一文字情報 親字・正字, ホップ数 1
U+4D56	䵖	䵖	compatibility	unicode-ucd	merge	4D56
U+4D77	鼃	䵷	reduction	mj-shrink-map	merge	MJ029959: 法務省戸籍法関連通達・通知, 種別 戸籍統一文字情報 親字・正字, ホップ数 1
U+4D77	𪓤	鼃	reduction	mj-shrink-map	merge	MJ056404: 法務省戸籍法関連通達・通知, 種別 戸籍統一文字情報 親字・正字, ホップ数 1
U+4E00	弌	一	reduction	mj-shrink-map	merge	MJ011139: 法務省戸籍法関連通達・通知, 種別 戸籍統一文字情報 親字・正字, ホップ数 1
U+4E00	一	弌	variant	cjkvi-variants	corroborates	一→弌 cjkvi/numeric | 一→弌 hydzd/variant | 一→弌 jisx0212/variant | 一→弌 jisx0213/variant | 一→弌 twedu/variant
U+4E00	一	弌	variant	hng-basic-data	corroborates	00001
U+4E00	一	弌	variant	wikidata	corroborates	Q109742274; P248 Q10427532 | Q4025820; P248 Q10427532
U+4E00	𠤪	一	reduction	mj-shrink-map	merge	MJ031664: 法務省戸籍法関連通達・通知, 種別 戸籍統一文字情報 親字・正字, ホップ数 1
U+4E03	𠀁	七	reduction	mj-shrink-map	merge	MJ030314: 法務省戸籍法関連通達・通知, 種別 戸籍統一文字情報 親字・正字, ホップ数 1
U+4E07	㸘	萬	reduction	mj-shrink-map	merge	MJ002343: 法務省戸籍法関連通達・通知, 種別 戸籍統一文字情報 親字・正字, ホップ数 1
U+4E07	萬	万	reduction	mj-shrink-map	merge	MJ022254: 法務省戸籍法関連通達・通知, 種別 戸籍統一文字情報 親字・正字, ホップ数 1
U+4E07	𠂍	萬	reduction	mj-shrink-map	merge	MJ030376: 法務省戸籍法関連通達・通知, 種別 戸籍統一文字情報 親字・正字, ホップ数 1
U+4E07	𢁭	萬	reduction	mj-shrink-map	merge	MJ035000: 法務省戸籍法関連通達・通知, 種別 戸籍統一文字情報 親字・正字, ホップ数 1
U+4E07	𢄏	万	reduction	mj-shrink-map	merge	MJ035122: 法務省戸籍法関連通達・通知, 種別 戸籍統一文字情報 親字・正字, ホップ数 1
U+4E07	𤈬	萬	reduction	mj-shrink-map	merge	MJ039913: 法務省戸籍法関連通達・通知, 種別 戸籍統一文字情報 親字・正字, ホップ数 1
U+4E07	𤍚	萬	reduction	mj-shrink-map	merge	MJ040027: 法務省戸籍法関連通達・通知, 種別 戸籍統一文字情報 親字・正字, ホップ数 1
U+4E07	𥝄	萬	reduction	mj-shrink-map	merge	MJ043115: 法務省戸籍法関連通達・通知, 種別 戸籍統一文字情報 親字・正字, ホップ数 1
U+4E07	𥝅	萬	reduction	mj-shrink-map	merge	MJ043116: 法務省戸籍法関連通達・通知, 種別 戸籍統一文字情報 親字・正字, ホップ数 1
U+4E08	𠀋	丈	reduction	mj-shrink-map	merge	MJ030319: 法務省戸籍法関連通達・通知, 種別 戸籍統一文字情報 親字・正字, ホップ数 1
U+4E09	弎	三	reduction	mj-shrink-map	merge	MJ011143: 法務省戸籍法関連通達・通知, 種別 戸籍統一文字情報 親字・正字, ホップ数 1
U+4E0A	丄	上	reduction	mj-shrink-map	merge	MJ006298: 法務省戸籍法関連通達・通知, 種別 戸籍統一文字情報 親字・正字, ホップ数 1
U+4E0A	𠄞	上	reduction	mj-shrink-map	merge	MJ030462: 法務省戸籍法関連通達・通知, 種別 戸籍統一文字情報 親字・正字, ホップ数 1
U+4E0B	丅	下	reduction	mj-shrink-map	merge	MJ006299: 法務省戸籍法関連通達・通知, 種別 戸籍統一文字情報 親字・正字, ホップ数 1
U+4E0B	𠄟	下	reduction	mj-shrink-map	merge	MJ030463: 法務省戸籍法関連通達・通知, 種別 戸籍統一文字情報 親字・正字, ホップ数 1
U+4E0D	不	不	compatibility	unicode-ucd	merge	4E0D
U+4E0D	𠀚	不	reduction	mj-shrink-map	merge	MJ030330: 法務省戸籍法関連通達・通知, 種別 戸籍統一文字情報 親字・正字, ホップ数 1
U+4E0D	𠙐	不	reduction	mj-shrink-map	merge	MJ031183: 法務省戸籍法関連通達・通知, 種別 戸籍統一文字情報 親字・正字, ホップ数 1
U+4E0E	與	与	reduction	mj-shrink-map	merge	MJ021336: 法務省戸籍法関連通達・通知, 種別 戸籍統一文字情報 親字・正字, ホップ数 1
U+4E0E	𠔔	與	reduction	mj-shrink-map	merge	MJ030995: 法務省戸籍法関連通達・通知, 種別 戸籍統一文字情報 親字・正字, ホップ数 1
U+4E0E	𢌱	𢌱	compatibility	unicode-ucd	merge	22331
U+4E0E	𢌱	𢌱	compatibility	unicode-ucd	merge	22331
U+4E0E	𢌱	與	reduction	mj-shrink-map	merge	MJ035483: 法務省戸籍法関連通達・通知, 種別 戸籍統一文字情報 親字・正字, ホップ数 1
U+4E0E	𦥸	與	reduction	mj-shrink-map	merge	MJ045997: 法務省戸籍法関連通達・通知, 種別 戸籍統一文字情報 親字・正字, ホップ数 1
U+4E0E	𫝌	與	reduction	mj-shrink-map	merge	MJ056984: 法務省戸籍法関連通達・通知, 種別 戸籍統一文字情報 親字・正字, ホップ数 1
U+4E11	丑	丒	itaiji	mj-kanji	merge	X0213 包摂
U+4E11	丒	丑	reduction	mj-shrink-map	merge	MJ006316: 法務省戸籍法関連通達・通知, 種別 戸籍統一文字情報 親字・正字, ホップ数 1
U+4E11	𠃠	丑	reduction	mj-shrink-map	merge	MJ030425: 法務省戸籍法関連通達・通知, 種別 戸籍統一文字情報 親字・正字, ホップ数 1
U+4E14	𠀇	且	reduction	mj-shrink-map	merge	MJ030317: 法務省戸籍法関連通達・通知, 種別 戸籍統一文字情報 親字・正字, ホップ数 1
U+4E15	㔻	丕	reduction	mj-shrink-map	merge	MJ000279: 法務省戸籍法関連通達・通知, 種別 戸籍統一文字情報 親字・正字, ホップ数 1
U+4E16	㔺	世	reduction	mj-shrink-map	merge	MJ000276: 法務省戸籍法関連通達・通知, 種別 戸籍統一文字情報 親字・正字, ホップ数 1
U+4E16	卋	世	reduction	mj-shrink-map	merge	MJ007845: 法務省戸籍法関連通達・通知, 種別 戸籍統一文字情報 親字・正字, ホップ数 1
U+4E16	丗	𠀍	itaiji	mj-kanji	merge	X0213 包摂
U+4E16	𠀍	世	reduction	mj-shrink-map	merge	MJ030322: 法務省戸籍法関連通達・通知, 種別 戸籍統一文字情報 親字・正字, ホップ数 1
U+4E16	世	丗	variant	cjkvi-variants	corroborates	世→丗 hydzd/variant | 世→丗 jisx0212/variant | 世→丗 jisx0213/variant | 世→丗 twedu/variant
U+4E16	世	丗	variant	hng-basic-data	corroborates	00025 | 00025b
U+4E16	世	丗	variant	wikidata	corroborates	Q109736899; P248 Q10427532 | Q12174387; P248 Q10427532
U+4E16	世	丗	equivalent	yitizi	corroborates	ytenx/JihThex.csv
U+4E16	𠦔	世	reduction	mj-shrink-map	merge	MJ031744: 法務省戸籍法関連通達・通知, 種別 戸籍統一文字情報 親字・正字, ホップ数 1
U+4E18	㐀	丘	reduction	mj-shrink-map	merge	MJ000004: 法務省戸籍法関連通達・通知, 種別 戸籍統一文字情報 親字・正字, ホップ数 1
U+4E18	㘳	丘	reduction	mj-shrink-map	merge	MJ000484: 法務省戸籍法関連通達・通知, 種別 戸籍統一文字情報 親字・正字, ホップ数 1
U+4E18	丠	丘	reduction	mj-shrink-map	merge	MJ006335: 法務省戸籍法関連通達・通知, 種別 戸籍統一文字情報 親字・正字, ホップ数 1
U+4E18	𠀈	丘	reduction	mj-shrink-map	merge	MJ030318: 法務省戸籍法関連通達・通知, 種別 戸籍統一文字情報 親字・正字, ホップ数 1
U+4E18	𡊣	丘	reduction	mj-shrink-map	merge	MJ032989: 法務省戸籍法関連通達・通知, 種別 戸籍統一文字情報 親字・正字, ホップ数 1
U+4E18	𤤘	丘	reduction	mj-shrink-map	merge	MJ040957: 法務省戸籍法関連通達・通知, 種別 戸籍統一文字情報 親字・正字, ホップ数 1
U+4E1E	㞼	丞	reduction	mj-shrink-map	merge	MJ000840: 法務省戸籍法関連通達・通知, 種別 戸籍統一文字情報 親字・正字, ホップ数 1
U+4E1E	𭵠	丞	reduction	mj-shrink-map	merge	MJ058001: 法務省戸籍法関連通達・通知, 種別 戸籍統一文字情報 親字・正字, ホップ数 1
U+4E21	兩	兩	compatibility	unicode-ucd	merge	5169
U+4E21	兩	両	reduction	mj-shrink-map	merge	MJ007270: 法務省戸籍法関連通達・通知, 種別 戸籍統一文字情報 親字・正字, ホップ数 1
U+4E21	𭁢	兩	reduction	mj-shrink-map	merge	MJ057008: 法務省戸籍法関連通達・通知, 種別 戸籍統一文字情報 親字・正字, ホップ数 1
U+4E26	並	並	compatibility	unicode-ucd	merge	4E26
U+4E26	傡	並	reduction	mj-shrink-map	merge	MJ007006: 法務省戸籍法関連通達・通知, 種別 戸籍統一文字情報 親字・正字, ホップ数 1
U+4E26	竝	並	reduction	mj-shrink-map	merge	MJ019328: 法務省戸籍法関連通達・通知, 種別 戸籍統一文字情報 親字・正字, ホップ数 1
U+4E26	𠊧	並	reduction	mj-shrink-map	merge	MJ030663: 法務省戸籍法関連通達・通知, 種別 戸籍統一文字情報 親字・正字, ホップ数 1
U+4E29	𠃏	丩	reduction	mj-shrink-map	merge	MJ030416: 法務省戸籍法関連通達・通知, 種別 戸籍統一文字情報 親字・正字, ホップ数 1
U+4E29	𢒥	丩	reduction	mj-shrink-map	merge	MJ035776: 法務省戸籍法関連通達・通知, 種別 戸籍統一文字情報 親字・正字, ホップ数 1
U+4E2D	𠁦	中	reduction	mj-shrink-map	merge	MJ030356: 法務省戸籍法関連通達・通知, 種別 戸籍統一文字情報 親字・正字, ホップ数 1
U+4E2D	𠁧	中	reduction	mj-shrink-map	merge	MJ030357: 法務省戸籍法関連通達・通知, 種別 戸籍統一文字情報 親字・正字, ホップ数 1
U+4E2D	𠁩	中	reduction	mj-shrink-map	merge	MJ030358: 法務省戸籍法関連通達・通知, 種別 戸籍統一文字情報 親字・正字, ホップ数 1
U+4E2D	𠔈	中	reduction	mj-shrink-map	merge	MJ030982: 法務省戸籍法関連通達・通知, 種別 戸籍統一文字情報 親字・正字, ホップ数 1
U+4E2D	𠔗	中	reduction	mj-shrink-map	merge	MJ030998: 法務省戸籍法関連通達・通知, 種別 戸籍統一文字情報 親字・正字, ホップ数 1
U+4E2E	𩰊	丮	reduction	mj-shrink-map	merge	MJ054837: 法務省戸籍法関連通達・通知, 種別 戸籍統一文字情報 親字・正字, ホップ数 1
U+4E30	𡴀	丰	reduction	mj-shrink-map	merge	MJ034437: 法務省戸籍法関連通達・通知, 種別 戸籍統一文字情報 親字・正字, ホップ数 1
U+4E32	串	串	compatibility	unicode-ucd	merge	4E32
U+4E38	丸	丸	compatibility	unicode-ucd	merge	4E38
U+4E38	𠁽	丸	reduction	mj-shrink-map	merge	MJ030367: 法務省戸籍法関連通達・通知, 種別 戸籍統一文字情報 親字・正字, ホップ数 1
U+4E39	丹	丹	compatibility	unicode-ucd	merge	4E39
U+4E39	㣋	丹	reduction	mj-shrink-map	merge	MJ001096: 法務省戸籍法関連通達・通知, 種別 戸籍統一文字情報 親字・正字, ホップ数 1
U+4E39	𠁿	丹	reduction	mj-shrink-map	merge	MJ030369: 法務省戸籍法関連通達・通知, 種別 戸籍統一文字情報 親字・正字, ホップ数 1
U+4E39	𠕑	丹	reduction	mj-shrink-map	merge	MJ031039: 法務省戸籍法関連通達・通知, 種別 戸籍統一文字情報 親字・正字, ホップ数 1
U+4E3D	丽	丽	compatibility	unicode-ucd	merge	4E3D
U+4E41	乁	乁	compatibility	unicode-ucd	merge	4E41
U+4E43	𠄕	乃	reduction	mj-shrink-map	merge	MJ030455: 法務省戸籍法関連通達・通知, 種別 戸籍統一文字情報 親字・正字, ホップ数 1
U+4E43	𠚝	乃	reduction	mj-shrink-map	merge	MJ031230: 法務省戸籍法関連通達・通知, 種別 戸籍統一文字情報 親字・正字, ホップ数 1
U+4E43	𠧤	乃	reduction	mj-shrink-map	merge	MJ031787: 法務省戸籍法関連通達・通知, 種別 戸籍統一文字情報 親字・正字, ホップ数 1
U+4E43	𢎗	乃	reduction	mj-shrink-map	merge	MJ035569: 法務省戸籍法関連通達・通知, 種別 戸籍統一文字情報 親字・正字, ホップ数 1
U+4E43	𢎧	乃	reduction	mj-shrink-map	merge	MJ035583: 法務省戸籍法関連通達・通知, 種別 戸籍統一文字情報 親字・正字, ホップ数 1
U+4E43	𢏩	乃	reduction	mj-shrink-map	merge	MJ035629: 法務省戸籍法関連通達・通知, 種別 戸籍統一文字情報 親字・正字, ホップ数 1
U+4E45	乆	久	reduction	mj-shrink-map	merge	MJ006380: 法務省戸籍法関連通達・通知, 種別 戸籍統一文字情報 親字・正字, ホップ数 1
U+4E45	𫝄	久	reduction	mj-shrink-map	merge	MJ056855: 法務省戸籍法関連通達・通知, 種別 戸籍統一文字情報 親字・正字, ホップ数 1
U+4E4B	㞢	之	reduction	mj-shrink-map	merge	MJ000814: 法務省戸籍法関連通達・通知, 種別 戸籍統一文字情報 親字・正字, ホップ数 1
U+4E4B	𠔇	之	reduction	mj-shrink-map	merge	MJ030981: 法務省戸籍法関連通達・通知, 種別 戸籍統一文字情報 親字・正字, ホップ数 1
U+4E4B	𡳿	之	reduction	mj-shrink-map	merge	MJ034436: 法務省戸籍法関連通達・通知, 種別 戸籍統一文字情報 親字・正字, ホップ数 1
U+4E4D	𠆦	乍	reduction	mj-shrink-map	merge	MJ030535: 法務省戸籍法関連通達・通知, 種別 戸籍統一文字情報 親字・正字, ホップ数 1
U+4E4E	𠂞	乎	reduction	mj-shrink-map	merge	MJ030383: 法務省戸籍法関連通達・通知, 種別 戸籍統一文字情報 親字・正字, ホップ数 1
U+4E4F	𠂜	乏	reduction	mj-shrink-map	merge	MJ030382: 法務省戸籍法関連通達・通知, 種別 戸籍統一文字情報 親字・正字, ホップ数 1
U+4E4F	𠓟	乏	reduction	mj-shrink-map	merge	MJ030954: 法務省戸籍法関連通達・通知, 種別 戸籍統一文字情報 親字・正字, ホップ数 1
U+4E4F	𣥄	乏	reduction	mj-shrink-map	merge	MJ038649: 法務省戸籍法関連通達・通知, 種別 戸籍統一文字情報 親字・正字, ホップ数 1
U+4E56	𠁰	乖	reduction	mj-shrink-map	merge	MJ030361: 法務省戸籍法関連通達・通知, 種別 戸籍統一文字情報 親字・正字, ホップ数 1
U+4E56	𠂯	乖	reduction	mj-shrink-map	merge	MJ030396: 法務省戸籍法関連通達・通知, 種別 戸籍統一文字情報 親字・正字, ホップ数 1
U+4E57	乘	乗	reduction	mj-shrink-map	merge	MJ006399: 法務省戸籍法関連通達・通知, 種別 戸籍統一文字情報 親字・正字, ホップ数 1
U+4E57	𠅞	乘	reduction	mj-shrink-map	merge	MJ030496: 法務省戸籍法関連通達・通知, 種別 戸籍統一文字情報 親字・正字, ホップ数 1
U+4E57	𠅟	乘	reduction	mj-shrink-map	merge	MJ030498: 法務省戸籍法関連通達・通知, 種別 戸籍統一文字情報 親字・正字, ホップ数 1
U+4E57	𠓸	乘	reduction	mj-shrink-map	merge	MJ030972: 法務省戸籍法関連通達・通知, 種別 戸籍統一文字情報 親字・正字, ホップ数 1
U+4E57	𠨇	乘	reduction	mj-shrink-map	merge	MJ031813: 法務省戸籍法関連通達・通知, 種別 戸籍統一文字情報 親字・正字, ホップ数 1
U+4E5A	𠃑	乚	reduction	mj-shrink-map	merge	MJ030418: 法務省戸籍法関連通達・通知, 種別 戸籍統一文字情報 親字・正字, ホップ数 1
U+4E5D	𢌬	九	reduction	mj-shrink-map	merge	MJ035479: 法務省戸籍法関連通達・通知, 種別 戸籍統一文字情報 親字・正字, ホップ数 1
U+4E5F	𠃒	也	reduction	mj-shrink-map	merge	MJ030419: 法務省戸籍法関連通達・通知, 種別 戸籍統一文字情報 親字・正字, ホップ数 1
U+4E5F	𬻿	也	reduction	mj-shrink-map	merge	MJ056853: 法務省戸籍法関連通達・通知, 種別 戸籍統一文字情報 親字・正字, ホップ数 1
U+4E5F	𬼂	也	reduction	mj-shrink-map	merge	MJ056850: 法務省戸籍法関連通達・通知, 種別 戸籍統一文字情報 親字・正字, ホップ数 1
U+4E69	卟	乩	reduction	mj-shrink-map	merge	MJ007870: 法務省戸籍法関連通達・通知, 種別 戸籍統一文字情報 親字・正字, ホップ数 1
U+4E71	亂	亂	compatibility	unicode-ucd	merge	4E82
U+4E71	亂	乱	reduction	mj-shrink-map	merge	MJ006426: 法務省戸籍法関連通達・通知, 種別 戸籍統一文字情報 親字・正字, ホップ数 1
U+4E71	釠	亂	reduction	mj-shrink-map	merge	MJ026613: 法務省戸籍法関連通達・通知, 種別 戸籍統一文字情報 親字・正字, ホップ数 1
U+4E71	𠃶	亂	reduction	mj-shrink-map	merge	MJ030434: 法務省戸籍法関連通達・通知, 種別 戸籍統一文字情報 親字・正字, ホップ数 1
U+4E71	𢮣	亂	reduction	mj-shrink-map	merge	MJ036854: 法務省戸籍法関連通達・通知, 種別 戸籍統一文字情報 親字・正字, ホップ数 1
U+4E71	𤕅	亂	reduction	mj-shrink-map	merge	MJ040263: 法務省戸籍法関連通達・通知, 種別 戸籍統一文字情報 親字・正字, ホップ数 1
U+4E73	𦜘	乳	reduction	mj-shrink-map	merge	MJ045624: 法務省戸籍法関連通達・通知, 種別 戸籍統一文字情報 親字・正字, ホップ数 1
U+4E7E	𠄄	乾	reduction	mj-shrink-map	merge	MJ030439: 法務省戸籍法関連通達・通知, 種別 戸籍統一文字情報 親字・正字, ホップ数 1
U+4E7E	𠄊	乾	reduction	mj-shrink-map	merge	MJ030444: 法務省戸籍法関連通達・通知, 種別 戸籍統一文字情報 親字・正字, ホップ数 1
U+4E7E	𠄋	乾	reduction	mj-shrink-map	merge	MJ030445: 法務省戸籍法関連通達・通知, 種別 戸籍統一文字情報 親字・正字, ホップ数 1
U+4E7E	𣦖	乾	reduction	mj-shrink-map	merge	MJ038710: 法務省戸籍法関連通達・通知, 種別 戸籍統一文字情報 親字・正字, ホップ数 1
U+4E7E	𨺩	乾	reduction	mj-shrink-map	merge	MJ052379: 法務省戸籍法関連通達・通知, 種別 戸籍統一文字情報 親字・正字, ホップ数 1
U+4E80	龜	龜	compatibility	unicode-ucd	merge	9F9C
U+4E80	龜	龜	compatibility	unicode-ucd	merge	9F9C
U+4E80	龜	龜	compatibility	unicode-ucd	merge	9F9C
U+4E80	龜	亀	reduction	mj-shrink-map	merge	MJ030155: 法務省戸籍法関連通達・通知, 種別 戸籍統一文字情報 親字・正字, ホップ数 1
U+4E80	𠁴	龜	reduction	mj-shrink-map	merge	MJ030364: 法務省戸籍法関連通達・通知, 種別 戸籍統一文字情報 親字・正字, ホップ数 1
U+4E80	𠃾	龜	reduction	mj-shrink-map	merge	MJ030438: 法務省戸籍法関連通達・通知, 種別 戸籍統一文字情報 親字・正字, ホップ数 1
U+4E80	𤕣	龜	reduction	mj-shrink-map	merge	MJ040283: 法務省戸籍法関連通達・通知, 種別 戸籍統一文字情報 親字・正字, ホップ数 1
U+4E80	𧑴	龜	reduction	mj-shrink-map	merge	MJ047883: 法務省戸籍法関連通達・通知, 種別 戸籍統一文字情報 親字・正字, ホップ数 1
U+4E80	𪚦	龜	reduction	mj-shrink-map	merge	MJ056778: 法務省戸籍法関連通達・通知, 種別 戸籍統一文字情報 親字・正字, ホップ数 1
U+4E80	𪚧	龜	reduction	mj-shrink-map	merge	MJ056779: 法務省戸籍法関連通達・通知, 種別 戸籍統一文字情報 親字・正字, ホップ数 1
U+4E80	𪚨	龜	reduction	mj-shrink-map	merge	MJ056780: 法務省戸籍法関連通達・通知, 種別 戸籍統一文字情報 親字・正字, ホップ数 1
U+4E80	𪚿	龜	reduction	mj-shrink-map	merge	MJ056800: 法務省戸籍法関連通達・通知, 種別 戸籍統一文字情報 親字・正字, ホップ数 1
U+4E80	𮯜	龜	reduction	mj-shrink-map	merge	MJ059291: 法務省戸籍法関連通達・通知, 種別 戸籍統一文字情報 親字・正字, ホップ数 1
U+4E80	𮯝	龜	reduction	mj-shrink-map	merge	MJ059290: 法務省戸籍法関連通達・通知, 種別 戸籍統一文字情報 親字・正字, ホップ数 1
U+4E80	𮯞	龜	reduction	mj-shrink-map	merge	MJ059289: 法務省戸籍法関連通達・通知, 種別 戸籍統一文字情報 親字・正字, ホップ数 1
U+4E80	𮯟	龜	reduction	mj-shrink-map	merge	MJ059287: 法務省戸籍法関連通達・通知, 種別 戸籍統一文字情報 親字・正字, ホップ数 1
U+4E86	了	了	compatibility	unicode-ucd	merge	4E86
U+4E86	𬼸	了	reduction	mj-shrink-map	merge	MJ056872: 法務省戸籍法関連通達・通知, 種別 戸籍統一文字情報 親字・正字, ホップ数 1
U+4E88	豫	予	reduction	mj-shrink-map	merge	MJ024939: 法務省戸籍法関連通達・通知, 種別 戸籍統一文字情報 親字・正字, ホップ数 1
U+4E88	𠄛	豫	reduction	mj-shrink-map	merge	MJ030460: 法務省戸籍法関連通達・通知, 種別 戸籍統一文字情報 親字・正字, ホップ数 1
U+4E88	𠄝	豫	reduction	mj-shrink-map	merge	MJ030461: 法務省戸籍法関連通達・通知, 種別 戸籍統一文字情報 親字・正字, ホップ数 1
U+4E89	爭	争	reduction	mj-shrink-map	merge	MJ016736: 法務省戸籍法関連通達・通知, 種別 戸籍統一文字情報 親字・正字, ホップ数 1
U+4E89	𠄙	爭	reduction	mj-shrink-map	merge	MJ030458: 法務省戸籍法関連通達・通知, 種別 戸籍統一文字情報 親字・正字, ホップ数 1
U+4E89	𠫩	爭	reduction	mj-shrink-map	merge	MJ031978: 法務省戸籍法関連通達・通知, 種別 戸籍統一文字情報 親字・正字, ホップ数 1
U+4E89	𣌦	爭	reduction	mj-shrink-map	merge	MJ037850: 法務省戸籍法関連通達・通知, 種別 戸籍統一文字情報 親字・正字, ホップ数 1
U+4E8B	亊	事	reduction	mj-shrink-map	merge	MJ006435: 法務省戸籍法関連通達・通知, 種別 戸籍統一文字情報 親字・正字, ホップ数 1
U+4E8B	亊	事	variant	cjkvi-variants	corroborates	事→亊 jisx0212/variant | 事→亊 jisx0213/variant
U+4E8B	亊	事	variant	hng-basic-data	corroborates	00128 | 00128b
U+4E8B	亊	事	variant	wikidata	corroborates	Q109737031; P248 Q10427532 | Q54874271; P248 Q10427532
U+4E8B	亊	事	equivalent	yitizi	corroborates	ytenx/JihThex.csv
U+4E8B	𠁱	事	reduction	mj-shrink-map	merge	MJ030362: 法務省戸籍法関連通達・通知, 種別 戸籍統一文字情報 親字・正字, ホップ数 1
U+4E8B	𠭏	事	reduction	mj-shrink-map	merge	MJ032049: 法務省戸籍法関連通達・通知, 種別 戸籍統一文字情報 親字・正字, ホップ数 1
U+4E8B	𤔇	事	reduction	mj-shrink-map	merge	MJ040223: 法務省戸籍法関連通達・通知, 種別 戸籍統一文字情報 親字・正字, ホップ数 1
U+4E8C	弍	二	reduction	mj-shrink-map	merge	MJ011140: 法務省戸籍法関連通達・通知, 種別 戸籍統一文字情報 親字・正字, ホップ数 1
U+4E8C	二	弍	variant	cjkvi-variants	corroborates	二→弍 cjkvi/numeric | 二→弍 hydzd/variant | 二→弍 jisx0212/variant | 二→弍 jisx0213/variant | 二→弍 twedu/variant
U+4E8C	二	弍	variant	hng-basic-data	corroborates	00129
U+4E8C	二	弍	variant	wikidata	corroborates	Q109742275; P248 Q10427532 | Q3594928; P248 Q10427532
U+4E8E	亐	于	reduction	mj-shrink-map	merge	MJ056879: 法務省戸籍法関連通達・通知, 種別 戸籍統一文字情報 親字・正字, ホップ数 1
U+4E94	㐅	五	reduction	mj-shrink-map	merge	MJ000009: 法務省戸籍法関連通達・通知, 種別 戸籍統一文字情報 親字・正字, ホップ数 1
U+4E94	𠄡	五	reduction	mj-shrink-map	merge	MJ030465: 法務省戸籍法関連通達・通知, 種別 戸籍統一文字情報 親字・正字, ホップ数 1
U+4E98	𠄢	𠄢	compatibility	unicode-ucd	merge	20122
U+4E98	𠄢	亘	reduction	mj-shrink-map	merge	MJ030466: 法務省戸籍法関連通達・通知, 種別 戸籍統一文字情報 親字・正字, ホップ数 1
U+4E98	𠄣	亘	reduction	mj-shrink-map	merge	MJ030468: 法務省戸籍法関連通達・通知, 種別 戸籍統一文字情報 親字・正字, ホップ数 1
U+4E9B	𡭟	些	reduction	mj-shrink-map	merge	MJ034199: 法務省戸籍法関連通達・通知, 種別 戸籍統一文字情報 親字・正字, ホップ数 1
U+4E9C	亞	亜	reduction	mj-shrink-map	merge	MJ006456: 法務省戸籍法関連通達・通知, 種別 戸籍統一文字情報 親字・正字, ホップ数 1
U+4E9F	𠄹	亟	reduction	mj-shrink-map	merge	MJ030481: 法務省戸籍法関連通達・通知, 種別 戸籍統一文字情報 親字・正字, ホップ数 1
U+4E9F	𠯉	亟	reduction	mj-shrink-map	merge	MJ032138: 法務省戸籍法関連通達・通知, 種別 戸籍統一文字情報 親字・正字, ホップ数 1
U+4E9F	𬼿	亟	reduction	mj-shrink-map	merge	MJ056883: 法務省戸籍法関連通達・通知, 種別 戸籍統一文字情報 親字・正字, ホップ数 1
U+4E9F	𭴺	亟	reduction	mj-shrink-map	merge	MJ057998: 法務省戸籍法関連通達・通知, 種別 戸籍統一文字情報 親字・正字, ホップ数 1
U+4EA1	兦	亡	reduction	mj-shrink-map	merge	MJ007265: 法務省戸籍法関連通達・通知, 種別 戸籍統一文字情報 親字・正字, ホップ数 1
U+4EA1	𬼖	亡	reduction	mj-shrink-map	merge	MJ056865: 法務省戸籍法関連通達・通知, 種別 戸籍統一文字情報 親字・正字, ホップ数 1
U+4EA2	𠕵	亢	reduction	mj-shrink-map	merge	MJ031066: 法務省戸籍法関連通達・通知, 種別 戸籍統一文字情報 親字・正字, ホップ数 1
U+4EA2	𭂯	亢	reduction	mj-shrink-map	merge	MJ056981: 法務省戸籍法関連通達・通知, 種別 戸籍統一文字情報 親字・正字, ホップ数 1
U+4EA5	𠦇	亥	reduction	mj-shrink-map	merge	MJ031732: 法務省戸籍法関連通達・通知, 種別 戸籍統一文字情報 親字・正字, ホップ数 1
U+4EA5	𢁳	亥	reduction	mj-shrink-map	merge	MJ035005: 法務省戸籍法関連通達・通知, 種別 戸籍統一文字情報 親字・正字, ホップ数 1
U+4EA5	𬽆	亥	reduction	mj-shrink-map	merge	MJ056888: 法務省戸籍法関連通達・通知, 種別 戸籍統一文字情報 親字・正字, ホップ数 1
U+4EA5	𭓩	亥	reduction	mj-shrink-map	merge	MJ057329: 法務省戸籍法関連通達・通知, 種別 戸籍統一文字情報 親字・正字, ホップ数 1
U+4EA6	𡖋	亦	reduction	mj-shrink-map	merge	MJ033363: 法務省戸籍法関連通達・通知, 種別 戸籍統一文字情報 親字・正字, ホップ数 1
U+4EA6	𡗕	亦	reduction	mj-shrink-map	merge	MJ033411: 法務省戸籍法関連通達・通知, 種別 戸籍統一文字情報 親字・正字, ホップ数 1
U+4EA6	𢂯	亦	reduction	mj-shrink-map	merge	MJ035050: 法務省戸籍法関連通達・通知, 種別 戸籍統一文字情報 親字・正字, ホップ数 1
U+4EA6	𥩖	亦	reduction	mj-shrink-map	merge	MJ043574: 法務省戸籍法関連通達・通知, 種別 戸籍統一文字情報 親字・正字, ホップ数 1
U+4EA8	𬽉	亨	reduction	mj-shrink-map	merge	MJ056891: 法務省戸籍法関連通達・通知, 種別 戸籍統一文字情報 親字・正字, ホップ数 1
U+4EAB	𦴒	享	reduction	mj-shrink-map	merge	MJ046635: 法務省戸籍法関連通達・通知, 種別 戸籍統一文字情報 親字・正字, ホップ数 1
U+4EAB	𬽊	享	reduction	mj-shrink-map	merge	MJ056896: 法務省戸籍法関連通達・通知, 種別 戸籍統一文字情報 親字・正字, ホップ数 1
U+4EAC	𡬱	京	reduction	mj-shrink-map	merge	MJ034168: 法務省戸籍法関連通達・通知, 種別 戸籍統一文字情報 親字・正字, ホップ数 1
U+4EAC	𢂋	京	reduction	mj-shrink-map	merge	MJ035026: 法務省戸籍法関連通達・通知, 種別 戸籍統一文字情報 親字・正字, ホップ数 1
U+4EAC	𦣿	京	reduction	mj-shrink-map	merge	MJ045910: 法務省戸籍法関連通達・通知, 種別 戸籍統一文字情報 親字・正字, ホップ数 1
U+4EAD	亭	𠅘	itaiji	mj-kanji	merge	X0213 包摂
U+4EAD	𠅘	亭	reduction	mj-shrink-map	merge	MJ030492: 法務省戸籍法関連通達・通知, 種別 戸籍統一文字情報 親字・正字, ホップ数 1
U+4EAE	亮	亮	compatibility	unicode-ucd	merge	4EAE
U+4EAE	亮	𠅙	itaiji	mj-kanji	merge	X0213 包摂
U+4EAE	𠅙	亮	reduction	mj-shrink-map	merge	MJ030493: 法務省戸籍法関連通達・通知, 種別 戸籍統一文字情報 親字・正字, ホップ数 1
U+4EB3	亳	𠅢	itaiji	mj-kanji	merge	X0213 包摂
U+4EB3	𠅢	亳	reduction	mj-shrink-map	merge	MJ030501: 法務省戸籍法関連通達・通知, 種別 戸籍統一文字情報 親字・正字, ホップ数 1
U+4EB6	𮧊	亶	reduction	mj-shrink-map	merge	MJ059002: 法務省戸籍法関連通達・通知, 種別 戸籍統一文字情報 親字・正字, ホップ数 1
U+4EB9	𣁫	亹	reduction	mj-shrink-map	merge	MJ037461: 法務省戸籍法関連通達・通知, 種別 戸籍統一文字情報 親字・正字, ホップ数 1
U+4EB9	𤅣	亹	reduction	mj-shrink-map	merge	MJ039824: 法務省戸籍法関連通達・通知, 種別 戸籍統一文字情報 親字・正字, ホップ数 1
U+4EBA	𠔽	人	reduction	mj-shrink-map	merge	MJ031025: 法務省戸籍法関連通達・通知, 種別 戸籍統一文字情報 親字・正字, ホップ数 1
U+4EBA	𤯔	人	reduction	mj-shrink-map	merge	MJ041303: 法務省戸籍法関連通達・通知, 種別 戸籍統一文字情報 親字・正字, ホップ数 1
U+4EC0	什	什	compatibility	unicode-ucd	merge	4EC0
U+4EC1	忈	仁	reduction	mj-shrink-map	merge	MJ011373: 法務省戸籍法関連通達・通知, 種別 戸籍統一文字情報 親字・正字, ホップ数 1
U+4EC1	忎	仁	reduction	mj-shrink-map	merge	MJ011381: 法務省戸籍法関連通達・通知, 種別 戸籍統一文字情報 親字・正字, ホップ数 1
U+4EC4	𠨮	仄	reduction	mj-shrink-map	merge	MJ031844: 法務省戸籍法関連通達・通知, 種別 戸籍統一文字情報 親字・正字, ホップ数 1
U+4EC4	𤴩	仄	reduction	mj-shrink-map	merge	MJ041523: 法務省戸籍法関連通達・通知, 種別 戸籍統一文字情報 親字・正字, ホップ数 1
U+4EC6	𧻳	仆	reduction	mj-shrink-map	merge	MJ049861: 法務省戸籍法関連通達・通知, 種別 戸籍統一文字情報 親字・正字, ホップ数 1
U+4EC7	𬽦	仇	reduction	mj-shrink-map	merge	MJ006505: 法務省戸籍法関連通達・通知, 種別 戸籍統一文字情報 親字・正字, ホップ数 1
U+4ECA	𫝆	今	reduction	mj-shrink-map	merge	MJ056904: 法務省戸籍法関連通達・通知, 種別 戸籍統一文字情報 親字・正字, ホップ数 1
U+4ECB	𡗟	介	reduction	mj-shrink-map	merge	MJ033417: 法務省戸籍法関連通達・通知, 種別 戸籍統一文字情報 親字・正字, ホップ数 1
U+4ECE	𠚪	从	reduction	mj-shrink-map	merge	MJ031242: 法務省戸籍法関連通達・通知, 種別 戸籍統一文字情報 親字・正字, ホップ数 1
U+4ECE	𨒀	从	reduction	mj-shrink-map	merge	MJ050809: 法務省戸籍法関連通達・通知, 種別 戸籍統一文字情報 親字・正字, ホップ数 1
U+4ECE	𬽡	从	reduction	mj-shrink-map	merge	MJ056902: 法務省戸籍法関連通達・通知, 種別 戸籍統一文字情報 親字・正字, ホップ数 1
U+4ECF	佛	仏	reduction	mj-shrink-map	merge	MJ006646: 法務省戸籍法関連通達・通知, 種別 戸籍統一文字情報 親字・正字, ホップ数 1
U+4ECF	𠇛	佛	reduction	mj-shrink-map	merge	MJ030562: 法務省戸籍法関連通達・通知, 種別 戸籍統一文字情報 親字・正字, ホップ数 1
U+4ECF	𦤲	佛	reduction	mj-shrink-map	merge	MJ045944: 法務省戸籍法関連通達・通知, 種別 戸籍統一文字情報 親字・正字, ホップ数 1
U+4ED6	怹	他	reduction	mj-shrink-map	merge	MJ011496: 法務省戸籍法関連通達・通知, 種別 戸籍統一文字情報 親字・正字, ホップ数 1
U+4EDE	仭	仞	reduction	mj-shrink-map	merge	MJ006538: 法務省戸籍法関連通達・通知, 種別 戸籍統一文字情報 親字・正字, ホップ数 1
U+4EDE	仞	仭	variant	cjkvi-variants	corroborates	仞→仭 jisx0212/variant | 仞→仭 jisx0213/variant | 仞→仭 ucs-scs/variant
U+4EDE	仞	仭	variant	hng-basic-data	corroborates	00189
U+4EDE	仞	仭	variant	wikidata	corroborates	Q109737129; P248 Q10427532 | Q109737145; P248 Q10427532
U+4EDE	仞	仭	equivalent	yitizi	corroborates	ytenx/JihThex.csv
U+4EE1	㐹	仡	reduction	mj-shrink-map	merge	MJ000039: 法務省戸籍法関連通達・通知, 種別 戸籍統一文字情報 親字・正字, ホップ数 1
U+4EE4	令	令	compatibility	unicode-ucd	merge	4EE4
U+4EE5	𠙋	以	reduction	mj-shrink-map	merge	MJ031180: 法務省戸籍法関連通達・通知, 種別 戸籍統一文字情報 親字・正字, ホップ数 1
U+4EE5	𭖀	以	reduction	mj-shrink-map	merge	MJ057377: 法務省戸籍法関連通達・通知, 種別 戸籍統一文字情報 親字・正字, ホップ数 1
U+4EEE	假	仮	reduction	mj-shrink-map	merge	MJ006895: 法務省戸籍法関連通達・通知, 種別 戸籍統一文字情報 親字・正字, ホップ数 1
U+4EF7	㑘	价	reduction	mj-shrink-map	merge	MJ000065: 法務省戸籍法関連通達・通知, 種別 戸籍統一文字情報 親字・正字, ホップ数 1
U+4EF7	𠇴	价	reduction	mj-shrink-map	merge	MJ030571: 法務省戸籍法関連通達・通知, 種別 戸籍統一文字情報 親字・正字, ホップ数 1
U+4EFB	𢓩	任	reduction	mj-shrink-map	merge	MJ035825: 法務省戸籍法関連通達・通知, 種別 戸籍統一文字情報 親字・正字, ホップ数 1
U+4F03	妤	伃	reduction	mj-shrink-map	merge	MJ009597: 法務省戸籍法関連通達・通知, 種別 戸籍統一文字情報 親字・正字, ホップ数 1
U+4F0A	洢	伊	reduction	mj-shrink-map	merge	MJ015293: 法務省戸籍法関連通達・通知, 種別 戸籍統一文字情報 親字・正字, ホップ数 1
U+4F0A	𠈽	伊	reduction	mj-shrink-map	merge	MJ030620: 法務省戸籍法関連通達・通知, 種別 戸籍統一文字情報 親字・正字, ホップ数 1
U+4F0A	𦯴	伊	reduction	mj-shrink-map	merge	MJ046455: 法務省戸籍法関連通達・通知, 種別 戸籍統一文字情報 親字・正字, ホップ数 1
U+4F0E	𠇞	伎	reduction	mj-shrink-map	merge	MJ030565: 法務省戸籍法関連通達・通知, 種別 戸籍統一文字情報 親字・正字, ホップ数 1
U+4F11	𠇲	休	reduction	mj-shrink-map	merge	MJ030569: 法務省戸籍法関連通達・通知, 種別 戸籍統一文字情報 親字・正字, ホップ数 1
U+4F1A	㞧	會	reduction	mj-shrink-map	merge	MJ000820: 法務省戸籍法関連通達・通知, 種別 戸籍統一文字情報 親字・正字, ホップ数 1
U+4F1A	會	会	reduction	mj-shrink-map	merge	MJ013510: 法務省戸籍法関連通達・通知, 種別 戸籍統一文字情報 親字・正字, ホップ数 1
U+4F1A	𠃐	會	reduction	mj-shrink-map	merge	MJ030417: 法務省戸籍法関連通達・通知, 種別 戸籍統一文字情報 親字・正字, ホップ数 1
U+4F1A	𣥈	會	reduction	mj-shrink-map	merge	MJ038652: 法務省戸籍法関連通達・通知, 種別 戸籍統一文字情報 親字・正字, ホップ数 1
U+4F1D	傳	伝	reduction	mj-shrink-map	merge	MJ007023: 法務省戸籍法関連通達・通知, 種別 戸籍統一文字情報 親字・正字, ホップ数 1
U+4F1D	𫝊	傳	reduction	mj-shrink-map	merge	MJ007022: 法務省戸籍法関連通達・通知, 種別 戸籍統一文字情報 親字・正字, ホップ数 1
U+4F38	訷	伸	reduction	mj-shrink-map	merge	MJ024395: 法務省戸籍法関連通達・通知, 種別 戸籍統一文字情報 親字・正字, ホップ数 1
U+4F38	𠈐	伸	reduction	mj-shrink-map	merge	MJ030590: 法務省戸籍法関連通達・通知, 種別 戸籍統一文字情報 親字・正字, ホップ数 1
U+4F38	𢘊	伸	reduction	mj-shrink-map	merge	MJ036021: 法務省戸籍法関連通達・通知, 種別 戸籍統一文字情報 親字・正字, ホップ数 1
U+4F3A	𣱇	伺	reduction	mj-shrink-map	merge	MJ039159: 法務省戸籍法関連通達・通知, 種別 戸籍統一文字情報 親字・正字, ホップ数 1
U+4F47	竚	佇	reduction	mj-shrink-map	merge	MJ019325: 法務省戸籍法関連通達・通知, 種別 戸籍統一文字情報 親字・正字, ホップ数 1
U+4F47	佇	竚	variant	cjkvi-variants	corroborates	佇→竚 hydzd/variant | 佇→竚 jisx0213/variant | 佇→竚 twedu/variant
U+4F47	佇	竚	variant	wikidata	corroborates	Q109737261; P248 Q10427532 | Q109756229; P248 Q10427532
U+4F47	𡀐	佇	reduction	mj-shrink-map	merge	MJ032636: 法務省戸籍法関連通達・通知, 種別 戸籍統一文字情報 親字・正字, ホップ数 1
U+4F4E	仾	低	reduction	mj-shrink-map	merge	MJ006556: 法務省戸籍法関連通達・通知, 種別 戸籍統一文字情報 親字・正字, ホップ数 1
U+4F4E	𫢏	低	reduction	mj-shrink-map	merge	MJ056910: 法務省戸籍法関連通達・通知, 種別 戸籍統一文字情報 親字・正字, ホップ数 1
U+4F4F	𢥃	住	reduction	mj-shrink-map	merge	MJ036497: 法務省戸籍法関連通達・通知, 種別 戸籍統一文字情報 親字・正字, ホップ数 1
U+4F53	軆	體	reduction	mj-shrink-map	merge	MJ025540: 法務省戸籍法関連通達・通知, 種別 戸籍統一文字情報 親字・正字, ホップ数 1
U+4F53	体	軆	variant	cjkvi-variants	corroborates	体→軆 jisx0212/variant | 体→軆 jisx0213/variant
U+4F53	軆	體	variant	cjkvi-variants	corroborates	軆→體 jisx0212/variant | 軆→體 jisx0213/variant | 體→軆 hydzd/variant | 體→軆 twedu/variant
U+4F53	軆	體	variant	hng-basic-data	corroborates	13934 | 13934b
U+4F53	軆	體	variant	wikidata	corroborates	Q109763909; P248 Q10427532 | Q109769278; P248 Q10427532
U+4F53	軆	體	equivalent	yitizi	corroborates	ytenx/JihThex.csv
U+4F53	骵	體	reduction	mj-shrink-map	merge	MJ028861: 法務省戸籍法関連通達・通知, 種別 戸籍統一文字情報 親字・正字, ホップ数 1
U+4F53	體	体	reduction	mj-shrink-map	merge	MJ028895: 法務省戸籍法関連通達・通知, 種別 戸籍統一文字情報 親字・正字, ホップ数 1
U+4F53	𨉦	體	reduction	mj-shrink-map	merge	MJ050429: 法務省戸籍法関連通達・通知, 種別 戸籍統一文字情報 親字・正字, ホップ数 1
U+4F53	𩪆	體	reduction	mj-shrink-map	merge	MJ054599: 法務省戸籍法関連通達・通知, 種別 戸籍統一文字情報 親字・正字, ホップ数 1
U+4F59	餘	余	reduction	mj-shrink-map	merge	MJ028433: 法務省戸籍法関連通達・通知, 種別 戸籍統一文字情報 親字・正字, ホップ数 1
U+4F5C	㑅	作	reduction	mj-shrink-map	merge	MJ000051: 法務省戸籍法関連通達・通知, 種別 戸籍統一文字情報 親字・正字, ホップ数 1
U+4F5C	做	作	reduction	mj-shrink-map	merge	MJ006920: 法務省戸籍法関連通達・通知, 種別 戸籍統一文字情報 親字・正字, ホップ数 1
U+4F5C	作	做	variant	cjkvi-variants	corroborates	作→做 jisx0213/variant
U+4F5C	𠆯	作	reduction	mj-shrink-map	merge	MJ030540: 法務省戸籍法関連通達・通知, 種別 戸籍統一文字情報 親字・正字, ホップ数 1
U+4F5C	𠈨	作	reduction	mj-shrink-map	merge	MJ030598: 法務省戸籍法関連通達・通知, 種別 戸籍統一文字情報 親字・正字, ホップ数 1
U+4F5C	𢓓	作	reduction	mj-shrink-map	merge	MJ035812: 法務省戸籍法関連通達・通知, 種別 戸籍統一文字情報 親字・正字, ホップ数 1
U+4F5C	𢼎	作	reduction	mj-shrink-map	merge	MJ037248: 法務省戸籍法関連通達・通知, 種別 戸籍統一文字情報 親字・正字, ホップ数 1
U+4F5E	侫	佞	reduction	mj-shrink-map	merge	MJ006725: 法務省戸籍法関連通達・通知, 種別 戸籍統一文字情報 親字・正字, ホップ数 1
U+4F5E	佞	侫	variant	cjkvi-variants	corroborates	佞→侫 jisx0212/variant | 佞→侫 jisx0213/variant
U+4F5E	佞	侫	variant	hng-basic-data	corroborates	00258
U+4F5E	佞	侫	variant	wikidata	corroborates	Q109737288; P248 Q10427532 | Q109737376; P248 Q10427532
U+4F5E	佞	侫	equivalent	yitizi	corroborates	ytenx/JihThex.csv
U+4F5E	𧦣	佞	reduction	mj-shrink-map	merge	MJ048856: 法務省戸籍法関連通達・通知, 種別 戸籍統一文字情報 親字・正字, ホップ数 1
U+4F60	你	你	compatibility	unicode-ucd	merge	4F60
U+4F60	伱	你	reduction	mj-shrink-map	merge	MJ006597: 法務省戸籍法関連通達・通知, 種別 戸籍統一文字情報 親字・正字, ホップ数 1
U+4F60	倷	你	reduction	mj-shrink-map	merge	MJ006880: 法務省戸籍法関連通達・通知, 種別 戸籍統一文字情報 親字・正字, ホップ数 1
U+4F60	𤙌	你	reduction	mj-shrink-map	merge	MJ040457: 法務省戸籍法関連通達・通知, 種別 戸籍統一文字情報 親字・正字, ホップ数 1
U+4F69	珮	佩	reduction	mj-shrink-map	merge	MJ017229: 法務省戸籍法関連通達・通知, 種別 戸籍統一文字情報 親字・正字, ホップ数 1
U+4F69	佩	珮	variant	hng-basic-data	corroborates	00263
U+4F73	徍	佳	reduction	mj-shrink-map	merge	MJ011304: 法務省戸籍法関連通達・通知, 種別 戸籍統一文字情報 親字・正字, ホップ数 1
U+4F78	𠈲	佸	reduction	mj-shrink-map	merge	MJ030608: 法務省戸籍法関連通達・通知, 種別 戸籍統一文字情報 親字・正字, ホップ数 1
U+4F7B	𨋫	佻	reduction	mj-shrink-map	merge	MJ050520: 法務省戸籍法関連通達・通知, 種別 戸籍統一文字情報 親字・正字, ホップ数 1
U+4F7E	𢔍	佾	reduction	mj-shrink-map	merge	MJ035860: 法務省戸籍法関連通達・通知, 種別 戸籍統一文字情報 親字・正字, ホップ数 1
U+4F7F	𠉕	使	reduction	mj-shrink-map	merge	MJ030629: 法務省戸籍法関連通達・通知, 種別 戸籍統一文字情報 親字・正字, ホップ数 1
U+4F7F	𡷮	使	reduction	mj-shrink-map	merge	MJ034598: 法務省戸籍法関連通達・通知, 種別 戸籍統一文字情報 親字・正字, ホップ数 1
U+4F80	侀	侀	compatibility	unicode-ucd	merge	4F80
U+4F82	𠈁	侂	reduction	mj-shrink-map	merge	MJ030576: 法務省戸籍法関連通達・通知, 種別 戸籍統一文字情報 親字・正字, ホップ数 1
U+4F82	𠊴	侂	reduction	mj-shrink-map	merge	MJ030676: 法務省戸籍法関連通達・通知, 種別 戸籍統一文字情報 親字・正字, ホップ数 1
U+4F88	𠈎	侈	reduction	mj-shrink-map	merge	MJ030588: 法務省戸籍法関連通達・通知, 種別 戸籍統一文字情報 親字・正字, ホップ数 1
U+4F88	𣆚	侈	reduction	mj-shrink-map	merge	MJ037673: 法務省戸籍法関連通達・通知, 種別 戸籍統一文字情報 親字・正字, ホップ数 1
U+4F8B	例	例	compatibility	unicode-ucd	merge	4F8B
U+4F8B	𠊖	例	reduction	mj-shrink-map	merge	MJ030656: 法務省戸籍法関連通達・通知, 種別 戸籍統一文字情報 親字・正字, ホップ数 1
U+4F94	𠉖	侔	reduction	mj-shrink-map	merge	MJ030631: 法務省戸籍法関連通達・通知, 種別 戸籍統一文字情報 親字・正字, ホップ数 1
U+4F96	𠌈	侖	reduction	mj-shrink-map	merge	MJ030727: 法務省戸籍法関連通達・通知, 種別 戸籍統一文字情報 親字・正字, ホップ数 1
U+4F96	𠎚	侖	reduction	mj-shrink-map	merge	MJ030796: 法務省戸籍法関連通達・通知, 種別 戸籍統一文字情報 親字・正字, ホップ数 1
U+4F9A	𠋹	侚	reduction	mj-shrink-map	merge	MJ030720: 法務省戸籍法関連通達・通知, 種別 戸籍統一文字情報 親字・正字, ホップ数 1
U+4FA1	價	価	reduction	mj-shrink-map	merge	MJ007121: 法務省戸籍法関連通達・通知, 種別 戸籍統一文字情報 親字・正字, ホップ数 1
U+4FAE	侮	侮	compatibility	unicode-ucd	merge	4FAE
U+4FAE	侮	侮	compatibility	unicode-ucd	merge	4FAE
U+4FAE	㑄	侮	reduction	mj-shrink-map	merge	MJ000050: 法務省戸籍法関連通達・通知, 種別 戸籍統一文字情報 親字・正字, ホップ数 1
U+4FAF	帿	侯	reduction	mj-shrink-map	merge	MJ010871: 法務省戸籍法関連通達・通知, 種別 戸籍統一文字情報 親字・正字, ホップ数 1
U+4FAF	矦	侯	reduction	mj-shrink-map	merge	MJ018398: 法務省戸籍法関連通達・通知, 種別 戸籍統一文字情報 親字・正字, ホップ数 1
U+4FAF	𠨶	侯	reduction	mj-shrink-map	merge	MJ031851: 法務省戸籍法関連通達・通知, 種別 戸籍統一文字情報 親字・正字, ホップ数 1
U+4FAF	𥎦	矦	reduction	mj-shrink-map	merge	MJ042635: 法務省戸籍法関連通達・通知, 種別 戸籍統一文字情報 親字・正字, ホップ数 1
U+4FAF	𬾗	侯	reduction	mj-shrink-map	merge	MJ056924: 法務省戸籍法関連通達・通知, 種別 戸籍統一文字情報 親字・正字, ホップ数 1
U+4FB5	㑴	侵	reduction	mj-shrink-map	merge	MJ000084: 法務省戸籍法関連通達・通知, 種別 戸籍統一文字情報 親字・正字, ホップ数 1
U+4FB5	𢔀	侵	reduction	mj-shrink-map	merge	MJ035846: 法務省戸籍法関連通達・通知, 種別 戸籍統一文字情報 親字・正字, ホップ数 1
U+4FBB	侻	侻	compatibility	unicode-ucd	merge	4FBB
U+4FBF	便	便	compatibility	unicode-ucd	merge	4FBF
U+4FBF	𠊳	便	reduction	mj-shrink-map	merge	MJ030675: 法務省戸籍法関連通達・通知, 種別 戸籍統一文字情報 親字・正字, ホップ数 1
U+4FCA	㑓	俊	reduction	mj-shrink-map	merge	MJ000063: 法務省戸籍法関連通達・通知, 種別 戸籍統一文字情報 親字・正字, ホップ数 1
U+4FCA	𢓭	俊	reduction	mj-shrink-map	merge	MJ035828: 法務省戸籍法関連通達・通知, 種別 戸籍統一文字情報 親字・正字, ホップ数 1
U+4FCE	爼	俎	reduction	mj-shrink-map	merge	MJ016759: 法務省戸籍法関連通達・通知, 種別 戸籍統一文字情報 親字・正字, ホップ数 1
U+4FCE	俎	爼	variant	cjkvi-variants	corroborates	俎→爼 hydzd/variant | 俎→爼 jisx0212/variant | 俎→爼 jisx0213/variant | 俎→爼 twedu/variant
U+4FCE	俎	爼	variant	hng-basic-data	corroborates	00331
U+4FCE	俎	爼	variant	wikidata	corroborates	Q109737419; P248 Q10427532 | Q109753711; P248 Q10427532
U+4FCE	俎	爼	equivalent	yitizi	corroborates	ytenx/JihThex.csv
U+4FCE	𤕲	俎	reduction	mj-shrink-map	merge	MJ040297: 法務省戸籍法関連通達・通知, 種別 戸籍統一文字情報 親字・正字, ホップ数 1
U+4FD0	悧	俐	reduction	mj-shrink-map	merge	MJ011617: 法務省戸籍法関連通達・通知, 種別 戸籍統一文字情報 親字・正字, ホップ数 1
U+4FD0	俐	悧	variant	cjkvi-variants	corroborates	俐→悧 twedu/variant
U+4FD0	俐	悧	variant	wikidata	corroborates	Q109737421; P248 Q10427532 | Q109746957; P248 Q10427532
U+4FD4	悓	俔	reduction	mj-shrink-map	merge	MJ011590: 法務省戸籍法関連通達・通知, 種別 戸籍統一文字情報 親字・正字, ホップ数 1
U+4FD7	𢓾	俗	reduction	mj-shrink-map	merge	MJ035844: 法務省戸籍法関連通達・通知, 種別 戸籍統一文字情報 親字・正字, ホップ数 1
U+4FDD	𠈃	保	reduction	mj-shrink-map	merge	MJ030577: 法務省戸籍法関連通達・通知, 種別 戸籍統一文字情報 親字・正字, ホップ数 1
U+4FDD	𠊻	保	reduction	mj-shrink-map	merge	MJ030683: 法務省戸籍法関連通達・通知, 種別 戸籍統一文字情報 親字・正字, ホップ数 1
U+4FDD	𠌀	保	reduction	mj-shrink-map	merge	MJ030762: 法務省戸籍法関連通達・通知, 種別 戸籍統一文字情報 親字・正字, ホップ数 1
U+4FDD	𡥀	保	reduction	mj-shrink-map	merge	MJ033867: 法務省戸籍法関連通達・通知, 種別 戸籍統一文字情報 親字・正字, ホップ数 1
U+4FDD	𤔍	保	reduction	mj-shrink-map	merge	MJ040222: 法務省戸籍法関連通達・通知, 種別 戸籍統一文字情報 親字・正字, ホップ数 1
U+4FDD	𤞥	保	reduction	mj-shrink-map	merge	MJ040713: 法務省戸籍法関連通達・通知, 種別 戸籍統一文字情報 親字・正字, ホップ数 1
U+4FE1	㐰	信	reduction	mj-shrink-map	merge	MJ000031: 法務省戸籍法関連通達・通知, 種別 戸籍統一文字情報 親字・正字, ホップ数 1
U+4FE1	䚱	信	reduction	mj-shrink-map	merge	MJ004546: 法務省戸籍法関連通達・通知, 種別 戸籍統一文字情報 親字・正字, ホップ数 1
U+4FE1	訫	信	reduction	mj-shrink-map	merge	MJ024382: 法務省戸籍法関連通達・通知, 種別 戸籍統一文字情報 親字・正字, ホップ数 1
U+4FE1	𡥪	信	reduction	mj-shrink-map	merge	MJ033892: 法務省戸籍法関連通達・通知, 種別 戸籍統一文字情報 親字・正字, ホップ数 1
U+4FE3	㑨	俣	reduction	mj-shrink-map	merge	MJ000078: 法務省戸籍法関連通達・通知, 種別 戸籍統一文字情報 親字・正字, ホップ数 1
U+4FEE	俢	修	reduction	mj-shrink-map	merge	MJ006789: 法務省戸籍法関連通達・通知, 種別 戸籍統一文字情報 親字・正字, ホップ数 1
U+4FEE	𢔜	修	reduction	mj-shrink-map	merge	MJ035869: 法務省戸籍法関連通達・通知, 種別 戸籍統一文字情報 親字・正字, ホップ数 1
U+4FF5	㧼	俵	reduction	mj-shrink-map	merge	MJ001383: 法務省戸籍法関連通達・通知, 種別 戸籍統一文字情報 親字・正字, ホップ数 1
U+4FFE	𢔌	俾	reduction	mj-shrink-map	merge	MJ035859: 法務省戸籍法関連通達・通知, 種別 戸籍統一文字情報 親字・正字, ホップ数 1
U+5002	倂	倂	compatibility	unicode-ucd	merge	5002
U+5005	伜	倅	reduction	mj-shrink-map	merge	MJ006588: 法務省戸籍法関連通達・通知, 種別 戸籍統一文字情報 親字・正字, ホップ数 1
U+5005	伜	倅	variant	cjkvi-variants	corroborates	伜→倅 jisx0213/variant | 倅→伜 hydzd/variant | 倅→伜 jisx0212/variant | 倅→伜 twedu/variant
U+5005	伜	倅	variant	wikidata	corroborates	Q109737208; P248 Q10427532 | Q109737522; P248 Q10427532
U+5005	伜	倅	equivalent	yitizi	corroborates	ytenx/JihThex.csv
U+5009	仺	倉	reduction	mj-shrink-map	merge	MJ006552: 法務省戸籍法関連通達・通知, 種別 戸籍統一文字情報 親字・正字, ホップ数 1
U+5009	𫝉	倉	reduction	mj-shrink-map	merge	MJ056929: 法務省戸籍法関連通達・通知, 種別 戸籍統一文字情報 親字・正字, ホップ数 1
U+500B	𠇂	個	reduction	mj-shrink-map	merge	MJ030554: 法務省戸籍法関連通達・通知, 種別 戸籍統一文字情報 親字・正字, ホップ数 1
U+500D	𠊑	倍	reduction	mj-shrink-map	merge	MJ030655: 法務省戸籍法関連通達・通知, 種別 戸籍統一文字情報 親字・正字, ホップ数 1
U+500D	𠋭	倍	reduction	mj-shrink-map	merge	MJ030708: 法務省戸籍法関連通達・通知, 種別 戸籍統一文字情報 親字・正字, ホップ数 1
U+500F	𤟏	倏	reduction	mj-shrink-map	merge	MJ040735: 法務省戸籍法関連通達・通知, 種別 戸籍統一文字情報 親字・正字, ホップ数 1
U+5014	𩋎	倔	reduction	mj-shrink-map	merge	MJ053151: 法務省戸籍法関連通達・通知, 種別 戸籍統一文字情報 親字・正字, ホップ数 1
U+5019	𠊱	候	reduction	mj-shrink-map	merge	MJ030673: 法務省戸籍法関連通達・通知, 種別 戸籍統一文字情報 親字・正字, ホップ数 1
U+5019	𠋫	候	reduction	mj-shrink-map	merge	MJ030705: 法務省戸籍法関連通達・通知, 種別 戸籍統一文字情報 親字・正字, ホップ数 1
U+501A	𠋣	倚	reduction	mj-shrink-map	merge	MJ030700: 法務省戸籍法関連通達・通知, 種別 戸籍統一文字情報 親字・正字, ホップ数 1
U+501E	勍	倞	reduction	mj-shrink-map	merge	MJ007681: 法務省戸籍法関連通達・通知, 種別 戸籍統一文字情報 親字・正字, ホップ数 1
U+501E	𠡽	勍	reduction	mj-shrink-map	merge	MJ031538: 法務省戸籍法関連通達・通知, 種別 戸籍統一文字情報 親字・正字, ホップ数 1
U+501F	徣	借	reduction	mj-shrink-map	merge	MJ011328: 法務省戸籍法関連通達・通知, 種別 戸籍統一文字情報 親字・正字, ホップ数 1
U+5021	娼	倡	reduction	mj-shrink-map	merge	MJ009751: 法務省戸籍法関連通達・通知, 種別 戸籍統一文字情報 親字・正字, ホップ数 1
U+5021	倡	娼	variant	cjkvi-variants	corroborates	娼→倡 hydzd/variant
U+5022	偼	倢	reduction	mj-shrink-map	merge	MJ006960: 法務省戸籍法関連通達・通知, 種別 戸籍統一文字情報 親字・正字, ホップ数 1
U+5022	𠌿	倢	reduction	mj-shrink-map	merge	MJ030760: 法務省戸籍法関連通達・通知, 種別 戸籍統一文字情報 親字・正字, ホップ数 1
U+5024	値	值	z	unihan	merge	値→值 kZVariant | 值→値 kZVariant
U+5026	𢛗	倦	reduction	mj-shrink-map	merge	MJ036146: 法務省戸籍法関連通達・通知, 種別 戸籍統一文字情報 親字・正字, ホップ数 1
U+502B	倫	倫	compatibility	unicode-ucd	merge	502B
U+502C	𠍬	倬	reduction	mj-shrink-map	merge	MJ030778: 法務省戸籍法関連通達・通知, 種別 戸籍統一文字情報 親字・正字, ホップ数 1
U+5039	儉	倹	reduction	mj-shrink-map	merge	MJ007140: 法務省戸籍法関連通達・通知, 種別 戸籍統一文字情報 親字・正字, ホップ数 1
U+5039	𠈏	儉	reduction	mj-shrink-map	merge	MJ030589: 法務省戸籍法関連通達・通知, 種別 戸籍統一文字情報 親字・正字, ホップ数 1
U+5043	𤑅	偃	reduction	mj-shrink-map	merge	MJ040124: 法務省戸籍法関連通達・通知, 種別 戸籍統一文字情報 親字・正字, ホップ数 1
U+5046	賰	偆	reduction	mj-shrink-map	merge	MJ025091: 法務省戸籍法関連通達・通知, 種別 戸籍統一文字情報 親字・正字, ホップ数 1
U+5046	𠎲	偆	reduction	mj-shrink-map	merge	MJ030806: 法務省戸籍法関連通達・通知, 種別 戸籍統一文字情報 親字・正字, ホップ数 1
U+506C	倊	偬	reduction	mj-shrink-map	merge	MJ006824: 法務省戸籍法関連通達・通知, 種別 戸籍統一文字情報 親字・正字, ホップ数 1
U+5075	𠏄	偵	reduction	mj-shrink-map	merge	MJ030824: 法務省戸籍法関連通達・通知, 種別 戸籍統一文字情報 親字・正字, ホップ数 1
U+5078	偷	偸	itaiji	mj-kanji	merge	X0213 包摂
U+5078	偷	偸	reduction	mj-shrink-map	merge	MJ006954: 法務省戸籍法関連通達・通知, 種別 戸籍統一文字情報 親字・正字, ホップ数 1
U+507A	偺	偺	compatibility	unicode-ucd	merge	507A
U+507D	僞	偽	reduction	mj-shrink-map	merge	MJ007081: 法務省戸籍法関連通達・通知, 種別 戸籍統一文字情報 親字・正字, ホップ数 1
U+5080	𠎺	傀	reduction	mj-shrink-map	merge	MJ030814: 法務省戸籍法関連通達・通知, 種別 戸籍統一文字情報 親字・正字, ホップ数 1
U+5080	𠐤	傀	reduction	mj-shrink-map	merge	MJ030866: 法務省戸籍法関連通達・通知, 種別 戸籍統一文字情報 親字・正字, ホップ数 1
U+5080	𠐦	傀	reduction	mj-shrink-map	merge	MJ030868: 法務省戸籍法関連通達・通知, 種別 戸籍統一文字情報 親字・正字, ホップ数 1
U+5080	𧝛	傀	reduction	mj-shrink-map	merge	MJ048426: 法務省戸籍法関連通達・通知, 種別 戸籍統一文字情報 親字・正字, ホップ数 1
U+5098	仐	𠓝	itaiji	mj-kanji	merge	X0213 包摂
U+5098	仐	傘	reduction	mj-shrink-map	merge	MJ006514: 法務省戸籍法関連通達・通知, 種別 戸籍統一文字情報 親字・正字, ホップ数 1
U+5098	𠍘	傘	reduction	mj-shrink-map	merge	MJ030766: 法務省戸籍法関連通達・通知, 種別 戸籍統一文字情報 親字・正字, ホップ数 1
U+5098	𠎃	傘	reduction	mj-shrink-map	merge	MJ030794: 法務省戸籍法関連通達・通知, 種別 戸籍統一文字情報 親字・正字, ホップ数 1
U+5098	𡙫	傘	reduction	mj-shrink-map	merge	MJ033501: 法務省戸籍法関連通達・通知, 種別 戸籍統一文字情報 親字・正字, ホップ数 1
U+5099	備	備	compatibility	unicode-ucd	merge	5099
U+5099	俻	備	reduction	mj-shrink-map	merge	MJ006808: 法務省戸籍法関連通達・通知, 種別 戸籍統一文字情報 親字・正字, ホップ数 1
U+5099	偹	備	reduction	mj-shrink-map	merge	MJ006957: 法務省戸籍法関連通達・通知, 種別 戸籍統一文字情報 親字・正字, ホップ数 1
U+5099	𠈍	備	reduction	mj-shrink-map	merge	MJ030587: 法務省戸籍法関連通達・通知, 種別 戸籍統一文字情報 親字・正字, ホップ数 1
U+5099	𬾨	備	reduction	mj-shrink-map	merge	MJ056930: 法務省戸籍法関連通達・通知, 種別 戸籍統一文字情報 親字・正字, ホップ数 1
U+50AC	𠮋	催	reduction	mj-shrink-map	merge	MJ032091: 法務省戸籍法関連通達・通知, 種別 戸籍統一文字情報 親字・正字, ホップ数 1
U+50AD	𦟛	傭	reduction	mj-shrink-map	merge	MJ045730: 法務省戸籍法関連通達・通知, 種別 戸籍統一文字情報 親字・正字, ホップ数 1
U+50B1	𢕇	傱	reduction	mj-shrink-map	merge	MJ035895: 法務省戸籍法関連通達・通知, 種別 戸籍統一文字情報 親字・正字, ホップ数 1
U+50B2	奡	傲	reduction	mj-shrink-map	merge	MJ009518: 法務省戸籍法関連通達・通知, 種別 戸籍統一文字情報 親字・正字, ホップ数 1
U+50B4	𢉴	傴	reduction	mj-shrink-map	merge	MJ035377: 法務省戸籍法関連通達・通知, 種別 戸籍統一文字情報 親字・正字, ホップ数 1
U+50BE	𬿦	傾	reduction	mj-shrink-map	merge	MJ056950: 法務省戸籍法関連通達・通知, 種別 戸籍統一文字情報 親字・正字, ホップ数 1
U+50C4	徱	僄	reduction	mj-shrink-map	merge	MJ011348: 法務省戸籍法関連通達・通知, 種別 戸籍統一文字情報 親字・正字, ホップ数 1
U+50C4	𠑎	僄	reduction	mj-shrink-map	merge	MJ030885: 法務省戸籍法関連通達・通知, 種別 戸籍統一文字情報 親字・正字, ホップ数 1
U+50C4	𤡑	僄	reduction	mj-shrink-map	merge	MJ040830: 法務省戸籍法関連通達・通知, 種別 戸籍統一文字情報 親字・正字, ホップ数 1
U+50C4	𩪊	僄	reduction	mj-shrink-map	merge	MJ054602: 法務省戸籍法関連通達・通知, 種別 戸籍統一文字情報 親字・正字, ホップ数 1
U+50CE	𠊨	僎	reduction	mj-shrink-map	merge	MJ030665: 法務省戸籍法関連通達・通知, 種別 戸籍統一文字情報 親字・正字, ホップ数 1
U+50CF	像	像	compatibility	unicode-ucd	merge	50CF
U+50D0	𠑫	僐	reduction	mj-shrink-map	merge	MJ030898: 法務省戸籍法関連通達・通知, 種別 戸籍統一文字情報 親字・正字, ホップ数 1
U+50D1	𬾿	僑	reduction	mj-shrink-map	merge	MJ056943: 法務省戸籍法関連通達・通知, 種別 戸籍統一文字情報 親字・正字, ホップ数 1
U+50D5	㒒	僕	reduction	mj-shrink-map	merge	MJ000112: 法務省戸籍法関連通達・通知, 種別 戸籍統一文字情報 親字・正字, ホップ数 1
U+50D5	䑑	僕	reduction	mj-shrink-map	merge	MJ003904: 法務省戸籍法関連通達・通知, 種別 戸籍統一文字情報 親字・正字, ホップ数 1
U+50D5	𢖃	僕	reduction	mj-shrink-map	merge	MJ035933: 法務省戸籍法関連通達・通知, 種別 戸籍統一文字情報 親字・正字, ホップ数 1
U+50D5	𧀸	僕	reduction	mj-shrink-map	merge	MJ047140: 法務省戸籍法関連通達・通知, 種別 戸籍統一文字情報 親字・正字, ホップ数 1
U+50DA	僚	僚	compatibility	unicode-ucd	merge	50DA
U+50DA	𠏗	僚	reduction	mj-shrink-map	merge	MJ030831: 法務省戸籍法関連通達・通知, 種別 戸籍統一文字情報 親字・正字, ホップ数 1
U+50E7	僧	僧	compatibility	unicode-ucd	merge	50E7
U+50E7	僧	僧	compatibility	unicode-ucd	merge	50E7
U+50E9	僩	僴	itaiji	mj-kanji	merge	X0213 包摂
U+50E9	僴	僩	reduction	mj-shrink-map	merge	MJ007114: 法務省戸籍法関連通達・通知, 種別 戸籍統一文字情報 親字・正字, ホップ数 1
U+50FB	𠒱	僻	reduction	mj-shrink-map	merge	MJ030937: 法務省戸籍法関連通達・通知, 種別 戸籍統一文字情報 親字・正字, ホップ数 1
U+5101	㒞	㒞	compatibility	unicode-ucd	merge	349E
U+5101	㒞	儁	reduction	mj-shrink-map	merge	MJ000122: 法務省戸籍法関連通達・通知, 種別 戸籍統一文字情報 親字・正字, ホップ数 1
U+5104	𠐥	億	reduction	mj-shrink-map	merge	MJ030867: 法務省戸籍法関連通達・通知, 種別 戸籍統一文字情報 親字・正字, ホップ数 1
U+5112	𠍶	儒	reduction	mj-shrink-map	merge	MJ030787: 法務省戸籍法関連通達・通知, 種別 戸籍統一文字情報 親字・正字, ホップ数 1
U+5114	𠍻	儔	reduction	mj-shrink-map	merge	MJ030792: 法務省戸籍法関連通達・通知, 種別 戸籍統一文字情報 親字・正字, ホップ数 1
U+5114	𡕑	儔	reduction	mj-shrink-map	merge	MJ033316: 法務省戸籍法関連通達・通知, 種別 戸籍統一文字情報 親字・正字, ホップ数 1
U+5114	𬿻	儔	reduction	mj-shrink-map	merge	MJ056956: 法務省戸籍法関連通達・通知, 種別 戸籍統一文字情報 親字・正字, ホップ数 1
U+511A	𢟼	儚	reduction	mj-shrink-map	merge	MJ036313: 法務省戸籍法関連通達・通知, 種別 戸籍統一文字情報 親字・正字, ホップ数 1
U+511A	𩕫	儚	reduction	mj-shrink-map	merge	MJ053657: 法務省戸籍法関連通達・通知, 種別 戸籍統一文字情報 親字・正字, ホップ数 1
U+5121	𣠠	儡	reduction	mj-shrink-map	merge	MJ038448: 法務省戸籍法関連通達・通知, 種別 戸籍統一文字情報 親字・正字, ホップ数 1
U+512A	𤣙	優	reduction	mj-shrink-map	merge	MJ040922: 法務省戸籍法関連通達・通知, 種別 戸籍統一文字情報 親字・正字, ホップ数 1
U+512A	𬿲	優	reduction	mj-shrink-map	merge	MJ056952: 法務省戸籍法関連通達・通知, 種別 戸籍統一文字情報 親字・正字, ホップ数 1
U+5135	𡤥	儵	reduction	mj-shrink-map	merge	MJ033851: 法務省戸籍法関連通達・通知, 種別 戸籍統一文字情報 親字・正字, ホップ数 1
U+5137	㒧	儷	reduction	mj-shrink-map	merge	MJ000129: 法務省戸籍法関連通達・通知, 種別 戸籍統一文字情報 親字・正字, ホップ数 1
U+5137	𠐚	儷	reduction	mj-shrink-map	merge	MJ030859: 法務省戸籍法関連通達・通知, 種別 戸籍統一文字情報 親字・正字, ホップ数 1
U+513A	𠹈	儺	reduction	mj-shrink-map	merge	MJ032451: 法務省戸籍法関連通達・通知, 種別 戸籍統一文字情報 親字・正字, ホップ数 1
U+513A	𩙎	儺	reduction	mj-shrink-map	merge	MJ053826: 法務省戸籍法関連通達・通知, 種別 戸籍統一文字情報 親字・正字, ホップ数 1
U+513C	𠑊	儼	reduction	mj-shrink-map	merge	MJ030883: 法務省戸籍法関連通達・通知, 種別 戸籍統一文字情報 親字・正字, ホップ数 1
U+513C	𡅝	儼	reduction	mj-shrink-map	merge	MJ032774: 法務省戸籍法関連通達・通知, 種別 戸籍統一文字情報 親字・正字, ホップ数 1
U+5140	兀	兀	compatibility	unicode-ucd	merge	5140
U+5141	允	𠘭	itaiji	mj-kanji	merge	X0213 包摂
U+5141	𭀗	允	reduction	mj-shrink-map	merge	MJ056961: 法務省戸籍法関連通達・通知, 種別 戸籍統一文字情報 親字・正字, ホップ数 1
U+5145	充	充	compatibility	unicode-ucd	merge	5145
U+5145	𭀚	充	reduction	mj-shrink-map	merge	MJ056963: 法務省戸籍法関連通達・通知, 種別 戸籍統一文字情報 親字・正字, ホップ数 1
U+5146	𠧞	兆	reduction	mj-shrink-map	merge	MJ031781: 法務省戸籍法関連通達・通知, 種別 戸籍統一文字情報 親字・正字, ホップ数 1
U+5146	𡉵	兆	reduction	mj-shrink-map	merge	MJ032961: 法務省戸籍法関連通達・通知, 種別 戸籍統一文字情報 親字・正字, ホップ数 1
U+5146	𡊥	兆	reduction	mj-shrink-map	merge	MJ032991: 法務省戸籍法関連通達・通知, 種別 戸籍統一文字情報 親字・正字, ホップ数 1
U+5146	𬼙	兆	reduction	mj-shrink-map	merge	MJ056867: 法務省戸籍法関連通達・通知, 種別 戸籍統一文字情報 親字・正字, ホップ数 1
U+5146	𬼚	兆	reduction	mj-shrink-map	merge	MJ056868: 法務省戸籍法関連通達・通知, 種別 戸籍統一文字情報 親字・正字, ホップ数 1
U+5146	𭀡	兆	reduction	mj-shrink-map	merge	MJ056972: 法務省戸籍法関連通達・通知, 種別 戸籍統一文字情報 親字・正字, ホップ数 1
U+5147	𠒋	兇	reduction	mj-shrink-map	merge	MJ030918: 法務省戸籍法関連通達・通知, 種別 戸籍統一文字情報 親字・正字, ホップ数 1
U+5149	㫕	光	reduction	mj-shrink-map	merge	MJ001578: 法務省戸籍法関連通達・通知, 種別 戸籍統一文字情報 親字・正字, ホップ数 1
U+5149	灮	光	reduction	mj-shrink-map	merge	MJ016262: 法務省戸籍法関連通達・通知, 種別 戸籍統一文字情報 親字・正字, ホップ数 1
U+5149	炗	光	reduction	mj-shrink-map	merge	MJ016312: 法務省戸籍法関連通達・通知, 種別 戸籍統一文字情報 親字・正字, ホップ数 1
U+5149	𠈑	光	reduction	mj-shrink-map	merge	MJ030591: 法務省戸籍法関連通達・通知, 種別 戸籍統一文字情報 親字・正字, ホップ数 1
U+5149	𤉭	光	reduction	mj-shrink-map	merge	MJ039941: 法務省戸籍法関連通達・通知, 種別 戸籍統一文字情報 親字・正字, ホップ数 1
U+5149	𤎫	𤎫	compatibility	unicode-ucd	merge	243AB
U+5149	𤎫	光	reduction	mj-shrink-map	merge	MJ040052: 法務省戸籍法関連通達・通知, 種別 戸籍統一文字情報 親字・正字, ホップ数 1
U+5149	𤐥	𤑋	z	cjkvi-variants	merge	𤐥→𤑋 cjkvi/duplicate
U+5149	𤑋	光	reduction	mj-shrink-map	merge	MJ040127: 法務省戸籍法関連通達・通知, 種別 戸籍統一文字情報 親字・正字, ホップ数 1
U+5149	𨤡	光	reduction	mj-shrink-map	merge	MJ051679: 法務省戸籍法関連通達・通知, 種別 戸籍統一文字情報 親字・正字, ホップ数 1
U+514B	𠅔	克	reduction	mj-shrink-map	merge	MJ030489: 法務省戸籍法関連通達・通知, 種別 戸籍統一文字情報 親字・正字, ホップ数 1
U+514B	𠅡	克	reduction	mj-shrink-map	merge	MJ030500: 法務省戸籍法関連通達・通知, 種別 戸籍統一文字情報 親字・正字, ホップ数 1
U+514B	𠧳	克	reduction	mj-shrink-map	merge	MJ031795: 法務省戸籍法関連通達・通知, 種別 戸籍統一文字情報 親字・正字, ホップ数 1
U+514B	𠧻	克	reduction	mj-shrink-map	merge	MJ031803: 法務省戸籍法関連通達・通知, 種別 戸籍統一文字情報 親字・正字, ホップ数 1
U+514B	𡱀	克	reduction	mj-shrink-map	merge	MJ034323: 法務省戸籍法関連通達・通知, 種別 戸籍統一文字情報 親字・正字, ホップ数 1
U+514B	𡱠	克	reduction	mj-shrink-map	merge	MJ034347: 法務省戸籍法関連通達・通知, 種別 戸籍統一文字情報 親字・正字, ホップ数 1
U+514B	𣳂	克	reduction	mj-shrink-map	merge	MJ039236: 法務省戸籍法関連通達・通知, 種別 戸籍統一文字情報 親字・正字, ホップ数 1
U+514C	𭀘	兌	reduction	mj-shrink-map	merge	MJ056962: 法務省戸籍法関連通達・通知, 種別 戸籍統一文字情報 親字・正字, ホップ数 1
U+514C	𭀙	兌	reduction	mj-shrink-map	merge	MJ056964: 法務省戸籍法関連通達・通知, 種別 戸籍統一文字情報 親字・正字, ホップ数 1
U+514C	𭀜	兌	reduction	mj-shrink-map	merge	MJ056965: 法務省戸籍法関連通達・通知, 種別 戸籍統一文字情報 親字・正字, ホップ数 1
U+514D	免	免	compatibility	unicode-ucd	merge	514D
U+514D	免	免	compatibility	unicode-ucd	merge	514D
U+5150	兒	児	reduction	mj-shrink-map	merge	MJ007236: 法務省戸籍法関連通達・通知, 種別 戸籍統一文字情報 親字・正字, ホップ数 1
U+5150	𠒆	兒	reduction	mj-shrink-map	merge	MJ030917: 法務省戸籍法関連通達・通知, 種別 戸籍統一文字情報 親字・正字, ホップ数 1
U+5150	𧠇	兒	reduction	mj-shrink-map	merge	MJ048540: 法務省戸籍法関連通達・通知, 種別 戸籍統一文字情報 親字・正字, ホップ数 1
U+5154	兔	兔	compatibility	unicode-ucd	merge	5154
U+5154	𭀣	兔	reduction	mj-shrink-map	merge	MJ056971: 法務省戸籍法関連通達・通知, 種別 戸籍統一文字情報 親字・正字, ホップ数 1
U+5154	𭀥	兔	reduction	mj-shrink-map	merge	MJ056973: 法務省戸籍法関連通達・通知, 種別 戸籍統一文字情報 親字・正字, ホップ数 1
U+5155	𠒃	兕	reduction	mj-shrink-map	merge	MJ030914: 法務省戸籍法関連通達・通知, 種別 戸籍統一文字情報 親字・正字, ホップ数 1
U+5155	𠒅	兕	reduction	mj-shrink-map	merge	MJ030916: 法務省戸籍法関連通達・通知, 種別 戸籍統一文字情報 親字・正字, ホップ数 1
U+5155	𤉡	兕	reduction	mj-shrink-map	merge	MJ039929: 法務省戸籍法関連通達・通知, 種別 戸籍統一文字情報 親字・正字, ホップ数 1
U+5155	𧣶	兕	reduction	mj-shrink-map	merge	MJ048718: 法務省戸籍法関連通達・通知, 種別 戸籍統一文字情報 親字・正字, ホップ数 1
U+5155	𧰽	兕	reduction	mj-shrink-map	merge	MJ049392: 法務省戸籍法関連通達・通知, 種別 戸籍統一文字情報 親字・正字, ホップ数 1
U+5155	𧱃	兕	reduction	mj-shrink-map	merge	MJ049397: 法務省戸籍法関連通達・通知, 種別 戸籍統一文字情報 親字・正字, ホップ数 1
U+515A	黨	党	reduction	mj-shrink-map	merge	MJ029923: 法務省戸籍法関連通達・通知, 種別 戸籍統一文字情報 親字・正字, ホップ数 1
U+515C	㨮	㨮	compatibility	unicode-ucd	merge	3A2E
U+515C	㨮	兜	reduction	mj-shrink-map	merge	MJ001428: 法務省戸籍法関連通達・通知, 種別 戸籍統一文字情報 親字・正字, ホップ数 1
U+515C	㿡	兜	reduction	mj-shrink-map	merge	MJ002752: 法務省戸籍法関連通達・通知, 種別 戸籍統一文字情報 親字・正字, ホップ数 1
U+515C	𦋌	兜	reduction	mj-shrink-map	merge	MJ044881: 法務省戸籍法関連通達・通知, 種別 戸籍統一文字情報 親字・正字, ホップ数 1
U+5162	𠓆	兢	reduction	mj-shrink-map	merge	MJ030941: 法務省戸籍法関連通達・通知, 種別 戸籍統一文字情報 親字・正字, ホップ数 1
U+5164	兤	兤	compatibility	unicode-ucd	merge	5164
U+5167	內	內	compatibility	unicode-ucd	merge	5167
U+5168	全	全	compatibility	unicode-ucd	merge	5168
U+5168	㒰	全	reduction	mj-shrink-map	merge	MJ000137: 法務省戸籍法関連通達・通知, 種別 戸籍統一文字情報 親字・正字, ホップ数 1
U+5168	𠓳	全	reduction	mj-shrink-map	merge	MJ030968: 法務省戸籍法関連通達・通知, 種別 戸籍統一文字情報 親字・正字, ホップ数 1
U+5168	𠓴	全	reduction	mj-shrink-map	merge	MJ030969: 法務省戸籍法関連通達・通知, 種別 戸籍統一文字情報 親字・正字, ホップ数 1
U+516A	俞	兪	itaiji	mj-kanji	merge	X0213 包摂
U+516A	俞	兪	reduction	mj-shrink-map	merge	MJ006784: 法務省戸籍法関連通達・通知, 種別 戸籍統一文字情報 親字・正字, ホップ数 1
U+516A	𦩞	兪	reduction	mj-shrink-map	merge	MJ046162: 法務省戸籍法関連通達・通知, 種別 戸籍統一文字情報 親字・正字, ホップ数 1
U+516A	𬾊	兪	reduction	mj-shrink-map	merge	MJ056925: 法務省戸籍法関連通達・通知, 種別 戸籍統一文字情報 親字・正字, ホップ数 1
U+516A	𬾮	兪	reduction	mj-shrink-map	merge	MJ056937: 法務省戸籍法関連通達・通知, 種別 戸籍統一文字情報 親字・正字, ホップ数 1
U+516D	六	六	compatibility	unicode-ucd	merge	516D
U+516D	𠫪	六	reduction	mj-shrink-map	merge	MJ031979: 法務省戸籍法関連通達・通知, 種別 戸籍統一文字情報 親字・正字, ホップ数 1
U+516E	𠔃	兮	reduction	mj-shrink-map	merge	MJ030978: 法務省戸籍法関連通達・通知, 種別 戸籍統一文字情報 親字・正字, ホップ数 1
U+5171	𠔏	共	reduction	mj-shrink-map	merge	MJ030990: 法務省戸籍法関連通達・通知, 種別 戸籍統一文字情報 親字・正字, ホップ数 1
U+5171	𦱹	共	reduction	mj-shrink-map	merge	MJ046544: 法務省戸籍法関連通達・通知, 種別 戸籍統一文字情報 親字・正字, ホップ数 1
U+5171	𩇿	共	reduction	mj-shrink-map	merge	MJ052974: 法務省戸籍法関連通達・通知, 種別 戸籍統一文字情報 親字・正字, ホップ数 1
U+5175	𠈯	兵	reduction	mj-shrink-map	merge	MJ030605: 法務省戸籍法関連通達・通知, 種別 戸籍統一文字情報 親字・正字, ホップ数 1
U+5175	𠉔	兵	reduction	mj-shrink-map	merge	MJ030628: 法務省戸籍法関連通達・通知, 種別 戸籍統一文字情報 親字・正字, ホップ数 1
U+5175	𠡿	兵	reduction	mj-shrink-map	merge	MJ031540: 法務省戸籍法関連通達・通知, 種別 戸籍統一文字情報 親字・正字, ホップ数 1
U+5175	𠦛	兵	reduction	mj-shrink-map	merge	MJ031750: 法務省戸籍法関連通達・通知, 種別 戸籍統一文字情報 親字・正字, ホップ数 1
U+5175	𠬿	兵	reduction	mj-shrink-map	merge	MJ032036: 法務省戸籍法関連通達・通知, 種別 戸籍統一文字情報 親字・正字, ホップ数 1
U+5177	具	具	compatibility	unicode-ucd	merge	5177
U+5177	狊	具	reduction	mj-shrink-map	merge	MJ016916: 法務省戸籍法関連通達・通知, 種別 戸籍統一文字情報 親字・正字, ホップ数 1
U+5177	𥃲	𥃲	compatibility	unicode-ucd	merge	250F2
U+5177	𥃲	具	reduction	mj-shrink-map	merge	MJ042170: 法務省戸籍法関連通達・通知, 種別 戸籍統一文字情報 親字・正字, ホップ数 1
U+5178	𠔓	典	reduction	mj-shrink-map	merge	MJ030994: 法務省戸籍法関連通達・通知, 種別 戸籍統一文字情報 親字・正字, ホップ数 1
U+5178	𠔰	典	reduction	mj-shrink-map	merge	MJ031017: 法務省戸籍法関連通達・通知, 種別 戸籍統一文字情報 親字・正字, ホップ数 1
U+517C	𥡝	兼	reduction	mj-shrink-map	merge	MJ043265: 法務省戸籍法関連通達・通知, 種別 戸籍統一文字情報 親字・正字, ホップ数 1
U+517C	𬻵	兼	reduction	mj-shrink-map	merge	MJ057638: 法務省戸籍法関連通達・通知, 種別 戸籍統一文字情報 親字・正字, ホップ数 1
U+517C	𭁐	兼	reduction	mj-shrink-map	merge	MJ056987: 法務省戸籍法関連通達・通知, 種別 戸籍統一文字情報 親字・正字, ホップ数 1
U+517C	𭆢	兼	reduction	mj-shrink-map	merge	MJ056988: 法務省戸籍法関連通達・通知, 種別 戸籍統一文字情報 親字・正字, ホップ数 1
U+517C	𭵄	兼	reduction	mj-shrink-map	merge	MJ056994: 法務省戸籍法関連通達・通知, 種別 戸籍統一文字情報 親字・正字, ホップ数 1
U+517C	𭵈	兼	reduction	mj-shrink-map	merge	MJ057999: 法務省戸籍法関連通達・通知, 種別 戸籍統一文字情報 親字・正字, ホップ数 1
U+5180	冀	冀	compatibility	unicode-ucd	merge	5180
U+5180	兾	冀	reduction	mj-shrink-map	merge	MJ007299: 法務省戸籍法関連通達・通知, 種別 戸籍統一文字情報 親字・正字, ホップ数 1
U+5182	冋	冂	reduction	mj-shrink-map	merge	MJ007310: 法務省戸籍法関連通達・通知, 種別 戸籍統一文字情報 親字・正字, ホップ数 1
U+5183	𠕚	冃	reduction	mj-shrink-map	merge	MJ031045: 法務省戸籍法関連通達・通知, 種別 戸籍統一文字情報 親字・正字, ホップ数 1
U+5186	圓	円	reduction	mj-shrink-map	merge	MJ008877: 法務省戸籍法関連通達・通知, 種別 戸籍統一文字情報 親字・正字, ホップ数 1
U+518A	𠕋	𠕋	compatibility	unicode-ucd	merge	2054B
U+518A	𠕋	冊	reduction	mj-shrink-map	merge	MJ031035: 法務省戸籍法関連通達・通知, 種別 戸籍統一文字情報 親字・正字, ホップ数 1
U+518A	𠕐	冊	reduction	mj-shrink-map	merge	MJ031038: 法務省戸籍法関連通達・通知, 種別 戸籍統一文字情報 親字・正字, ホップ数 1
U+518D	再	再	compatibility	unicode-ucd	merge	518D
U+518D	𭁡	再	reduction	mj-shrink-map	merge	MJ057005: 法務省戸籍法関連通達・通知, 種別 戸籍統一文字情報 親字・正字, ホップ数 1
U+518F	𤋅	冏	reduction	mj-shrink-map	merge	MJ002290: 法務省戸籍法関連通達・通知, 種別 戸籍統一文字情報 親字・正字, ホップ数 1
U+5191	䩜	冑	reduction	mj-shrink-map	merge	MJ005442: 法務省戸籍法関連通達・通知, 種別 戸籍統一文字情報 親字・正字, ホップ数 1
U+5191	𩊄	冑	reduction	mj-shrink-map	merge	MJ053086: 法務省戸籍法関連通達・通知, 種別 戸籍統一文字情報 親字・正字, ホップ数 1
U+5192	冒	冒	compatibility	unicode-ucd	merge	5192
U+5192	𠕬	冒	reduction	mj-shrink-map	merge	MJ031060: 法務省戸籍法関連通達・通知, 種別 戸籍統一文字情報 親字・正字, ホップ数 1
U+5192	𡇾	冒	reduction	mj-shrink-map	merge	MJ032884: 法務省戸籍法関連通達・通知, 種別 戸籍統一文字情報 親字・正字, ホップ数 1
U+5192	𡈘	冒	reduction	mj-shrink-map	merge	MJ032905: 法務省戸籍法関連通達・通知, 種別 戸籍統一文字情報 親字・正字, ホップ数 1
U+5192	𭥗	冒	reduction	mj-shrink-map	merge	MJ057654: 法務省戸籍法関連通達・通知, 種別 戸籍統一文字情報 親字・正字, ホップ数 1
U+5193	𬼾	冓	reduction	mj-shrink-map	merge	MJ056882: 法務省戸籍法関連通達・通知, 種別 戸籍統一文字情報 親字・正字, ホップ数 1
U+5193	𭁩	冓	reduction	mj-shrink-map	merge	MJ057011: 法務省戸籍法関連通達・通知, 種別 戸籍統一文字情報 親字・正字, ホップ数 1
U+5193	𭁪	冓	reduction	mj-shrink-map	merge	MJ057013: 法務省戸籍法関連通達・通知, 種別 戸籍統一文字情報 親字・正字, ホップ数 1
U+5193	𭁫	冓	reduction	mj-shrink-map	merge	MJ057014: 法務省戸籍法関連通達・通知, 種別 戸籍統一文字情報 親字・正字, ホップ数 1
U+5193	𭁯	冓	reduction	mj-shrink-map	merge	MJ057019: 法務省戸籍法関連通達・通知, 種別 戸籍統一文字情報 親字・正字, ホップ数 1
U+5195	冕	冕	compatibility	unicode-ucd	merge	5195
U+5197	冗	冗	compatibility	unicode-ucd	merge	5197
U+5198	𢓕	冘	reduction	mj-shrink-map	merge	MJ035814: 法務省戸籍法関連通達・通知, 種別 戸籍統一文字情報 親字・正字, ホップ数 1
U+5199	㝍	寫	reduction	mj-shrink-map	merge	MJ000736: 法務省戸籍法関連通達・通知, 種別 戸籍統一文字情報 親字・正字, ホップ数 1
U+5199	冩	写	reduction	mj-shrink-map	merge	MJ007354: 法務省戸籍法関連通達・通知, 種別 戸籍統一文字情報 親字・正字, ホップ数 1
U+5199	写	冩	variant	cjkvi-variants	corroborates	写→冩 jisx0212/variant | 写→冩 jisx0213/variant
U+5199	冩	寫	variant	cjkvi-variants	corroborates	冩→寫 jisx0212/variant | 寫→冩 jisx0213/variant
U+5199	冩	寫	variant	hng-basic-data	corroborates	02396 | 02396b
U+5199	冩	寫	variant	wikidata	corroborates	Q109738027; P248 Q63443408 | Q109741368; P248 Q63443408
U+5199	寫	写	reduction	mj-shrink-map	merge	MJ010235: 法務省戸籍法関連通達・通知, 種別 戸籍統一文字情報 親字・正字, ホップ数 1
U+5199	𭂁	写	reduction	mj-shrink-map	merge	MJ057031: 法務省戸籍法関連通達・通知, 種別 戸籍統一文字情報 親字・正字, ホップ数 1
U+51A0	𠖌	冠	reduction	mj-shrink-map	merge	MJ031078: 法務省戸籍法関連通達・通知, 種別 戸籍統一文字情報 親字・正字, ホップ数 1
U+51A0	𠙙	冠	reduction	mj-shrink-map	merge	MJ031190: 法務省戸籍法関連通達・通知, 種別 戸籍統一文字情報 親字・正字, ホップ数 1
U+51A0	𢃙	冠	reduction	mj-shrink-map	merge	MJ035083: 法務省戸籍法関連通達・通知, 種別 戸籍統一文字情報 親字・正字, ホップ数 1
U+51A0	𭁺	冠	reduction	mj-shrink-map	merge	MJ057025: 法務省戸籍法関連通達・通知, 種別 戸籍統一文字情報 親字・正字, ホップ数 1
U+51A2	𠣥	冢	reduction	mj-shrink-map	merge	MJ031618: 法務省戸籍法関連通達・通知, 種別 戸籍統一文字情報 親字・正字, ホップ数 1
U+51A4	冤	冤	compatibility	unicode-ucd	merge	51A4
U+51A4	𠕤	冤	reduction	mj-shrink-map	merge	MJ031053: 法務省戸籍法関連通達・通知, 種別 戸籍統一文字情報 親字・正字, ホップ数 1
U+51A5	䆩	冥	reduction	mj-shrink-map	merge	MJ003215: 法務省戸籍法関連通達・通知, 種別 戸籍統一文字情報 親字・正字, ホップ数 1
U+51A5	𡨋	冥	reduction	mj-shrink-map	merge	MJ033991: 法務省戸籍法関連通達・通知, 種別 戸籍統一文字情報 親字・正字, ホップ数 1
U+51A5	𡨶	冥	reduction	mj-shrink-map	merge	MJ034015: 法務省戸籍法関連通達・通知, 種別 戸籍統一文字情報 親字・正字, ホップ数 1
U+51A5	𣩆	冥	reduction	mj-shrink-map	merge	MJ038851: 法務省戸籍法関連通達・通知, 種別 戸籍統一文字情報 親字・正字, ホップ数 1
U+51A5	𭁷	冥	reduction	mj-shrink-map	merge	MJ057028: 法務省戸籍法関連通達・通知, 種別 戸籍統一文字情報 親字・正字, ホップ数 1
U+51A5	𭓿	冥	reduction	mj-shrink-map	merge	MJ057338: 法務省戸籍法関連通達・通知, 種別 戸籍統一文字情報 親字・正字, ホップ数 1
U+51AC	冬	冬	compatibility	unicode-ucd	merge	51AC
U+51AC	㫡	冬	reduction	mj-shrink-map	merge	MJ001590: 法務省戸籍法関連通達・通知, 種別 戸籍統一文字情報 親字・正字, ホップ数 1
U+51AC	昸	冬	reduction	mj-shrink-map	merge	MJ013250: 法務省戸籍法関連通達・通知, 種別 戸籍統一文字情報 親字・正字, ホップ数 1
U+51AC	𠔙	冬	reduction	mj-shrink-map	merge	MJ031000: 法務省戸籍法関連通達・通知, 種別 戸籍統一文字情報 親字・正字, ホップ数 1
U+51AC	𠘀	冬	reduction	mj-shrink-map	merge	MJ031134: 法務省戸籍法関連通達・通知, 種別 戸籍統一文字情報 親字・正字, ホップ数 1
U+51AC	𠘗	冬	reduction	mj-shrink-map	merge	MJ031146: 法務省戸籍法関連通達・通知, 種別 戸籍統一文字情報 親字・正字, ホップ数 1
U+51AC	𣅈	冬	reduction	mj-shrink-map	merge	MJ037619: 法務省戸籍法関連通達・通知, 種別 戸籍統一文字情報 親字・正字, ホップ数 1
U+51AC	𣆼	冬	reduction	mj-shrink-map	merge	MJ037695: 法務省戸籍法関連通達・通知, 種別 戸籍統一文字情報 親字・正字, ホップ数 1
U+51B0	仌	仌	compatibility	unicode-ucd	merge	4ECC
U+51B0	仌	冰	reduction	mj-shrink-map	merge	MJ006510: 法務省戸籍法関連通達・通知, 種別 戸籍統一文字情報 親字・正字, ホップ数 1
U+51B1	𠖱	冱	reduction	mj-shrink-map	merge	MJ031090: 法務省戸籍法関連通達・通知, 種別 戸籍統一文字情報 親字・正字, ホップ数 1
U+51B5	况	况	compatibility	unicode-ucd	merge	51B5
U+51B5	况	况	compatibility	unicode-ucd	merge	51B5
U+51B7	冷	冷	compatibility	unicode-ucd	merge	51B7
U+51B7	𠘤	冷	reduction	mj-shrink-map	merge	MJ031153: 法務省戸籍法関連通達・通知, 種別 戸籍統一文字情報 親字・正字, ホップ数 1
U+51BD	𠗗	冽	reduction	mj-shrink-map	merge	MJ031111: 法務省戸籍法関連通達・通知, 種別 戸籍統一文字情報 親字・正字, ホップ数 1
U+51BD	𠗢	冽	reduction	mj-shrink-map	merge	MJ031118: 法務省戸籍法関連通達・通知, 種別 戸籍統一文字情報 親字・正字, ホップ数 1
U+51C9	凉	凉	compatibility	unicode-ucd	merge	51C9
U+51C9	𠒨	凉	reduction	mj-shrink-map	merge	MJ030933: 法務省戸籍法関連通達・通知, 種別 戸籍統一文字情報 親字・正字, ホップ数 1
U+51C9	𡮎	凉	reduction	mj-shrink-map	merge	MJ034222: 法務省戸籍法関連通達・通知, 種別 戸籍統一文字情報 親字・正字, ホップ数 1
U+51CC	凌	凌	compatibility	unicode-ucd	merge	51CC
U+51CC	𣎎	凌	reduction	mj-shrink-map	merge	MJ037901: 法務省戸籍法関連通達・通知, 種別 戸籍統一文字情報 親字・正字, ホップ数 1
U+51DC	凜	凜	compatibility	unicode-ucd	merge	51DC
U+51DC	𠘡	凜	reduction	mj-shrink-map	merge	MJ031151: 法務省戸籍法関連通達・通知, 種別 戸籍統一文字情報 親字・正字, ホップ数 1
U+51DE	凞	凞	compatibility	unicode-ucd	merge	51DE
U+51E6	處	処	reduction	mj-shrink-map	merge	MJ023287: 法務省戸籍法関連通達・通知, 種別 戸籍統一文字情報 親字・正字, ホップ数 1
U+51E6	𠙚	處	reduction	mj-shrink-map	merge	MJ031191: 法務省戸籍法関連通達・通知, 種別 戸籍統一文字情報 親字・正字, ホップ数 1
U+51E6	𧇤	處	reduction	mj-shrink-map	merge	MJ047423: 法務省戸籍法関連通達・通知, 種別 戸籍統一文字情報 親字・正字, ホップ数 1
U+51E6	𩂫	處	reduction	mj-shrink-map	merge	MJ052762: 法務省戸籍法関連通達・通知, 種別 戸籍統一文字情報 親字・正字, ホップ数 1
U+51ED	𠌩	凭	reduction	mj-shrink-map	merge	MJ030739: 法務省戸籍法関連通達・通知, 種別 戸籍統一文字情報 親字・正字, ホップ数 1
U+51ED	𠙥	凭	reduction	mj-shrink-map	merge	MJ057035: 法務省戸籍法関連通達・通知, 種別 戸籍統一文字情報 親字・正字, ホップ数 1
U+51ED	𡔟	凭	reduction	mj-shrink-map	merge	MJ033285: 法務省戸籍法関連通達・通知, 種別 戸籍統一文字情報 親字・正字, ホップ数 1
U+51F0	䳨	凰	reduction	mj-shrink-map	merge	MJ006094: 法務省戸籍法関連通達・通知, 種別 戸籍統一文字情報 親字・正字, ホップ数 1
U+51F1	𧇔	凱	reduction	mj-shrink-map	merge	MJ047411: 法務省戸籍法関連通達・通知, 種別 戸籍統一文字情報 親字・正字, ホップ数 1
U+51F5	凵	凵	compatibility	unicode-ucd	merge	51F5
U+51F5	凵	𠙴	itaiji	mj-kanji	merge	X0213 包摂
U+51F5	𦳰	凵	reduction	mj-shrink-map	merge	MJ046603: 法務省戸籍法関連通達・通知, 種別 戸籍統一文字情報 親字・正字, ホップ数 1
U+51F6	㐫	凶	reduction	mj-shrink-map	merge	MJ057038: 法務省戸籍法関連通達・通知, 種別 戸籍統一文字情報 親字・正字, ホップ数 1
U+51F6	㓙	凶	reduction	mj-shrink-map	merge	MJ000178: 法務省戸籍法関連通達・通知, 種別 戸籍統一文字情報 親字・正字, ホップ数 1
U+51F6	𣧑	凶	reduction	mj-shrink-map	merge	MJ038755: 法務省戸籍法関連通達・通知, 種別 戸籍統一文字情報 親字・正字, ホップ数 1
U+51FA	㞮	出	reduction	mj-shrink-map	merge	MJ000827: 法務省戸籍法関連通達・通知, 種別 戸籍統一文字情報 親字・正字, ホップ数 1
U+51FA	岀	出	reduction	mj-shrink-map	merge	MJ010405: 法務省戸籍法関連通達・通知, 種別 戸籍統一文字情報 親字・正字, ホップ数 1
U+51FD	凾	函	reduction	mj-shrink-map	merge	MJ007445: 法務省戸籍法関連通達・通知, 種別 戸籍統一文字情報 親字・正字, ホップ数 1
U+51FD	函	凾	variant	cjkvi-variants	corroborates	函→凾 hydzd/variant | 函→凾 jisx0212/variant | 函→凾 jisx0213/variant | 函→凾 twedu/variant
U+51FD	函	凾	variant	hng-basic-data	corroborates	00725 | 00725b
U+51FD	函	凾	variant	wikidata	corroborates	Q109738128; P248 Q10427532 | Q109738129; P248 Q10427532
U+51FD	函	凾	equivalent	yitizi	corroborates	ytenx/JihThex.csv
U+51FD	𠚗	函	reduction	mj-shrink-map	merge	MJ031226: 法務省戸籍法関連通達・通知, 種別 戸籍統一文字情報 親字・正字, ホップ数 1
U+5200	釖	刀	reduction	mj-shrink-map	merge	MJ026601: 法務省戸籍法関連通達・通知, 種別 戸籍統一文字情報 親字・正字, ホップ数 1
U+5200	刀	釖	variant	cjkvi-variants	corroborates	刀→釖 hydzd/variant | 刀→釖 twedu/variant
U+5200	刀	釖	variant	wikidata	corroborates	Q109764739; P248 Q10427532 | Q8084083; P248 Q10427532
U+5200	𠚣	刀	reduction	mj-shrink-map	merge	MJ031235: 法務省戸籍法関連通達・通知, 種別 戸籍統一文字情報 親字・正字, ホップ数 1
U+5203	刃	刃	compatibility	unicode-ucd	merge	5203
U+5206	𭄞	分	reduction	mj-shrink-map	merge	MJ057060: 法務省戸籍法関連通達・通知, 種別 戸籍統一文字情報 親字・正字, ホップ数 1
U+5207	切	切	compatibility	unicode-ucd	merge	5207
U+5207	切	切	compatibility	unicode-ucd	merge	5207
U+5207	𪙆	切	reduction	mj-shrink-map	merge	MJ056696: 法務省戸籍法関連通達・通知, 種別 戸籍統一文字情報 親字・正字, ホップ数 1
U+5208	苅	刈	reduction	mj-shrink-map	merge	MJ021627: 法務省戸籍法関連通達・通知, 種別 戸籍統一文字情報 親字・正字, ホップ数 1
U+5208	刈	苅	variant	cjkvi-variants	corroborates	刈→苅 hydzd/variant | 刈→苅 jisx0213/variant
U+5208	刈	苅	variant	hng-basic-data	corroborates	00736
U+5208	刈	苅	variant	wikidata	corroborates	Q109759930; P248 Q10427532 | Q55408048; P248 Q10427532
U+5208	刈	苅	equivalent	yitizi	corroborates	ytenx/JihThex.csv
U+5208	𠚫	刈	reduction	mj-shrink-map	merge	MJ031243: 法務省戸籍法関連通達・通知, 種別 戸籍統一文字情報 親字・正字, ホップ数 1
U+5208	𠛄	刈	reduction	mj-shrink-map	merge	MJ031263: 法務省戸籍法関連通達・通知, 種別 戸籍統一文字情報 親字・正字, ホップ数 1
U+5208	𭃆	刈	reduction	mj-shrink-map	merge	MJ057040: 法務省戸籍法関連通達・通知, 種別 戸籍統一文字情報 親字・正字, ホップ数 1
U+5213	㝴	刓	reduction	mj-shrink-map	merge	MJ000775: 法務省戸籍法関連通達・通知, 種別 戸籍統一文字情報 親字・正字, ホップ数 1
U+5217	列	列	compatibility	unicode-ucd	merge	5217
U+5217	𠛱	列	reduction	mj-shrink-map	merge	MJ031294: 法務省戸籍法関連通達・通知, 種別 戸籍統一文字情報 親字・正字, ホップ数 1
U+5217	𠜺	列	reduction	mj-shrink-map	merge	MJ031342: 法務省戸籍法関連通達・通知, 種別 戸籍統一文字情報 親字・正字, ホップ数 1
U+521D	䥚	初	reduction	mj-shrink-map	merge	MJ005209: 法務省戸籍法関連通達・通知, 種別 戸籍統一文字情報 親字・正字, ホップ数 1
U+521D	𠜆	初	reduction	mj-shrink-map	merge	MJ031309: 法務省戸籍法関連通達・通知, 種別 戸籍統一文字情報 親字・正字, ホップ数 1
U+521D	𠫎	初	reduction	mj-shrink-map	merge	MJ031957: 法務省戸籍法関連通達・通知, 種別 戸籍統一文字情報 親字・正字, ホップ数 1
U+521D	𡔈	初	reduction	mj-shrink-map	merge	MJ033271: 法務省戸籍法関連通達・通知, 種別 戸籍統一文字情報 親字・正字, ホップ数 1
U+521D	𢀯	初	reduction	mj-shrink-map	merge	MJ034956: 法務省戸籍法関連通達・通知, 種別 戸籍統一文字情報 親字・正字, ホップ数 1
U+521D	𣦂	初	reduction	mj-shrink-map	merge	MJ038697: 法務省戸籍法関連通達・通知, 種別 戸籍統一文字情報 親字・正字, ホップ数 1
U+521D	𥘉	初	reduction	mj-shrink-map	merge	MJ007482: 法務省戸籍法関連通達・通知, 種別 戸籍統一文字情報 親字・正字, ホップ数 1
U+521D	𭃡	初	reduction	mj-shrink-map	merge	MJ057046: 法務省戸籍法関連通達・通知, 種別 戸籍統一文字情報 親字・正字, ホップ数 1
U+521D	𭃨	初	reduction	mj-shrink-map	merge	MJ057050: 法務省戸籍法関連通達・通知, 種別 戸籍統一文字情報 親字・正字, ホップ数 1
U+5225	𠔁	別	reduction	mj-shrink-map	merge	MJ030976: 法務省戸籍法関連通達・通知, 種別 戸籍統一文字情報 親字・正字, ホップ数 1
U+5225	𠛰	別	reduction	mj-shrink-map	merge	MJ031293: 法務省戸籍法関連通達・通知, 種別 戸籍統一文字情報 親字・正字, ホップ数 1
U+5227	𠉨	刧	reduction	mj-shrink-map	merge	MJ030641: 法務省戸籍法関連通達・通知, 種別 戸籍統一文字情報 親字・正字, ホップ数 1
U+5227	𠞏	刧	reduction	mj-shrink-map	merge	MJ031395: 法務省戸籍法関連通達・通知, 種別 戸籍統一文字情報 親字・正字, ホップ数 1
U+5229	利	利	compatibility	unicode-ucd	merge	5229
U+5229	𥝤	利	reduction	mj-shrink-map	merge	MJ043135: 法務省戸籍法関連通達・通知, 種別 戸籍統一文字情報 親字・正字, ホップ数 1
U+522A	𠛹	刪	reduction	mj-shrink-map	merge	MJ031302: 法務省戸籍法関連通達・通知, 種別 戸籍統一文字情報 親字・正字, ホップ数 1
U+522A	𡬬	刪	reduction	mj-shrink-map	merge	MJ034164: 法務省戸籍法関連通達・通知, 種別 戸籍統一文字情報 親字・正字, ホップ数 1
U+522A	𨚿	刪	reduction	mj-shrink-map	merge	MJ051240: 法務省戸籍法関連通達・通知, 種別 戸籍統一文字情報 親字・正字, ホップ数 1
U+522E	𠜜	刮	reduction	mj-shrink-map	merge	MJ031326: 法務省戸籍法関連通達・通知, 種別 戸籍統一文字情報 親字・正字, ホップ数 1
U+5236	𠛐	制	reduction	mj-shrink-map	merge	MJ031270: 法務省戸籍法関連通達・通知, 種別 戸籍統一文字情報 親字・正字, ホップ数 1
U+5236	𠜔	制	reduction	mj-shrink-map	merge	MJ031318: 法務省戸籍法関連通達・通知, 種別 戸籍統一文字情報 親字・正字, ホップ数 1
U+5236	𠝁	制	reduction	mj-shrink-map	merge	MJ031347: 法務省戸籍法関連通達・通知, 種別 戸籍統一文字情報 親字・正字, ホップ数 1
U+5236	𠝦	制	reduction	mj-shrink-map	merge	MJ031369: 法務省戸籍法関連通達・通知, 種別 戸籍統一文字情報 親字・正字, ホップ数 1
U+5236	𢳐	制	reduction	mj-shrink-map	merge	MJ036979: 法務省戸籍法関連通達・通知, 種別 戸籍統一文字情報 親字・正字, ホップ数 1
U+5236	𭃥	制	reduction	mj-shrink-map	merge	MJ057053: 法務省戸籍法関連通達・通知, 種別 戸籍統一文字情報 親字・正字, ホップ数 1
U+5236	𭃭	制	reduction	mj-shrink-map	merge	MJ057055: 法務省戸籍法関連通達・通知, 種別 戸籍統一文字情報 親字・正字, ホップ数 1
U+5237	𢼞	刷	reduction	mj-shrink-map	merge	MJ037258: 法務省戸籍法関連通達・通知, 種別 戸籍統一文字情報 親字・正字, ホップ数 1
U+5239	㓼	刹	reduction	mj-shrink-map	merge	MJ000215: 法務省戸籍法関連通達・通知, 種別 戸籍統一文字情報 親字・正字, ホップ数 1
U+5239	𠛴	刹	reduction	mj-shrink-map	merge	MJ031297: 法務省戸籍法関連通達・通知, 種別 戸籍統一文字情報 親字・正字, ホップ数 1
U+523A	刺	刺	compatibility	unicode-ucd	merge	523A
U+523A	㓨	刺	reduction	mj-shrink-map	merge	MJ000193: 法務省戸籍法関連通達・通知, 種別 戸籍統一文字情報 親字・正字, ホップ数 1
U+523A	𠚷	刺	reduction	mj-shrink-map	merge	MJ031250: 法務省戸籍法関連通達・通知, 種別 戸籍統一文字情報 親字・正字, ホップ数 1
U+523B	刻	刻	compatibility	unicode-ucd	merge	523B
U+523B	𠚰	刻	reduction	mj-shrink-map	merge	MJ031248: 法務省戸籍法関連通達・通知, 種別 戸籍統一文字情報 親字・正字, ホップ数 1
U+523B	𠜇	刻	reduction	mj-shrink-map	merge	MJ031310: 法務省戸籍法関連通達・通知, 種別 戸籍統一文字情報 親字・正字, ホップ数 1
U+523B	𠞫	刻	reduction	mj-shrink-map	merge	MJ031408: 法務省戸籍法関連通達・通知, 種別 戸籍統一文字情報 親字・正字, ホップ数 1
U+5246	剆	剆	compatibility	unicode-ucd	merge	5246
U+5247	𠞋	則	reduction	mj-shrink-map	merge	MJ031391: 法務省戸籍法関連通達・通知, 種別 戸籍統一文字情報 親字・正字, ホップ数 1
U+5247	𠟔	則	reduction	mj-shrink-map	merge	MJ031440: 法務省戸籍法関連通達・通知, 種別 戸籍統一文字情報 親字・正字, ホップ数 1
U+5247	𠟭	則	reduction	mj-shrink-map	merge	MJ031453: 法務省戸籍法関連通達・通知, 種別 戸籍統一文字情報 親字・正字, ホップ数 1
U+5247	𣉇	則	reduction	mj-shrink-map	merge	MJ037751: 法務省戸籍法関連通達・通知, 種別 戸籍統一文字情報 親字・正字, ホップ数 1
U+5249	𠞐	剉	reduction	mj-shrink-map	merge	MJ031396: 法務省戸籍法関連通達・通知, 種別 戸籍統一文字情報 親字・正字, ホップ数 1
U+524B	𠧶	剋	reduction	mj-shrink-map	merge	MJ031798: 法務省戸籍法関連通達・通知, 種別 戸籍統一文字情報 親字・正字, ホップ数 1
U+524D	偂	歬	reduction	mj-shrink-map	merge	MJ006888: 法務省戸籍法関連通達・通知, 種別 戸籍統一文字情報 親字・正字, ホップ数 1
U+524D	歬	前	reduction	mj-shrink-map	merge	MJ014834: 法務省戸籍法関連通達・通知, 種別 戸籍統一文字情報 親字・正字, ホップ数 1
U+524D	𣥑	前	reduction	mj-shrink-map	merge	MJ038661: 法務省戸籍法関連通達・通知, 種別 戸籍統一文字情報 親字・正字, ホップ数 1
U+524D	𫝐	前	reduction	mj-shrink-map	merge	MJ057052: 法務省戸籍法関連通達・通知, 種別 戸籍統一文字情報 親字・正字, ホップ数 1
U+5254	𠜓	剔	reduction	mj-shrink-map	merge	MJ031317: 法務省戸籍法関連通達・通知, 種別 戸籍統一文字情報 親字・正字, ホップ数 1
U+5254	𠠡	剔	reduction	mj-shrink-map	merge	MJ031485: 法務省戸籍法関連通達・通知, 種別 戸籍統一文字情報 親字・正字, ホップ数 1
U+5256	𠝒	剖	reduction	mj-shrink-map	merge	MJ031354: 法務省戸籍法関連通達・通知, 種別 戸籍統一文字情報 親字・正字, ホップ数 1
U+5256	𠞌	剖	reduction	mj-shrink-map	merge	MJ031392: 法務省戸籍法関連通達・通知, 種別 戸籍統一文字情報 親字・正字, ホップ数 1
U+5257	𣂧	剗	reduction	mj-shrink-map	merge	MJ037502: 法務省戸籍法関連通達・通知, 種別 戸籍統一文字情報 親字・正字, ホップ数 1
U+525B	𠇝	剛	reduction	mj-shrink-map	merge	MJ030564: 法務省戸籍法関連通達・通知, 種別 戸籍統一文字情報 親字・正字, ホップ数 1
U+525B	𠜛	剛	reduction	mj-shrink-map	merge	MJ031325: 法務省戸籍法関連通達・通知, 種別 戸籍統一文字情報 親字・正字, ホップ数 1
U+525B	𠝾	剛	reduction	mj-shrink-map	merge	MJ031378: 法務省戸籍法関連通達・通知, 種別 戸籍統一文字情報 親字・正字, ホップ数 1
U+525B	𣗵	剛	reduction	mj-shrink-map	merge	MJ038180: 法務省戸籍法関連通達・通知, 種別 戸籍統一文字情報 親字・正字, ホップ数 1
U+525C	𠛠	剜	reduction	mj-shrink-map	merge	MJ031282: 法務省戸籍法関連通達・通知, 種別 戸籍統一文字情報 親字・正字, ホップ数 1
U+525C	𣪰	剜	reduction	mj-shrink-map	merge	MJ038924: 法務省戸籍法関連通達・通知, 種別 戸籍統一文字情報 親字・正字, ホップ数 1
U+525D	𠚩	剝	reduction	mj-shrink-map	merge	MJ031241: 法務省戸籍法関連通達・通知, 種別 戸籍統一文字情報 親字・正字, ホップ数 1
U+525D	𠛧	剝	reduction	mj-shrink-map	merge	MJ031285: 法務省戸籍法関連通達・通知, 種別 戸籍統一文字情報 親字・正字, ホップ数 1
U+525D	𠧓	剝	reduction	mj-shrink-map	merge	MJ031771: 法務省戸籍法関連通達・通知, 種別 戸籍統一文字情報 親字・正字, ホップ数 1
U+525E	𣂦	剞	reduction	mj-shrink-map	merge	MJ037501: 法務省戸籍法関連通達・通知, 種別 戸籍統一文字情報 親字・正字, ホップ数 1
U+5263	劍	剣	reduction	mj-shrink-map	merge	MJ007606: 法務省戸籍法関連通達・通知, 種別 戸籍統一文字情報 親字・正字, ホップ数 1
U+5263	劒	剣	reduction	mj-shrink-map	merge	MJ007611: 法務省戸籍法関連通達・通知, 種別 戸籍統一文字情報 親字・正字, ホップ数 1
U+5263	剣	劒	variant	cjkvi-variants	corroborates	剣→劒 jisx0212/variant | 剣→劒 jisx0213/variant
U+5263	劍	劒	variant	cjkvi-variants	corroborates	劍→劒 dypytz/variant | 劍→劒 jisx0212/variant | 劍→劒 jisx0213/variant | 劍→劒 twedu/variant
U+5263	劍	劒	variant	hng-basic-data	corroborates	00843 | 00843b | 00843c
U+5263	劍	劒	variant	wikidata	corroborates	Q109738305; P248 Q10427532 Q63443408 | Q109738313; P248 Q10427532 Q63443408
U+5263	劔	剣	reduction	mj-shrink-map	merge	MJ007614: 法務省戸籍法関連通達・通知, 種別 戸籍統一文字情報 親字・正字, ホップ数 1
U+5263	剣	劔	variant	cjkvi-variants	corroborates	剣→劔 jisx0212/variant | 剣→劔 jisx0213/variant
U+5263	劍	劔	variant	cjkvi-variants	corroborates	劍→劔 hydzd/variant | 劍→劔 jisx0212/variant | 劍→劔 jisx0213/variant | 劍→劔 twedu/variant
U+5263	劍	劔	variant	hng-basic-data	corroborates	00843 | 00843b | 00843c
U+5263	劍	劔	variant	wikidata	corroborates	Q109738305; P248 Q10427532 | Q109738315; P248 Q10427532; P282 Q906019
U+5263	劍	劔	equivalent	yitizi	corroborates	ytenx/JihThex.csv
U+5263	劒	劔	variant	cjkvi-variants	corroborates	劒→劔 ucs-scs/variant | 劔→劒 jisx0212/variant | 劔→劒 jisx0213/variant
U+5263	𠠆	劒	reduction	mj-shrink-map	merge	MJ031472: 法務省戸籍法関連通達・通知, 種別 戸籍統一文字情報 親字・正字, ホップ数 1
U+5264	劑	剤	reduction	mj-shrink-map	merge	MJ007609: 法務省戸籍法関連通達・通知, 種別 戸籍統一文字情報 親字・正字, ホップ数 1
U+5264	𠜸	劑	reduction	mj-shrink-map	merge	MJ031340: 法務省戸籍法関連通達・通知, 種別 戸籍統一文字情報 親字・正字, ホップ数 1
U+526F	疈	副	reduction	mj-shrink-map	merge	MJ017732: 法務省戸籍法関連通達・通知, 種別 戸籍統一文字情報 親字・正字, ホップ数 1
U+526F	𠠦	副	reduction	mj-shrink-map	merge	MJ031488: 法務省戸籍法関連通達・通知, 種別 戸籍統一文字情報 親字・正字, ホップ数 1
U+5270	剩	剰	reduction	mj-shrink-map	merge	MJ007559: 法務省戸籍法関連通達・通知, 種別 戸籍統一文字情報 親字・正字, ホップ数 1
U+5270	𠟇	剩	reduction	mj-shrink-map	merge	MJ031427: 法務省戸籍法関連通達・通知, 種別 戸籍統一文字情報 親字・正字, ホップ数 1
U+5272	割	割	compatibility	unicode-ucd	merge	5272
U+5272	𠛛	割	reduction	mj-shrink-map	merge	MJ031281: 法務省戸籍法関連通達・通知, 種別 戸籍統一文字情報 親字・正字, ホップ数 1
U+5272	𠛷	割	reduction	mj-shrink-map	merge	MJ031300: 法務省戸籍法関連通達・通知, 種別 戸籍統一文字情報 親字・正字, ホップ数 1
U+5272	𧗶	割	reduction	mj-shrink-map	merge	MJ048153: 法務省戸籍法関連通達・通知, 種別 戸籍統一文字情報 親字・正字, ホップ数 1
U+5275	𠝀	創	reduction	mj-shrink-map	merge	MJ031346: 法務省戸籍法関連通達・通知, 種別 戸籍統一文字情報 親字・正字, ホップ数 1
U+5275	𠟐	創	reduction	mj-shrink-map	merge	MJ031436: 法務省戸籍法関連通達・通知, 種別 戸籍統一文字情報 親字・正字, ホップ数 1
U+5277	剷	剷	compatibility	unicode-ucd	merge	5277
U+527D	𠠧	剽	reduction	mj-shrink-map	merge	MJ031489: 法務省戸籍法関連通達・通知, 種別 戸籍統一文字情報 親字・正字, ホップ数 1
U+527D	𡬽	剽	reduction	mj-shrink-map	merge	MJ034177: 法務省戸籍法関連通達・通知, 種別 戸籍統一文字情報 親字・正字, ホップ数 1
U+527D	𡭓	剽	reduction	mj-shrink-map	merge	MJ034191: 法務省戸籍法関連通達・通知, 種別 戸籍統一文字情報 親字・正字, ホップ数 1
U+527F	𠟯	剿	reduction	mj-shrink-map	merge	MJ031455: 法務省戸籍法関連通達・通知, 種別 戸籍統一文字情報 親字・正字, ホップ数 1
U+5283	𠟱	劃	reduction	mj-shrink-map	merge	MJ031457: 法務省戸籍法関連通達・通知, 種別 戸籍統一文字情報 親字・正字, ホップ数 1
U+5287	𠟵	劇	reduction	mj-shrink-map	merge	MJ031459: 法務省戸籍法関連通達・通知, 種別 戸籍統一文字情報 親字・正字, ホップ数 1
U+5287	𭄏	劇	reduction	mj-shrink-map	merge	MJ057056: 法務省戸籍法関連通達・通知, 種別 戸籍統一文字情報 親字・正字, ホップ数 1
U+5289	劉	劉	compatibility	unicode-ucd	merge	5289
U+5289	𠭱	劉	reduction	mj-shrink-map	merge	MJ032072: 法務省戸籍法関連通達・通知, 種別 戸籍統一文字情報 親字・正字, ホップ数 1
U+5289	𡭈	劉	reduction	mj-shrink-map	merge	MJ034183: 法務省戸籍法関連通達・通知, 種別 戸籍統一文字情報 親字・正字, ホップ数 1
U+5289	𭄘	劉	reduction	mj-shrink-map	merge	MJ057058: 法務省戸籍法関連通達・通知, 種別 戸籍統一文字情報 親字・正字, ホップ数 1
U+5293	㓷	劓	reduction	mj-shrink-map	merge	MJ000210: 法務省戸籍法関連通達・通知, 種別 戸籍統一文字情報 親字・正字, ホップ数 1
U+5293	𨞳	劓	reduction	mj-shrink-map	merge	MJ051432: 法務省戸籍法関連通達・通知, 種別 戸籍統一文字情報 親字・正字, ホップ数 1
U+529B	力	力	compatibility	unicode-ucd	merge	529B
U+529B	𠠲	力	reduction	mj-shrink-map	merge	MJ031496: 法務省戸籍法関連通達・通知, 種別 戸籍統一文字情報 親字・正字, ホップ数 1
U+52A3	劣	劣	compatibility	unicode-ucd	merge	52A3
U+52A3	𢚃	劣	reduction	mj-shrink-map	merge	MJ036096: 法務省戸籍法関連通達・通知, 種別 戸籍統一文字情報 親字・正字, ホップ数 1
U+52A9	𤋰	助	reduction	mj-shrink-map	merge	MJ039984: 法務省戸籍法関連通達・通知, 種別 戸籍統一文字情報 親字・正字, ホップ数 1
U+52AA	伮	努	reduction	mj-shrink-map	merge	MJ006594: 法務省戸籍法関連通達・通知, 種別 戸籍統一文字情報 親字・正字, ホップ数 1
U+52B1	勵	勵	compatibility	unicode-ucd	merge	52F5
U+52B1	勵	励	reduction	mj-shrink-map	merge	MJ007736: 法務省戸籍法関連通達・通知, 種別 戸籍統一文字情報 親字・正字, ホップ数 1
U+52B3	劳	劳	compatibility	unicode-ucd	merge	52B3
U+52B4	勞	勞	compatibility	unicode-ucd	merge	52DE
U+52B4	勞	労	reduction	mj-shrink-map	merge	MJ007702: 法務省戸籍法関連通達・通知, 種別 戸籍統一文字情報 親字・正字, ホップ数 1
U+52B4	𠣁	勞	reduction	mj-shrink-map	merge	MJ031591: 法務省戸籍法関連通達・通知, 種別 戸籍統一文字情報 親字・正字, ホップ数 1
U+52B4	𢥒	勞	reduction	mj-shrink-map	merge	MJ036505: 法務省戸籍法関連通達・通知, 種別 戸籍統一文字情報 親字・正字, ホップ数 1
U+52B5	𠢏	劵	reduction	mj-shrink-map	merge	MJ031550: 法務省戸籍法関連通達・通知, 種別 戸籍統一文字情報 親字・正字, ホップ数 1
U+52B9	效	効	reduction	mj-shrink-map	merge	MJ012970: 法務省戸籍法関連通達・通知, 種別 戸籍統一文字情報 親字・正字, ホップ数 1
U+52BB	𤝿	劻	reduction	mj-shrink-map	merge	MJ040690: 法務省戸籍法関連通達・通知, 種別 戸籍統一文字情報 親字・正字, ホップ数 1
U+52BE	𠜨	劾	reduction	mj-shrink-map	merge	MJ031332: 法務省戸籍法関連通達・通知, 種別 戸籍統一文字情報 親字・正字, ホップ数 1
U+52C1	𠡍	勁	reduction	mj-shrink-map	merge	MJ031509: 法務省戸籍法関連通達・通知, 種別 戸籍統一文字情報 親字・正字, ホップ数 1
U+52C1	𠡕	勁	reduction	mj-shrink-map	merge	MJ031514: 法務省戸籍法関連通達・通知, 種別 戸籍統一文字情報 親字・正字, ホップ数 1
U+52C3	㪍	勃	reduction	mj-shrink-map	merge	MJ001516: 法務省戸籍法関連通達・通知, 種別 戸籍統一文字情報 親字・正字, ホップ数 1
U+52C5	敕	勅	reduction	mj-shrink-map	merge	MJ012983: 法務省戸籍法関連通達・通知, 種別 戸籍統一文字情報 親字・正字, ホップ数 1
U+52C5	𭣴	勅	reduction	mj-shrink-map	merge	MJ057593: 法務省戸籍法関連通達・通知, 種別 戸籍統一文字情報 親字・正字, ホップ数 1
U+52C7	勇	勇	compatibility	unicode-ucd	merge	52C7
U+52C7	勇	勇	compatibility	unicode-ucd	merge	52C7
U+52C7	勈	勇	reduction	mj-shrink-map	merge	MJ007669: 法務省戸籍法関連通達・通知, 種別 戸籍統一文字情報 親字・正字, ホップ数 1
U+52C7	𢦨	勇	reduction	mj-shrink-map	merge	MJ036559: 法務省戸籍法関連通達・通知, 種別 戸籍統一文字情報 親字・正字, ホップ数 1
U+52C7	𭄫	勇	reduction	mj-shrink-map	merge	MJ057068: 法務省戸籍法関連通達・通知, 種別 戸籍統一文字情報 親字・正字, ホップ数 1
U+52C9	勉	勉	compatibility	unicode-ucd	merge	52C9
U+52C9	勉	勉	compatibility	unicode-ucd	merge	52C9
U+52C9	𠢖	勉	reduction	mj-shrink-map	merge	MJ031556: 法務省戸籍法関連通達・通知, 種別 戸籍統一文字情報 親字・正字, ホップ数 1
U+52D2	勒	勒	compatibility	unicode-ucd	merge	52D2
U+52D2	𩩸	勒	reduction	mj-shrink-map	merge	MJ054588: 法務省戸籍法関連通達・通知, 種別 戸籍統一文字情報 親字・正字, ホップ数 1
U+52D5	𨔝	動	reduction	mj-shrink-map	merge	MJ050933: 法務省戸籍法関連通達・通知, 種別 戸籍統一文字情報 親字・正字, ホップ数 1
U+52D5	𭄴	動	reduction	mj-shrink-map	merge	MJ057071: 法務省戸籍法関連通達・通知, 種別 戸籍統一文字情報 親字・正字, ホップ数 1
U+52D9	𣊃	務	reduction	mj-shrink-map	merge	MJ037781: 法務省戸籍法関連通達・通知, 種別 戸籍統一文字情報 親字・正字, ホップ数 1
U+52DD	𠅫	勝	reduction	mj-shrink-map	merge	MJ030505: 法務省戸籍法関連通達・通知, 種別 戸籍統一文字情報 親字・正字, ホップ数 1
U+52DD	𠙟	勝	reduction	mj-shrink-map	merge	MJ031194: 法務省戸籍法関連通達・通知, 種別 戸籍統一文字情報 親字・正字, ホップ数 1
U+52DD	𠢧	勝	reduction	mj-shrink-map	merge	MJ031568: 法務省戸籍法関連通達・通知, 種別 戸籍統一文字情報 親字・正字, ホップ数 1
U+52DD	𡕲	勝	reduction	mj-shrink-map	merge	MJ033344: 法務省戸籍法関連通達・通知, 種別 戸籍統一文字情報 親字・正字, ホップ数 1
U+52DD	𢾶	勝	reduction	mj-shrink-map	merge	MJ037358: 法務省戸籍法関連通達・通知, 種別 戸籍統一文字情報 親字・正字, ホップ数 1
U+52E0	𠢯	勠	reduction	mj-shrink-map	merge	MJ031574: 法務省戸籍法関連通達・通知, 種別 戸籍統一文字情報 親字・正字, ホップ数 1
U+52E2	㔟	勢	reduction	mj-shrink-map	merge	MJ000245: 法務省戸籍法関連通達・通知, 種別 戸籍統一文字情報 親字・正字, ホップ数 1
U+52E2	𫝑	勢	reduction	mj-shrink-map	merge	MJ057073: 法務省戸籍法関連通達・通知, 種別 戸籍統一文字情報 親字・正字, ホップ数 1
U+52E2	𭄣	勢	reduction	mj-shrink-map	merge	MJ057065: 法務省戸籍法関連通達・通知, 種別 戸籍統一文字情報 親字・正字, ホップ数 1
U+52E4	勤	勤	compatibility	unicode-ucd	merge	52E4
U+52E4	勤	勤	compatibility	unicode-ucd	merge	52E4
U+52E6	𠢶	勦	reduction	mj-shrink-map	merge	MJ031581: 法務省戸籍法関連通達・通知, 種別 戸籍統一文字情報 親字・正字, ホップ数 1
U+52E6	𣩓	勦	reduction	mj-shrink-map	merge	MJ038863: 法務省戸籍法関連通達・通知, 種別 戸籍統一文字情報 親字・正字, ホップ数 1
U+52E7	勸	勧	reduction	mj-shrink-map	merge	MJ007740: 法務省戸籍法関連通達・通知, 種別 戸籍統一文字情報 親字・正字, ホップ数 1
U+52E7	𭄿	勸	reduction	mj-shrink-map	merge	MJ057076: 法務省戸籍法関連通達・通知, 種別 戸籍統一文字情報 親字・正字, ホップ数 1
U+52E7	𭅃	勸	reduction	mj-shrink-map	merge	MJ057075: 法務省戸籍法関連通達・通知, 種別 戸籍統一文字情報 親字・正字, ホップ数 1
U+52F0	𢣢	勰	reduction	mj-shrink-map	merge	MJ036442: 法務省戸籍法関連通達・通知, 種別 戸籍統一文字情報 親字・正字, ホップ数 1
U+52F2	勳	勲	reduction	mj-shrink-map	merge	MJ007733: 法務省戸籍法関連通達・通知, 種別 戸籍統一文字情報 親字・正字, ホップ数 1
U+52F2	𠢼	勳	reduction	mj-shrink-map	merge	MJ031587: 法務省戸籍法関連通達・通知, 種別 戸籍統一文字情報 親字・正字, ホップ数 1
U+52FA	勺	勺	compatibility	unicode-ucd	merge	52FA
U+52FA	勺	勺	compatibility	unicode-ucd	merge	52FA
U+52FF	𣃦	勿	reduction	mj-shrink-map	merge	MJ037553: 法務省戸籍法関連通達・通知, 種別 戸籍統一文字情報 親字・正字, ホップ数 1
U+5305	包	包	compatibility	unicode-ucd	merge	5305
U+5305	㚿	包	reduction	mj-shrink-map	merge	MJ000612: 法務省戸籍法関連通達・通知, 種別 戸籍統一文字情報 親字・正字, ホップ数 1
U+5305	𭁳	包	reduction	mj-shrink-map	merge	MJ057023: 法務省戸籍法関連通達・通知, 種別 戸籍統一文字情報 親字・正字, ホップ数 1
U+5306	匆	匆	compatibility	unicode-ucd	merge	5306
U+5308	𦙄	匈	reduction	mj-shrink-map	merge	MJ045480: 法務省戸籍法関連通達・通知, 種別 戸籍統一文字情報 親字・正字, ホップ数 1
U+530B	𭅊	匋	reduction	mj-shrink-map	merge	MJ057084: 法務省戸籍法関連通達・通知, 種別 戸籍統一文字情報 親字・正字, ホップ数 1
U+5310	𨄑	匐	reduction	mj-shrink-map	merge	MJ050226: 法務省戸籍法関連通達・通知, 種別 戸籍統一文字情報 親字・正字, ホップ数 1
U+5316	𠏁	化	reduction	mj-shrink-map	merge	MJ030821: 法務省戸籍法関連通達・通知, 種別 戸籍統一文字情報 親字・正字, ホップ数 1
U+5316	𠯒	化	reduction	mj-shrink-map	merge	MJ032146: 法務省戸籍法関連通達・通知, 種別 戸籍統一文字情報 親字・正字, ホップ数 1
U+5317	北	北	compatibility	unicode-ucd	merge	5317
U+5317	北	北	compatibility	unicode-ucd	merge	5317
U+5319	㔭	匙	reduction	mj-shrink-map	merge	MJ000261: 法務省戸籍法関連通達・通知, 種別 戸籍統一文字情報 親字・正字, ホップ数 1
U+531A	𠤬	匚	reduction	mj-shrink-map	merge	MJ031666: 法務省戸籍法関連通達・通知, 種別 戸籍統一文字情報 親字・正字, ホップ数 1
U+531A	𠥓	匚	reduction	mj-shrink-map	merge	MJ031694: 法務省戸籍法関連通達・通知, 種別 戸籍統一文字情報 親字・正字, ホップ数 1
U+5320	匞	匠	reduction	mj-shrink-map	merge	MJ007788: 法務省戸籍法関連通達・通知, 種別 戸籍統一文字情報 親字・正字, ホップ数 1
U+5321	匤	匡	reduction	mj-shrink-map	merge	MJ007794: 法務省戸籍法関連通達・通知, 種別 戸籍統一文字情報 親字・正字, ホップ数 1
U+5321	匩	匡	reduction	mj-shrink-map	merge	MJ007799: 法務省戸籍法関連通達・通知, 種別 戸籍統一文字情報 親字・正字, ホップ数 1
U+5321	迬	匡	reduction	mj-shrink-map	merge	MJ025842: 法務省戸籍法関連通達・通知, 種別 戸籍統一文字情報 親字・正字, ホップ数 1
U+5321	𬻻	匡	reduction	mj-shrink-map	merge	MJ056849: 法務省戸籍法関連通達・通知, 種別 戸籍統一文字情報 親字・正字, ホップ数 1
U+5321	𭅘	匡	reduction	mj-shrink-map	merge	MJ057088: 法務省戸籍法関連通達・通知, 種別 戸籍統一文字情報 親字・正字, ホップ数 1
U+5323	㭱	匣	reduction	mj-shrink-map	merge	MJ001723: 法務省戸籍法関連通達・通知, 種別 戸籍統一文字情報 親字・正字, ホップ数 1
U+532F	滙	匯	reduction	mj-shrink-map	merge	MJ015764: 法務省戸籍法関連通達・通知, 種別 戸籍統一文字情報 親字・正字, ホップ数 1
U+532F	𣾀	匯	reduction	mj-shrink-map	merge	MJ057970: 法務省戸籍法関連通達・通知, 種別 戸籍統一文字情報 親字・正字, ホップ数 1
U+5331	鑎	匱	reduction	mj-shrink-map	merge	MJ027320: 法務省戸籍法関連通達・通知, 種別 戸籍統一文字情報 親字・正字, ホップ数 1
U+5331	𨙑	匱	reduction	mj-shrink-map	merge	MJ051157: 法務省戸籍法関連通達・通知, 種別 戸籍統一文字情報 親字・正字, ホップ数 1
U+5333	匲	匳	reduction	mj-shrink-map	merge	MJ007808: 法務省戸籍法関連通達・通知, 種別 戸籍統一文字情報 親字・正字, ホップ数 1
U+5333	籢	匳	reduction	mj-shrink-map	merge	MJ019770: 法務省戸籍法関連通達・通知, 種別 戸籍統一文字情報 親字・正字, ホップ数 1
U+533A	區	区	reduction	mj-shrink-map	merge	MJ007832: 法務省戸籍法関連通達・通知, 種別 戸籍統一文字情報 親字・正字, ホップ数 1
U+533A	𭉘	區	reduction	mj-shrink-map	merge	MJ057179: 法務省戸籍法関連通達・通知, 種別 戸籍統一文字情報 親字・正字, ホップ数 1
U+533A	𮞷	區	reduction	mj-shrink-map	merge	MJ058861: 法務省戸籍法関連通達・通知, 種別 戸籍統一文字情報 親字・正字, ホップ数 1
U+533B	醫	医	reduction	mj-shrink-map	merge	MJ026547: 法務省戸籍法関連通達・通知, 種別 戸籍統一文字情報 親字・正字, ホップ数 1
U+533B	𨢒	醫	reduction	mj-shrink-map	merge	MJ051579: 法務省戸籍法関連通達・通知, 種別 戸籍統一文字情報 親字・正字, ホップ数 1
U+533E	𪖯	匾	reduction	mj-shrink-map	merge	MJ056571: 法務省戸籍法関連通達・通知, 種別 戸籍統一文字情報 親字・正字, ホップ数 1
U+533F	匿	匿	compatibility	unicode-ucd	merge	533F
U+5345	𠦃	卅	reduction	mj-shrink-map	merge	MJ031727: 法務省戸籍法関連通達・通知, 種別 戸籍統一文字情報 親字・正字, ホップ数 1
U+5347	㚈	升	reduction	mj-shrink-map	merge	MJ000558: 法務省戸籍法関連通達・通知, 種別 戸籍統一文字情報 親字・正字, ホップ数 1
U+5347	𫝢	升	reduction	mj-shrink-map	merge	MJ057091: 法務省戸籍法関連通達・通知, 種別 戸籍統一文字情報 親字・正字, ホップ数 1
U+5347	𫝣	升	reduction	mj-shrink-map	merge	MJ057266: 法務省戸籍法関連通達・通知, 種別 戸籍統一文字情報 親字・正字, ホップ数 1
U+5349	卉	卉	compatibility	unicode-ucd	merge	5349
U+5349	芔	卉	reduction	mj-shrink-map	merge	MJ021530: 法務省戸籍法関連通達・通知, 種別 戸籍統一文字情報 親字・正字, ホップ数 1
U+534D	卐	卍	reduction	mj-shrink-map	merge	MJ007850: 法務省戸籍法関連通達・通知, 種別 戸籍統一文字情報 親字・正字, ホップ数 1
U+5351	卑	卑	compatibility	unicode-ucd	merge	5351
U+5351	卑	卑	compatibility	unicode-ucd	merge	5351
U+5351	𡮁	卑	reduction	mj-shrink-map	merge	MJ034220: 法務省戸籍法関連通達・通知, 種別 戸籍統一文字情報 親字・正字, ホップ数 1
U+5351	𤰞	卑	reduction	mj-shrink-map	merge	MJ057093: 法務省戸籍法関連通達・通知, 種別 戸籍統一文字情報 親字・正字, ホップ数 1
U+5351	𭅡	卑	reduction	mj-shrink-map	merge	MJ057096: 法務省戸籍法関連通達・通知, 種別 戸籍統一文字情報 親字・正字, ホップ数 1
U+5352	卆	卒	reduction	mj-shrink-map	merge	MJ007839: 法務省戸籍法関連通達・通知, 種別 戸籍統一文字情報 親字・正字, ホップ数 1
U+5352	卆	卒	variant	cjkvi-variants	corroborates	卒→卆 hydzd/variant | 卒→卆 jisx0212/variant | 卒→卆 jisx0213/variant | 卒→卆 twedu/variant
U+5352	卆	卒	variant	hng-basic-data	corroborates	01004
U+5352	卆	卒	variant	wikidata	corroborates	Q109738531; P248 Q10427532 | Q54881904; P248 Q10427532
U+5352	卆	卒	equivalent	yitizi	corroborates	ytenx/JihThex.csv
U+5352	𨒳	卒	reduction	mj-shrink-map	merge	MJ050856: 法務省戸籍法関連通達・通知, 種別 戸籍統一文字情報 親字・正字, ホップ数 1
U+5353	㔬	卓	reduction	mj-shrink-map	merge	MJ000260: 法務省戸籍法関連通達・通知, 種別 戸籍統一文字情報 親字・正字, ホップ数 1
U+5353	槕	卓	reduction	mj-shrink-map	merge	MJ014352: 法務省戸籍法関連通達・通知, 種別 戸籍統一文字情報 親字・正字, ホップ数 1
U+5353	𠤚	卓	reduction	mj-shrink-map	merge	MJ031655: 法務省戸籍法関連通達・通知, 種別 戸籍統一文字情報 親字・正字, ホップ数 1
U+5353	𠤞	卓	reduction	mj-shrink-map	merge	MJ031659: 法務省戸籍法関連通達・通知, 種別 戸籍統一文字情報 親字・正字, ホップ数 1
U+5353	𠤟	卓	reduction	mj-shrink-map	merge	MJ031660: 法務省戸籍法関連通達・通知, 種別 戸籍統一文字情報 親字・正字, ホップ数 1
U+5353	𢂚	卓	reduction	mj-shrink-map	merge	MJ035038: 法務省戸籍法関連通達・通知, 種別 戸籍統一文字情報 親字・正字, ホップ数 1
U+5353	𢂦	卓	reduction	mj-shrink-map	merge	MJ035043: 法務省戸籍法関連通達・通知, 種別 戸籍統一文字情報 親字・正字, ホップ数 1
U+5354	旪	協	reduction	mj-shrink-map	merge	MJ013157: 法務省戸籍法関連通達・通知, 種別 戸籍統一文字情報 親字・正字, ホップ数 1
U+5354	𠦢	協	reduction	mj-shrink-map	merge	MJ031754: 法務省戸籍法関連通達・通知, 種別 戸籍統一文字情報 親字・正字, ホップ数 1
U+5354	𭜴	協	reduction	mj-shrink-map	merge	MJ057497: 法務省戸籍法関連通達・通知, 種別 戸籍統一文字情報 親字・正字, ホップ数 1
U+5357	𡴖	南	reduction	mj-shrink-map	merge	MJ034455: 法務省戸籍法関連通達・通知, 種別 戸籍統一文字情報 親字・正字, ホップ数 1
U+5357	𡴟	南	reduction	mj-shrink-map	merge	MJ034461: 法務省戸籍法関連通達・通知, 種別 戸籍統一文字情報 親字・正字, ホップ数 1
U+5358	單	単	reduction	mj-shrink-map	merge	MJ008491: 法務省戸籍法関連通達・通知, 種別 戸籍統一文字情報 親字・正字, ホップ数 1
U+535A	博	博	compatibility	unicode-ucd	merge	535A
U+535A	𩫯	博	reduction	mj-shrink-map	merge	MJ054669: 法務省戸籍法関連通達・通知, 種別 戸籍統一文字情報 親字・正字, ホップ数 1
U+535C	𠁡	卜	reduction	mj-shrink-map	merge	MJ030353: 法務省戸籍法関連通達・通知, 種別 戸籍統一文字情報 親字・正字, ホップ数 1
U+5363	㔽	卣	reduction	mj-shrink-map	merge	MJ000281: 法務省戸籍法関連通達・通知, 種別 戸籍統一文字情報 親字・正字, ホップ数 1
U+5366	𤌻	卦	reduction	mj-shrink-map	merge	MJ040011: 法務省戸籍法関連通達・通知, 種別 戸籍統一文字情報 親字・正字, ホップ数 1
U+5369	𭅲	卩	reduction	mj-shrink-map	merge	MJ057105: 法務省戸籍法関連通達・通知, 種別 戸籍統一文字情報 親字・正字, ホップ数 1
U+536C	𠨐	卬	reduction	mj-shrink-map	merge	MJ031820: 法務省戸籍法関連通達・通知, 種別 戸籍統一文字情報 親字・正字, ホップ数 1
U+536F	𤕰	卯	reduction	mj-shrink-map	merge	MJ040295: 法務省戸籍法関連通達・通知, 種別 戸籍統一文字情報 親字・正字, ホップ数 1
U+536F	𦕔	卯	reduction	mj-shrink-map	merge	MJ045347: 法務省戸籍法関連通達・通知, 種別 戸籍統一文字情報 親字・正字, ホップ数 1
U+536F	𩇧	卯	reduction	mj-shrink-map	merge	MJ052957: 法務省戸籍法関連通達・通知, 種別 戸籍統一文字情報 親字・正字, ホップ数 1
U+536F	𩇨	卯	reduction	mj-shrink-map	merge	MJ052958: 法務省戸籍法関連通達・通知, 種別 戸籍統一文字情報 親字・正字, ホップ数 1
U+536F	𫝁	卯	reduction	mj-shrink-map	merge	MJ056830: 法務省戸籍法関連通達・通知, 種別 戸籍統一文字情報 親字・正字, ホップ数 1
U+5370	𠘄	印	reduction	mj-shrink-map	merge	MJ031136: 法務省戸籍法関連通達・通知, 種別 戸籍統一文字情報 親字・正字, ホップ数 1
U+5370	𭅳	印	reduction	mj-shrink-map	merge	MJ057107: 法務省戸籍法関連通達・通知, 種別 戸籍統一文字情報 親字・正字, ホップ数 1
U+5371	𡴲	危	reduction	mj-shrink-map	merge	MJ034477: 法務省戸籍法関連通達・通知, 種別 戸籍統一文字情報 親字・正字, ホップ数 1
U+5371	𡵁	危	reduction	mj-shrink-map	merge	MJ034485: 法務省戸籍法関連通達・通知, 種別 戸籍統一文字情報 親字・正字, ホップ数 1
U+5371	𭅐	危	reduction	mj-shrink-map	merge	MJ057085: 法務省戸籍法関連通達・通知, 種別 戸籍統一文字情報 親字・正字, ホップ数 1
U+5371	𭘊	危	reduction	mj-shrink-map	merge	MJ057414: 法務省戸籍法関連通達・通知, 種別 戸籍統一文字情報 親字・正字, ホップ数 1
U+5373	即	即	compatibility	unicode-ucd	merge	5373
U+5375	卵	卵	compatibility	unicode-ucd	merge	5375
U+5375	𤓲	卵	reduction	mj-shrink-map	merge	MJ040210: 法務省戸籍法関連通達・通知, 種別 戸籍統一文字情報 親字・正字, ホップ数 1
U+5375	𭮅	卵	reduction	mj-shrink-map	merge	MJ057904: 法務省戸籍法関連通達・通知, 種別 戸籍統一文字情報 親字・正字, ホップ数 1
U+5378	䣃	卸	reduction	mj-shrink-map	merge	MJ005059: 法務省戸籍法関連通達・通知, 種別 戸籍統一文字情報 親字・正字, ホップ数 1
U+5378	缷	卸	reduction	mj-shrink-map	merge	MJ020499: 法務省戸籍法関連通達・通知, 種別 戸籍統一文字情報 親字・正字, ホップ数 1
U+537A	𢬬	卺	reduction	mj-shrink-map	merge	MJ036782: 法務省戸籍法関連通達・通知, 種別 戸籍統一文字情報 親字・正字, ホップ数 1
U+537B	㕁	卻	reduction	mj-shrink-map	merge	MJ000285: 法務省戸籍法関連通達・通知, 種別 戸籍統一文字情報 親字・正字, ホップ数 1
U+537D	卽	卽	compatibility	unicode-ucd	merge	537D
U+537F	卿	卿	compatibility	unicode-ucd	merge	537F
U+537F	卿	卿	compatibility	unicode-ucd	merge	537F
U+537F	卿	卿	compatibility	unicode-ucd	merge	537F
U+537F	𠨞	卿	reduction	mj-shrink-map	merge	MJ031833: 法務省戸籍法関連通達・通知, 種別 戸籍統一文字情報 親字・正字, ホップ数 1
U+537F	𡖖	卿	reduction	mj-shrink-map	merge	MJ033372: 法務省戸籍法関連通達・通知, 種別 戸籍統一文字情報 親字・正字, ホップ数 1
U+537F	𣩃	卿	reduction	mj-shrink-map	merge	MJ038848: 法務省戸籍法関連通達・通知, 種別 戸籍統一文字情報 親字・正字, ホップ数 1
U+537F	𨜮	𨜮	compatibility	unicode-ucd	merge	2872E
U+537F	𨜮	卿	reduction	mj-shrink-map	merge	MJ051328: 法務省戸籍法関連通達・通知, 種別 戸籍統一文字情報 親字・正字, ホップ数 1
U+5384	𢀴	厄	reduction	mj-shrink-map	merge	MJ007920: 法務省戸籍法関連通達・通知, 種別 戸籍統一文字情報 親字・正字, ホップ数 1
U+5384	𢨩	厄	reduction	mj-shrink-map	merge	MJ036655: 法務省戸籍法関連通達・通知, 種別 戸籍統一文字情報 親字・正字, ホップ数 1
U+539A	𠩞	厚	reduction	mj-shrink-map	merge	MJ031880: 法務省戸籍法関連通達・通知, 種別 戸籍統一文字情報 親字・正字, ホップ数 1
U+539A	𠩰	厚	reduction	mj-shrink-map	merge	MJ031896: 法務省戸籍法関連通達・通知, 種別 戸籍統一文字情報 親字・正字, ホップ数 1
U+539A	𠪋	厚	reduction	mj-shrink-map	merge	MJ031914: 法務省戸籍法関連通達・通知, 種別 戸籍統一文字情報 親字・正字, ホップ数 1
U+539A	𣆉	厚	reduction	mj-shrink-map	merge	MJ037659: 法務省戸籍法関連通達・通知, 種別 戸籍統一文字情報 親字・正字, ホップ数 1
U+539A	𫝗	厚	reduction	mj-shrink-map	merge	MJ057114: 法務省戸籍法関連通達・通知, 種別 戸籍統一文字情報 親字・正字, ホップ数 1
U+539D	𥕉	厝	reduction	mj-shrink-map	merge	MJ042873: 法務省戸籍法関連通達・通知, 種別 戸籍統一文字情報 親字・正字, ホップ数 1
U+539F	𠩠	原	reduction	mj-shrink-map	merge	MJ031882: 法務省戸籍法関連通達・通知, 種別 戸籍統一文字情報 親字・正字, ホップ数 1
U+539F	𠩤	原	reduction	mj-shrink-map	merge	MJ031883: 法務省戸籍法関連通達・通知, 種別 戸籍統一文字情報 親字・正字, ホップ数 1
U+539F	𠪥	原	reduction	mj-shrink-map	merge	MJ031933: 法務省戸籍法関連通達・通知, 種別 戸籍統一文字情報 親字・正字, ホップ数 1
U+539F	𨘡	原	reduction	mj-shrink-map	merge	MJ051122: 法務省戸籍法関連通達・通知, 種別 戸籍統一文字情報 親字・正字, ホップ数 1
U+53A5	𣅞	厥	reduction	mj-shrink-map	merge	MJ037633: 法務省戸籍法関連通達・通知, 種別 戸籍統一文字情報 親字・正字, ホップ数 1
U+53A5	𣅲	厥	reduction	mj-shrink-map	merge	MJ037645: 法務省戸籍法関連通達・通知, 種別 戸籍統一文字情報 親字・正字, ホップ数 1
U+53A5	𨈐	厥	reduction	mj-shrink-map	merge	MJ050373: 法務省戸籍法関連通達・通知, 種別 戸籍統一文字情報 親字・正字, ホップ数 1
U+53A5	𭆇	厥	reduction	mj-shrink-map	merge	MJ057117: 法務省戸籍法関連通達・通知, 種別 戸籍統一文字情報 親字・正字, ホップ数 1
U+53A5	𭆏	厥	reduction	mj-shrink-map	merge	MJ057121: 法務省戸籍法関連通達・通知, 種別 戸籍統一文字情報 親字・正字, ホップ数 1
U+53AE	㒋	厮	reduction	mj-shrink-map	merge	MJ000107: 法務省戸籍法関連通達・通知, 種別 戸籍統一文字情報 親字・正字, ホップ数 1
U+53B2	𠪄	厲	reduction	mj-shrink-map	merge	MJ031908: 法務省戸籍法関連通達・通知, 種別 戸籍統一文字情報 親字・正字, ホップ数 1
U+53B2	𢋭	厲	reduction	mj-shrink-map	merge	MJ035441: 法務省戸籍法関連通達・通知, 種別 戸籍統一文字情報 親字・正字, ホップ数 1
U+53B3	嚴	厳	reduction	mj-shrink-map	merge	MJ008773: 法務省戸籍法関連通達・通知, 種別 戸籍統一文字情報 親字・正字, ホップ数 1
U+53B3	𡃫	嚴	reduction	mj-shrink-map	merge	MJ032726: 法務省戸籍法関連通達・通知, 種別 戸籍統一文字情報 親字・正字, ホップ数 1
U+53B3	𡅮	嚴	reduction	mj-shrink-map	merge	MJ032779: 法務省戸籍法関連通達・通知, 種別 戸籍統一文字情報 親字・正字, ホップ数 1
U+53B3	𡅴	嚴	reduction	mj-shrink-map	merge	MJ032794: 法務省戸籍法関連通達・通知, 種別 戸籍統一文字情報 親字・正字, ホップ数 1
U+53B3	𡅾	嚴	reduction	mj-shrink-map	merge	MJ032790: 法務省戸籍法関連通達・通知, 種別 戸籍統一文字情報 親字・正字, ホップ数 1
U+53B3	𭤏	嚴	reduction	mj-shrink-map	merge	MJ057620: 法務省戸籍法関連通達・通知, 種別 戸籍統一文字情報 親字・正字, ホップ数 1
U+53B7	𠃋	厷	reduction	mj-shrink-map	merge	MJ030414: 法務省戸籍法関連通達・通知, 種別 戸籍統一文字情報 親字・正字, ホップ数 1
U+53B7	𠬟	厷	reduction	mj-shrink-map	merge	MJ032012: 法務省戸籍法関連通達・通知, 種別 戸籍統一文字情報 親字・正字, ホップ数 1
U+53BB	厺	去	reduction	mj-shrink-map	merge	MJ007974: 法務省戸籍法関連通達・通知, 種別 戸籍統一文字情報 親字・正字, ホップ数 1
U+53BB	𠫟	去	reduction	mj-shrink-map	merge	MJ031971: 法務省戸籍法関連通達・通知, 種別 戸籍統一文字情報 親字・正字, ホップ数 1
U+53BB	𠫥	去	reduction	mj-shrink-map	merge	MJ031975: 法務省戸籍法関連通達・通知, 種別 戸籍統一文字情報 親字・正字, ホップ数 1
U+53BB	𠬑	去	reduction	mj-shrink-map	merge	MJ032004: 法務省戸籍法関連通達・通知, 種別 戸籍統一文字情報 親字・正字, ホップ数 1
U+53C0	𠧢	叀	reduction	mj-shrink-map	merge	MJ031785: 法務省戸籍法関連通達・通知, 種別 戸籍統一文字情報 親字・正字, ホップ数 1
U+53C0	𡴁	叀	reduction	mj-shrink-map	merge	MJ034438: 法務省戸籍法関連通達・通知, 種別 戸籍統一文字情報 親字・正字, ホップ数 1
U+53C0	𡵏	叀	reduction	mj-shrink-map	merge	MJ034491: 法務省戸籍法関連通達・通知, 種別 戸籍統一文字情報 親字・正字, ホップ数 1
U+53C2	參	參	compatibility	unicode-ucd	merge	53C3
U+53C2	參	参	reduction	mj-shrink-map	merge	MJ007982: 法務省戸籍法関連通達・通知, 種別 戸籍統一文字情報 親字・正字, ホップ数 1
U+53C2	𠫭	參	reduction	mj-shrink-map	merge	MJ031982: 法務省戸籍法関連通達・通知, 種別 戸籍統一文字情報 親字・正字, ホップ数 1
U+53C2	𠫰	參	reduction	mj-shrink-map	merge	MJ031985: 法務省戸籍法関連通達・通知, 種別 戸籍統一文字情報 親字・正字, ホップ数 1
U+53C2	𠫵	參	reduction	mj-shrink-map	merge	MJ031988: 法務省戸籍法関連通達・通知, 種別 戸籍統一文字情報 親字・正字, ホップ数 1
U+53C2	𣬛	參	reduction	mj-shrink-map	merge	MJ038992: 法務省戸籍法関連通達・通知, 種別 戸籍統一文字情報 親字・正字, ホップ数 1
U+53C2	𭆞	參	reduction	mj-shrink-map	merge	MJ057129: 法務省戸籍法関連通達・通知, 種別 戸籍統一文字情報 親字・正字, ホップ数 1
U+53C2	𭆤	參	reduction	mj-shrink-map	merge	MJ057132: 法務省戸籍法関連通達・通知, 種別 戸籍統一文字情報 親字・正字, ホップ数 1
U+53C2	𭰋	參	reduction	mj-shrink-map	merge	MJ057942: 法務省戸籍法関連通達・通知, 種別 戸籍統一文字情報 親字・正字, ホップ数 1
U+53C8	𡯉	又	reduction	mj-shrink-map	merge	MJ034241: 法務省戸籍法関連通達・通知, 種別 戸籍統一文字情報 親字・正字, ホップ数 1
U+53CA	及	及	compatibility	unicode-ucd	merge	53CA
U+53CA	𢎜	及	reduction	mj-shrink-map	merge	MJ035573: 法務省戸籍法関連通達・通知, 種別 戸籍統一文字情報 親字・正字, ホップ数 1
U+53CA	𨕤	及	reduction	mj-shrink-map	merge	MJ050982: 法務省戸籍法関連通達・通知, 種別 戸籍統一文字情報 親字・正字, ホップ数 1
U+53CB	𠬺	友	reduction	mj-shrink-map	merge	MJ032032: 法務省戸籍法関連通達・通知, 種別 戸籍統一文字情報 親字・正字, ホップ数 1
U+53CB	𦐮	友	reduction	mj-shrink-map	merge	MJ045141: 法務省戸籍法関連通達・通知, 種別 戸籍統一文字情報 親字・正字, ホップ数 1
U+53CB	𦐯	友	reduction	mj-shrink-map	merge	MJ045142: 法務省戸籍法関連通達・通知, 種別 戸籍統一文字情報 親字・正字, ホップ数 1
U+53CB	𦫹	友	reduction	mj-shrink-map	merge	MJ046278: 法務省戸籍法関連通達・通知, 種別 戸籍統一文字情報 親字・正字, ホップ数 1
U+53CB	𦬧	友	reduction	mj-shrink-map	merge	MJ046323: 法務省戸籍法関連通達・通知, 種別 戸籍統一文字情報 親字・正字, ホップ数 1
U+53CC	㕠	雙	reduction	mj-shrink-map	merge	MJ000316: 法務省戸籍法関連通達・通知, 種別 戸籍統一文字情報 親字・正字, ホップ数 1
U+53CC	䨇	雙	reduction	mj-shrink-map	merge	MJ005359: 法務省戸籍法関連通達・通知, 種別 戸籍統一文字情報 親字・正字, ホップ数 1
U+53CC	雙	双	reduction	mj-shrink-map	merge	MJ027750: 法務省戸籍法関連通達・通知, 種別 戸籍統一文字情報 親字・正字, ホップ数 1
U+53CC	𩀝	雙	reduction	mj-shrink-map	merge	MJ052647: 法務省戸籍法関連通達・通知, 種別 戸籍統一文字情報 親字・正字, ホップ数 1
U+53CD	𠬡	反	reduction	mj-shrink-map	merge	MJ032013: 法務省戸籍法関連通達・通知, 種別 戸籍統一文字情報 親字・正字, ホップ数 1
U+53CD	𭆥	反	reduction	mj-shrink-map	merge	MJ057133: 法務省戸籍法関連通達・通知, 種別 戸籍統一文字情報 親字・正字, ホップ数 1
U+53CE	收	収	reduction	mj-shrink-map	merge	MJ012950: 法務省戸籍法関連通達・通知, 種別 戸籍統一文字情報 親字・正字, ホップ数 1
U+53D4	𠁮	叔	reduction	mj-shrink-map	merge	MJ030360: 法務省戸籍法関連通達・通知, 種別 戸籍統一文字情報 親字・正字, ホップ数 1
U+53D4	𠦑	叔	reduction	mj-shrink-map	merge	MJ031741: 法務省戸籍法関連通達・通知, 種別 戸籍統一文字情報 親字・正字, ホップ数 1
U+53D4	𡬟	叔	reduction	mj-shrink-map	merge	MJ034156: 法務省戸籍法関連通達・通知, 種別 戸籍統一文字情報 親字・正字, ホップ数 1
U+53D4	𡭫	叔	reduction	mj-shrink-map	merge	MJ034206: 法務省戸籍法関連通達・通知, 種別 戸籍統一文字情報 親字・正字, ホップ数 1
U+53D4	𢆑	叔	reduction	mj-shrink-map	merge	MJ035219: 法務省戸籍法関連通達・通知, 種別 戸籍統一文字情報 親字・正字, ホップ数 1
U+53D4	𭐳	叔	reduction	mj-shrink-map	merge	MJ057265: 法務省戸籍法関連通達・通知, 種別 戸籍統一文字情報 親字・正字, ホップ数 1
U+53D7	𠭧	受	reduction	mj-shrink-map	merge	MJ032067: 法務省戸籍法関連通達・通知, 種別 戸籍統一文字情報 親字・正字, ホップ数 1
U+53D7	𣄁	受	reduction	mj-shrink-map	merge	MJ037567: 法務省戸籍法関連通達・通知, 種別 戸籍統一文字情報 親字・正字, ホップ数 1
U+53D9	敍	叙	reduction	mj-shrink-map	merge	MJ012974: 法務省戸籍法関連通達・通知, 種別 戸籍統一文字情報 親字・正字, ホップ数 1
U+53DA	𠖊	叚	reduction	mj-shrink-map	merge	MJ031076: 法務省戸籍法関連通達・通知, 種別 戸籍統一文字情報 親字・正字, ホップ数 1
U+53DA	𠭊	叚	reduction	mj-shrink-map	merge	MJ032043: 法務省戸籍法関連通達・通知, 種別 戸籍統一文字情報 親字・正字, ホップ数 1
U+53DA	𭆬	叚	reduction	mj-shrink-map	merge	MJ057138: 法務省戸籍法関連通達・通知, 種別 戸籍統一文字情報 親字・正字, ホップ数 1
U+53DB	炍	叛	reduction	mj-shrink-map	merge	MJ016301: 法務省戸籍法関連通達・通知, 種別 戸籍統一文字情報 親字・正字, ホップ数 1
U+53DB	𧼦	叛	reduction	mj-shrink-map	merge	MJ049897: 法務省戸籍法関連通達・通知, 種別 戸籍統一文字情報 親字・正字, ホップ数 1
U+53DB	𭆯	叛	reduction	mj-shrink-map	merge	MJ057141: 法務省戸籍法関連通達・通知, 種別 戸籍統一文字情報 親字・正字, ホップ数 1
U+53DF	叟	叟	compatibility	unicode-ucd	merge	53DF
U+53E1	壡	叡	reduction	mj-shrink-map	merge	MJ009372: 法務省戸籍法関連通達・通知, 種別 戸籍統一文字情報 親字・正字, ホップ数 1
U+53E1	𠮉	叡	reduction	mj-shrink-map	merge	MJ032090: 法務省戸籍法関連通達・通知, 種別 戸籍統一文字情報 親字・正字, ホップ数 1
U+53E1	𣦲	叡	reduction	mj-shrink-map	merge	MJ038730: 法務省戸籍法関連通達・通知, 種別 戸籍統一文字情報 親字・正字, ホップ数 1
U+53E2	樷	叢	reduction	mj-shrink-map	merge	MJ014472: 法務省戸籍法関連通達・通知, 種別 戸籍統一文字情報 親字・正字, ホップ数 1
U+53E3	𠙵	口	reduction	mj-shrink-map	merge	MJ031200: 法務省戸籍法関連通達・通知, 種別 戸籍統一文字情報 親字・正字, ホップ数 1
U+53E4	𠖠	古	reduction	mj-shrink-map	merge	MJ031083: 法務省戸籍法関連通達・通知, 種別 戸籍統一文字情報 親字・正字, ホップ数 1
U+53E4	𡇣	古	reduction	mj-shrink-map	merge	MJ032861: 法務省戸籍法関連通達・通知, 種別 戸籍統一文字情報 親字・正字, ホップ数 1
U+53E5	句	句	compatibility	unicode-ucd	merge	53E5
U+53E5	𤖮	句	reduction	mj-shrink-map	merge	MJ040345: 法務省戸籍法関連通達・通知, 種別 戸籍統一文字情報 親字・正字, ホップ数 1
U+53EA	𠮡	只	reduction	mj-shrink-map	merge	MJ032110: 法務省戸籍法関連通達・通知, 種別 戸籍統一文字情報 親字・正字, ホップ数 1
U+53EA	𧙋	只	reduction	mj-shrink-map	merge	MJ048223: 法務省戸籍法関連通達・通知, 種別 戸籍統一文字情報 親字・正字, ホップ数 1
U+53EB	叫	叫	compatibility	unicode-ucd	merge	53EB
U+53EB	𠮪	叫	reduction	mj-shrink-map	merge	MJ032116: 法務省戸籍法関連通達・通知, 種別 戸籍統一文字情報 親字・正字, ホップ数 1
U+53EB	𠸵	叫	reduction	mj-shrink-map	merge	MJ032435: 法務省戸籍法関連通達・通知, 種別 戸籍統一文字情報 親字・正字, ホップ数 1
U+53EC	𠮥	召	reduction	mj-shrink-map	merge	MJ032114: 法務省戸籍法関連通達・通知, 種別 戸籍統一文字情報 親字・正字, ホップ数 1
U+53EC	𠮦	召	reduction	mj-shrink-map	merge	MJ032115: 法務省戸籍法関連通達・通知, 種別 戸籍統一文字情報 親字・正字, ホップ数 1
U+53EF	𠍟	可	reduction	mj-shrink-map	merge	MJ030771: 法務省戸籍法関連通達・通知, 種別 戸籍統一文字情報 親字・正字, ホップ数 1
U+53F0	㙵	臺	reduction	mj-shrink-map	merge	MJ000542: 法務省戸籍法関連通達・通知, 種別 戸籍統一文字情報 親字・正字, ホップ数 1
U+53F0	坮	臺	reduction	mj-shrink-map	merge	MJ008971: 法務省戸籍法関連通達・通知, 種別 戸籍統一文字情報 親字・正字, ホップ数 1
U+53F0	臺	台	reduction	mj-shrink-map	merge	MJ021314: 法務省戸籍法関連通達・通知, 種別 戸籍統一文字情報 親字・正字, ホップ数 1
U+53F0	𡋛	臺	reduction	mj-shrink-map	merge	MJ033008: 法務省戸籍法関連通達・通知, 種別 戸籍統一文字情報 親字・正字, ホップ数 1
U+53F0	𡌫	臺	reduction	mj-shrink-map	merge	MJ033055: 法務省戸籍法関連通達・通知, 種別 戸籍統一文字情報 親字・正字, ホップ数 1
U+53F0	𡌬	臺	reduction	mj-shrink-map	merge	MJ033056: 法務省戸籍法関連通達・通知, 種別 戸籍統一文字情報 親字・正字, ホップ数 1
U+53F0	𡎲	臺	reduction	mj-shrink-map	merge	MJ033119: 法務省戸籍法関連通達・通知, 種別 戸籍統一文字情報 親字・正字, ホップ数 1
U+53F0	𡐉	臺	reduction	mj-shrink-map	merge	MJ033158: 法務省戸籍法関連通達・通知, 種別 戸籍統一文字情報 親字・正字, ホップ数 1
U+53F0	𡔼	臺	reduction	mj-shrink-map	merge	MJ033305: 法務省戸籍法関連通達・通知, 種別 戸籍統一文字情報 親字・正字, ホップ数 1
U+53F1	叱	叱	compatibility	unicode-ucd	merge	53F1
U+53F2	㕜	史	reduction	mj-shrink-map	merge	MJ000312: 法務省戸籍法関連通達・通知, 種別 戸籍統一文字情報 親字・正字, ホップ数 1
U+53F3	𠮢	右	reduction	mj-shrink-map	merge	MJ032111: 法務省戸籍法関連通達・通知, 種別 戸籍統一文字情報 親字・正字, ホップ数 1
U+53F5	尀	叵	reduction	mj-shrink-map	merge	MJ010261: 法務省戸籍法関連通達・通知, 種別 戸籍統一文字情報 親字・正字, ホップ数 1
U+53F7	䝞	號	reduction	mj-shrink-map	merge	MJ004710: 法務省戸籍法関連通達・通知, 種別 戸籍統一文字情報 親字・正字, ホップ数 1
U+53F7	號	号	reduction	mj-shrink-map	merge	MJ023299: 法務省戸籍法関連通達・通知, 種別 戸籍統一文字情報 親字・正字, ホップ数 1
U+53F7	𭈹	號	reduction	mj-shrink-map	merge	MJ057174: 法務省戸籍法関連通達・通知, 種別 戸籍統一文字情報 親字・正字, ホップ数 1
U+53F8	㟃	司	reduction	mj-shrink-map	merge	MJ000847: 法務省戸籍法関連通達・通知, 種別 戸籍統一文字情報 親字・正字, ホップ数 1
U+53F8	𤔲	司	reduction	mj-shrink-map	merge	MJ040257: 法務省戸籍法関連通達・通知, 種別 戸籍統一文字情報 親字・正字, ホップ数 1
U+5401	𠮱	吁	reduction	mj-shrink-map	merge	MJ032123: 法務省戸籍法関連通達・通知, 種別 戸籍統一文字情報 親字・正字, ホップ数 1
U+5401	𠮲	吁	reduction	mj-shrink-map	merge	MJ032125: 法務省戸籍法関連通達・通知, 種別 戸籍統一文字情報 親字・正字, ホップ数 1
U+5401	𠯊	吁	reduction	mj-shrink-map	merge	MJ032139: 法務省戸籍法関連通達・通知, 種別 戸籍統一文字情報 親字・正字, ホップ数 1
U+5403	𠯏	吃	reduction	mj-shrink-map	merge	MJ032143: 法務省戸籍法関連通達・通知, 種別 戸籍統一文字情報 親字・正字, ホップ数 1
U+5403	𠰆	吃	reduction	mj-shrink-map	merge	MJ032175: 法務省戸籍法関連通達・通知, 種別 戸籍統一文字情報 親字・正字, ホップ数 1
U+5403	𡄊	吃	reduction	mj-shrink-map	merge	MJ032737: 法務省戸籍法関連通達・通知, 種別 戸籍統一文字情報 親字・正字, ホップ数 1
U+5403	𨋻	吃	reduction	mj-shrink-map	merge	MJ050532: 法務省戸籍法関連通達・通知, 種別 戸籍統一文字情報 親字・正字, ホップ数 1
U+5406	吆	吆	compatibility	unicode-ucd	merge	5406
U+540F	吏	吏	compatibility	unicode-ucd	merge	540F
U+5411	𤖽	向	reduction	mj-shrink-map	merge	MJ040357: 法務省戸籍法関連通達・通知, 種別 戸籍統一文字情報 親字・正字, ホップ数 1
U+5411	𥥩	向	reduction	mj-shrink-map	merge	MJ043430: 法務省戸籍法関連通達・通知, 種別 戸籍統一文字情報 親字・正字, ホップ数 1
U+541B	𠁈	君	reduction	mj-shrink-map	merge	MJ030348: 法務省戸籍法関連通達・通知, 種別 戸籍統一文字情報 親字・正字, ホップ数 1
U+541B	𠱩	君	reduction	mj-shrink-map	merge	MJ032234: 法務省戸籍法関連通達・通知, 種別 戸籍統一文字情報 親字・正字, ホップ数 1
U+541B	𠱭	君	reduction	mj-shrink-map	merge	MJ032237: 法務省戸籍法関連通達・通知, 種別 戸籍統一文字情報 親字・正字, ホップ数 1
U+541B	𠱰	君	reduction	mj-shrink-map	merge	MJ032240: 法務省戸籍法関連通達・通知, 種別 戸籍統一文字情報 親字・正字, ホップ数 1
U+541D	吝	吝	compatibility	unicode-ucd	merge	541D
U+541D	㖁	吝	reduction	mj-shrink-map	merge	MJ000349: 法務省戸籍法関連通達・通知, 種別 戸籍統一文字情報 親字・正字, ホップ数 1
U+541D	𠫤	吝	reduction	mj-shrink-map	merge	MJ031974: 法務省戸籍法関連通達・通知, 種別 戸籍統一文字情報 親字・正字, ホップ数 1
U+541D	𠯌	吝	reduction	mj-shrink-map	merge	MJ032141: 法務省戸籍法関連通達・通知, 種別 戸籍統一文字情報 親字・正字, ホップ数 1
U+541D	𠲲	吝	reduction	mj-shrink-map	merge	MJ032261: 法務省戸籍法関連通達・通知, 種別 戸籍統一文字情報 親字・正字, ホップ数 1
U+541D	𠳈	吝	reduction	mj-shrink-map	merge	MJ032282: 法務省戸籍法関連通達・通知, 種別 戸籍統一文字情報 親字・正字, ホップ数 1
U+541D	𠴽	吝	reduction	mj-shrink-map	merge	MJ032328: 法務省戸籍法関連通達・通知, 種別 戸籍統一文字情報 親字・正字, ホップ数 1
U+541E	呑	吞	reduction	mj-shrink-map	merge	MJ008143: 法務省戸籍法関連通達・通知, 種別 戸籍統一文字情報 親字・正字, ホップ数 1
U+541F	䪩	吟	reduction	mj-shrink-map	merge	MJ005518: 法務省戸籍法関連通達・通知, 種別 戸籍統一文字情報 親字・正字, ホップ数 1
U+541F	噖	吟	reduction	mj-shrink-map	merge	MJ008666: 法務省戸籍法関連通達・通知, 種別 戸籍統一文字情報 親字・正字, ホップ数 1
U+541F	訡	吟	reduction	mj-shrink-map	merge	MJ024371: 法務省戸籍法関連通達・通知, 種別 戸籍統一文字情報 親字・正字, ホップ数 1
U+5426	𠘶	否	reduction	mj-shrink-map	merge	MJ031165: 法務省戸籍法関連通達・通知, 種別 戸籍統一文字情報 親字・正字, ホップ数 1
U+5426	𡃠	否	reduction	mj-shrink-map	merge	MJ032715: 法務省戸籍法関連通達・通知, 種別 戸籍統一文字情報 親字・正字, ホップ数 1
U+542B	𫩧	含	reduction	mj-shrink-map	merge	MJ057150: 法務省戸籍法関連通達・通知, 種別 戸籍統一文字情報 親字・正字, ホップ数 1
U+542B	𭇥	含	reduction	mj-shrink-map	merge	MJ057155: 法務省戸籍法関連通達・通知, 種別 戸籍統一文字情報 親字・正字, ホップ数 1
U+542E	𠵷	吮	reduction	mj-shrink-map	merge	MJ032356: 法務省戸籍法関連通達・通知, 種別 戸籍統一文字情報 親字・正字, ホップ数 1
U+542E	𦧊	吮	reduction	mj-shrink-map	merge	MJ046057: 法務省戸籍法関連通達・通知, 種別 戸籍統一文字情報 親字・正字, ホップ数 1
U+5438	吸	吸	compatibility	unicode-ucd	merge	5438
U+5439	𠷕	吹	reduction	mj-shrink-map	merge	MJ032408: 法務省戸籍法関連通達・通知, 種別 戸籍統一文字情報 親字・正字, ホップ数 1
U+543B	㗃	吻	reduction	mj-shrink-map	merge	MJ000393: 法務省戸籍法関連通達・通知, 種別 戸籍統一文字情報 親字・正字, ホップ数 1
U+543B	𠞍	吻	reduction	mj-shrink-map	merge	MJ031393: 法務省戸籍法関連通達・通知, 種別 戸籍統一文字情報 親字・正字, ホップ数 1
U+543B	𦝮	吻	reduction	mj-shrink-map	merge	MJ045676: 法務省戸籍法関連通達・通知, 種別 戸籍統一文字情報 親字・正字, ホップ数 1
U+543D	呍	吽	reduction	mj-shrink-map	merge	MJ008139: 法務省戸籍法関連通達・通知, 種別 戸籍統一文字情報 親字・正字, ホップ数 1
U+543E	𠮣	吾	reduction	mj-shrink-map	merge	MJ032112: 法務省戸籍法関連通達・通知, 種別 戸籍統一文字情報 親字・正字, ホップ数 1
U+543E	𢓲	吾	reduction	mj-shrink-map	merge	MJ035834: 法務省戸籍法関連通達・通知, 種別 戸籍統一文字情報 親字・正字, ホップ数 1
U+543E	𭇁	吾	reduction	mj-shrink-map	merge	MJ057145: 法務省戸籍法関連通達・通知, 種別 戸籍統一文字情報 親字・正字, ホップ数 1
U+5442	呂	呂	compatibility	unicode-ucd	merge	5442
U+5448	呈	呈	compatibility	unicode-ucd	merge	5448
U+5449	吳	呉	z	unihan	merge	吳→呉 kZVariant | 呉→吳 kZVariant
U+5449	吳	呉	itaiji	mj-kanji	merge	X0213 包摂
U+5449	吳	呉	reduction	mj-shrink-map	merge	MJ008108: 法務省戸籍法関連通達・通知, 種別 戸籍統一文字情報 親字・正字, ホップ数 1
U+5449	𠯵	呉	reduction	mj-shrink-map	merge	MJ032170: 法務省戸籍法関連通達・通知, 種別 戸籍統一文字情報 親字・正字, ホップ数 1
U+5449	𡗾	呉	reduction	mj-shrink-map	merge	MJ033435: 法務省戸籍法関連通達・通知, 種別 戸籍統一文字情報 親字・正字, ホップ数 1
U+5449	𡗿	呉	reduction	mj-shrink-map	merge	MJ033436: 法務省戸籍法関連通達・通知, 種別 戸籍統一文字情報 親字・正字, ホップ数 1
U+5449	𤯂	呉	reduction	mj-shrink-map	merge	MJ041290: 法務省戸籍法関連通達・通知, 種別 戸籍統一文字情報 親字・正字, ホップ数 1
U+544A	吿	告	itaiji	mj-kanji	merge	X0213 包摂
U+544A	勂	告	reduction	mj-shrink-map	merge	MJ007660: 法務省戸籍法関連通達・通知, 種別 戸籍統一文字情報 親字・正字, ホップ数 1
U+544A	吿	告	reduction	mj-shrink-map	merge	MJ008122: 法務省戸籍法関連通達・通知, 種別 戸籍統一文字情報 親字・正字, ホップ数 1
U+5462	𠽬	呢	reduction	mj-shrink-map	merge	MJ032552: 法務省戸籍法関連通達・通知, 種別 戸籍統一文字情報 親字・正字, ホップ数 1
U+5466	𠲭	呦	reduction	mj-shrink-map	merge	MJ032256: 法務省戸籍法関連通達・通知, 種別 戸籍統一文字情報 親字・正字, ホップ数 1
U+5466	𠸰	呦	reduction	mj-shrink-map	merge	MJ032430: 法務省戸籍法関連通達・通知, 種別 戸籍統一文字情報 親字・正字, ホップ数 1
U+5468	周	周	compatibility	unicode-ucd	merge	5468
U+5468	𠄗	周	reduction	mj-shrink-map	merge	MJ030457: 法務省戸籍法関連通達・通知, 種別 戸籍統一文字情報 親字・正字, ホップ数 1
U+5468	𠱬	周	reduction	mj-shrink-map	merge	MJ032236: 法務省戸籍法関連通達・通知, 種別 戸籍統一文字情報 親字・正字, ホップ数 1
U+546A	詋	呪	reduction	mj-shrink-map	merge	MJ024418: 法務省戸籍法関連通達・通知, 種別 戸籍統一文字情報 親字・正字, ホップ数 1
U+546C	怬	呬	reduction	mj-shrink-map	merge	MJ011482: 法務省戸籍法関連通達・通知, 種別 戸籍統一文字情報 親字・正字, ホップ数 1
U+546C	𧦁	呬	reduction	mj-shrink-map	merge	MJ048836: 法務省戸籍法関連通達・通知, 種別 戸籍統一文字情報 親字・正字, ホップ数 1
U+5474	欨	呴	reduction	mj-shrink-map	merge	MJ014756: 法務省戸籍法関連通達・通知, 種別 戸籍統一文字情報 親字・正字, ホップ数 1
U+5474	𠯶	呴	reduction	mj-shrink-map	merge	MJ032171: 法務省戸籍法関連通達・通知, 種別 戸籍統一文字情報 親字・正字, ホップ数 1
U+5474	𠵑	呴	reduction	mj-shrink-map	merge	MJ032339: 法務省戸籍法関連通達・通知, 種別 戸籍統一文字情報 親字・正字, ホップ数 1
U+5475	𠀀	呵	reduction	mj-shrink-map	merge	MJ030312: 法務省戸籍法関連通達・通知, 種別 戸籍統一文字情報 親字・正字, ホップ数 1
U+5475	𧨂	呵	reduction	mj-shrink-map	merge	MJ048928: 法務省戸籍法関連通達・通知, 種別 戸籍統一文字情報 親字・正字, ホップ数 1
U+547B	𣢘	呻	reduction	mj-shrink-map	merge	MJ038517: 法務省戸籍法関連通達・通知, 種別 戸籍統一文字情報 親字・正字, ホップ数 1
U+547C	𠰗	呼	reduction	mj-shrink-map	merge	MJ032191: 法務省戸籍法関連通達・通知, 種別 戸籍統一文字情報 親字・正字, ホップ数 1
U+547D	𠋒	命	reduction	mj-shrink-map	merge	MJ030689: 法務省戸籍法関連通達・通知, 種別 戸籍統一文字情報 親字・正字, ホップ数 1
U+547D	𫝇	命	reduction	mj-shrink-map	merge	MJ057148: 法務省戸籍法関連通達・通知, 種別 戸籍統一文字情報 親字・正字, ホップ数 1
U+5484	嚉	咄	reduction	mj-shrink-map	merge	MJ008724: 法務省戸籍法関連通達・通知, 種別 戸籍統一文字情報 親字・正字, ホップ数 1
U+5486	𠿙	咆	reduction	mj-shrink-map	merge	MJ032618: 法務省戸籍法関連通達・通知, 種別 戸籍統一文字情報 親字・正字, ホップ数 1
U+548C	惒	和	reduction	mj-shrink-map	merge	MJ011663: 法務省戸籍法関連通達・通知, 種別 戸籍統一文字情報 親字・正字, ホップ数 1
U+548D	㰧	咍	reduction	mj-shrink-map	merge	MJ001897: 法務省戸籍法関連通達・通知, 種別 戸籍統一文字情報 親字・正字, ホップ数 1
U+549E	咞	咞	compatibility	unicode-ucd	merge	549E
U+54A1	㖇	咡	reduction	mj-shrink-map	merge	MJ000355: 法務省戸籍法関連通達・通知, 種別 戸籍統一文字情報 親字・正字, ホップ数 1
U+54A2	咢	咢	compatibility	unicode-ucd	merge	54A2
U+54A2	㖾	咢	reduction	mj-shrink-map	merge	MJ000388: 法務省戸籍法関連通達・通知, 種別 戸籍統一文字情報 親字・正字, ホップ数 1
U+54A4	咜	咤	reduction	mj-shrink-map	merge	MJ008211: 法務省戸籍法関連通達・通知, 種別 戸籍統一文字情報 親字・正字, ホップ数 1
U+54A5	𠽧	咥	reduction	mj-shrink-map	merge	MJ032548: 法務省戸籍法関連通達・通知, 種別 戸籍統一文字情報 親字・正字, ホップ数 1
U+54A9	咪	咩	reduction	mj-shrink-map	merge	MJ008226: 法務省戸籍法関連通達・通知, 種別 戸籍統一文字情報 親字・正字, ホップ数 1
U+54AB	𣥉	咫	reduction	mj-shrink-map	merge	MJ038653: 法務省戸籍法関連通達・通知, 種別 戸籍統一文字情報 親字・正字, ホップ数 1
U+54AB	𦐖	咫	reduction	mj-shrink-map	merge	MJ045121: 法務省戸籍法関連通達・通知, 種別 戸籍統一文字情報 親字・正字, ホップ数 1
U+54AC	𠸀	咬	reduction	mj-shrink-map	merge	MJ032426: 法務省戸籍法関連通達・通知, 種別 戸籍統一文字情報 親字・正字, ホップ数 1
U+54B3	𠹛	咳	reduction	mj-shrink-map	merge	MJ032470: 法務省戸籍法関連通達・通知, 種別 戸籍統一文字情報 親字・正字, ホップ数 1
U+54BD	咽	咽	compatibility	unicode-ucd	merge	54BD
U+54BD	胭	咽	reduction	mj-shrink-map	merge	MJ021012: 法務省戸籍法関連通達・通知, 種別 戸籍統一文字情報 親字・正字, ホップ数 1
U+54BD	𠰸	咽	reduction	mj-shrink-map	merge	MJ032202: 法務省戸籍法関連通達・通知, 種別 戸籍統一文字情報 親字・正字, ホップ数 1
U+54BD	𠽥	咽	reduction	mj-shrink-map	merge	MJ032546: 法務省戸籍法関連通達・通知, 種別 戸籍統一文字情報 親字・正字, ホップ数 1
U+54BD	𡲙	咽	reduction	mj-shrink-map	merge	MJ034383: 法務省戸籍法関連通達・通知, 種別 戸籍統一文字情報 親字・正字, ホップ数 1
U+54BD	𦝪	咽	reduction	mj-shrink-map	merge	MJ045671: 法務省戸籍法関連通達・通知, 種別 戸籍統一文字情報 親字・正字, ホップ数 1
U+54C0	𢜺	哀	reduction	mj-shrink-map	merge	MJ036195: 法務省戸籍法関連通達・通知, 種別 戸籍統一文字情報 親字・正字, ホップ数 1
U+54C0	𭈆	哀	reduction	mj-shrink-map	merge	MJ057159: 法務省戸籍法関連通達・通知, 種別 戸籍統一文字情報 親字・正字, ホップ数 1
U+54C1	𠯮	品	reduction	mj-shrink-map	merge	MJ032164: 法務省戸籍法関連通達・通知, 種別 戸籍統一文字情報 親字・正字, ホップ数 1
U+54C2	𢏓	哂	reduction	mj-shrink-map	merge	MJ035611: 法務省戸籍法関連通達・通知, 種別 戸籍統一文字情報 親字・正字, ホップ数 1
U+54C2	𧧍	哂	reduction	mj-shrink-map	merge	MJ048883: 法務省戸籍法関連通達・通知, 種別 戸籍統一文字情報 親字・正字, ホップ数 1
U+54C4	𠹅	哄	reduction	mj-shrink-map	merge	MJ032448: 法務省戸籍法関連通達・通知, 種別 戸籍統一文字情報 親字・正字, ホップ数 1
U+54C9	㦲	哉	reduction	mj-shrink-map	merge	MJ001318: 法務省戸籍法関連通達・通知, 種別 戸籍統一文字情報 親字・正字, ホップ数 1
U+54C9	𠳆	哉	reduction	mj-shrink-map	merge	MJ032280: 法務省戸籍法関連通達・通知, 種別 戸籍統一文字情報 親字・正字, ホップ数 1
U+54E1	貟	員	reduction	mj-shrink-map	merge	MJ024997: 法務省戸籍法関連通達・通知, 種別 戸籍統一文字情報 親字・正字, ホップ数 1
U+54E1	𪔅	員	reduction	mj-shrink-map	merge	MJ056434: 法務省戸籍法関連通達・通知, 種別 戸籍統一文字情報 親字・正字, ホップ数 1
U+54F2	嚞	哲	reduction	mj-shrink-map	merge	MJ008746: 法務省戸籍法関連通達・通知, 種別 戸籍統一文字情報 親字・正字, ホップ数 1
U+54F2	埑	哲	reduction	mj-shrink-map	merge	MJ009066: 法務省戸籍法関連通達・通知, 種別 戸籍統一文字情報 親字・正字, ホップ数 1
U+54F2	𠺤	哲	reduction	mj-shrink-map	merge	MJ032491: 法務省戸籍法関連通達・通知, 種別 戸籍統一文字情報 親字・正字, ホップ数 1
U+54F3	𠹗	哳	reduction	mj-shrink-map	merge	MJ032466: 法務省戸籍法関連通達・通知, 種別 戸籍統一文字情報 親字・正字, ホップ数 1
U+54F3	𠻯	哳	reduction	mj-shrink-map	merge	MJ032523: 法務省戸籍法関連通達・通知, 種別 戸籍統一文字情報 親字・正字, ホップ数 1
U+54F6	哶	哶	compatibility	unicode-ucd	merge	54F6
U+54FD	𠶺	哽	reduction	mj-shrink-map	merge	MJ032381: 法務省戸籍法関連通達・通知, 種別 戸籍統一文字情報 親字・正字, ホップ数 1
U+54FF	𠵲	哿	reduction	mj-shrink-map	merge	MJ032352: 法務省戸籍法関連通達・通知, 種別 戸籍統一文字情報 親字・正字, ホップ数 1
U+5501	𣨌	唁	reduction	mj-shrink-map	merge	MJ038806: 法務省戸籍法関連通達・通知, 種別 戸籍統一文字情報 親字・正字, ホップ数 1
U+5501	𣨹	唁	reduction	mj-shrink-map	merge	MJ038842: 法務省戸籍法関連通達・通知, 種別 戸籍統一文字情報 親字・正字, ホップ数 1
U+5504	𠼕	唄	reduction	mj-shrink-map	merge	MJ032529: 法務省戸籍法関連通達・通知, 種別 戸籍統一文字情報 親字・正字, ホップ数 1
U+5506	誜	唆	reduction	mj-shrink-map	merge	MJ024513: 法務省戸籍法関連通達・通知, 種別 戸籍統一文字情報 親字・正字, ホップ数 1
U+5510	唐	唐	compatibility	unicode-ucd	merge	5510
U+5510	啺	唐	reduction	mj-shrink-map	merge	MJ008418: 法務省戸籍法関連通達・通知, 種別 戸籍統一文字情報 親字・正字, ホップ数 1
U+5510	𠹔	唐	reduction	mj-shrink-map	merge	MJ032463: 法務省戸籍法関連通達・通知, 種別 戸籍統一文字情報 親字・正字, ホップ数 1
U+5510	𡃯	唐	reduction	mj-shrink-map	merge	MJ032730: 法務省戸籍法関連通達・通知, 種別 戸籍統一文字情報 親字・正字, ホップ数 1
U+5510	𣉺	唐	reduction	mj-shrink-map	merge	MJ037774: 法務省戸籍法関連通達・通知, 種別 戸籍統一文字情報 親字・正字, ホップ数 1
U+5510	𥏬	唐	reduction	mj-shrink-map	merge	MJ042684: 法務省戸籍法関連通達・通知, 種別 戸籍統一文字情報 親字・正字, ホップ数 1
U+5510	𭇢	唐	reduction	mj-shrink-map	merge	MJ057156: 法務省戸籍法関連通達・通知, 種別 戸籍統一文字情報 親字・正字, ホップ数 1
U+552E	𨾜	售	reduction	mj-shrink-map	merge	MJ052532: 法務省戸籍法関連通達・通知, 種別 戸籍統一文字情報 親字・正字, ホップ数 1
U+552E	𨿈	售	reduction	mj-shrink-map	merge	MJ052572: 法務省戸籍法関連通達・通知, 種別 戸籍統一文字情報 親字・正字, ホップ数 1
U+552E	𨿞	售	reduction	mj-shrink-map	merge	MJ052591: 法務省戸籍法関連通達・通知, 種別 戸籍統一文字情報 親字・正字, ホップ数 1
U+5531	誯	唱	reduction	mj-shrink-map	merge	MJ024539: 法務省戸籍法関連通達・通知, 種別 戸籍統一文字情報 親字・正字, ホップ数 1
U+5531	𪛋	唱	reduction	mj-shrink-map	merge	MJ056807: 法務省戸籍法関連通達・通知, 種別 戸籍統一文字情報 親字・正字, ホップ数 1
U+5538	𠿍	唸	reduction	mj-shrink-map	merge	MJ032606: 法務省戸籍法関連通達・通知, 種別 戸籍統一文字情報 親字・正字, ホップ数 1
U+553C	啑	唼	reduction	mj-shrink-map	merge	MJ008389: 法務省戸籍法関連通達・通知, 種別 戸籍統一文字情報 親字・正字, ホップ数 1
U+553C	𠸻	唼	reduction	mj-shrink-map	merge	MJ032441: 法務省戸籍法関連通達・通知, 種別 戸籍統一文字情報 親字・正字, ホップ数 1
U+553E	𠾊	唾	reduction	mj-shrink-map	merge	MJ032579: 法務省戸籍法関連通達・通知, 種別 戸籍統一文字情報 親字・正字, ホップ数 1
U+5540	嘊	啀	reduction	mj-shrink-map	merge	MJ008585: 法務省戸籍法関連通達・通知, 種別 戸籍統一文字情報 親字・正字, ホップ数 1
U+5544	㮚	啄	reduction	mj-shrink-map	merge	MJ001764: 法務省戸籍法関連通達・通知, 種別 戸籍統一文字情報 親字・正字, ホップ数 1
U+5546	𠘾	商	reduction	mj-shrink-map	merge	MJ031172: 法務省戸籍法関連通達・通知, 種別 戸籍統一文字情報 親字・正字, ホップ数 1
U+5546	𠹧	商	reduction	mj-shrink-map	merge	MJ032479: 法務省戸籍法関連通達・通知, 種別 戸籍統一文字情報 親字・正字, ホップ数 1
U+5546	𠾃	商	reduction	mj-shrink-map	merge	MJ032574: 法務省戸籍法関連通達・通知, 種別 戸籍統一文字情報 親字・正字, ホップ数 1
U+5546	𠿧	商	reduction	mj-shrink-map	merge	MJ032633: 法務省戸籍法関連通達・通知, 種別 戸籍統一文字情報 親字・正字, ホップ数 1
U+5546	𡂦	商	reduction	mj-shrink-map	merge	MJ032706: 法務省戸籍法関連通達・通知, 種別 戸籍統一文字情報 親字・正字, ホップ数 1
U+5546	𡃬	商	reduction	mj-shrink-map	merge	MJ032727: 法務省戸籍法関連通達・通知, 種別 戸籍統一文字情報 親字・正字, ホップ数 1
U+5546	𡄚	商	reduction	mj-shrink-map	merge	MJ032747: 法務省戸籍法関連通達・通知, 種別 戸籍統一文字情報 親字・正字, ホップ数 1
U+5546	𡅟	商	reduction	mj-shrink-map	merge	MJ032776: 法務省戸籍法関連通達・通知, 種別 戸籍統一文字情報 親字・正字, ホップ数 1
U+5546	𥫐	商	reduction	mj-shrink-map	merge	MJ043637: 法務省戸籍法関連通達・通知, 種別 戸籍統一文字情報 親字・正字, ホップ数 1
U+5546	𧷞	商	reduction	mj-shrink-map	merge	MJ049704: 法務省戸籍法関連通達・通知, 種別 戸籍統一文字情報 親字・正字, ホップ数 1
U+5546	𨝗	商	reduction	mj-shrink-map	merge	MJ051365: 法務省戸籍法関連通達・通知, 種別 戸籍統一文字情報 親字・正字, ホップ数 1
U+554C	㾤	啌	reduction	mj-shrink-map	merge	MJ002697: 法務省戸籍法関連通達・通知, 種別 戸籍統一文字情報 親字・正字, ホップ数 1
U+554F	𠳅	問	reduction	mj-shrink-map	merge	MJ032279: 法務省戸籍法関連通達・通知, 種別 戸籍統一文字情報 親字・正字, ホップ数 1
U+5550	𠵒	啐	reduction	mj-shrink-map	merge	MJ032340: 法務省戸籍法関連通達・通知, 種別 戸籍統一文字情報 親字・正字, ホップ数 1
U+5553	啓	啓	compatibility	unicode-ucd	merge	5553
U+5553	唘	啓	reduction	mj-shrink-map	merge	MJ008334: 法務省戸籍法関連通達・通知, 種別 戸籍統一文字情報 親字・正字, ホップ数 1
U+5553	啔	啓	reduction	mj-shrink-map	merge	MJ008393: 法務省戸籍法関連通達・通知, 種別 戸籍統一文字情報 親字・正字, ホップ数 1
U+5553	諬	啓	reduction	mj-shrink-map	merge	MJ024618: 法務省戸籍法関連通達・通知, 種別 戸籍統一文字情報 親字・正字, ホップ数 1
U+5553	𠭎	啓	reduction	mj-shrink-map	merge	MJ032048: 法務省戸籍法関連通達・通知, 種別 戸籍統一文字情報 親字・正字, ホップ数 1
U+5553	𠶳	啓	reduction	mj-shrink-map	merge	MJ032373: 法務省戸籍法関連通達・通知, 種別 戸籍統一文字情報 親字・正字, ホップ数 1
U+5553	𢻻	啓	reduction	mj-shrink-map	merge	MJ037231: 法務省戸籍法関連通達・通知, 種別 戸籍統一文字情報 親字・正字, ホップ数 1
U+5553	𭇪	啓	reduction	mj-shrink-map	merge	MJ057157: 法務省戸籍法関連通達・通知, 種別 戸籍統一文字情報 親字・正字, ホップ数 1
U+5555	啕	啕	compatibility	unicode-ucd	merge	5555
U+5557	嚪	啗	reduction	mj-shrink-map	merge	MJ008760: 法務省戸籍法関連通達・通知, 種別 戸籍統一文字情報 親字・正字, ホップ数 1
U+555C	𠼣	啜	reduction	mj-shrink-map	merge	MJ032537: 法務省戸籍法関連通達・通知, 種別 戸籍統一文字情報 親字・正字, ホップ数 1
U+555E	瘂	啞	reduction	mj-shrink-map	merge	MJ017848: 法務省戸籍法関連通達・通知, 種別 戸籍統一文字情報 親字・正字, ホップ数 1
U+555E	𣣾	啞	reduction	mj-shrink-map	merge	MJ038600: 法務省戸籍法関連通達・通知, 種別 戸籍統一文字情報 親字・正字, ホップ数 1
U+555E	𤺘	啞	reduction	mj-shrink-map	merge	MJ041775: 法務省戸籍法関連通達・通知, 種別 戸籍統一文字情報 親字・正字, ホップ数 1
U+5563	啣	啣	compatibility	unicode-ucd	merge	5563
U+557B	𠺏	啻	reduction	mj-shrink-map	merge	MJ032485: 法務省戸籍法関連通達・通知, 種別 戸籍統一文字情報 親字・正字, ホップ数 1
U+557D	𡪁	啽	reduction	mj-shrink-map	merge	MJ034058: 法務省戸籍法関連通達・通知, 種別 戸籍統一文字情報 親字・正字, ホップ数 1
U+557E	𠷘	啾	reduction	mj-shrink-map	merge	MJ032411: 法務省戸籍法関連通達・通知, 種別 戸籍統一文字情報 親字・正字, ホップ数 1
U+5580	衉	喀	reduction	mj-shrink-map	merge	MJ023857: 法務省戸籍法関連通達・通知, 種別 戸籍統一文字情報 親字・正字, ホップ数 1
U+5584	善	善	compatibility	unicode-ucd	merge	5584
U+5584	善	善	compatibility	unicode-ucd	merge	5584
U+5584	譱	善	reduction	mj-shrink-map	merge	MJ024811: 法務省戸籍法関連通達・通知, 種別 戸籍統一文字情報 親字・正字, ホップ数 1
U+5584	善	譱	variant	cjkvi-variants	corroborates	善→譱 hydzd/variant | 善→譱 jisx0212/variant | 善→譱 jisx0213/variant | 善→譱 twedu/variant
U+5584	善	譱	variant	hng-basic-data	corroborates	01395 | 01395b
U+5584	善	譱	variant	wikidata	corroborates	Q109762855; P248 Q10427532 | Q54911975; P248 Q10427532
U+5584	善	譱	equivalent	yitizi	corroborates	ytenx/JihThex.csv
U+5584	𠵊	善	reduction	mj-shrink-map	merge	MJ032337: 法務省戸籍法関連通達・通知, 種別 戸籍統一文字情報 親字・正字, ホップ数 1
U+5584	𠾄	善	reduction	mj-shrink-map	merge	MJ032575: 法務省戸籍法関連通達・通知, 種別 戸籍統一文字情報 親字・正字, ホップ数 1
U+5584	𦎍	善	reduction	mj-shrink-map	merge	MJ045018: 法務省戸籍法関連通達・通知, 種別 戸籍統一文字情報 親字・正字, ホップ数 1
U+5584	𦏟	善	reduction	mj-shrink-map	merge	MJ045073: 法務省戸籍法関連通達・通知, 種別 戸籍統一文字情報 親字・正字, ホップ数 1
U+5584	𦏯	善	reduction	mj-shrink-map	merge	MJ045088: 法務省戸籍法関連通達・通知, 種別 戸籍統一文字情報 親字・正字, ホップ数 1
U+5584	𧨅	善	reduction	mj-shrink-map	merge	MJ048931: 法務省戸籍法関連通達・通知, 種別 戸籍統一文字情報 親字・正字, ホップ数 1
U+5584	𧮟	善	reduction	mj-shrink-map	merge	MJ049259: 法務省戸籍法関連通達・通知, 種別 戸籍統一文字情報 親字・正字, ホップ数 1
U+5584	𮒹	善	reduction	mj-shrink-map	merge	MJ058568: 法務省戸籍法関連通達・通知, 種別 戸籍統一文字情報 親字・正字, ホップ数 1
U+5587	喇	喇	compatibility	unicode-ucd	merge	5587
U+5589	㗋	喉	reduction	mj-shrink-map	merge	MJ000400: 法務省戸籍法関連通達・通知, 種別 戸籍統一文字情報 親字・正字, ホップ数 1
U+5589	𦞕	喉	reduction	mj-shrink-map	merge	MJ045692: 法務省戸籍法関連通達・通知, 種別 戸籍統一文字情報 親字・正字, ホップ数 1
U+558B	𠴬	喋	reduction	mj-shrink-map	merge	MJ032311: 法務省戸籍法関連通達・通知, 種別 戸籍統一文字情報 親字・正字, ホップ数 1
U+558B	𠿚	喋	reduction	mj-shrink-map	merge	MJ032619: 法務省戸籍法関連通達・通知, 種別 戸籍統一文字情報 親字・正字, ホップ数 1
U+5591	噾	喑	reduction	mj-shrink-map	merge	MJ008709: 法務省戸籍法関連通達・通知, 種別 戸籍統一文字情報 親字・正字, ホップ数 1
U+5598	𠽴	喘	reduction	mj-shrink-map	merge	MJ032560: 法務省戸籍法関連通達・通知, 種別 戸籍統一文字情報 親字・正字, ホップ数 1
U+5598	𡄠	喘	reduction	mj-shrink-map	merge	MJ032749: 法務省戸籍法関連通達・通知, 種別 戸籍統一文字情報 親字・正字, ホップ数 1
U+5599	喙	喙	compatibility	unicode-ucd	merge	5599
U+5599	喙	喙	compatibility	unicode-ucd	merge	5599
U+559A	𧠮	喚	reduction	mj-shrink-map	merge	MJ048570: 法務省戸籍法関連通達・通知, 種別 戸籍統一文字情報 親字・正字, ホップ数 1
U+559C	㐂	喜	reduction	mj-shrink-map	merge	MJ000006: 法務省戸籍法関連通達・通知, 種別 戸籍統一文字情報 親字・正字, ホップ数 1
U+559C	垚	喜	reduction	mj-shrink-map	merge	MJ009016: 法務省戸籍法関連通達・通知, 種別 戸籍統一文字情報 親字・正字, ホップ数 1
U+559C	𠶮	喜	reduction	mj-shrink-map	merge	MJ032368: 法務省戸籍法関連通達・通知, 種別 戸籍統一文字情報 親字・正字, ホップ数 1
U+559C	𡔯	喜	reduction	mj-shrink-map	merge	MJ033295: 法務省戸籍法関連通達・通知, 種別 戸籍統一文字情報 親字・正字, ホップ数 1
U+559C	𢐭	喜	reduction	mj-shrink-map	merge	MJ035680: 法務省戸籍法関連通達・通知, 種別 戸籍統一文字情報 親字・正字, ホップ数 1
U+559D	喝	喝	compatibility	unicode-ucd	merge	559D
U+559D	喝	喝	compatibility	unicode-ucd	merge	559D
U+559D	𠿒	喝	reduction	mj-shrink-map	merge	MJ032611: 法務省戸籍法関連通達・通知, 種別 戸籍統一文字情報 親字・正字, ホップ数 1
U+559D	𡀽	喝	reduction	mj-shrink-map	merge	MJ032648: 法務省戸籍法関連通達・通知, 種別 戸籍統一文字情報 親字・正字, ホップ数 1
U+559E	唧	喞	itaiji	mj-kanji	merge	X0213 包摂
U+559F	𠷝	喟	reduction	mj-shrink-map	merge	MJ032416: 法務省戸籍法関連通達・通知, 種別 戸籍統一文字情報 親字・正字, ホップ数 1
U+559F	𠿥	喟	reduction	mj-shrink-map	merge	MJ032631: 法務省戸籍法関連通達・通知, 種別 戸籍統一文字情報 親字・正字, ホップ数 1
U+55A7	𧮥	喧	reduction	mj-shrink-map	merge	MJ049265: 法務省戸籍法関連通達・通知, 種別 戸籍統一文字情報 親字・正字, ホップ数 1
U+55AA	䘮	喪	reduction	mj-shrink-map	merge	MJ004416: 法務省戸籍法関連通達・通知, 種別 戸籍統一文字情報 親字・正字, ホップ数 1
U+55AA	𠷔	喪	reduction	mj-shrink-map	merge	MJ032407: 法務省戸籍法関連通達・通知, 種別 戸籍統一文字情報 親字・正字, ホップ数 1
U+55AA	𠸶	喪	reduction	mj-shrink-map	merge	MJ032436: 法務省戸籍法関連通達・通知, 種別 戸籍統一文字情報 親字・正字, ホップ数 1
U+55AA	𡂤	喪	reduction	mj-shrink-map	merge	MJ032704: 法務省戸籍法関連通達・通知, 種別 戸籍統一文字情報 親字・正字, ホップ数 1
U+55AA	𡂧	喪	reduction	mj-shrink-map	merge	MJ032707: 法務省戸籍法関連通達・通知, 種別 戸籍統一文字情報 親字・正字, ホップ数 1
U+55AA	𡚏	喪	reduction	mj-shrink-map	merge	MJ033519: 法務省戸籍法関連通達・通知, 種別 戸籍統一文字情報 親字・正字, ホップ数 1
U+55AA	𡴧	喪	reduction	mj-shrink-map	merge	MJ034467: 法務省戸籍法関連通達・通知, 種別 戸籍統一文字情報 親字・正字, ホップ数 1
U+55AA	𦦭	喪	reduction	mj-shrink-map	merge	MJ046038: 法務省戸籍法関連通達・通知, 種別 戸籍統一文字情報 親字・正字, ホップ数 1
U+55AA	𦱺	喪	reduction	mj-shrink-map	merge	MJ046545: 法務省戸籍法関連通達・通知, 種別 戸籍統一文字情報 親字・正字, ホップ数 1
U+55AA	𭈬	喪	reduction	mj-shrink-map	merge	MJ057168: 法務省戸籍法関連通達・通知, 種別 戸籍統一文字情報 親字・正字, ホップ数 1
U+55AB	喫	喫	compatibility	unicode-ucd	merge	55AB
U+55AB	噄	喫	reduction	mj-shrink-map	merge	MJ008645: 法務省戸籍法関連通達・通知, 種別 戸籍統一文字情報 親字・正字, ホップ数 1
U+55AB	𠹙	喫	reduction	mj-shrink-map	merge	MJ032468: 法務省戸籍法関連通達・通知, 種別 戸籍統一文字情報 親字・正字, ホップ数 1
U+55AB	𠿊	喫	reduction	mj-shrink-map	merge	MJ032602: 法務省戸籍法関連通達・通知, 種別 戸籍統一文字情報 親字・正字, ホップ数 1
U+55AB	𡁒	喫	reduction	mj-shrink-map	merge	MJ032666: 法務省戸籍法関連通達・通知, 種別 戸籍統一文字情報 親字・正字, ホップ数 1
U+55B6	營	営	reduction	mj-shrink-map	merge	MJ016645: 法務省戸籍法関連通達・通知, 種別 戸籍統一文字情報 親字・正字, ホップ数 1
U+55C0	嗀	嗀	compatibility	unicode-ucd	merge	55C0
U+55C2	嗂	嗂	compatibility	unicode-ucd	merge	55C2
U+55C5	㗜	齅	reduction	mj-shrink-map	merge	MJ000415: 法務省戸籍法関連通達・通知, 種別 戸籍統一文字情報 親字・正字, ホップ数 1
U+55C5	齅	嗅	reduction	mj-shrink-map	merge	MJ030053: 法務省戸籍法関連通達・通知, 種別 戸籍統一文字情報 親字・正字, ホップ数 1
U+55C5	𪖻	齅	reduction	mj-shrink-map	merge	MJ056577: 法務省戸籍法関連通達・通知, 種別 戸籍統一文字情報 親字・正字, ホップ数 1
U+55C7	𠻮	嗇	reduction	mj-shrink-map	merge	MJ032522: 法務省戸籍法関連通達・通知, 種別 戸籍統一文字情報 親字・正字, ホップ数 1
U+55C7	𠾂	嗇	reduction	mj-shrink-map	merge	MJ032573: 法務省戸籍法関連通達・通知, 種別 戸籍統一文字情報 親字・正字, ホップ数 1
U+55C7	𢋦	嗇	reduction	mj-shrink-map	merge	MJ035437: 法務省戸籍法関連通達・通知, 種別 戸籍統一文字情報 親字・正字, ホップ数 1
U+55C7	𤲝	嗇	reduction	mj-shrink-map	merge	MJ041428: 法務省戸籍法関連通達・通知, 種別 戸籍統一文字情報 親字・正字, ホップ数 1
U+55C7	𤳋	嗇	reduction	mj-shrink-map	merge	MJ041459: 法務省戸籍法関連通達・通知, 種別 戸籍統一文字情報 親字・正字, ホップ数 1
U+55C7	𭍠	嗇	reduction	mj-shrink-map	merge	MJ057160: 法務省戸籍法関連通達・通知, 種別 戸籍統一文字情報 親字・正字, ホップ数 1
U+55C7	𭍥	嗇	reduction	mj-shrink-map	merge	MJ057205: 法務省戸籍法関連通達・通知, 種別 戸籍統一文字情報 親字・正字, ホップ数 1
U+55C7	𮧌	嗇	reduction	mj-shrink-map	merge	MJ059003: 法務省戸籍法関連通達・通知, 種別 戸籍統一文字情報 親字・正字, ホップ数 1
U+55CC	𠍳	嗌	reduction	mj-shrink-map	merge	MJ030784: 法務省戸籍法関連通達・通知, 種別 戸籍統一文字情報 親字・正字, ホップ数 1
U+55CC	𡁐	嗌	reduction	mj-shrink-map	merge	MJ032664: 法務省戸籍法関連通達・通知, 種別 戸籍統一文字情報 親字・正字, ホップ数 1
U+55D1	㗐	嗑	reduction	mj-shrink-map	merge	MJ000403: 法務省戸籍法関連通達・通知, 種別 戸籍統一文字情報 親字・正字, ホップ数 1
U+55DC	呩	嗜	reduction	mj-shrink-map	merge	MJ008160: 法務省戸籍法関連通達・通知, 種別 戸籍統一文字情報 親字・正字, ホップ数 1
U+55DC	𦞯	嗜	reduction	mj-shrink-map	merge	MJ045718: 法務省戸籍法関連通達・通知, 種別 戸籍統一文字情報 親字・正字, ホップ数 1
U+55DC	𨢍	嗜	reduction	mj-shrink-map	merge	MJ051575: 法務省戸籍法関連通達・通知, 種別 戸籍統一文字情報 親字・正字, ホップ数 1
U+55DF	𧨁	嗟	reduction	mj-shrink-map	merge	MJ048927: 法務省戸籍法関連通達・通知, 種別 戸籍統一文字情報 親字・正字, ホップ数 1
U+55DF	𧫯	嗟	reduction	mj-shrink-map	merge	MJ049118: 法務省戸籍法関連通達・通知, 種別 戸籍統一文字情報 親字・正字, ホップ数 1
U+55DF	𭉈	嗟	reduction	mj-shrink-map	merge	MJ057182: 法務省戸籍法関連通達・通知, 種別 戸籍統一文字情報 親字・正字, ホップ数 1
U+55E2	嗢	嗢	compatibility	unicode-ucd	merge	55E2
U+55E3	孠	嗣	reduction	mj-shrink-map	merge	MJ010067: 法務省戸籍法関連通達・通知, 種別 戸籍統一文字情報 親字・正字, ホップ数 1
U+55E4	㰞	嗤	reduction	mj-shrink-map	merge	MJ001888: 法務省戸籍法関連通達・通知, 種別 戸籍統一文字情報 親字・正字, ホップ数 1
U+55E4	𣣷	嗤	reduction	mj-shrink-map	merge	MJ038593: 法務省戸籍法関連通達・通知, 種別 戸籍統一文字情報 親字・正字, ホップ数 1
U+55E4	𧏬	嗤	reduction	mj-shrink-map	merge	MJ047783: 法務省戸籍法関連通達・通知, 種別 戸籍統一文字情報 親字・正字, ホップ数 1
U+55F7	嗸	嗷	reduction	mj-shrink-map	merge	MJ008560: 法務省戸籍法関連通達・通知, 種別 戸籍統一文字情報 親字・正字, ホップ数 1
U+55FE	𠻣	嗾	reduction	mj-shrink-map	merge	MJ032511: 法務省戸籍法関連通達・通知, 種別 戸籍統一文字情報 親字・正字, ホップ数 1
U+5606	嘆	嘆	compatibility	unicode-ucd	merge	5606
U+5606	嘆	嘆	compatibility	unicode-ucd	merge	5606
U+5606	𡂥	嘆	reduction	mj-shrink-map	merge	MJ032705: 法務省戸籍法関連通達・通知, 種別 戸籍統一文字情報 親字・正字, ホップ数 1
U+5608	𡅰	嘈	reduction	mj-shrink-map	merge	MJ032780: 法務省戸籍法関連通達・通知, 種別 戸籍統一文字情報 親字・正字, ホップ数 1
U+5610	𡀒	嘐	reduction	mj-shrink-map	merge	MJ032638: 法務省戸籍法関連通達・通知, 種別 戸籍統一文字情報 親字・正字, ホップ数 1
U+5617	嚐	嘗	reduction	mj-shrink-map	merge	MJ008732: 法務省戸籍法関連通達・通知, 種別 戸籍統一文字情報 親字・正字, ホップ数 1
U+5617	甞	嘗	reduction	mj-shrink-map	merge	MJ017617: 法務省戸籍法関連通達・通知, 種別 戸籍統一文字情報 親字・正字, ホップ数 1
U+5617	嘗	甞	variant	cjkvi-variants	corroborates	嘗→甞 dypytz/variant | 嘗→甞 hydzd/variant | 嘗→甞 jisx0212/variant | 嘗→甞 jisx0213/variant | 嘗→甞 twedu/variant
U+5617	嘗	甞	variant	hng-basic-data	corroborates	01479
U+5617	嘗	甞	variant	wikidata	corroborates	Q109739444; P248 Q10427532 | Q109754575; P248 Q10427532
U+5617	嘗	甞	equivalent	yitizi	corroborates	ytenx/JihThex.csv
U+5617	𠹉	嘗	reduction	mj-shrink-map	merge	MJ032452: 法務省戸籍法関連通達・通知, 種別 戸籍統一文字情報 親字・正字, ホップ数 1
U+5617	𨡔	嘗	reduction	mj-shrink-map	merge	MJ051539: 法務省戸籍法関連通達・通知, 種別 戸籍統一文字情報 親字・正字, ホップ数 1
U+5617	𩼝	嘗	reduction	mj-shrink-map	merge	MJ055342: 法務省戸籍法関連通達・通知, 種別 戸籍統一文字情報 親字・正字, ホップ数 1
U+5617	𭺮	嘗	reduction	mj-shrink-map	merge	MJ057191: 法務省戸籍法関連通達・通知, 種別 戸籍統一文字情報 親字・正字, ホップ数 1
U+562F	歗	嘯	reduction	mj-shrink-map	merge	MJ014811: 法務省戸籍法関連通達・通知, 種別 戸籍統一文字情報 親字・正字, ホップ数 1
U+5630	𥼘	嘰	reduction	mj-shrink-map	merge	MJ044321: 法務省戸籍法関連通達・通知, 種別 戸籍統一文字情報 親字・正字, ホップ数 1
U+5631	囑	嘱	reduction	mj-shrink-map	merge	MJ008806: 法務省戸籍法関連通達・通知, 種別 戸籍統一文字情報 親字・正字, ホップ数 1
U+5632	謿	嘲	reduction	mj-shrink-map	merge	MJ024738: 法務省戸籍法関連通達・通知, 種別 戸籍統一文字情報 親字・正字, ホップ数 1
U+5637	䝥	嘷	reduction	mj-shrink-map	merge	MJ004718: 法務省戸籍法関連通達・通知, 種別 戸籍統一文字情報 親字・正字, ホップ数 1
U+5637	獋	嘷	reduction	mj-shrink-map	merge	MJ017047: 法務省戸籍法関連通達・通知, 種別 戸籍統一文字情報 親字・正字, ホップ数 1
U+563B	𡃨	嘻	reduction	mj-shrink-map	merge	MJ032723: 法務省戸籍法関連通達・通知, 種別 戸籍統一文字情報 親字・正字, ホップ数 1
U+5642	譐	噂	reduction	mj-shrink-map	merge	MJ024766: 法務省戸籍法関連通達・通知, 種別 戸籍統一文字情報 親字・正字, ホップ数 1
U+5647	𠳹	噇	reduction	mj-shrink-map	merge	MJ032297: 法務省戸籍法関連通達・通知, 種別 戸籍統一文字情報 親字・正字, ホップ数 1
U+5651	噑	噑	compatibility	unicode-ucd	merge	5651
U+5653	𭊌	噓	reduction	mj-shrink-map	merge	MJ057190: 法務省戸籍法関連通達・通知, 種別 戸籍統一文字情報 親字・正字, ホップ数 1
U+5666	𣤠	噦	reduction	mj-shrink-map	merge	MJ038623: 法務省戸籍法関連通達・通知, 種別 戸籍統一文字情報 親字・正字, ホップ数 1
U+5668	器	器	compatibility	unicode-ucd	merge	5668
U+5668	噐	器	reduction	mj-shrink-map	merge	MJ008661: 法務省戸籍法関連通達・通知, 種別 戸籍統一文字情報 親字・正字, ホップ数 1
U+5668	噐	器	variant	cjkvi-variants	corroborates	器→噐 hydzd/variant | 器→噐 jisx0212/variant | 器→噐 jisx0213/variant | 器→噐 twedu/variant
U+5668	噐	器	variant	hng-basic-data	corroborates	01523
U+5668	噐	器	variant	wikidata	corroborates	Q109739510; P248 Q10427532 | Q54879255; P248 Q10427532
U+5668	噐	器	equivalent	yitizi	corroborates	ytenx/JihThex.csv
U+5668	𡄛	器	reduction	mj-shrink-map	merge	MJ032748: 法務省戸籍法関連通達・通知, 種別 戸籍統一文字情報 親字・正字, ホップ数 1
U+5668	𦈯	器	reduction	mj-shrink-map	merge	MJ044785: 法務省戸籍法関連通達・通知, 種別 戸籍統一文字情報 親字・正字, ホップ数 1
U+566B	𢤏	噫	reduction	mj-shrink-map	merge	MJ036467: 法務省戸籍法関連通達・通知, 種別 戸籍統一文字情報 親字・正字, ホップ数 1
U+566B	𧮒	噫	reduction	mj-shrink-map	merge	MJ049249: 法務省戸籍法関連通達・通知, 種別 戸籍統一文字情報 親字・正字, ホップ数 1
U+5671	㖸	噱	reduction	mj-shrink-map	merge	MJ000383: 法務省戸籍法関連通達・通知, 種別 戸籍統一文字情報 親字・正字, ホップ数 1
U+5674	噴	噴	compatibility	unicode-ucd	merge	5674
U+5674	喯	噴	reduction	mj-shrink-map	merge	MJ008492: 法務省戸籍法関連通達・通知, 種別 戸籍統一文字情報 親字・正字, ホップ数 1
U+568A	𠱢	嚊	reduction	mj-shrink-map	merge	MJ032228: 法務省戸籍法関連通達・通知, 種別 戸籍統一文字情報 親字・正字, ホップ数 1
U+568C	𠴧	嚌	reduction	mj-shrink-map	merge	MJ032306: 法務省戸籍法関連通達・通知, 種別 戸籍統一文字情報 親字・正字, ホップ数 1
U+5694	㗣	嚔	reduction	mj-shrink-map	merge	MJ000418: 法務省戸籍法関連通達・通知, 種別 戸籍統一文字情報 親字・正字, ホップ数 1
U+5694	嚏	嚔	reduction	mj-shrink-map	merge	MJ008731: 法務省戸籍法関連通達・通知, 種別 戸籍統一文字情報 親字・正字, ホップ数 1
U+5694	嚏	嚔	variant	cjkvi-variants	corroborates	嚏→嚔 jisx0213/variant | 嚏→嚔 twedu/variant | 嚏→嚔 ucs-scs/variant | 嚔→嚏 jisx0212/variant
U+5694	嚏	嚔	variant	wikidata	corroborates	Q109739584; P248 Q10427532 | Q109739589; P248 Q10427532
U+5694	嚏	嚔	equivalent	yitizi	corroborates	ytenx/JihThex.csv
U+5694	𪖮	嚏	reduction	mj-shrink-map	merge	MJ056570: 法務省戸籍法関連通達・通知, 種別 戸籍統一文字情報 親字・正字, ホップ数 1
U+569A	𠽺	嚚	reduction	mj-shrink-map	merge	MJ032566: 法務省戸籍法関連通達・通知, 種別 戸籍統一文字情報 親字・正字, ホップ数 1
U+569A	𠿦	嚚	reduction	mj-shrink-map	merge	MJ032632: 法務省戸籍法関連通達・通知, 種別 戸籍統一文字情報 親字・正字, ホップ数 1
U+569A	𡁬	嚚	reduction	mj-shrink-map	merge	MJ032678: 法務省戸籍法関連通達・通知, 種別 戸籍統一文字情報 親字・正字, ホップ数 1
U+569A	𡂨	嚚	reduction	mj-shrink-map	merge	MJ032708: 法務省戸籍法関連通達・通知, 種別 戸籍統一文字情報 親字・正字, ホップ数 1
U+569A	𡅚	嚚	reduction	mj-shrink-map	merge	MJ032771: 法務省戸籍法関連通達・通知, 種別 戸籍統一文字情報 親字・正字, ホップ数 1
U+569A	𡓶	嚚	reduction	mj-shrink-map	merge	MJ033264: 法務省戸籍法関連通達・通知, 種別 戸籍統一文字情報 親字・正字, ホップ数 1
U+56A8	𡃡	嚨	reduction	mj-shrink-map	merge	MJ032716: 法務省戸籍法関連通達・通知, 種別 戸籍統一文字情報 親字・正字, ホップ数 1
U+56AD	噽	嚭	reduction	mj-shrink-map	merge	MJ008708: 法務省戸籍法関連通達・通知, 種別 戸籍統一文字情報 親字・正字, ホップ数 1
U+56AD	𧯻	嚭	reduction	mj-shrink-map	merge	MJ049341: 法務省戸籍法関連通達・通知, 種別 戸籍統一文字情報 親字・正字, ホップ数 1
U+56AE	蠁	蠁	compatibility	unicode-ucd	merge	8801
U+56AE	䖮	蠁	reduction	mj-shrink-map	merge	MJ004294: 法務省戸籍法関連通達・通知, 種別 戸籍統一文字情報 親字・正字, ホップ数 1
U+56AE	蠁	嚮	reduction	mj-shrink-map	merge	MJ023758: 法務省戸籍法関連通達・通知, 種別 戸籍統一文字情報 親字・正字, ホップ数 1
U+56B2	䯬	嚲	reduction	mj-shrink-map	merge	MJ005861: 法務省戸籍法関連通達・通知, 種別 戸籍統一文字情報 親字・正字, ホップ数 1
U+56B3	俈	嚳	reduction	mj-shrink-map	merge	MJ006759: 法務省戸籍法関連通達・通知, 種別 戸籍統一文字情報 親字・正字, ホップ数 1
U+56BC	𠻘	嚼	reduction	mj-shrink-map	merge	MJ032500: 法務省戸籍法関連通達・通知, 種別 戸籍統一文字情報 親字・正字, ホップ数 1
U+56C2	嚻	囂	reduction	mj-shrink-map	merge	MJ008777: 法務省戸籍法関連通達・通知, 種別 戸籍統一文字情報 親字・正字, ホップ数 1
U+56C2	𠑪	囂	reduction	mj-shrink-map	merge	MJ030897: 法務省戸籍法関連通達・通知, 種別 戸籍統一文字情報 親字・正字, ホップ数 1
U+56C2	𠽸	囂	reduction	mj-shrink-map	merge	MJ032564: 法務省戸籍法関連通達・通知, 種別 戸籍統一文字情報 親字・正字, ホップ数 1
U+56C2	𠾯	囂	reduction	mj-shrink-map	merge	MJ032594: 法務省戸籍法関連通達・通知, 種別 戸籍統一文字情報 親字・正字, ホップ数 1
U+56C8	讛	囈	reduction	mj-shrink-map	merge	MJ024861: 法務省戸籍法関連通達・通知, 種別 戸籍統一文字情報 親字・正字, ホップ数 1
U+56C8	𠾁	囈	reduction	mj-shrink-map	merge	MJ032572: 法務省戸籍法関連通達・通知, 種別 戸籍統一文字情報 親字・正字, ホップ数 1
U+56C8	𡂞	囈	reduction	mj-shrink-map	merge	MJ032698: 法務省戸籍法関連通達・通知, 種別 戸籍統一文字情報 親字・正字, ホップ数 1
U+56C8	𥨘	囈	reduction	mj-shrink-map	merge	MJ043540: 法務省戸籍法関連通達・通知, 種別 戸籍統一文字情報 親字・正字, ホップ数 1
U+56CA	𢑿	囊	reduction	mj-shrink-map	merge	MJ035748: 法務省戸籍法関連通達・通知, 種別 戸籍統一文字情報 親字・正字, ホップ数 1
U+56CA	𣡦	囊	reduction	mj-shrink-map	merge	MJ038471: 法務省戸籍法関連通達・通知, 種別 戸籍統一文字情報 親字・正字, ホップ数 1
U+56CA	𣡪	囊	reduction	mj-shrink-map	merge	MJ038482: 法務省戸籍法関連通達・通知, 種別 戸籍統一文字情報 親字・正字, ホップ数 1
U+56CA	𧛦	囊	reduction	mj-shrink-map	merge	MJ048340: 法務省戸籍法関連通達・通知, 種別 戸籍統一文字情報 親字・正字, ホップ数 1
U+56CA	𭋛	囊	reduction	mj-shrink-map	merge	MJ057198: 法務省戸籍法関連通達・通知, 種別 戸籍統一文字情報 親字・正字, ホップ数 1
U+56CA	𭌌	囊	reduction	mj-shrink-map	merge	MJ057202: 法務省戸籍法関連通達・通知, 種別 戸籍統一文字情報 親字・正字, ホップ数 1
U+56CD	囍	𡅕	z	cjkvi-variants	merge	囍→𡅕 cjkvi/duplicate
U+56DA	龱	囚	reduction	mj-shrink-map	merge	MJ057203: 法務省戸籍法関連通達・通知, 種別 戸籍統一文字情報 親字・正字, ホップ数 1
U+56DB	亖	四	reduction	mj-shrink-map	merge	MJ006446: 法務省戸籍法関連通達・通知, 種別 戸籍統一文字情報 親字・正字, ホップ数 1
U+56DB	伵	四	reduction	mj-shrink-map	merge	MJ006603: 法務省戸籍法関連通達・通知, 種別 戸籍統一文字情報 親字・正字, ホップ数 1
U+56DB	𠁤	四	reduction	mj-shrink-map	merge	MJ030354: 法務省戸籍法関連通達・通知, 種別 戸籍統一文字情報 親字・正字, ホップ数 1
U+56DB	𦉭	四	reduction	mj-shrink-map	merge	MJ044825: 法務省戸籍法関連通達・通知, 種別 戸籍統一文字情報 親字・正字, ホップ数 1
U+56DE	𡇌	回	reduction	mj-shrink-map	merge	MJ032839: 法務省戸籍法関連通達・通知, 種別 戸籍統一文字情報 親字・正字, ホップ数 1
U+56DE	𩶠	回	reduction	mj-shrink-map	merge	MJ055135: 法務省戸籍法関連通達・通知, 種別 戸籍統一文字情報 親字・正字, ホップ数 1
U+56DF	𠙷	囟	reduction	mj-shrink-map	merge	MJ031202: 法務省戸籍法関連通達・通知, 種別 戸籍統一文字情報 親字・正字, ホップ数 1
U+56DF	𦥓	囟	reduction	mj-shrink-map	merge	MJ045970: 法務省戸籍法関連通達・通知, 種別 戸籍統一文字情報 親字・正字, ホップ数 1
U+56E0	𩎪	因	reduction	mj-shrink-map	merge	MJ053319: 法務省戸籍法関連通達・通知, 種別 戸籍統一文字情報 親字・正字, ホップ数 1
U+56E3	團	団	reduction	mj-shrink-map	merge	MJ008885: 法務省戸籍法関連通達・通知, 種別 戸籍統一文字情報 親字・正字, ホップ数 1
U+56EE	㘥	囮	reduction	mj-shrink-map	merge	MJ000471: 法務省戸籍法関連通達・通知, 種別 戸籍統一文字情報 親字・正字, ホップ数 1
U+56EE	𡈙	囮	reduction	mj-shrink-map	merge	MJ032906: 法務省戸籍法関連通達・通知, 種別 戸籍統一文字情報 親字・正字, ホップ数 1
U+56EE	𡈸	囮	reduction	mj-shrink-map	merge	MJ032929: 法務省戸籍法関連通達・通知, 種別 戸籍統一文字情報 親字・正字, ホップ数 1
U+56F0	𣏔	困	reduction	mj-shrink-map	merge	MJ037941: 法務省戸籍法関連通達・通知, 種別 戸籍統一文字情報 親字・正字, ホップ数 1
U+56F2	圍	囲	reduction	mj-shrink-map	merge	MJ008868: 法務省戸籍法関連通達・通知, 種別 戸籍統一文字情報 親字・正字, ホップ数 1
U+56F3	圖	圖	compatibility	unicode-ucd	merge	5716
U+56F3	圖	図	reduction	mj-shrink-map	merge	MJ008880: 法務省戸籍法関連通達・通知, 種別 戸籍統一文字情報 親字・正字, ホップ数 1
U+56F3	圗	圗	compatibility	unicode-ucd	merge	5717
U+56F3	圗	圖	reduction	mj-shrink-map	merge	MJ008883: 法務省戸籍法関連通達・通知, 種別 戸籍統一文字情報 親字・正字, ホップ数 1
U+56F3	𠚎	圖	reduction	mj-shrink-map	merge	MJ031221: 法務省戸籍法関連通達・通知, 種別 戸籍統一文字情報 親字・正字, ホップ数 1
U+56F3	𡇴	圖	reduction	mj-shrink-map	merge	MJ032875: 法務省戸籍法関連通達・通知, 種別 戸籍統一文字情報 親字・正字, ホップ数 1
U+56F3	𡈇	圖	reduction	mj-shrink-map	merge	MJ032890: 法務省戸籍法関連通達・通知, 種別 戸籍統一文字情報 親字・正字, ホップ数 1
U+56F3	𡈖	圖	reduction	mj-shrink-map	merge	MJ032903: 法務省戸籍法関連通達・通知, 種別 戸籍統一文字情報 親字・正字, ホップ数 1
U+56F3	𧖳	圖	reduction	mj-shrink-map	merge	MJ048097: 法務省戸籍法関連通達・通知, 種別 戸籍統一文字情報 親字・正字, ホップ数 1
U+56F9	囹	囹	compatibility	unicode-ucd	merge	56F9
U+56FD	䆐	國	reduction	mj-shrink-map	merge	MJ003188: 法務省戸籍法関連通達・通知, 種別 戸籍統一文字情報 親字・正字, ホップ数 1
U+56FD	囯	国	reduction	mj-shrink-map	merge	MJ008838: 法務省戸籍法関連通達・通知, 種別 戸籍統一文字情報 親字・正字, ホップ数 1
U+56FD	囻	國	reduction	mj-shrink-map	merge	MJ008849: 法務省戸籍法関連通達・通知, 種別 戸籍統一文字情報 親字・正字, ホップ数 1
U+56FD	圀	国	reduction	mj-shrink-map	merge	MJ008853: 法務省戸籍法関連通達・通知, 種別 戸籍統一文字情報 親字・正字, ホップ数 1
U+56FD	国	圀	variant	cjkvi-variants	corroborates	国→圀 jisx0213/variant | 圀→国 jisx0212/variant
U+56FD	圀	國	variant	cjkvi-variants	corroborates	圀→國 jisx0212/variant | 國→圀 hydzd/variant | 國→圀 jisx0213/variant | 國→圀 twedu/variant
U+56FD	圀	國	variant	hng-basic-data	corroborates	01639 | 01639b
U+56FD	圀	國	variant	wikidata	corroborates	Q109739721; P248 Q10427532 | Q56224463; P248 Q10427532
U+56FD	圀	國	equivalent	yitizi	corroborates	ytenx/JihThex.csv
U+56FD	國	国	reduction	mj-shrink-map	merge	MJ008866: 法務省戸籍法関連通達・通知, 種別 戸籍統一文字情報 親字・正字, ホップ数 1
U+56FD	𡆻	國	reduction	mj-shrink-map	merge	MJ032823: 法務省戸籍法関連通達・通知, 種別 戸籍統一文字情報 親字・正字, ホップ数 1
U+56FD	𡆿	國	reduction	mj-shrink-map	merge	MJ032827: 法務省戸籍法関連通達・通知, 種別 戸籍統一文字情報 親字・正字, ホップ数 1
U+56FD	𡇎	國	reduction	mj-shrink-map	merge	MJ032841: 法務省戸籍法関連通達・通知, 種別 戸籍統一文字情報 親字・正字, ホップ数 1
U+56FD	𡇕	國	reduction	mj-shrink-map	merge	MJ032847: 法務省戸籍法関連通達・通知, 種別 戸籍統一文字情報 親字・正字, ホップ数 1
U+56FD	𡈑	國	reduction	mj-shrink-map	merge	MJ032898: 法務省戸籍法関連通達・通知, 種別 戸籍統一文字情報 親字・正字, ホップ数 1
U+56FD	𤦒	國	reduction	mj-shrink-map	merge	MJ041006: 法務省戸籍法関連通達・通知, 種別 戸籍統一文字情報 親字・正字, ホップ数 1
U+56FF	𡈹	囿	reduction	mj-shrink-map	merge	MJ032930: 法務省戸籍法関連通達・通知, 種別 戸籍統一文字情報 親字・正字, ホップ数 1
U+5703	𡇊	圃	reduction	mj-shrink-map	merge	MJ032837: 法務省戸籍法関連通達・通知, 種別 戸籍統一文字情報 親字・正字, ホップ数 1
U+570F	圈	圏	reduction	mj-shrink-map	merge	MJ008861: 法務省戸籍法関連通達・通知, 種別 戸籍統一文字情報 親字・正字, ホップ数 1
U+570F	𡈕	圈	reduction	mj-shrink-map	merge	MJ032901: 法務省戸籍法関連通達・通知, 種別 戸籍統一文字情報 親字・正字, ホップ数 1
U+5712	薗	園	reduction	mj-shrink-map	merge	MJ022932: 法務省戸籍法関連通達・通知, 種別 戸籍統一文字情報 親字・正字, ホップ数 1
U+5712	園	薗	variant	cjkvi-variants	corroborates	園→薗 hydzd/variant | 園→薗 jinmei2/variant | 園→薗 twedu/variant
U+5712	園	薗	variant	wikidata	corroborates	Q109760895; P248 Q10427532 | Q54552688; P248 Q10427532
U+5712	𡈤	園	reduction	mj-shrink-map	merge	MJ032913: 法務省戸籍法関連通達・通知, 種別 戸籍統一文字情報 親字・正字, ホップ数 1
U+571F	圡	土	reduction	mj-shrink-map	merge	MJ008894: 法務省戸籍法関連通達・通知, 種別 戸籍統一文字情報 親字・正字, ホップ数 1
U+571F	𡈽	土	reduction	mj-shrink-map	merge	MJ032932: 法務省戸籍法関連通達・通知, 種別 戸籍統一文字情報 親字・正字, ホップ数 1
U+5727	壓	圧	reduction	mj-shrink-map	merge	MJ009352: 法務省戸籍法関連通達・通知, 種別 戸籍統一文字情報 親字・正字, ホップ数 1
U+5728	𡉈	在	reduction	mj-shrink-map	merge	MJ032936: 法務省戸籍法関連通達・通知, 種別 戸籍統一文字情報 親字・正字, ホップ数 1
U+5728	𥩴	在	reduction	mj-shrink-map	merge	MJ043588: 法務省戸籍法関連通達・通知, 種別 戸籍統一文字情報 親字・正字, ホップ数 1
U+5730	坔	地	reduction	mj-shrink-map	merge	MJ008949: 法務省戸籍法関連通達・通知, 種別 戸籍統一文字情報 親字・正字, ホップ数 1
U+5730	埊	地	reduction	mj-shrink-map	merge	MJ009058: 法務省戸籍法関連通達・通知, 種別 戸籍統一文字情報 親字・正字, ホップ数 1
U+5730	嶳	地	reduction	mj-shrink-map	merge	MJ010715: 法務省戸籍法関連通達・通知, 種別 戸籍統一文字情報 親字・正字, ホップ数 1
U+5730	𠏂	地	reduction	mj-shrink-map	merge	MJ030822: 法務省戸籍法関連通達・通知, 種別 戸籍統一文字情報 親字・正字, ホップ数 1
U+5730	𡍑	地	reduction	mj-shrink-map	merge	MJ033073: 法務省戸籍法関連通達・通知, 種別 戸籍統一文字情報 親字・正字, ホップ数 1
U+5730	𡏇	地	reduction	mj-shrink-map	merge	MJ033139: 法務省戸籍法関連通達・通知, 種別 戸籍統一文字情報 親字・正字, ホップ数 1
U+5730	𡒿	地	reduction	mj-shrink-map	merge	MJ033237: 法務省戸籍法関連通達・通知, 種別 戸籍統一文字情報 親字・正字, ホップ数 1
U+5730	𡓬	地	reduction	mj-shrink-map	merge	MJ033257: 法務省戸籍法関連通達・通知, 種別 戸籍統一文字情報 親字・正字, ホップ数 1
U+5730	𤅴	地	reduction	mj-shrink-map	merge	MJ039836: 法務省戸籍法関連通達・通知, 種別 戸籍統一文字情報 親字・正字, ホップ数 1
U+5730	𨻐	地	reduction	mj-shrink-map	merge	MJ052405: 法務省戸籍法関連通達・通知, 種別 戸籍統一文字情報 親字・正字, ホップ数 1
U+5747	𡉲	均	reduction	mj-shrink-map	merge	MJ032957: 法務省戸籍法関連通達・通知, 種別 戸籍統一文字情報 親字・正字, ホップ数 1
U+574D	㘱	坍	reduction	mj-shrink-map	merge	MJ000482: 法務省戸籍法関連通達・通知, 種別 戸籍統一文字情報 親字・正字, ホップ数 1
U+574D	𣲹	坍	reduction	mj-shrink-map	merge	MJ039227: 法務省戸籍法関連通達・通知, 種別 戸籍統一文字情報 親字・正字, ホップ数 1
U+574E	墈	坎	reduction	mj-shrink-map	merge	MJ009265: 法務省戸籍法関連通達・通知, 種別 戸籍統一文字情報 親字・正字, ホップ数 1
U+574E	𡸞	坎	reduction	mj-shrink-map	merge	MJ034624: 法務省戸籍法関連通達・通知, 種別 戸籍統一文字情報 親字・正字, ホップ数 1
U+574F	阫	坏	reduction	mj-shrink-map	merge	MJ027544: 法務省戸籍法関連通達・通知, 種別 戸籍統一文字情報 親字・正字, ホップ数 1
U+574F	𠂾	坏	reduction	mj-shrink-map	merge	MJ030408: 法務省戸籍法関連通達・通知, 種別 戸籍統一文字情報 親字・正字, ホップ数 1
U+5750	㘴	坐	reduction	mj-shrink-map	merge	MJ000485: 法務省戸籍法関連通達・通知, 種別 戸籍統一文字情報 親字・正字, ホップ数 1
U+5750	𠱯	坐	reduction	mj-shrink-map	merge	MJ032239: 法務省戸籍法関連通達・通知, 種別 戸籍統一文字情報 親字・正字, ホップ数 1
U+5750	𡊎	坐	reduction	mj-shrink-map	merge	MJ032979: 法務省戸籍法関連通達・通知, 種別 戸籍統一文字情報 親字・正字, ホップ数 1
U+5750	𡊙	坐	reduction	mj-shrink-map	merge	MJ057214: 法務省戸籍法関連通達・通知, 種別 戸籍統一文字情報 親字・正字, ホップ数 1
U+5750	𡋲	坐	reduction	mj-shrink-map	merge	MJ033025: 法務省戸籍法関連通達・通知, 種別 戸籍統一文字情報 親字・正字, ホップ数 1
U+5751	𡊬	坑	reduction	mj-shrink-map	merge	MJ032993: 法務省戸籍法関連通達・通知, 種別 戸籍統一文字情報 親字・正字, ホップ数 1
U+5751	𡌖	坑	reduction	mj-shrink-map	merge	MJ033038: 法務省戸籍法関連通達・通知, 種別 戸籍統一文字情報 親字・正字, ホップ数 1
U+5764	𠔧	坤	reduction	mj-shrink-map	merge	MJ031013: 法務省戸籍法関連通達・通知, 種別 戸籍統一文字情報 親字・正字, ホップ数 1
U+5764	𡘩	坤	reduction	mj-shrink-map	merge	MJ033459: 法務省戸籍法関連通達・通知, 種別 戸籍統一文字情報 親字・正字, ホップ数 1
U+5764	𡿦	坤	reduction	mj-shrink-map	merge	MJ034899: 法務省戸籍法関連通達・通知, 種別 戸籍統一文字情報 親字・正字, ホップ数 1
U+5766	憻	坦	reduction	mj-shrink-map	merge	MJ011962: 法務省戸籍法関連通達・通知, 種別 戸籍統一文字情報 親字・正字, ホップ数 1
U+5769	㽍	坩	reduction	mj-shrink-map	merge	MJ002615: 法務省戸籍法関連通達・通知, 種別 戸籍統一文字情報 親字・正字, ホップ数 1
U+576A	𡊞	坪	reduction	mj-shrink-map	merge	MJ032985: 法務省戸籍法関連通達・通知, 種別 戸籍統一文字情報 親字・正字, ホップ数 1
U+5770	垧	坰	reduction	mj-shrink-map	merge	MJ009030: 法務省戸籍法関連通達・通知, 種別 戸籍統一文字情報 親字・正字, ホップ数 1
U+5770	𡹫	坰	reduction	mj-shrink-map	merge	MJ034662: 法務省戸籍法関連通達・通知, 種別 戸籍統一文字情報 親字・正字, ホップ数 1
U+577B	坘	坻	reduction	mj-shrink-map	merge	MJ008953: 法務省戸籍法関連通達・通知, 種別 戸籍統一文字情報 親字・正字, ホップ数 1
U+577B	𡉬	坻	reduction	mj-shrink-map	merge	MJ032953: 法務省戸籍法関連通達・通知, 種別 戸籍統一文字情報 親字・正字, ホップ数 1
U+577B	𡊆	坻	reduction	mj-shrink-map	merge	MJ032972: 法務省戸籍法関連通達・通知, 種別 戸籍統一文字情報 親字・正字, ホップ数 1
U+577B	𡊈	坻	reduction	mj-shrink-map	merge	MJ032974: 法務省戸籍法関連通達・通知, 種別 戸籍統一文字情報 親字・正字, ホップ数 1
U+577B	𡍓	坻	reduction	mj-shrink-map	merge	MJ033074: 法務省戸籍法関連通達・通知, 種別 戸籍統一文字情報 親字・正字, ホップ数 1
U+577B	𣲋	坻	reduction	mj-shrink-map	merge	MJ039203: 法務省戸籍法関連通達・通知, 種別 戸籍統一文字情報 親字・正字, ホップ数 1
U+577C	𡍔	坼	reduction	mj-shrink-map	merge	MJ033075: 法務省戸籍法関連通達・通知, 種別 戸籍統一文字情報 親字・正字, ホップ数 1
U+577C	𡍩	坼	reduction	mj-shrink-map	merge	MJ057235: 法務省戸籍法関連通達・通知, 種別 戸籍統一文字情報 親字・正字, ホップ数 1
U+577C	𤇚	坼	reduction	mj-shrink-map	merge	MJ039880: 法務省戸籍法関連通達・通知, 種別 戸籍統一文字情報 親字・正字, ホップ数 1
U+577C	𤖴	坼	reduction	mj-shrink-map	merge	MJ040351: 法務省戸籍法関連通達・通知, 種別 戸籍統一文字情報 親字・正字, ホップ数 1
U+5782	埀	垂	reduction	mj-shrink-map	merge	MJ009047: 法務省戸籍法関連通達・通知, 種別 戸籍統一文字情報 親字・正字, ホップ数 1
U+5782	垂	埀	variant	cjkvi-variants	corroborates	垂→埀 hydzd/variant | 垂→埀 jisx0212/variant | 垂→埀 jisx0213/variant | 垂→埀 twedu/variant
U+5782	垂	埀	variant	hng-basic-data	corroborates	01710
U+5782	垂	埀	variant	wikidata	corroborates	Q109739953; P248 Q10427532 | Q54911954; P248 Q10427532
U+5782	垂	埀	equivalent	yitizi	corroborates	ytenx/JihThex.csv
U+5782	𠣔	垂	reduction	mj-shrink-map	merge	MJ031606: 法務省戸籍法関連通達・通知, 種別 戸籍統一文字情報 親字・正字, ホップ数 1
U+5782	𡍮	垂	reduction	mj-shrink-map	merge	MJ033088: 法務省戸籍法関連通達・通知, 種別 戸籍統一文字情報 親字・正字, ホップ数 1
U+5782	𡷩	垂	reduction	mj-shrink-map	merge	MJ034592: 法務省戸籍法関連通達・通知, 種別 戸籍統一文字情報 親字・正字, ホップ数 1
U+5782	𡸁	垂	reduction	mj-shrink-map	merge	MJ057383: 法務省戸籍法関連通達・通知, 種別 戸籍統一文字情報 親字・正字, ホップ数 1
U+5782	𬽍	垂	reduction	mj-shrink-map	merge	MJ057386: 法務省戸籍法関連通達・通知, 種別 戸籍統一文字情報 親字・正字, ホップ数 1
U+5782	𮉰	垂	reduction	mj-shrink-map	merge	MJ057384: 法務省戸籍法関連通達・通知, 種別 戸籍統一文字情報 親字・正字, ホップ数 1
U+578B	型	型	compatibility	unicode-ucd	merge	578B
U+578B	𡌁	型	reduction	mj-shrink-map	merge	MJ033034: 法務省戸籍法関連通達・通知, 種別 戸籍統一文字情報 親字・正字, ホップ数 1
U+5793	畡	垓	reduction	mj-shrink-map	merge	MJ017691: 法務省戸籍法関連通達・通知, 種別 戸籍統一文字情報 親字・正字, ホップ数 1
U+57A0	㙬	垠	reduction	mj-shrink-map	merge	MJ000535: 法務省戸籍法関連通達・通知, 種別 戸籍統一文字情報 親字・正字, ホップ数 1
U+57A0	泿	垠	reduction	mj-shrink-map	merge	MJ015255: 法務省戸籍法関連通達・通知, 種別 戸籍統一文字情報 親字・正字, ホップ数 1
U+57A0	𡊷	垠	reduction	mj-shrink-map	merge	MJ032998: 法務省戸籍法関連通達・通知, 種別 戸籍統一文字情報 親字・正字, ホップ数 1
U+57A0	𡋳	垠	reduction	mj-shrink-map	merge	MJ033026: 法務省戸籍法関連通達・通知, 種別 戸籍統一文字情報 親字・正字, ホップ数 1
U+57A0	𡏴	垠	reduction	mj-shrink-map	merge	MJ033153: 法務省戸籍法関連通達・通知, 種別 戸籍統一文字情報 親字・正字, ホップ数 1
U+57A0	𡹊	垠	reduction	mj-shrink-map	merge	MJ034645: 法務省戸籍法関連通達・通知, 種別 戸籍統一文字情報 親字・正字, ホップ数 1
U+57A2	坸	垢	reduction	mj-shrink-map	merge	MJ008982: 法務省戸籍法関連通達・通知, 種別 戸籍統一文字情報 親字・正字, ホップ数 1
U+57A3	𩫧	垣	reduction	mj-shrink-map	merge	MJ054662: 法務省戸籍法関連通達・通知, 種別 戸籍統一文字情報 親字・正字, ホップ数 1
U+57C3	垁	埃	reduction	mj-shrink-map	merge	MJ008992: 法務省戸籍法関連通達・通知, 種別 戸籍統一文字情報 親字・正字, ホップ数 1
U+57CE	城	城	compatibility	unicode-ucd	merge	57CE
U+57CE	𩫨	城	reduction	mj-shrink-map	merge	MJ054663: 法務省戸籍法関連通達・通知, 種別 戸籍統一文字情報 親字・正字, ホップ数 1
U+57DF	㽣	域	reduction	mj-shrink-map	merge	MJ002634: 法務省戸籍法関連通達・通知, 種別 戸籍統一文字情報 親字・正字, ホップ数 1
U+57DF	䧕	域	reduction	mj-shrink-map	merge	MJ005310: 法務省戸籍法関連通達・通知, 種別 戸籍統一文字情報 親字・正字, ホップ数 1
U+57DF	𡌳	域	reduction	mj-shrink-map	merge	MJ033063: 法務省戸籍法関連通達・通知, 種別 戸籍統一文字情報 親字・正字, ホップ数 1
U+57DF	𢨊	域	reduction	mj-shrink-map	merge	MJ036629: 法務省戸籍法関連通達・通知, 種別 戸籍統一文字情報 親字・正字, ホップ数 1
U+57E3	𡉻	埣	reduction	mj-shrink-map	merge	MJ032965: 法務省戸籍法関連通達・通知, 種別 戸籍統一文字情報 親字・正字, ホップ数 1
U+57E4	壀	埤	reduction	mj-shrink-map	merge	MJ009329: 法務省戸籍法関連通達・通知, 種別 戸籍統一文字情報 親字・正字, ホップ数 1
U+57E4	𡌨	埤	reduction	mj-shrink-map	merge	MJ057222: 法務省戸籍法関連通達・通知, 種別 戸籍統一文字情報 親字・正字, ホップ数 1
U+57E4	𡌸	埤	reduction	mj-shrink-map	merge	MJ033066: 法務省戸籍法関連通達・通知, 種別 戸籍統一文字情報 親字・正字, ホップ数 1
U+57E4	𡐕	埤	reduction	mj-shrink-map	merge	MJ033162: 法務省戸籍法関連通達・通知, 種別 戸籍統一文字情報 親字・正字, ホップ数 1
U+57ED	𡐡	埭	reduction	mj-shrink-map	merge	MJ033169: 法務省戸籍法関連通達・通知, 種別 戸籍統一文字情報 親字・正字, ホップ数 1
U+57ED	𥓏	埭	reduction	mj-shrink-map	merge	MJ042815: 法務省戸籍法関連通達・通知, 種別 戸籍統一文字情報 親字・正字, ホップ数 1
U+57F4	埴	埴	compatibility	unicode-ucd	merge	57F4
U+57F4	𡌴	埴	reduction	mj-shrink-map	merge	MJ033064: 法務省戸籍法関連通達・通知, 種別 戸籍統一文字情報 親字・正字, ホップ数 1
U+57F4	𡑠	埴	reduction	mj-shrink-map	merge	MJ033198: 法務省戸籍法関連通達・通知, 種別 戸籍統一文字情報 親字・正字, ホップ数 1
U+57F4	𢨒	埴	reduction	mj-shrink-map	merge	MJ058897: 法務省戸籍法関連通達・通知, 種別 戸籍統一文字情報 親字・正字, ホップ数 1
U+57F5	𡑊	埵	reduction	mj-shrink-map	merge	MJ033187: 法務省戸籍法関連通達・通知, 種別 戸籍統一文字情報 親字・正字, ホップ数 1
U+57F7	𠌷	執	reduction	mj-shrink-map	merge	MJ030754: 法務省戸籍法関連通達・通知, 種別 戸籍統一文字情報 親字・正字, ホップ数 1
U+57F7	𠙜	執	reduction	mj-shrink-map	merge	MJ031192: 法務省戸籍法関連通達・通知, 種別 戸籍統一文字情報 親字・正字, ホップ数 1
U+57F7	𡘺	執	reduction	mj-shrink-map	merge	MJ033469: 法務省戸籍法関連通達・通知, 種別 戸籍統一文字情報 親字・正字, ホップ数 1
U+57F7	𡙕	執	reduction	mj-shrink-map	merge	MJ033487: 法務省戸籍法関連通達・通知, 種別 戸籍統一文字情報 親字・正字, ホップ数 1
U+57F7	𦎃	執	reduction	mj-shrink-map	merge	MJ045009: 法務省戸籍法関連通達・通知, 種別 戸籍統一文字情報 親字・正字, ホップ数 1
U+57F9	㟝	培	reduction	mj-shrink-map	merge	MJ000871: 法務省戸籍法関連通達・通知, 種別 戸籍統一文字情報 親字・正字, ホップ数 1
U+57F9	𡌮	培	reduction	mj-shrink-map	merge	MJ033058: 法務省戸籍法関連通達・通知, 種別 戸籍統一文字情報 親字・正字, ホップ数 1
U+57FA	𡉝	基	reduction	mj-shrink-map	merge	MJ032949: 法務省戸籍法関連通達・通知, 種別 戸籍統一文字情報 親字・正字, ホップ数 1
U+57FA	𡋵	基	reduction	mj-shrink-map	merge	MJ033029: 法務省戸籍法関連通達・通知, 種別 戸籍統一文字情報 親字・正字, ホップ数 1
U+57FB	𡓑	埻	reduction	mj-shrink-map	merge	MJ033244: 法務省戸籍法関連通達・通知, 種別 戸籍統一文字情報 親字・正字, ホップ数 1
U+57FB	𡓣	埻	reduction	mj-shrink-map	merge	MJ033253: 法務省戸籍法関連通達・通知, 種別 戸籍統一文字情報 親字・正字, ホップ数 1
U+5800	𡽈	堀	reduction	mj-shrink-map	merge	MJ034798: 法務省戸籍法関連通達・通知, 種別 戸籍統一文字情報 親字・正字, ホップ数 1
U+5802	㙶	堂	reduction	mj-shrink-map	merge	MJ000543: 法務省戸籍法関連通達・通知, 種別 戸籍統一文字情報 親字・正字, ホップ数 1
U+5802	坣	堂	reduction	mj-shrink-map	merge	MJ008959: 法務省戸籍法関連通達・通知, 種別 戸籍統一文字情報 親字・正字, ホップ数 1
U+5806	垖	堆	reduction	mj-shrink-map	merge	MJ009012: 法務省戸籍法関連通達・通知, 種別 戸籍統一文字情報 親字・正字, ホップ数 1
U+5806	𡌙	堆	reduction	mj-shrink-map	merge	MJ033041: 法務省戸籍法関連通達・通知, 種別 戸籍統一文字情報 親字・正字, ホップ数 1
U+5806	𡺾	堆	reduction	mj-shrink-map	merge	MJ034714: 法務省戸籍法関連通達・通知, 種別 戸籍統一文字情報 親字・正字, ホップ数 1
U+5806	𣳨	堆	reduction	mj-shrink-map	merge	MJ039255: 法務省戸籍法関連通達・通知, 種別 戸籍統一文字情報 親字・正字, ホップ数 1
U+580B	塴	堋	reduction	mj-shrink-map	merge	MJ009240: 法務省戸籍法関連通達・通知, 種別 戸籍統一文字情報 親字・正字, ホップ数 1
U+580B	𡊤	堋	reduction	mj-shrink-map	merge	MJ032990: 法務省戸籍法関連通達・通知, 種別 戸籍統一文字情報 親字・正字, ホップ数 1
U+580B	𡐐	堋	reduction	mj-shrink-map	merge	MJ033160: 法務省戸籍法関連通達・通知, 種別 戸籍統一文字情報 親字・正字, ホップ数 1
U+580B	𥦜	堋	reduction	mj-shrink-map	merge	MJ043462: 法務省戸籍法関連通達・通知, 種別 戸籍統一文字情報 親字・正字, ホップ数 1
U+580D	堍	堍	compatibility	unicode-ucd	merge	580D
U+5815	墮	堕	reduction	mj-shrink-map	merge	MJ009309: 法務省戸籍法関連通達・通知, 種別 戸籍統一文字情報 親字・正字, ホップ数 1
U+5815	𫝡	堕	reduction	mj-shrink-map	merge	MJ057242: 法務省戸籍法関連通達・通知, 種別 戸籍統一文字情報 親字・正字, ホップ数 1
U+581E	𡑢	堞	reduction	mj-shrink-map	merge	MJ033200: 法務省戸籍法関連通達・通知, 種別 戸籍統一文字情報 親字・正字, ホップ数 1
U+5821	堢	堡	reduction	mj-shrink-map	merge	MJ009153: 法務省戸籍法関連通達・通知, 種別 戸籍統一文字情報 親字・正字, ホップ数 1
U+5824	𡐾	堤	reduction	mj-shrink-map	merge	MJ033182: 法務省戸籍法関連通達・通知, 種別 戸籍統一文字情報 親字・正字, ホップ数 1
U+582F	𡋰	堯	reduction	mj-shrink-map	merge	MJ033023: 法務省戸籍法関連通達・通知, 種別 戸籍統一文字情報 親字・正字, ホップ数 1
U+582F	𫝔	堯	reduction	mj-shrink-map	merge	MJ057218: 法務省戸籍法関連通達・通知, 種別 戸籍統一文字情報 親字・正字, ホップ数 1
U+5830	墕	堰	reduction	mj-shrink-map	merge	MJ009282: 法務省戸籍法関連通達・通知, 種別 戸籍統一文字情報 親字・正字, ホップ数 1
U+5830	隁	堰	reduction	mj-shrink-map	merge	MJ027631: 法務省戸籍法関連通達・通知, 種別 戸籍統一文字情報 親字・正字, ホップ数 1
U+5831	報	報	compatibility	unicode-ucd	merge	5831
U+5831	𡙈	報	reduction	mj-shrink-map	merge	MJ033477: 法務省戸籍法関連通達・通知, 種別 戸籍統一文字情報 親字・正字, ホップ数 1
U+5831	𨖪	報	reduction	mj-shrink-map	merge	MJ051029: 法務省戸籍法関連通達・通知, 種別 戸籍統一文字情報 親字・正字, ホップ数 1
U+5832	堲	堲	compatibility	unicode-ucd	merge	5832
U+5834	埸	場	reduction	mj-shrink-map	merge	MJ009112: 法務省戸籍法関連通達・通知, 種別 戸籍統一文字情報 親字・正字, ホップ数 1
U+5835	𡦡	堵	reduction	mj-shrink-map	merge	MJ033924: 法務省戸籍法関連通達・通知, 種別 戸籍統一文字情報 親字・正字, ホップ数 1
U+5835	𩫭	堵	reduction	mj-shrink-map	merge	MJ054667: 法務省戸籍法関連通達・通知, 種別 戸籍統一文字情報 親字・正字, ホップ数 1
U+5839	𫝟	堹	reduction	mj-shrink-map	merge	MJ057233: 法務省戸籍法関連通達・通知, 種別 戸籍統一文字情報 親字・正字, ホップ数 1
U+583D	𡌕	堽	reduction	mj-shrink-map	merge	MJ033037: 法務省戸籍法関連通達・通知, 種別 戸籍統一文字情報 親字・正字, ホップ数 1
U+5840	塀	塀	compatibility	unicode-ucd	merge	5840
U+5841	壘	壘	compatibility	unicode-ucd	merge	58D8
U+5841	㙼	壘	reduction	mj-shrink-map	merge	MJ000549: 法務省戸籍法関連通達・通知, 種別 戸籍統一文字情報 親字・正字, ホップ数 1
U+5841	壘	塁	reduction	mj-shrink-map	merge	MJ009359: 法務省戸籍法関連通達・通知, 種別 戸籍統一文字情報 親字・正字, ホップ数 1
U+584A	㙕	塊	reduction	mj-shrink-map	merge	MJ000515: 法務省戸籍法関連通達・通知, 種別 戸籍統一文字情報 親字・正字, ホップ数 1
U+584A	𠚛	塊	reduction	mj-shrink-map	merge	MJ031229: 法務省戸籍法関連通達・通知, 種別 戸籍統一文字情報 親字・正字, ホップ数 1
U+5851	塐	塑	reduction	mj-shrink-map	merge	MJ009200: 法務省戸籍法関連通達・通知, 種別 戸籍統一文字情報 親字・正字, ホップ数 1
U+5854	㗳	塔	reduction	mj-shrink-map	merge	MJ000431: 法務省戸籍法関連通達・通知, 種別 戸籍統一文字情報 親字・正字, ホップ数 1
U+5854	𨰏	塔	reduction	mj-shrink-map	merge	MJ051970: 法務省戸籍法関連通達・通知, 種別 戸籍統一文字情報 親字・正字, ホップ数 1
U+5854	𩫊	塔	reduction	mj-shrink-map	merge	MJ054650: 法務省戸籍法関連通達・通知, 種別 戸籍統一文字情報 親字・正字, ホップ数 1
U+5858	䧜	塘	reduction	mj-shrink-map	merge	MJ005317: 法務省戸籍法関連通達・通知, 種別 戸籍統一文字情報 親字・正字, ホップ数 1
U+585A	塚	塚	compatibility	unicode-ucd	merge	585A
U+585A	塚	塚	compatibility	unicode-ucd	merge	585A
U+585E	塞	塞	compatibility	unicode-ucd	merge	585E
U+585E	𡔂	塞	reduction	mj-shrink-map	merge	MJ033269: 法務省戸籍法関連通達・通知, 種別 戸籍統一文字情報 親字・正字, ホップ数 1
U+585E	𡩿	塞	reduction	mj-shrink-map	merge	MJ034056: 法務省戸籍法関連通達・通知, 種別 戸籍統一文字情報 親字・正字, ホップ数 1
U+585E	𡫩	塞	reduction	mj-shrink-map	merge	MJ034112: 法務省戸籍法関連通達・通知, 種別 戸籍統一文字情報 親字・正字, ホップ数 1
U+585E	𡺶	塞	reduction	mj-shrink-map	merge	MJ034707: 法務省戸籍法関連通達・通知, 種別 戸籍統一文字情報 親字・正字, ホップ数 1
U+5861	塡	填	z	unihan	merge	塡→填 kZVariant | 填→塡 kZVariant
U+5861	填	塡	reduction	mj-shrink-map	merge	MJ009235: 法務省戸籍法関連通達・通知, 種別 戸籍統一文字情報 親字・正字, ホップ数 1
U+5861	𡒆	塡	reduction	mj-shrink-map	merge	MJ033213: 法務省戸籍法関連通達・通知, 種別 戸籍統一文字情報 親字・正字, ホップ数 1
U+5869	䀋	鹽	reduction	mj-shrink-map	merge	MJ002796: 法務省戸籍法関連通達・通知, 種別 戸籍統一文字情報 親字・正字, ホップ数 1
U+5869	鹽	塩	reduction	mj-shrink-map	merge	MJ029777: 法務省戸籍法関連通達・通知, 種別 戸籍統一文字情報 親字・正字, ホップ数 1
U+5869	𨣎	鹽	reduction	mj-shrink-map	merge	MJ051617: 法務省戸籍法関連通達・通知, 種別 戸籍統一文字情報 親字・正字, ホップ数 1
U+5869	𪉟	鹽	reduction	mj-shrink-map	merge	MJ055888: 法務省戸籍法関連通達・通知, 種別 戸籍統一文字情報 親字・正字, ホップ数 1
U+5869	𪉩	塩	reduction	mj-shrink-map	merge	MJ055896: 法務省戸籍法関連通達・通知, 種別 戸籍統一文字情報 親字・正字, ホップ数 1
U+5869	𫞱	塩	reduction	mj-shrink-map	merge	MJ057237: 法務省戸籍法関連通達・通知, 種別 戸籍統一文字情報 親字・正字, ホップ数 1
U+5872	𤳈	塲	reduction	mj-shrink-map	merge	MJ041456: 法務省戸籍法関連通達・通知, 種別 戸籍統一文字情報 親字・正字, ホップ数 1
U+5875	𡒲	塵	reduction	mj-shrink-map	merge	MJ033235: 法務省戸籍法関連通達・通知, 種別 戸籍統一文字情報 親字・正字, ホップ数 1
U+5875	𡔚	塵	reduction	mj-shrink-map	merge	MJ033280: 法務省戸籍法関連通達・通知, 種別 戸籍統一文字情報 親字・正字, ホップ数 1
U+5875	𪋻	塵	reduction	mj-shrink-map	merge	MJ056008: 法務省戸籍法関連通達・通知, 種別 戸籍統一文字情報 親字・正字, ホップ数 1
U+5879	壍	塹	reduction	mj-shrink-map	merge	MJ009343: 法務省戸籍法関連通達・通知, 種別 戸籍統一文字情報 親字・正字, ホップ数 1
U+5879	𡐛	塹	reduction	mj-shrink-map	merge	MJ033163: 法務省戸籍法関連通達・通知, 種別 戸籍統一文字情報 親字・正字, ホップ数 1
U+587E	𡔊	塾	reduction	mj-shrink-map	merge	MJ033273: 法務省戸籍法関連通達・通知, 種別 戸籍統一文字情報 親字・正字, ホップ数 1
U+587E	𨶝	塾	reduction	mj-shrink-map	merge	MJ052231: 法務省戸籍法関連通達・通知, 種別 戸籍統一文字情報 親字・正字, ホップ数 1
U+587E	𨷙	塾	reduction	mj-shrink-map	merge	MJ052268: 法務省戸籍法関連通達・通知, 種別 戸籍統一文字情報 親字・正字, ホップ数 1
U+5889	䧡	墉	reduction	mj-shrink-map	merge	MJ005321: 法務省戸籍法関連通達・通知, 種別 戸籍統一文字情報 親字・正字, ホップ数 1
U+5889	牅	墉	reduction	mj-shrink-map	merge	MJ016772: 法務省戸籍法関連通達・通知, 種別 戸籍統一文字情報 親字・正字, ホップ数 1
U+5889	𤰎	墉	reduction	mj-shrink-map	merge	MJ041335: 法務省戸籍法関連通達・通知, 種別 戸籍統一文字情報 親字・正字, ホップ数 1
U+5889	𩫱	墉	reduction	mj-shrink-map	merge	MJ054671: 法務省戸籍法関連通達・通知, 種別 戸籍統一文字情報 親字・正字, ホップ数 1
U+588D	𡉙	墍	reduction	mj-shrink-map	merge	MJ032946: 法務省戸籍法関連通達・通知, 種別 戸籍統一文字情報 親字・正字, ホップ数 1
U+588D	𡍳	墍	reduction	mj-shrink-map	merge	MJ033094: 法務省戸籍法関連通達・通知, 種別 戸籍統一文字情報 親字・正字, ホップ数 1
U+588D	𡏲	墍	reduction	mj-shrink-map	merge	MJ033151: 法務省戸籍法関連通達・通知, 種別 戸籍統一文字情報 親字・正字, ホップ数 1
U+588D	𡒖	墍	reduction	mj-shrink-map	merge	MJ033227: 法務省戸籍法関連通達・通知, 種別 戸籍統一文字情報 親字・正字, ホップ数 1
U+5890	𡒣	墐	reduction	mj-shrink-map	merge	MJ033229: 法務省戸籍法関連通達・通知, 種別 戸籍統一文字情報 親字・正字, ホップ数 1
U+5897	増	增	itaiji	mj-kanji	merge	X0213 包摂
U+5897	增	増	reduction	mj-shrink-map	merge	MJ009289: 法務省戸籍法関連通達・通知, 種別 戸籍統一文字情報 親字・正字, ホップ数 1
U+5897	𢴣	增	reduction	mj-shrink-map	merge	MJ036996: 法務省戸籍法関連通達・通知, 種別 戸籍統一文字情報 親字・正字, ホップ数 1
U+589C	礈	墜	reduction	mj-shrink-map	merge	MJ018687: 法務省戸籍法関連通達・通知, 種別 戸籍統一文字情報 親字・正字, ホップ数 1
U+589C	𨼾	墜	reduction	mj-shrink-map	merge	MJ052465: 法務省戸籍法関連通達・通知, 種別 戸籍統一文字情報 親字・正字, ホップ数 1
U+589C	𨽎	墜	reduction	mj-shrink-map	merge	MJ052474: 法務省戸籍法関連通達・通知, 種別 戸籍統一文字情報 親字・正字, ホップ数 1
U+589D	墽	墝	reduction	mj-shrink-map	merge	MJ009326: 法務省戸籍法関連通達・通知, 種別 戸籍統一文字情報 親字・正字, ホップ数 1
U+58A8	墨	墨	compatibility	unicode-ucd	merge	58A8
U+58A9	𡔋	墩	reduction	mj-shrink-map	merge	MJ033274: 法務省戸籍法関連通達・通知, 種別 戸籍統一文字情報 親字・正字, ホップ数 1
U+58AC	墬	墬	compatibility	unicode-ucd	merge	58AC
U+58B3	墳	墳	compatibility	unicode-ucd	merge	58B3
U+58B3	隫	墳	reduction	mj-shrink-map	merge	MJ027692: 法務省戸籍法関連通達・通知, 種別 戸籍統一文字情報 親字・正字, ホップ数 1
U+58B3	𡏶	墳	reduction	mj-shrink-map	merge	MJ033155: 法務省戸籍法関連通達・通知, 種別 戸籍統一文字情報 親字・正字, ホップ数 1
U+58B3	𡼝	墳	reduction	mj-shrink-map	merge	MJ034778: 法務省戸籍法関連通達・通知, 種別 戸籍統一文字情報 親字・正字, ホップ数 1
U+58BA	圫	墺	reduction	mj-shrink-map	merge	MJ008905: 法務省戸籍法関連通達・通知, 種別 戸籍統一文字情報 親字・正字, ホップ数 1
U+58BA	𡋮	墺	reduction	mj-shrink-map	merge	MJ033021: 法務省戸籍法関連通達・通知, 種別 戸籍統一文字情報 親字・正字, ホップ数 1
U+58BA	𡋸	墺	reduction	mj-shrink-map	merge	MJ033032: 法務省戸籍法関連通達・通知, 種別 戸籍統一文字情報 親字・正字, ホップ数 1
U+58BA	𡌱	墺	reduction	mj-shrink-map	merge	MJ033061: 法務省戸籍法関連通達・通知, 種別 戸籍統一文字情報 親字・正字, ホップ数 1
U+58BA	𡐟	墺	reduction	mj-shrink-map	merge	MJ033167: 法務省戸籍法関連通達・通知, 種別 戸籍統一文字情報 親字・正字, ホップ数 1
U+58BE	𡍭	墾	reduction	mj-shrink-map	merge	MJ033087: 法務省戸籍法関連通達・通知, 種別 戸籍統一文字情報 親字・正字, ホップ数 1
U+58BE	𡓚	墾	reduction	mj-shrink-map	merge	MJ033251: 法務省戸籍法関連通達・通知, 種別 戸籍統一文字情報 親字・正字, ホップ数 1
U+58C5	㙲	壅	reduction	mj-shrink-map	merge	MJ000539: 法務省戸籍法関連通達・通知, 種別 戸籍統一文字情報 親字・正字, ホップ数 1
U+58C5	𡓱	壅	reduction	mj-shrink-map	merge	MJ033259: 法務省戸籍法関連通達・通知, 種別 戸籍統一文字情報 親字・正字, ホップ数 1
U+58C5	𡔏	壅	reduction	mj-shrink-map	merge	MJ033275: 法務省戸籍法関連通達・通知, 種別 戸籍統一文字情報 親字・正字, ホップ数 1
U+58C7	𫝠	壇	reduction	mj-shrink-map	merge	MJ057240: 法務省戸籍法関連通達・通知, 種別 戸籍統一文字情報 親字・正字, ホップ数 1
U+58C7	𭐀	壇	reduction	mj-shrink-map	merge	MJ057246: 法務省戸籍法関連通達・通知, 種別 戸籍統一文字情報 親字・正字, ホップ数 1
U+58CA	壞	壊	reduction	mj-shrink-map	merge	MJ009367: 法務省戸籍法関連通達・通知, 種別 戸籍統一文字情報 親字・正字, ホップ数 1
U+58CC	壤	壌	reduction	mj-shrink-map	merge	MJ009376: 法務省戸籍法関連通達・通知, 種別 戸籍統一文字情報 親字・正字, ホップ数 1
U+58CC	𠧑	壤	reduction	mj-shrink-map	merge	MJ031769: 法務省戸籍法関連通達・通知, 種別 戸籍統一文字情報 親字・正字, ホップ数 1
U+58CC	𦦶	壤	reduction	mj-shrink-map	merge	MJ046043: 法務省戸籍法関連通達・通知, 種別 戸籍統一文字情報 親字・正字, ホップ数 1
U+58CE	坃	壎	reduction	mj-shrink-map	merge	MJ008930: 法務省戸籍法関連通達・通知, 種別 戸籍統一文字情報 親字・正字, ホップ数 1
U+58CE	壦	壎	reduction	mj-shrink-map	merge	MJ009379: 法務省戸籍法関連通達・通知, 種別 戸籍統一文字情報 親字・正字, ホップ数 1
U+58D1	𡓛	壑	reduction	mj-shrink-map	merge	MJ033252: 法務省戸籍法関連通達・通知, 種別 戸籍統一文字情報 親字・正字, ホップ数 1
U+58D1	𡓼	壑	reduction	mj-shrink-map	merge	MJ033265: 法務省戸籍法関連通達・通知, 種別 戸籍統一文字情報 親字・正字, ホップ数 1
U+58D1	𧮸	壑	reduction	mj-shrink-map	merge	MJ049282: 法務省戸籍法関連通達・通知, 種別 戸籍統一文字情報 親字・正字, ホップ数 1
U+58D2	𡑷	壒	reduction	mj-shrink-map	merge	MJ033208: 法務省戸籍法関連通達・通知, 種別 戸籍統一文字情報 親字・正字, ホップ数 1
U+58D4	𡑏	壔	reduction	mj-shrink-map	merge	MJ033188: 法務省戸籍法関連通達・通知, 種別 戸籍統一文字情報 親字・正字, ホップ数 1
U+58D9	儣	壙	reduction	mj-shrink-map	merge	MJ007169: 法務省戸籍法関連通達・通知, 種別 戸籍統一文字情報 親字・正字, ホップ数 1
U+58DC	墰	壜	reduction	mj-shrink-map	merge	MJ009312: 法務省戸籍法関連通達・通知, 種別 戸籍統一文字情報 親字・正字, ホップ数 1
U+58DC	墵	壜	reduction	mj-shrink-map	merge	MJ009317: 法務省戸籍法関連通達・通知, 種別 戸籍統一文字情報 親字・正字, ホップ数 1
U+58DC	罎	壜	reduction	mj-shrink-map	merge	MJ020523: 法務省戸籍法関連通達・通知, 種別 戸籍統一文字情報 親字・正字, ホップ数 1
U+58DC	壜	罎	variant	cjkvi-variants	corroborates	壜→罎 hydzd/variant | 壜→罎 jisx0212/variant | 壜→罎 jisx0213/variant | 罎→壜 dypytz/variant
U+58DC	𤮦	壜	reduction	mj-shrink-map	merge	MJ041268: 法務省戸籍法関連通達・通知, 種別 戸籍統一文字情報 親字・正字, ホップ数 1
U+58DF	壟	壟	compatibility	unicode-ucd	merge	58DF
U+58DF	壠	壟	reduction	mj-shrink-map	merge	MJ009370: 法務省戸籍法関連通達・通知, 種別 戸籍統一文字情報 親字・正字, ホップ数 1
U+58E9	䃻	壩	reduction	mj-shrink-map	merge	MJ003030: 法務省戸籍法関連通達・通知, 種別 戸籍統一文字情報 親字・正字, ホップ数 1
U+58EE	壯	𡉟	z	unihan	merge	壯→𡉟 kZVariant | 𡉟→壯 kZVariant
U+58EE	壮	壮	compatibility	unicode-ucd	merge	58EE
U+58EE	壯	𡉟	itaiji	mj-kanji	merge	X0213 包摂
U+58EE	䊋	壯	reduction	mj-shrink-map	merge	MJ003448: 法務省戸籍法関連通達・通知, 種別 戸籍統一文字情報 親字・正字, ホップ数 1
U+58EE	壯	壮	reduction	mj-shrink-map	merge	MJ009386: 法務省戸籍法関連通達・通知, 種別 戸籍統一文字情報 親字・正字, ホップ数 1
U+58EE	壵	壯	reduction	mj-shrink-map	merge	MJ009394: 法務省戸籍法関連通達・通知, 種別 戸籍統一文字情報 親字・正字, ホップ数 1
U+58F0	聲	声	reduction	mj-shrink-map	merge	MJ020876: 法務省戸籍法関連通達・通知, 種別 戸籍統一文字情報 親字・正字, ホップ数 1
U+58F0	𮋻	聲	reduction	mj-shrink-map	merge	MJ058370: 法務省戸籍法関連通達・通知, 種別 戸籍統一文字情報 親字・正字, ホップ数 1
U+58F1	壹	壱	reduction	mj-shrink-map	merge	MJ009397: 法務省戸籍法関連通達・通知, 種別 戸籍統一文字情報 親字・正字, ホップ数 1
U+58F1	夁	壹	reduction	mj-shrink-map	merge	MJ009405: 法務省戸籍法関連通達・通知, 種別 戸籍統一文字情報 親字・正字, ホップ数 1
U+58F1	𡔹	壹	reduction	mj-shrink-map	merge	MJ033303: 法務省戸籍法関連通達・通知, 種別 戸籍統一文字情報 親字・正字, ホップ数 1
U+58F1	𡔾	壹	reduction	mj-shrink-map	merge	MJ033306: 法務省戸籍法関連通達・通知, 種別 戸籍統一文字情報 親字・正字, ホップ数 1
U+58F1	𡕋	壹	reduction	mj-shrink-map	merge	MJ033311: 法務省戸籍法関連通達・通知, 種別 戸籍統一文字情報 親字・正字, ホップ数 1
U+58F1	𡕌	壹	reduction	mj-shrink-map	merge	MJ033312: 法務省戸籍法関連通達・通知, 種別 戸籍統一文字情報 親字・正字, ホップ数 1
U+58F1	𡕍	壹	reduction	mj-shrink-map	merge	MJ033313: 法務省戸籍法関連通達・通知, 種別 戸籍統一文字情報 親字・正字, ホップ数 1
U+58F1	𡘵	壹	reduction	mj-shrink-map	merge	MJ033464: 法務省戸籍法関連通達・通知, 種別 戸籍統一文字情報 親字・正字, ホップ数 1
U+58F2	売	売	compatibility	unicode-ucd	merge	58F2
U+58F2	売	壳	itaiji	mj-kanji	merge	X0213 包摂
U+58F2	賣	売	reduction	mj-shrink-map	merge	MJ025077: 法務省戸籍法関連通達・通知, 種別 戸籍統一文字情報 親字・正字, ホップ数 1
U+58F2	𧷓	賣	reduction	mj-shrink-map	merge	MJ049699: 法務省戸籍法関連通達・通知, 種別 戸籍統一文字情報 親字・正字, ホップ数 1
U+58F2	𧷨	賣	reduction	mj-shrink-map	merge	MJ049714: 法務省戸籍法関連通達・通知, 種別 戸籍統一文字情報 親字・正字, ホップ数 1
U+58F2	𧷵	賣	reduction	mj-shrink-map	merge	MJ049719: 法務省戸籍法関連通達・通知, 種別 戸籍統一文字情報 親字・正字, ホップ数 1
U+58F4	𧯛	壴	reduction	mj-shrink-map	merge	MJ049314: 法務省戸籍法関連通達・通知, 種別 戸籍統一文字情報 親字・正字, ホップ数 1
U+58F7	壷	壷	compatibility	unicode-ucd	merge	58F7
U+58F7	壺	壷	reduction	mj-shrink-map	merge	MJ009398: 法務省戸籍法関連通達・通知, 種別 戸籍統一文字情報 親字・正字, ホップ数 1
U+58F7	壺	壷	shinjitai	cjkvi-variants	corroborates	壷󠄀→壺󠄀 jp-old-style
U+58F7	壷	壺	variant	cjkvi-variants	corroborates	壷→壺 jisx0212/variant | 壷→壺 jisx0213/variant | 壺→壷 hydzd/variant | 壺→壷 twedu/variant
U+58F7	壷	壺	variant	hng-basic-data	corroborates	01908
U+58F7	壷	壺	variant	wikidata	corroborates	Q109740452; P248 Q10427532 | Q109740455; P248 Q10427532 | Q87585858; P248 Q10427532
U+58F7	壷	壺	equivalent	yitizi	corroborates	ytenx/JihThex.csv
U+58F7	𡐎	壺	reduction	mj-shrink-map	merge	MJ033159: 法務省戸籍法関連通達・通知, 種別 戸籍統一文字情報 親字・正字, ホップ数 1
U+58F7	𡔥	壺	reduction	mj-shrink-map	merge	MJ033288: 法務省戸籍法関連通達・通知, 種別 戸籍統一文字情報 親字・正字, ホップ数 1
U+58F7	𡔦	壺	reduction	mj-shrink-map	merge	MJ033289: 法務省戸籍法関連通達・通知, 種別 戸籍統一文字情報 親字・正字, ホップ数 1
U+58F7	𡔳	壺	reduction	mj-shrink-map	merge	MJ033298: 法務省戸籍法関連通達・通知, 種別 戸籍統一文字情報 親字・正字, ホップ数 1
U+58F7	𢑹	壺	reduction	mj-shrink-map	merge	MJ035746: 法務省戸籍法関連通達・通知, 種別 戸籍統一文字情報 親字・正字, ホップ数 1
U+58F7	𥁖	壺	reduction	mj-shrink-map	merge	MJ042079: 法務省戸籍法関連通達・通知, 種別 戸籍統一文字情報 親字・正字, ホップ数 1
U+58FB	聟	壻	reduction	mj-shrink-map	merge	MJ020856: 法務省戸籍法関連通達・通知, 種別 戸籍統一文字情報 親字・正字, ホップ数 1
U+58FB	壻	聟	variant	cjkvi-variants	corroborates	壻→聟 hydzd/variant | 壻→聟 jisx0212/variant | 聟→壻 jisx0213/variant
U+58FB	𡎎	壻	reduction	mj-shrink-map	merge	MJ033103: 法務省戸籍法関連通達・通知, 種別 戸籍統一文字情報 親字・正字, ホップ数 1
U+58FB	𦕓	壻	reduction	mj-shrink-map	merge	MJ045346: 法務省戸籍法関連通達・通知, 種別 戸籍統一文字情報 親字・正字, ホップ数 1
U+58FB	𦖜	壻	reduction	mj-shrink-map	merge	MJ045379: 法務省戸籍法関連通達・通知, 種別 戸籍統一文字情報 親字・正字, ホップ数 1
U+58FC	𠁕	壼	reduction	mj-shrink-map	merge	MJ030350: 法務省戸籍法関連通達・通知, 種別 戸籍統一文字情報 親字・正字, ホップ数 1
U+58FC	𠆊	壼	reduction	mj-shrink-map	merge	MJ030516: 法務省戸籍法関連通達・通知, 種別 戸籍統一文字情報 親字・正字, ホップ数 1
U+58FC	𠻭	壼	reduction	mj-shrink-map	merge	MJ032521: 法務省戸籍法関連通達・通知, 種別 戸籍統一文字情報 親字・正字, ホップ数 1
U+58FC	𡔶	壼	reduction	mj-shrink-map	merge	MJ033301: 法務省戸籍法関連通達・通知, 種別 戸籍統一文字情報 親字・正字, ホップ数 1
U+5906	夆	夆	compatibility	unicode-ucd	merge	5906
U+5909	變	變	compatibility	unicode-ucd	merge	8B8A
U+5909	變	變	compatibility	unicode-ucd	merge	8B8A
U+5909	變	変	reduction	mj-shrink-map	merge	MJ024841: 法務省戸籍法関連通達・通知, 種別 戸籍統一文字情報 親字・正字, ホップ数 1
U+5909	𠮓	變	reduction	mj-shrink-map	merge	MJ032098: 法務省戸籍法関連通達・通知, 種別 戸籍統一文字情報 親字・正字, ホップ数 1
U+5909	𢒛	變	reduction	mj-shrink-map	merge	MJ035767: 法務省戸籍法関連通達・通知, 種別 戸籍統一文字情報 親字・正字, ホップ数 1
U+5909	𢒟	變	reduction	mj-shrink-map	merge	MJ035771: 法務省戸籍法関連通達・通知, 種別 戸籍統一文字情報 親字・正字, ホップ数 1
U+5909	𢒦	變	reduction	mj-shrink-map	merge	MJ035777: 法務省戸籍法関連通達・通知, 種別 戸籍統一文字情報 親字・正字, ホップ数 1
U+5909	𢒪	變	reduction	mj-shrink-map	merge	MJ035780: 法務省戸籍法関連通達・通知, 種別 戸籍統一文字情報 親字・正字, ホップ数 1
U+5909	𢒭	變	reduction	mj-shrink-map	merge	MJ035783: 法務省戸籍法関連通達・通知, 種別 戸籍統一文字情報 親字・正字, ホップ数 1
U+5909	𣀵	變	reduction	mj-shrink-map	merge	MJ037439: 法務省戸籍法関連通達・通知, 種別 戸籍統一文字情報 親字・正字, ホップ数 1
U+5909	𦇥	變	reduction	mj-shrink-map	merge	MJ044748: 法務省戸籍法関連通達・通知, 種別 戸籍統一文字情報 親字・正字, ホップ数 1
U+590F	𠍺	夏	reduction	mj-shrink-map	merge	MJ030791: 法務省戸籍法関連通達・通知, 種別 戸籍統一文字情報 親字・正字, ホップ数 1
U+590F	𡔰	夏	reduction	mj-shrink-map	merge	MJ033296: 法務省戸籍法関連通達・通知, 種別 戸籍統一文字情報 親字・正字, ホップ数 1
U+590F	𡕻	夏	reduction	mj-shrink-map	merge	MJ033349: 法務省戸籍法関連通達・通知, 種別 戸籍統一文字情報 親字・正字, ホップ数 1
U+590F	𡕾	夏	reduction	mj-shrink-map	merge	MJ033352: 法務省戸籍法関連通達・通知, 種別 戸籍統一文字情報 親字・正字, ホップ数 1
U+590F	𣋗	夏	reduction	mj-shrink-map	merge	MJ037819: 法務省戸籍法関連通達・通知, 種別 戸籍統一文字情報 親字・正字, ホップ数 1
U+590F	𤴞	夏	reduction	mj-shrink-map	merge	MJ041513: 法務省戸籍法関連通達・通知, 種別 戸籍統一文字情報 親字・正字, ホップ数 1
U+590F	𨂮	夏	reduction	mj-shrink-map	merge	MJ050173: 法務省戸籍法関連通達・通知, 種別 戸籍統一文字情報 親字・正字, ホップ数 1
U+590F	𩖳	夏	reduction	mj-shrink-map	merge	MJ053706: 法務省戸籍法関連通達・通知, 種別 戸籍統一文字情報 親字・正字, ホップ数 1
U+590F	𭼂	夏	reduction	mj-shrink-map	merge	MJ058114: 法務省戸籍法関連通達・通知, 種別 戸籍統一文字情報 親字・正字, ホップ数 1
U+5916	𡖄	外	reduction	mj-shrink-map	merge	MJ033357: 法務省戸籍法関連通達・通知, 種別 戸籍統一文字情報 親字・正字, ホップ数 1
U+5919	𠈇	夙	reduction	mj-shrink-map	merge	MJ030581: 法務省戸籍法関連通達・通知, 種別 戸籍統一文字情報 親字・正字, ホップ数 1
U+5919	𠉦	夙	reduction	mj-shrink-map	merge	MJ030639: 法務省戸籍法関連通達・通知, 種別 戸籍統一文字情報 親字・正字, ホップ数 1
U+5919	𠘵	夙	reduction	mj-shrink-map	merge	MJ031164: 法務省戸籍法関連通達・通知, 種別 戸籍統一文字情報 親字・正字, ホップ数 1
U+5919	𡖊	夙	reduction	mj-shrink-map	merge	MJ033362: 法務省戸籍法関連通達・通知, 種別 戸籍統一文字情報 親字・正字, ホップ数 1
U+5919	𡖕	夙	reduction	mj-shrink-map	merge	MJ033371: 法務省戸籍法関連通達・通知, 種別 戸籍統一文字情報 親字・正字, ホップ数 1
U+5919	𣦽	夙	reduction	mj-shrink-map	merge	MJ038739: 法務省戸籍法関連通達・通知, 種別 戸籍統一文字情報 親字・正字, ホップ数 1
U+591A	多	多	compatibility	unicode-ucd	merge	591A
U+591A	㩼	多	reduction	mj-shrink-map	merge	MJ001499: 法務省戸籍法関連通達・通知, 種別 戸籍統一文字情報 親字・正字, ホップ数 1
U+591A	夛	多	reduction	mj-shrink-map	merge	MJ009438: 法務省戸籍法関連通達・通知, 種別 戸籍統一文字情報 親字・正字, ホップ数 1
U+591A	多	夛	variant	cjkvi-variants	corroborates	多→夛 hydzd/variant | 多→夛 jisx0212/variant | 多→夛 jisx0213/variant | 多→夛 twedu/variant
U+591A	多	夛	variant	hng-basic-data	corroborates	01938 | 01938b
U+591A	多	夛	variant	wikidata	corroborates	Q109740515; P248 Q10427532 | Q54553212; P248 Q10427532
U+591A	多	夛	equivalent	yitizi	corroborates	ytenx/JihThex.csv
U+591A	𡏗	多	reduction	mj-shrink-map	merge	MJ033141: 法務省戸籍法関連通達・通知, 種別 戸籍統一文字情報 親字・正字, ホップ数 1
U+591A	𡖇	多	reduction	mj-shrink-map	merge	MJ033360: 法務省戸籍法関連通達・通知, 種別 戸籍統一文字情報 親字・正字, ホップ数 1
U+591A	𡖈	多	reduction	mj-shrink-map	merge	MJ033361: 法務省戸籍法関連通達・通知, 種別 戸籍統一文字情報 親字・正字, ホップ数 1
U+591A	𡖩	多	reduction	mj-shrink-map	merge	MJ033383: 法務省戸籍法関連通達・通知, 種別 戸籍統一文字情報 親字・正字, ホップ数 1
U+591A	𢑑	多	reduction	mj-shrink-map	merge	MJ035709: 法務省戸籍法関連通達・通知, 種別 戸籍統一文字情報 親字・正字, ホップ数 1
U+591A	𢑰	多	reduction	mj-shrink-map	merge	MJ035739: 法務省戸籍法関連通達・通知, 種別 戸籍統一文字情報 親字・正字, ホップ数 1
U+591A	𭐴	多	reduction	mj-shrink-map	merge	MJ057263: 法務省戸籍法関連通達・通知, 種別 戸籍統一文字情報 親字・正字, ホップ数 1
U+591C	𠙇	夜	reduction	mj-shrink-map	merge	MJ031176: 法務省戸籍法関連通達・通知, 種別 戸籍統一文字情報 親字・正字, ホップ数 1
U+591C	𠙑	夜	reduction	mj-shrink-map	merge	MJ031184: 法務省戸籍法関連通達・通知, 種別 戸籍統一文字情報 親字・正字, ホップ数 1
U+591C	𡖍	夜	reduction	mj-shrink-map	merge	MJ033365: 法務省戸籍法関連通達・通知, 種別 戸籍統一文字情報 親字・正字, ホップ数 1
U+5922	夢	夢	compatibility	unicode-ucd	merge	5922
U+5922	夣	夢	reduction	mj-shrink-map	merge	MJ009448: 法務省戸籍法関連通達・通知, 種別 戸籍統一文字情報 親字・正字, ホップ数 1
U+5922	𦴋	夢	reduction	mj-shrink-map	merge	MJ046628: 法務省戸籍法関連通達・通知, 種別 戸籍統一文字情報 親字・正字, ホップ数 1
U+5922	𧁌	夢	reduction	mj-shrink-map	merge	MJ047161: 法務省戸籍法関連通達・通知, 種別 戸籍統一文字情報 親字・正字, ホップ数 1
U+5924	𡖸	夤	reduction	mj-shrink-map	merge	MJ033392: 法務省戸籍法関連通達・通知, 種別 戸籍統一文字情報 親字・正字, ホップ数 1
U+5925	㚌	夥	reduction	mj-shrink-map	merge	MJ000564: 法務省戸籍法関連通達・通知, 種別 戸籍統一文字情報 親字・正字, ホップ数 1
U+5925	𡖿	夥	reduction	mj-shrink-map	merge	MJ033400: 法務省戸籍法関連通達・通知, 種別 戸籍統一文字情報 親字・正字, ホップ数 1
U+5929	兲	天	reduction	mj-shrink-map	merge	MJ007282: 法務省戸籍法関連通達・通知, 種別 戸籍統一文字情報 親字・正字, ホップ数 1
U+5929	靝	天	reduction	mj-shrink-map	merge	MJ027918: 法務省戸籍法関連通達・通知, 種別 戸籍統一文字情報 親字・正字, ホップ数 1
U+5929	𠀘	天	reduction	mj-shrink-map	merge	MJ030328: 法務省戸籍法関連通達・通知, 種別 戸籍統一文字情報 親字・正字, ホップ数 1
U+5929	𠀡	天	reduction	mj-shrink-map	merge	MJ030334: 法務省戸籍法関連通達・通知, 種別 戸籍統一文字情報 親字・正字, ホップ数 1
U+5929	𠑺	天	reduction	mj-shrink-map	merge	MJ030907: 法務省戸籍法関連通達・通知, 種別 戸籍統一文字情報 親字・正字, ホップ数 1
U+5929	𠕹	天	reduction	mj-shrink-map	merge	MJ031067: 法務省戸籍法関連通達・通知, 種別 戸籍統一文字情報 親字・正字, ホップ数 1
U+5929	𦴞	天	reduction	mj-shrink-map	merge	MJ046644: 法務省戸籍法関連通達・通知, 種別 戸籍統一文字情報 親字・正字, ホップ数 1
U+5929	𩇗	天	reduction	mj-shrink-map	merge	MJ052946: 法務省戸籍法関連通達・通知, 種別 戸籍統一文字情報 親字・正字, ホップ数 1
U+5929	𩇞	天	reduction	mj-shrink-map	merge	MJ052951: 法務省戸籍法関連通達・通知, 種別 戸籍統一文字情報 親字・正字, ホップ数 1
U+592A	𣡳	太	reduction	mj-shrink-map	merge	MJ038486: 法務省戸籍法関連通達・通知, 種別 戸籍統一文字情報 親字・正字, ホップ数 1
U+592C	叏	夬	reduction	mj-shrink-map	merge	MJ007997: 法務省戸籍法関連通達・通知, 種別 戸籍統一文字情報 親字・正字, ホップ数 1
U+592D	𡕟	夭	reduction	mj-shrink-map	merge	MJ033329: 法務省戸籍法関連通達・通知, 種別 戸籍統一文字情報 親字・正字, ホップ数 1
U+592D	𡰭	夭	reduction	mj-shrink-map	merge	MJ034310: 法務省戸籍法関連通達・通知, 種別 戸籍統一文字情報 親字・正字, ホップ数 1
U+592D	𣧕	夭	reduction	mj-shrink-map	merge	MJ038759: 法務省戸籍法関連通達・通知, 種別 戸籍統一文字情報 親字・正字, ホップ数 1
U+592E	㡕	央	reduction	mj-shrink-map	merge	MJ000981: 法務省戸籍法関連通達・通知, 種別 戸籍統一文字情報 親字・正字, ホップ数 1
U+5931	𢩥	失	reduction	mj-shrink-map	merge	MJ036696: 法務省戸籍法関連通達・通知, 種別 戸籍統一文字情報 親字・正字, ホップ数 1
U+5932	𠦂	夲	reduction	mj-shrink-map	merge	MJ031726: 法務省戸籍法関連通達・通知, 種別 戸籍統一文字情報 親字・正字, ホップ数 1
U+5932	𠦍	夲	reduction	mj-shrink-map	merge	MJ031737: 法務省戸籍法関連通達・通知, 種別 戸籍統一文字情報 親字・正字, ホップ数 1
U+5937	𡗝	夷	reduction	mj-shrink-map	merge	MJ033415: 法務省戸籍法関連通達・通知, 種別 戸籍統一文字情報 親字・正字, ホップ数 1
U+5937	𢎯	夷	reduction	mj-shrink-map	merge	MJ057271: 法務省戸籍法関連通達・通知, 種別 戸籍統一文字情報 親字・正字, ホップ数 1
U+5937	𬻒	夷	reduction	mj-shrink-map	merge	MJ056834: 法務省戸籍法関連通達・通知, 種別 戸籍統一文字情報 親字・正字, ホップ数 1
U+5937	𭄧	夷	reduction	mj-shrink-map	merge	MJ057069: 法務省戸籍法関連通達・通知, 種別 戸籍統一文字情報 親字・正字, ホップ数 1
U+5937	𭑅	夷	reduction	mj-shrink-map	merge	MJ057274: 法務省戸籍法関連通達・通知, 種別 戸籍統一文字情報 親字・正字, ホップ数 1
U+5937	𭚨	夷	reduction	mj-shrink-map	merge	MJ057463: 法務省戸籍法関連通達・通知, 種別 戸籍統一文字情報 親字・正字, ホップ数 1
U+5938	𡗢	夸	reduction	mj-shrink-map	merge	MJ033420: 法務省戸籍法関連通達・通知, 種別 戸籍統一文字情報 親字・正字, ホップ数 1
U+5938	𡗴	夸	reduction	mj-shrink-map	merge	MJ033426: 法務省戸籍法関連通達・通知, 種別 戸籍統一文字情報 親字・正字, ホップ数 1
U+5938	𡘆	夸	reduction	mj-shrink-map	merge	MJ033440: 法務省戸籍法関連通達・通知, 種別 戸籍統一文字情報 親字・正字, ホップ数 1
U+5938	𭑃	夸	reduction	mj-shrink-map	merge	MJ057272: 法務省戸籍法関連通達・通知, 種別 戸籍統一文字情報 親字・正字, ホップ数 1
U+593E	𠖹	夾	reduction	mj-shrink-map	merge	MJ031096: 法務省戸籍法関連通達・通知, 種別 戸籍統一文字情報 親字・正字, ホップ数 1
U+5944	奄	奄	compatibility	unicode-ucd	merge	5944
U+5944	𡘤	奄	reduction	mj-shrink-map	merge	MJ033458: 法務省戸籍法関連通達・通知, 種別 戸籍統一文字情報 親字・正字, ホップ数 1
U+5944	𡘹	奄	reduction	mj-shrink-map	merge	MJ033468: 法務省戸籍法関連通達・通知, 種別 戸籍統一文字情報 親字・正字, ホップ数 1
U+5944	𩗷	奄	reduction	mj-shrink-map	merge	MJ053762: 法務省戸籍法関連通達・通知, 種別 戸籍統一文字情報 親字・正字, ホップ数 1
U+5947	竒	奇	reduction	mj-shrink-map	merge	MJ019317: 法務省戸籍法関連通達・通知, 種別 戸籍統一文字情報 親字・正字, ホップ数 1
U+5947	奇	竒	variant	cjkvi-variants	corroborates	奇→竒 hydzd/variant | 奇→竒 jisx0212/variant | 奇→竒 jisx0213/variant | 奇→竒 twedu/variant
U+5947	奇	竒	variant	hng-basic-data	corroborates	01972
U+5947	奇	竒	variant	wikidata	corroborates	Q109740590; P248 Q10427532 | Q109756219; P248 Q10427532
U+5947	奇	竒	equivalent	yitizi	corroborates	ytenx/JihThex.csv
U+5948	奈	奈	compatibility	unicode-ucd	merge	5948
U+5948	㮈	奈	reduction	mj-shrink-map	merge	MJ001746: 法務省戸籍法関連通達・通知, 種別 戸籍統一文字情報 親字・正字, ホップ数 1
U+5948	柰	奈	reduction	mj-shrink-map	merge	MJ013793: 法務省戸籍法関連通達・通知, 種別 戸籍統一文字情報 親字・正字, ホップ数 1
U+5948	𥘾	奈	reduction	mj-shrink-map	merge	MJ042985: 法務省戸籍法関連通達・通知, 種別 戸籍統一文字情報 親字・正字, ホップ数 1
U+5949	𠬻	奉	reduction	mj-shrink-map	merge	MJ032033: 法務省戸籍法関連通達・通知, 種別 戸籍統一文字情報 親字・正字, ホップ数 1
U+5949	𢱵	奉	reduction	mj-shrink-map	merge	MJ038856: 法務省戸籍法関連通達・通知, 種別 戸籍統一文字情報 親字・正字, ホップ数 1
U+594E	㚝	奎	reduction	mj-shrink-map	merge	MJ000579: 法務省戸籍法関連通達・通知, 種別 戸籍統一文字情報 親字・正字, ホップ数 1
U+594F	𠁾	奏	reduction	mj-shrink-map	merge	MJ030368: 法務省戸籍法関連通達・通知, 種別 戸籍統一文字情報 親字・正字, ホップ数 1
U+594F	𠭕	奏	reduction	mj-shrink-map	merge	MJ032051: 法務省戸籍法関連通達・通知, 種別 戸籍統一文字情報 親字・正字, ホップ数 1
U+594F	𠭡	奏	reduction	mj-shrink-map	merge	MJ032062: 法務省戸籍法関連通達・通知, 種別 戸籍統一文字情報 親字・正字, ホップ数 1
U+594F	𡘶	奏	reduction	mj-shrink-map	merge	MJ033465: 法務省戸籍法関連通達・通知, 種別 戸籍統一文字情報 親字・正字, ホップ数 1
U+594F	𡙹	奏	reduction	mj-shrink-map	merge	MJ033507: 法務省戸籍法関連通達・通知, 種別 戸籍統一文字情報 親字・正字, ホップ数 1
U+594F	𡲯	奏	reduction	mj-shrink-map	merge	MJ034398: 法務省戸籍法関連通達・通知, 種別 戸籍統一文字情報 親字・正字, ホップ数 1
U+594F	𡳡	奏	reduction	mj-shrink-map	merge	MJ034426: 法務省戸籍法関連通達・通知, 種別 戸籍統一文字情報 親字・正字, ホップ数 1
U+594F	𡴝	奏	reduction	mj-shrink-map	merge	MJ034459: 法務省戸籍法関連通達・通知, 種別 戸籍統一文字情報 親字・正字, ホップ数 1
U+594F	𡴨	奏	reduction	mj-shrink-map	merge	MJ034468: 法務省戸籍法関連通達・通知, 種別 戸籍統一文字情報 親字・正字, ホップ数 1
U+594F	𢽥	奏	reduction	mj-shrink-map	merge	MJ037306: 法務省戸籍法関連通達・通知, 種別 戸籍統一文字情報 親字・正字, ホップ数 1
U+5950	𢍅	奐	reduction	mj-shrink-map	merge	MJ035502: 法務省戸籍法関連通達・通知, 種別 戸籍統一文字情報 親字・正字, ホップ数 1
U+5950	𭑏	奐	reduction	mj-shrink-map	merge	MJ057281: 法務省戸籍法関連通達・通知, 種別 戸籍統一文字情報 親字・正字, ホップ数 1
U+5950	𭑒	奐	reduction	mj-shrink-map	merge	MJ057280: 法務省戸籍法関連通達・通知, 種別 戸籍統一文字情報 親字・正字, ホップ数 1
U+5950	𮊆	奐	reduction	mj-shrink-map	merge	MJ056995: 法務省戸籍法関連通達・通知, 種別 戸籍統一文字情報 親字・正字, ホップ数 1
U+5951	契	契	compatibility	unicode-ucd	merge	5951
U+5951	𡬨	契	reduction	mj-shrink-map	merge	MJ034161: 法務省戸籍法関連通達・通知, 種別 戸籍統一文字情報 親字・正字, ホップ数 1
U+5951	𢍠	契	reduction	mj-shrink-map	merge	MJ035524: 法務省戸籍法関連通達・通知, 種別 戸籍統一文字情報 親字・正字, ホップ数 1
U+5954	奔	奔	compatibility	unicode-ucd	merge	5954
U+5954	渀	奔	reduction	mj-shrink-map	merge	MJ015517: 法務省戸籍法関連通達・通知, 種別 戸籍統一文字情報 親字・正字, ホップ数 1
U+5954	𠬼	奔	reduction	mj-shrink-map	merge	MJ032034: 法務省戸籍法関連通達・通知, 種別 戸籍統一文字情報 親字・正字, ホップ数 1
U+5954	𢍃	奔	reduction	mj-shrink-map	merge	MJ035500: 法務省戸籍法関連通達・通知, 種別 戸籍統一文字情報 親字・正字, ホップ数 1
U+5954	𥝯	奔	reduction	mj-shrink-map	merge	MJ043145: 法務省戸籍法関連通達・通知, 種別 戸籍統一文字情報 親字・正字, ホップ数 1
U+5954	𧾜	奔	reduction	mj-shrink-map	merge	MJ049981: 法務省戸籍法関連通達・通知, 種別 戸籍統一文字情報 親字・正字, ホップ数 1
U+5954	𧿣	奔	reduction	mj-shrink-map	merge	MJ050037: 法務省戸籍法関連通達・通知, 種別 戸籍統一文字情報 親字・正字, ホップ数 1
U+5954	𨁼	奔	reduction	mj-shrink-map	merge	MJ050135: 法務省戸籍法関連通達・通知, 種別 戸籍統一文字情報 親字・正字, ホップ数 1
U+5957	㚐	套	reduction	mj-shrink-map	merge	MJ000566: 法務省戸籍法関連通達・通知, 種別 戸籍統一文字情報 親字・正字, ホップ数 1
U+5957	𡘂	套	reduction	mj-shrink-map	merge	MJ033437: 法務省戸籍法関連通達・通知, 種別 戸籍統一文字情報 親字・正字, ホップ数 1
U+5957	𡘷	套	reduction	mj-shrink-map	merge	MJ033466: 法務省戸籍法関連通達・通知, 種別 戸籍統一文字情報 親字・正字, ホップ数 1
U+5958	弉	奘	reduction	mj-shrink-map	merge	MJ011133: 法務省戸籍法関連通達・通知, 種別 戸籍統一文字情報 親字・正字, ホップ数 1
U+5958	奘	弉	variant	cjkvi-variants	corroborates	奘→弉 hydzd/variant | 奘→弉 jisx0212/variant | 奘→弉 jisx0213/variant
U+5958	奘	弉	variant	hng-basic-data	corroborates	01994
U+5958	奘	弉	variant	wikidata	corroborates	Q109740619; P248 Q10427532 | Q109742271; P248 Q10427532
U+5958	奘	弉	equivalent	yitizi	corroborates	ytenx/JihThex.csv
U+595A	𭑑	奚	reduction	mj-shrink-map	merge	MJ057279: 法務省戸籍法関連通達・通知, 種別 戸籍統一文字情報 親字・正字, ホップ数 1
U+595D	𠶰	奝	reduction	mj-shrink-map	merge	MJ032370: 法務省戸籍法関連通達・通知, 種別 戸籍統一文字情報 親字・正字, ホップ数 1
U+5960	𠪝	奠	reduction	mj-shrink-map	merge	MJ031929: 法務省戸籍法関連通達・通知, 種別 戸籍統一文字情報 親字・正字, ホップ数 1
U+5962	奢	奢	compatibility	unicode-ucd	merge	5962
U+5965	奧	奥	reduction	mj-shrink-map	merge	MJ009527: 法務省戸籍法関連通達・通知, 種別 戸籍統一文字情報 親字・正字, ホップ数 1
U+5965	㠗	嶴	reduction	mj-shrink-map	merge	MJ000926: 法務省戸籍法関連通達・通知, 種別 戸籍統一文字情報 親字・正字, ホップ数 1
U+5965	嶴	奧	reduction	mj-shrink-map	merge	MJ010716: 法務省戸籍法関連通達・通知, 種別 戸籍統一文字情報 親字・正字, ホップ数 1
U+5965	𠆇	奧	reduction	mj-shrink-map	merge	MJ030514: 法務省戸籍法関連通達・通知, 種別 戸籍統一文字情報 親字・正字, ホップ数 1
U+5965	𡪃	奧	reduction	mj-shrink-map	merge	MJ034060: 法務省戸籍法関連通達・通知, 種別 戸籍統一文字情報 親字・正字, ホップ数 1
U+5965	𢍢	奧	reduction	mj-shrink-map	merge	MJ035525: 法務省戸籍法関連通達・通知, 種別 戸籍統一文字情報 親字・正字, ホップ数 1
U+5968	奨	奬	z	unihan	merge	奨→奬 kZVariant | 奬→奨 kZVariant
U+5968	㢡	奬	reduction	mj-shrink-map	merge	MJ001057: 法務省戸籍法関連通達・通知, 種別 戸籍統一文字情報 親字・正字, ホップ数 1
U+5968	奬	奨	reduction	mj-shrink-map	merge	MJ009534: 法務省戸籍法関連通達・通知, 種別 戸籍統一文字情報 親字・正字, ホップ数 1
U+5969	𢇣	奩	reduction	mj-shrink-map	merge	MJ035272: 法務省戸籍法関連通達・通知, 種別 戸籍統一文字情報 親字・正字, ホップ数 1
U+5969	𢊴	奩	reduction	mj-shrink-map	merge	MJ035414: 法務省戸籍法関連通達・通知, 種別 戸籍統一文字情報 親字・正字, ホップ数 1
U+5969	𨕏	奩	reduction	mj-shrink-map	merge	MJ050963: 法務省戸籍法関連通達・通知, 種別 戸籍統一文字情報 親字・正字, ホップ数 1
U+5969	𨘰	奩	reduction	mj-shrink-map	merge	MJ051132: 法務省戸籍法関連通達・通知, 種別 戸籍統一文字情報 親字・正字, ホップ数 1
U+596A	𠔟	奪	reduction	mj-shrink-map	merge	MJ031006: 法務省戸籍法関連通達・通知, 種別 戸籍統一文字情報 親字・正字, ホップ数 1
U+596A	𡙜	奪	reduction	mj-shrink-map	merge	MJ033493: 法務省戸籍法関連通達・通知, 種別 戸籍統一文字情報 親字・正字, ホップ数 1
U+596A	𡙸	奪	reduction	mj-shrink-map	merge	MJ033506: 法務省戸籍法関連通達・通知, 種別 戸籍統一文字情報 親字・正字, ホップ数 1
U+596D	𡚐	奭	reduction	mj-shrink-map	merge	MJ033520: 法務省戸籍法関連通達・通知, 種別 戸籍統一文字情報 親字・正字, ホップ数 1
U+5973	女	女	compatibility	unicode-ucd	merge	5973
U+5973	𠨰	女	reduction	mj-shrink-map	merge	MJ031846: 法務省戸籍法関連通達・通知, 種別 戸籍統一文字情報 親字・正字, ホップ数 1
U+5978	𡝎	奸	reduction	mj-shrink-map	merge	MJ033622: 法務省戸籍法関連通達・通知, 種別 戸籍統一文字情報 親字・正字, ホップ数 1
U+597D	㝀	好	reduction	mj-shrink-map	merge	MJ000725: 法務省戸籍法関連通達・通知, 種別 戸籍統一文字情報 親字・正字, ホップ数 1
U+597D	𡚽	好	reduction	mj-shrink-map	merge	MJ033544: 法務省戸籍法関連通達・通知, 種別 戸籍統一文字情報 親字・正字, ホップ数 1
U+597D	𡥃	好	reduction	mj-shrink-map	merge	MJ033869: 法務省戸籍法関連通達・通知, 種別 戸籍統一文字情報 親字・正字, ホップ数 1
U+597D	𢑒	好	reduction	mj-shrink-map	merge	MJ035710: 法務省戸籍法関連通達・通知, 種別 戸籍統一文字情報 親字・正字, ホップ数 1
U+597D	𩐔	好	reduction	mj-shrink-map	merge	MJ053397: 法務省戸籍法関連通達・通知, 種別 戸籍統一文字情報 親字・正字, ホップ数 1
U+5983	𡝑	妃	reduction	mj-shrink-map	merge	MJ033624: 法務省戸籍法関連通達・通知, 種別 戸籍統一文字情報 親字・正字, ホップ数 1
U+5983	𡝞	妃	reduction	mj-shrink-map	merge	MJ033633: 法務省戸籍法関連通達・通知, 種別 戸籍統一文字情報 親字・正字, ホップ数 1
U+598A	𡜟	妊	reduction	mj-shrink-map	merge	MJ033591: 法務省戸籍法関連通達・通知, 種別 戸籍統一文字情報 親字・正字, ホップ数 1
U+5996	𡝩	妖	reduction	mj-shrink-map	merge	MJ033643: 法務省戸籍法関連通達・通知, 種別 戸籍統一文字情報 親字・正字, ホップ数 1
U+599D	娤	妝	reduction	mj-shrink-map	merge	MJ009728: 法務省戸籍法関連通達・通知, 種別 戸籍統一文字情報 親字・正字, ホップ数 1
U+599D	𤖩	妝	reduction	mj-shrink-map	merge	MJ040341: 法務省戸籍法関連通達・通知, 種別 戸籍統一文字情報 親字・正字, ホップ数 1
U+59A3	𡚧	妣	reduction	mj-shrink-map	merge	MJ033532: 法務省戸籍法関連通達・通知, 種別 戸籍統一文字情報 親字・正字, ホップ数 1
U+59A5	𡛎	妥	reduction	mj-shrink-map	merge	MJ033549: 法務省戸籍法関連通達・通知, 種別 戸籍統一文字情報 親字・正字, ホップ数 1
U+59A5	𢼻	妥	reduction	mj-shrink-map	merge	MJ037278: 法務省戸籍法関連通達・通知, 種別 戸籍統一文字情報 親字・正字, ホップ数 1
U+59BB	𡚸	妻	reduction	mj-shrink-map	merge	MJ033539: 法務省戸籍法関連通達・通知, 種別 戸籍統一文字情報 親字・正字, ホップ数 1
U+59BB	𡜈	妻	reduction	mj-shrink-map	merge	MJ033581: 法務省戸籍法関連通達・通知, 種別 戸籍統一文字情報 親字・正字, ホップ数 1
U+59BB	𡜌	妻	reduction	mj-shrink-map	merge	MJ033585: 法務省戸籍法関連通達・通知, 種別 戸籍統一文字情報 親字・正字, ホップ数 1
U+59BB	𡜛	妻	reduction	mj-shrink-map	merge	MJ033588: 法務省戸籍法関連通達・通知, 種別 戸籍統一文字情報 親字・正字, ホップ数 1
U+59BB	𡜽	妻	reduction	mj-shrink-map	merge	MJ033614: 法務省戸籍法関連通達・通知, 種別 戸籍統一文字情報 親字・正字, ホップ数 1
U+59CB	兘	始	reduction	mj-shrink-map	merge	MJ007247: 法務省戸籍法関連通達・通知, 種別 戸籍統一文字情報 親字・正字, ホップ数 1
U+59CB	𠃭	始	reduction	mj-shrink-map	merge	MJ030430: 法務省戸籍法関連通達・通知, 種別 戸籍統一文字情報 親字・正字, ホップ数 1
U+59CD	㛽	姍	reduction	mj-shrink-map	merge	MJ000665: 法務省戸籍法関連通達・通知, 種別 戸籍統一文字情報 親字・正字, ホップ数 1
U+59D2	娰	姒	reduction	mj-shrink-map	merge	MJ009742: 法務省戸籍法関連通達・通知, 種別 戸籍統一文字情報 親字・正字, ホップ数 1
U+59D3	𤯕	姓	reduction	mj-shrink-map	merge	MJ041304: 法務省戸籍法関連通達・通知, 種別 戸籍統一文字情報 親字・正字, ホップ数 1
U+59D3	𤯣	姓	reduction	mj-shrink-map	merge	MJ041315: 法務省戸籍法関連通達・通知, 種別 戸籍統一文字情報 親字・正字, ホップ数 1
U+59D3	𤯧	姓	reduction	mj-shrink-map	merge	MJ041317: 法務省戸籍法関連通達・通知, 種別 戸籍統一文字情報 親字・正字, ホップ数 1
U+59D3	𤯬	姓	reduction	mj-shrink-map	merge	MJ041318: 法務省戸籍法関連通達・通知, 種別 戸籍統一文字情報 親字・正字, ホップ数 1
U+59D9	𨉃	姙	reduction	mj-shrink-map	merge	MJ050409: 法務省戸籍法関連通達・通知, 種別 戸籍統一文字情報 親字・正字, ホップ数 1
U+59DE	𡜩	姞	reduction	mj-shrink-map	merge	MJ033599: 法務省戸籍法関連通達・通知, 種別 戸籍統一文字情報 親字・正字, ホップ数 1
U+59E3	㚣	姣	reduction	mj-shrink-map	merge	MJ000585: 法務省戸籍法関連通達・通知, 種別 戸籍統一文字情報 親字・正字, ホップ数 1
U+59E6	𢙶	姦	reduction	mj-shrink-map	merge	MJ036083: 法務省戸籍法関連通達・通知, 種別 戸籍統一文字情報 親字・正字, ホップ数 1
U+59EA	㜼	姪	reduction	mj-shrink-map	merge	MJ000722: 法務省戸籍法関連通達・通知, 種別 戸籍統一文字情報 親字・正字, ホップ数 1
U+59EA	𡥺	姪	reduction	mj-shrink-map	merge	MJ033898: 法務省戸籍法関連通達・通知, 種別 戸籍統一文字情報 親字・正字, ホップ数 1
U+59EB	㚦	姫	reduction	mj-shrink-map	merge	MJ000588: 法務省戸籍法関連通達・通知, 種別 戸籍統一文字情報 親字・正字, ホップ数 1
U+59EC	姬	姬	compatibility	unicode-ucd	merge	59EC
U+59EE	嫦	姮	reduction	mj-shrink-map	merge	MJ009938: 法務省戸籍法関連通達・通知, 種別 戸籍統一文字情報 親字・正字, ホップ数 1
U+59EE	𫰟	姮	reduction	mj-shrink-map	merge	MJ057297: 法務省戸籍法関連通達・通知, 種別 戸籍統一文字情報 親字・正字, ホップ数 1
U+59F8	蔅	姸	reduction	mj-shrink-map	merge	MJ022649: 法務省戸籍法関連通達・通知, 種別 戸籍統一文字情報 親字・正字, ホップ数 1
U+59FB	𡜭	姻	reduction	mj-shrink-map	merge	MJ033603: 法務省戸籍法関連通達・通知, 種別 戸籍統一文字情報 親字・正字, ホップ数 1
U+59FB	𤯠	姻	reduction	mj-shrink-map	merge	MJ041312: 法務省戸籍法関連通達・通知, 種別 戸籍統一文字情報 親字・正字, ホップ数 1
U+5A01	𭑿	威	reduction	mj-shrink-map	merge	MJ057299: 法務省戸籍法関連通達・通知, 種別 戸籍統一文字情報 親字・正字, ホップ数 1
U+5A1C	𡟦	娜	reduction	mj-shrink-map	merge	MJ033689: 法務省戸籍法関連通達・通知, 種別 戸籍統一文字情報 親字・正字, ホップ数 1
U+5A20	𡝌	娠	reduction	mj-shrink-map	merge	MJ033620: 法務省戸籍法関連通達・通知, 種別 戸籍統一文字情報 親字・正字, ホップ数 1
U+5A27	娧	娧	compatibility	unicode-ucd	merge	5A27
U+5A29	㝃	娩	reduction	mj-shrink-map	merge	MJ000728: 法務省戸籍法関連通達・通知, 種別 戸籍統一文字情報 親字・正字, ホップ数 1
U+5A2F	娛	娯	z	unihan	merge	娛→娯 kZVariant | 娯→娛 kZVariant
U+5A2F	娛	娛	compatibility	unicode-ucd	merge	5A1B
U+5A2F	娛	娯	itaiji	mj-kanji	merge	X0213 包摂
U+5A2F	娛	娯	reduction	mj-shrink-map	merge	MJ009717: 法務省戸籍法関連通達・通知, 種別 戸籍統一文字情報 親字・正字, ホップ数 1
U+5A40	妸	婀	reduction	mj-shrink-map	merge	MJ009615: 法務省戸籍法関連通達・通知, 種別 戸籍統一文字情報 親字・正字, ホップ数 1
U+5A41	㺏	婁	reduction	mj-shrink-map	merge	MJ002458: 法務省戸籍法関連通達・通知, 種別 戸籍統一文字情報 親字・正字, ホップ数 1
U+5A41	𡇔	婁	reduction	mj-shrink-map	merge	MJ032846: 法務省戸籍法関連通達・通知, 種別 戸籍統一文字情報 親字・正字, ホップ数 1
U+5A41	𡜰	婁	reduction	mj-shrink-map	merge	MJ033606: 法務省戸籍法関連通達・通知, 種別 戸籍統一文字情報 親字・正字, ホップ数 1
U+5A41	𡝤	婁	reduction	mj-shrink-map	merge	MJ033638: 法務省戸籍法関連通達・通知, 種別 戸籍統一文字情報 親字・正字, ホップ数 1
U+5A41	𡝨	婁	reduction	mj-shrink-map	merge	MJ033642: 法務省戸籍法関連通達・通知, 種別 戸籍統一文字情報 親字・正字, ホップ数 1
U+5A41	𡞔	婁	reduction	mj-shrink-map	merge	MJ033650: 法務省戸籍法関連通達・通知, 種別 戸籍統一文字情報 親字・正字, ホップ数 1
U+5A41	𡡋	婁	reduction	mj-shrink-map	merge	MJ033732: 法務省戸籍法関連通達・通知, 種別 戸籍統一文字情報 親字・正字, ホップ数 1
U+5A41	𡡼	婁	reduction	mj-shrink-map	merge	MJ033754: 法務省戸籍法関連通達・通知, 種別 戸籍統一文字情報 親字・正字, ホップ数 1
U+5A41	𣫻	婁	reduction	mj-shrink-map	merge	MJ038971: 法務省戸籍法関連通達・通知, 種別 戸籍統一文字情報 親字・正字, ホップ数 1
U+5A46	㜑	婆	reduction	mj-shrink-map	merge	MJ000682: 法務省戸籍法関連通達・通知, 種別 戸籍統一文字情報 親字・正字, ホップ数 1
U+5A46	媻	婆	reduction	mj-shrink-map	merge	MJ009884: 法務省戸籍法関連通達・通知, 種別 戸籍統一文字情報 親字・正字, ホップ数 1
U+5A46	𡟖	婆	reduction	mj-shrink-map	merge	MJ033677: 法務省戸籍法関連通達・通知, 種別 戸籍統一文字情報 親字・正字, ホップ数 1
U+5A46	𡣩	婆	reduction	mj-shrink-map	merge	MJ033816: 法務省戸籍法関連通達・通知, 種別 戸籍統一文字情報 親字・正字, ホップ数 1
U+5A5A	㛰	婚	reduction	mj-shrink-map	merge	MJ000651: 法務省戸籍法関連通達・通知, 種別 戸籍統一文字情報 親字・正字, ホップ数 1
U+5A5A	𡕼	婚	reduction	mj-shrink-map	merge	MJ033351: 法務省戸籍法関連通達・通知, 種別 戸籍統一文字情報 親字・正字, ホップ数 1
U+5A5A	𡕽	婚	reduction	mj-shrink-map	merge	MJ033350: 法務省戸籍法関連通達・通知, 種別 戸籍統一文字情報 親字・正字, ホップ数 1
U+5A5A	𡖀	婚	reduction	mj-shrink-map	merge	MJ033354: 法務省戸籍法関連通達・通知, 種別 戸籍統一文字情報 親字・正字, ホップ数 1
U+5A5A	𡝪	婚	reduction	mj-shrink-map	merge	MJ033644: 法務省戸籍法関連通達・通知, 種別 戸籍統一文字情報 親字・正字, ホップ数 1
U+5A62	婢	婢	compatibility	unicode-ucd	merge	5A62
U+5A66	婦	婦	compatibility	unicode-ucd	merge	5A66
U+5A66	媍	婦	reduction	mj-shrink-map	merge	MJ009836: 法務省戸籍法関連通達・通知, 種別 戸籍統一文字情報 親字・正字, ホップ数 1
U+5A66	𢽰	婦	reduction	mj-shrink-map	merge	MJ037316: 法務省戸籍法関連通達・通知, 種別 戸籍統一文字情報 親字・正字, ホップ数 1
U+5A67	婙	婧	reduction	mj-shrink-map	merge	MJ009782: 法務省戸籍法関連通達・通知, 種別 戸籍統一文字情報 親字・正字, ホップ数 1
U+5A7F	𡠸	婿	reduction	mj-shrink-map	merge	MJ033723: 法務省戸籍法関連通達・通知, 種別 戸籍統一文字情報 親字・正字, ホップ数 1
U+5A84	㜫	媄	reduction	mj-shrink-map	merge	MJ000704: 法務省戸籍法関連通達・通知, 種別 戸籍統一文字情報 親字・正字, ホップ数 1
U+5A84	媺	媄	reduction	mj-shrink-map	merge	MJ009881: 法務省戸籍法関連通達・通知, 種別 戸籍統一文字情報 親字・正字, ホップ数 1
U+5A84	嬍	媺	reduction	mj-shrink-map	merge	MJ009978: 法務省戸籍法関連通達・通知, 種別 戸籍統一文字情報 親字・正字, ホップ数 1
U+5A9A	𡡚	媚	reduction	mj-shrink-map	merge	MJ033745: 法務省戸籍法関連通達・通知, 種別 戸籍統一文字情報 親字・正字, ホップ数 1
U+5A9A	𡡾	媚	reduction	mj-shrink-map	merge	MJ033756: 法務省戸籍法関連通達・通知, 種別 戸籍統一文字情報 親字・正字, ホップ数 1
U+5A9F	𡜄	媟	reduction	mj-shrink-map	merge	MJ033576: 法務省戸籍法関連通達・通知, 種別 戸籍統一文字情報 親字・正字, ホップ数 1
U+5A9F	𡝥	媟	reduction	mj-shrink-map	merge	MJ033639: 法務省戸籍法関連通達・通知, 種別 戸籍統一文字情報 親字・正字, ホップ数 1
U+5A9F	𡤏	媟	reduction	mj-shrink-map	merge	MJ033839: 法務省戸籍法関連通達・通知, 種別 戸籍統一文字情報 親字・正字, ホップ数 1
U+5AA7	𡢓	媧	reduction	mj-shrink-map	merge	MJ033768: 法務省戸籍法関連通達・通知, 種別 戸籍統一文字情報 親字・正字, ホップ数 1
U+5AAF	媯	嬀	z	unihan	merge	媯→嬀 kZVariant | 嬀→媯 kZVariant
U+5AB2	媲	𡠌	z	unihan	merge	媲→𡠌 kZVariant | 𡠌→媲 kZVariant
U+5AB5	媵	媵	compatibility	unicode-ucd	merge	5AB5
U+5AB5	𦩩	媵	reduction	mj-shrink-map	merge	MJ046173: 法務省戸籍法関連通達・通知, 種別 戸籍統一文字情報 親字・正字, ホップ数 1
U+5ABF	聭	媿	reduction	mj-shrink-map	merge	MJ020868: 法務省戸籍法関連通達・通知, 種別 戸籍統一文字情報 親字・正字, ホップ数 1
U+5AC2	㛮	㛮	compatibility	unicode-ucd	merge	36EE
U+5AC2	㛮	嫂	reduction	mj-shrink-map	merge	MJ000648: 法務省戸籍法関連通達・通知, 種別 戸籍統一文字情報 親字・正字, ホップ数 1
U+5AC9	㑵	嫉	reduction	mj-shrink-map	merge	MJ000085: 法務省戸籍法関連通達・通知, 種別 戸籍統一文字情報 親字・正字, ホップ数 1
U+5AC9	𡜍	嫉	reduction	mj-shrink-map	merge	MJ033586: 法務省戸籍法関連通達・通知, 種別 戸籍統一文字情報 親字・正字, ホップ数 1
U+5AC9	𢞱	嫉	reduction	mj-shrink-map	merge	MJ036276: 法務省戸籍法関連通達・通知, 種別 戸籍統一文字情報 親字・正字, ホップ数 1
U+5ACB	嬝	嫋	reduction	mj-shrink-map	merge	MJ009994: 法務省戸籍法関連通達・通知, 種別 戸籍統一文字情報 親字・正字, ホップ数 1
U+5AD6	𡤚	嫖	reduction	mj-shrink-map	merge	MJ033844: 法務省戸籍法関連通達・通知, 種別 戸籍統一文字情報 親字・正字, ホップ数 1
U+5AE1	𡡿	嫡	reduction	mj-shrink-map	merge	MJ033757: 法務省戸籍法関連通達・通知, 種別 戸籍統一文字情報 親字・正字, ホップ数 1
U+5AE5	𡞤	嫥	reduction	mj-shrink-map	merge	MJ033661: 法務省戸籍法関連通達・通知, 種別 戸籍統一文字情報 親字・正字, ホップ数 1
U+5AE9	𤯦	嫩	reduction	mj-shrink-map	merge	MJ041316: 法務省戸籍法関連通達・通知, 種別 戸籍統一文字情報 親字・正字, ホップ数 1
U+5AE9	𤯯	嫩	reduction	mj-shrink-map	merge	MJ041319: 法務省戸籍法関連通達・通知, 種別 戸籍統一文字情報 親字・正字, ホップ数 1
U+5AE9	𦠫	嫩	reduction	mj-shrink-map	merge	MJ045780: 法務省戸籍法関連通達・通知, 種別 戸籍統一文字情報 親字・正字, ホップ数 1
U+5AF5	娬	嫵	reduction	mj-shrink-map	merge	MJ009738: 法務省戸籍法関連通達・通知, 種別 戸籍統一文字情報 親字・正字, ホップ数 1
U+5AF5	𡣆	嫵	reduction	mj-shrink-map	merge	MJ033794: 法務省戸籍法関連通達・通知, 種別 戸籍統一文字情報 親字・正字, ホップ数 1
U+5AFA	嫺	𡢃	itaiji	mj-kanji	merge	X0213 包摂
U+5AFA	嫻	嫺	reduction	mj-shrink-map	merge	MJ009959: 法務省戸籍法関連通達・通知, 種別 戸籍統一文字情報 親字・正字, ホップ数 1
U+5AFA	嫺	嫻	variant	cjkvi-variants	corroborates	嫺→嫻 hydzd/variant | 嫺→嫻 jisx0212/variant | 嫺→嫻 jisx0213/variant | 嫻→嫺 dypytz/variant | 嫻→嫺 twedu/variant
U+5AFA	嫺	嫻	variant	wikidata	corroborates	Q109741109; P248 Q10427532 Q63443408 | Q109741110; P248 Q10427532 Q63443408
U+5AFA	嫺	嫻	equivalent	yitizi	corroborates	ytenx/JihThex.csv
U+5AFA	𡢃	嫺	reduction	mj-shrink-map	merge	MJ033759: 法務省戸籍法関連通達・通知, 種別 戸籍統一文字情報 親字・正字, ホップ数 1
U+5B08	嬈	嬈	compatibility	unicode-ucd	merge	5B08
U+5B09	㜯	娭	reduction	mj-shrink-map	merge	MJ000706: 法務省戸籍法関連通達・通知, 種別 戸籍統一文字情報 親字・正字, ホップ数 1
U+5B09	娭	嬉	reduction	mj-shrink-map	merge	MJ009739: 法務省戸籍法関連通達・通知, 種別 戸籍統一文字情報 親字・正字, ホップ数 1
U+5B0B	𡠐	嬋	reduction	mj-shrink-map	merge	MJ033707: 法務省戸籍法関連通達・通知, 種別 戸籍統一文字情報 親字・正字, ホップ数 1
U+5B19	𡣰	嬙	reduction	mj-shrink-map	merge	MJ033824: 法務省戸籍法関連通達・通知, 種別 戸籍統一文字情報 親字・正字, ホップ数 1
U+5B22	孃	嬢	reduction	mj-shrink-map	merge	MJ010038: 法務省戸籍法関連通達・通知, 種別 戸籍統一文字情報 親字・正字, ホップ数 1
U+5B28	嬨	嬨	compatibility	unicode-ucd	merge	5B28
U+5B2A	姘	姘	compatibility	unicode-ucd	merge	59D8
U+5B2A	姘	嬪	reduction	mj-shrink-map	merge	MJ009647: 法務省戸籍法関連通達・通知, 種別 戸籍統一文字情報 親字・正字, ホップ数 1
U+5B2A	娦	嬪	reduction	mj-shrink-map	merge	MJ009730: 法務省戸籍法関連通達・通知, 種別 戸籍統一文字情報 親字・正字, ホップ数 1
U+5B2A	𡜷	嬪	reduction	mj-shrink-map	merge	MJ057301: 法務省戸籍法関連通達・通知, 種別 戸籍統一文字情報 親字・正字, ホップ数 1
U+5B2A	𡝏	嬪	reduction	mj-shrink-map	merge	MJ033623: 法務省戸籍法関連通達・通知, 種別 戸籍統一文字情報 親字・正字, ホップ数 1
U+5B2A	𡣑	嬪	reduction	mj-shrink-map	merge	MJ033804: 法務省戸籍法関連通達・通知, 種別 戸籍統一文字情報 親字・正字, ホップ数 1
U+5B2A	𡣕	嬪	reduction	mj-shrink-map	merge	MJ033807: 法務省戸籍法関連通達・通知, 種別 戸籍統一文字情報 親字・正字, ホップ数 1
U+5B2A	𡤁	嬪	reduction	mj-shrink-map	merge	MJ033835: 法務省戸籍法関連通達・通知, 種別 戸籍統一文字情報 親字・正字, ホップ数 1
U+5B2A	𨊕	嬪	reduction	mj-shrink-map	merge	MJ050460: 法務省戸籍法関連通達・通知, 種別 戸籍統一文字情報 親字・正字, ホップ数 1
U+5B2C	𡢉	嬬	reduction	mj-shrink-map	merge	MJ033763: 法務省戸籍法関連通達・通知, 種別 戸籍統一文字情報 親字・正字, ホップ数 1
U+5B2D	𡤘	嬭	reduction	mj-shrink-map	merge	MJ033842: 法務省戸籍法関連通達・通知, 種別 戸籍統一文字情報 親字・正字, ホップ数 1
U+5B30	孆	嬰	reduction	mj-shrink-map	merge	MJ010041: 法務省戸籍法関連通達・通知, 種別 戸籍統一文字情報 親字・正字, ホップ数 1
U+5B32	嫐	嬲	reduction	mj-shrink-map	merge	MJ009914: 法務省戸籍法関連通達・通知, 種別 戸籍統一文字情報 親字・正字, ホップ数 1
U+5B32	嫐	嬲	variant	cjkvi-variants	corroborates	嬲→嫐 jisx0212/variant | 嬲→嫐 jisx0213/variant
U+5B32	𠒰	嬲	reduction	mj-shrink-map	merge	MJ030936: 法務省戸籍法関連通達・通知, 種別 戸籍統一文字情報 親字・正字, ホップ数 1
U+5B34	㜲	嬴	reduction	mj-shrink-map	merge	MJ000711: 法務省戸籍法関連通達・通知, 種別 戸籍統一文字情報 親字・正字, ホップ数 1
U+5B34	𡢔	嬴	reduction	mj-shrink-map	merge	MJ033769: 法務省戸籍法関連通達・通知, 種別 戸籍統一文字情報 親字・正字, ホップ数 1
U+5B34	𡢣	嬴	reduction	mj-shrink-map	merge	MJ033780: 法務省戸籍法関連通達・通知, 種別 戸籍統一文字情報 親字・正字, ホップ数 1
U+5B34	𡣍	嬴	reduction	mj-shrink-map	merge	MJ033800: 法務省戸籍法関連通達・通知, 種別 戸籍統一文字情報 親字・正字, ホップ数 1
U+5B3E	嬾	嬾	compatibility	unicode-ucd	merge	5B3E
U+5B3E	嬾	嬾	compatibility	unicode-ucd	merge	5B3E
U+5B3E	㦨	嬾	reduction	mj-shrink-map	merge	MJ001307: 法務省戸籍法関連通達・通知, 種別 戸籍統一文字情報 親字・正字, ホップ数 1
U+5B3E	孏	嬾	reduction	mj-shrink-map	merge	MJ010050: 法務省戸籍法関連通達・通知, 種別 戸籍統一文字情報 親字・正字, ホップ数 1
U+5B45	𡣳	孅	reduction	mj-shrink-map	merge	MJ033826: 法務省戸籍法関連通達・通知, 種別 戸籍統一文字情報 親字・正字, ホップ数 1
U+5B4C	㜻	孌	reduction	mj-shrink-map	merge	MJ000721: 法務省戸籍法関連通達・通知, 種別 戸籍統一文字情報 親字・正字, ホップ数 1
U+5B4C	𡢛	孌	reduction	mj-shrink-map	merge	MJ033777: 法務省戸籍法関連通達・通知, 種別 戸籍統一文字情報 親字・正字, ホップ数 1
U+5B4C	𡤣	孌	reduction	mj-shrink-map	merge	MJ033849: 法務省戸籍法関連通達・通知, 種別 戸籍統一文字情報 親字・正字, ホップ数 1
U+5B4C	𡤨	孌	reduction	mj-shrink-map	merge	MJ033852: 法務省戸籍法関連通達・通知, 種別 戸籍統一文字情報 親字・正字, ホップ数 1
U+5B50	㜽	子	reduction	mj-shrink-map	merge	MJ000723: 法務省戸籍法関連通達・通知, 種別 戸籍統一文字情報 親字・正字, ホップ数 1
U+5B50	𠙭	子	reduction	mj-shrink-map	merge	MJ031199: 法務省戸籍法関連通達・通知, 種別 戸籍統一文字情報 親字・正字, ホップ数 1
U+5B50	𡐫	子	reduction	mj-shrink-map	merge	MJ033178: 法務省戸籍法関連通達・通知, 種別 戸籍統一文字情報 親字・正字, ホップ数 1
U+5B50	𡿹	子	reduction	mj-shrink-map	merge	MJ034919: 法務省戸籍法関連通達・通知, 種別 戸籍統一文字情報 親字・正字, ホップ数 1
U+5B50	𢀇	子	reduction	mj-shrink-map	merge	MJ034931: 法務省戸籍法関連通達・通知, 種別 戸籍統一文字情報 親字・正字, ホップ数 1
U+5B50	𢀈	子	reduction	mj-shrink-map	merge	MJ034932: 法務省戸籍法関連通達・通知, 種別 戸籍統一文字情報 親字・正字, ホップ数 1
U+5B50	𢀉	子	reduction	mj-shrink-map	merge	MJ034933: 法務省戸籍法関連通達・通知, 種別 戸籍統一文字情報 親字・正字, ホップ数 1
U+5B50	𣕓	子	reduction	mj-shrink-map	merge	MJ038131: 法務省戸籍法関連通達・通知, 種別 戸籍統一文字情報 親字・正字, ホップ数 1
U+5B55	㞌	孕	reduction	mj-shrink-map	merge	MJ000797: 法務省戸籍法関連通達・通知, 種別 戸籍統一文字情報 親字・正字, ホップ数 1
U+5B55	𡥗	孕	reduction	mj-shrink-map	merge	MJ033881: 法務省戸籍法関連通達・通知, 種別 戸籍統一文字情報 親字・正字, ホップ数 1
U+5B55	𥀨	孕	reduction	mj-shrink-map	merge	MJ042042: 法務省戸籍法関連通達・通知, 種別 戸籍統一文字情報 親字・正字, ホップ数 1
U+5B55	𨈼	孕	reduction	mj-shrink-map	merge	MJ050406: 法務省戸籍法関連通達・通知, 種別 戸籍統一文字情報 親字・正字, ホップ数 1
U+5B57	𡥜	字	reduction	mj-shrink-map	merge	MJ033883: 法務省戸籍法関連通達・通知, 種別 戸籍統一文字情報 親字・正字, ホップ数 1
U+5B57	𥤪	字	reduction	mj-shrink-map	merge	MJ043386: 法務省戸籍法関連通達・通知, 種別 戸籍統一文字情報 親字・正字, ホップ数 1
U+5B58	𠩯	存	reduction	mj-shrink-map	merge	MJ031895: 法務省戸籍法関連通達・通知, 種別 戸籍統一文字情報 親字・正字, ホップ数 1
U+5B58	𡥅	存	reduction	mj-shrink-map	merge	MJ033870: 法務省戸籍法関連通達・通知, 種別 戸籍統一文字情報 親字・正字, ホップ数 1
U+5B5A	𤓽	孚	reduction	mj-shrink-map	merge	MJ040217: 法務省戸籍法関連通達・通知, 種別 戸籍統一文字情報 親字・正字, ホップ数 1
U+5B5B	𡥇	孛	reduction	mj-shrink-map	merge	MJ033872: 法務省戸籍法関連通達・通知, 種別 戸籍統一文字情報 親字・正字, ホップ数 1
U+5B5B	𣎵	孛	reduction	mj-shrink-map	merge	MJ068078: 法務省戸籍法関連通達・通知, 種別 戸籍統一文字情報 親字・正字, ホップ数 1
U+5B5F	𥁃	孟	reduction	mj-shrink-map	merge	MJ042062: 法務省戸籍法関連通達・通知, 種別 戸籍統一文字情報 親字・正字, ホップ数 1
U+5B5F	𥁪	孟	reduction	mj-shrink-map	merge	MJ042088: 法務省戸籍法関連通達・通知, 種別 戸籍統一文字情報 親字・正字, ホップ数 1
U+5B63	𡦠	季	reduction	mj-shrink-map	merge	MJ033923: 法務省戸籍法関連通達・通知, 種別 戸籍統一文字情報 親字・正字, ホップ数 1
U+5B63	𩐄	季	reduction	mj-shrink-map	merge	MJ053388: 法務省戸籍法関連通達・通知, 種別 戸籍統一文字情報 親字・正字, ホップ数 1
U+5B63	𩐖	季	reduction	mj-shrink-map	merge	MJ053399: 法務省戸籍法関連通達・通知, 種別 戸籍統一文字情報 親字・正字, ホップ数 1
U+5B64	𦣮	孤	reduction	mj-shrink-map	merge	MJ045897: 法務省戸籍法関連通達・通知, 種別 戸籍統一文字情報 親字・正字, ホップ数 1
U+5B66	學	学	reduction	mj-shrink-map	merge	MJ010095: 法務省戸籍法関連通達・通知, 種別 戸籍統一文字情報 親字・正字, ホップ数 1
U+5B66	𡕕	學	reduction	mj-shrink-map	merge	MJ033320: 法務省戸籍法関連通達・通知, 種別 戸籍統一文字情報 親字・正字, ホップ数 1
U+5B66	𣁃	學	reduction	mj-shrink-map	merge	MJ037443: 法務省戸籍法関連通達・通知, 種別 戸籍統一文字情報 親字・正字, ホップ数 1
U+5B66	𭓗	學	reduction	mj-shrink-map	merge	MJ057325: 法務省戸籍法関連通達・通知, 種別 戸籍統一文字情報 親字・正字, ホップ数 1
U+5B6B	𡤾	孫	reduction	mj-shrink-map	merge	MJ033865: 法務省戸籍法関連通達・通知, 種別 戸籍統一文字情報 親字・正字, ホップ数 1
U+5B6B	𭓂	孫	reduction	mj-shrink-map	merge	MJ057320: 法務省戸籍法関連通達・通知, 種別 戸籍統一文字情報 親字・正字, ホップ数 1
U+5B6B	𭮑	孫	reduction	mj-shrink-map	merge	MJ057907: 法務省戸籍法関連通達・通知, 種別 戸籍統一文字情報 親字・正字, ホップ数 1
U+5B6F	𡦋	孯	reduction	mj-shrink-map	merge	MJ033908: 法務省戸籍法関連通達・通知, 種別 戸籍統一文字情報 親字・正字, ホップ数 1
U+5B70	𠅩	孰	reduction	mj-shrink-map	merge	MJ030503: 法務省戸籍法関連通達・通知, 種別 戸籍統一文字情報 親字・正字, ホップ数 1
U+5B70	𩪿	孰	reduction	mj-shrink-map	merge	MJ054643: 法務省戸籍法関連通達・通知, 種別 戸籍統一文字情報 親字・正字, ホップ数 1
U+5B70	𭓔	孰	reduction	mj-shrink-map	merge	MJ057323: 法務省戸籍法関連通達・通知, 種別 戸籍統一文字情報 親字・正字, ホップ数 1
U+5B73	孳	孶	itaiji	mj-kanji	merge	X0213 包摂
U+5B73	𢀐	孳	reduction	mj-shrink-map	merge	MJ034939: 法務省戸籍法関連通達・通知, 種別 戸籍統一文字情報 親字・正字, ホップ数 1
U+5B73	𢇖	孳	reduction	mj-shrink-map	merge	MJ035262: 法務省戸籍法関連通達・通知, 種別 戸籍統一文字情報 親字・正字, ホップ数 1
U+5B7A	𡦗	孺	reduction	mj-shrink-map	merge	MJ033916: 法務省戸籍法関連通達・通知, 種別 戸籍統一文字情報 親字・正字, ホップ数 1
U+5B7A	𡦘	孺	reduction	mj-shrink-map	merge	MJ033917: 法務省戸籍法関連通達・通知, 種別 戸籍統一文字情報 親字・正字, ホップ数 1
U+5B7D	𦽚	孽	reduction	mj-shrink-map	merge	MJ046997: 法務省戸籍法関連通達・通知, 種別 戸籍統一文字情報 親字・正字, ホップ数 1
U+5B7F	㝈	孿	reduction	mj-shrink-map	merge	MJ000732: 法務省戸籍法関連通達・通知, 種別 戸籍統一文字情報 親字・正字, ホップ数 1
U+5B84	𠬚	宄	reduction	mj-shrink-map	merge	MJ032007: 法務省戸籍法関連通達・通知, 種別 戸籍統一文字情報 親字・正字, ホップ数 1
U+5B84	𡧌	宄	reduction	mj-shrink-map	merge	MJ033945: 法務省戸籍法関連通達・通知, 種別 戸籍統一文字情報 親字・正字, ホップ数 1
U+5B84	𡧫	宄	reduction	mj-shrink-map	merge	MJ033967: 法務省戸籍法関連通達・通知, 種別 戸籍統一文字情報 親字・正字, ホップ数 1
U+5B85	宅	宅	compatibility	unicode-ucd	merge	5B85
U+5B85	𡊾	宅	reduction	mj-shrink-map	merge	MJ033005: 法務省戸籍法関連通達・通知, 種別 戸籍統一文字情報 親字・正字, ホップ数 1
U+5B85	𡧜	宅	reduction	mj-shrink-map	merge	MJ033957: 法務省戸籍法関連通達・通知, 種別 戸籍統一文字情報 親字・正字, ホップ数 1
U+5B87	㙑	宇	reduction	mj-shrink-map	merge	MJ000509: 法務省戸籍法関連通達・通知, 種別 戸籍統一文字情報 親字・正字, ホップ数 1
U+5B87	㝢	宇	reduction	mj-shrink-map	merge	MJ000757: 法務省戸籍法関連通達・通知, 種別 戸籍統一文字情報 親字・正字, ホップ数 1
U+5B87	㡰	宇	reduction	mj-shrink-map	merge	MJ001011: 法務省戸籍法関連通達・通知, 種別 戸籍統一文字情報 親字・正字, ホップ数 1
U+5B87	𠨯	宇	reduction	mj-shrink-map	merge	MJ031845: 法務省戸籍法関連通達・通知, 種別 戸籍統一文字情報 親字・正字, ホップ数 1
U+5B87	𡧃	宇	reduction	mj-shrink-map	merge	MJ033940: 法務省戸籍法関連通達・通知, 種別 戸籍統一文字情報 親字・正字, ホップ数 1
U+5B87	𡧈	𡧈	compatibility	unicode-ucd	merge	219C8
U+5B87	𡧈	宇	reduction	mj-shrink-map	merge	MJ033942: 法務省戸籍法関連通達・通知, 種別 戸籍統一文字情報 親字・正字, ホップ数 1
U+5B87	𢉠	宇	reduction	mj-shrink-map	merge	MJ035363: 法務省戸籍法関連通達・通知, 種別 戸籍統一文字情報 親字・正字, ホップ数 1
U+5B88	㝊	守	reduction	mj-shrink-map	merge	MJ000733: 法務省戸籍法関連通達・通知, 種別 戸籍統一文字情報 親字・正字, ホップ数 1
U+5B88	𡬮	守	reduction	mj-shrink-map	merge	MJ034165: 法務省戸籍法関連通達・通知, 種別 戸籍統一文字情報 親字・正字, ホップ数 1
U+5B88	𡬴	守	reduction	mj-shrink-map	merge	MJ034172: 法務省戸籍法関連通達・通知, 種別 戸籍統一文字情報 親字・正字, ホップ数 1
U+5B89	𭑨	安	reduction	mj-shrink-map	merge	MJ057290: 法務省戸籍法関連通達・通知, 種別 戸籍統一文字情報 親字・正字, ホップ数 1
U+5B98	𠕍	官	reduction	mj-shrink-map	merge	MJ031037: 法務省戸籍法関連通達・通知, 種別 戸籍統一文字情報 親字・正字, ホップ数 1
U+5B98	𡦹	官	reduction	mj-shrink-map	merge	MJ033933: 法務省戸籍法関連通達・通知, 種別 戸籍統一文字情報 親字・正字, ホップ数 1
U+5B98	𡧺	官	reduction	mj-shrink-map	merge	MJ033975: 法務省戸籍法関連通達・通知, 種別 戸籍統一文字情報 親字・正字, ホップ数 1
U+5B99	鈾	宙	reduction	mj-shrink-map	merge	MJ026724: 法務省戸籍法関連通達・通知, 種別 戸籍統一文字情報 親字・正字, ホップ数 1
U+5B9C	㝖	宜	reduction	mj-shrink-map	merge	MJ000745: 法務省戸籍法関連通達・通知, 種別 戸籍統一文字情報 親字・正字, ホップ数 1
U+5B9C	冝	宜	reduction	mj-shrink-map	merge	MJ007334: 法務省戸籍法関連通達・通知, 種別 戸籍統一文字情報 親字・正字, ホップ数 1
U+5B9C	宐	宜	reduction	mj-shrink-map	merge	MJ010121: 法務省戸籍法関連通達・通知, 種別 戸籍統一文字情報 親字・正字, ホップ数 1
U+5B9C	𠣨	宜	reduction	mj-shrink-map	merge	MJ031622: 法務省戸籍法関連通達・通知, 種別 戸籍統一文字情報 親字・正字, ホップ数 1
U+5B9C	𡨆	宜	reduction	mj-shrink-map	merge	MJ033985: 法務省戸籍法関連通達・通知, 種別 戸籍統一文字情報 親字・正字, ホップ数 1
U+5B9C	𡪀	宜	reduction	mj-shrink-map	merge	MJ034057: 法務省戸籍法関連通達・通知, 種別 戸籍統一文字情報 親字・正字, ホップ数 1
U+5B9D	㻄	寶	reduction	mj-shrink-map	merge	MJ002502: 法務省戸籍法関連通達・通知, 種別 戸籍統一文字情報 親字・正字, ホップ数 1
U+5B9D	寚	寶	reduction	mj-shrink-map	merge	MJ010212: 法務省戸籍法関連通達・通知, 種別 戸籍統一文字情報 親字・正字, ホップ数 1
U+5B9D	寶	宝	reduction	mj-shrink-map	merge	MJ010251: 法務省戸籍法関連通達・通知, 種別 戸籍統一文字情報 親字・正字, ホップ数 1
U+5B9D	珤	寶	reduction	mj-shrink-map	merge	MJ017216: 法務省戸籍法関連通達・通知, 種別 戸籍統一文字情報 親字・正字, ホップ数 1
U+5B9D	靌	寶	reduction	mj-shrink-map	merge	MJ027891: 法務省戸籍法関連通達・通知, 種別 戸籍統一文字情報 親字・正字, ホップ数 1
U+5B9D	𠋾	寶	reduction	mj-shrink-map	merge	MJ030724: 法務省戸籍法関連通達・通知, 種別 戸籍統一文字情報 親字・正字, ホップ数 1
U+5B9D	𡩧	寶	reduction	mj-shrink-map	merge	MJ034045: 法務省戸籍法関連通達・通知, 種別 戸籍統一文字情報 親字・正字, ホップ数 1
U+5B9D	𡪓	寶	reduction	mj-shrink-map	merge	MJ034070: 法務省戸籍法関連通達・通知, 種別 戸籍統一文字情報 親字・正字, ホップ数 1
U+5B9D	𡫷	寶	reduction	mj-shrink-map	merge	MJ034122: 法務省戸籍法関連通達・通知, 種別 戸籍統一文字情報 親字・正字, ホップ数 1
U+5B9F	實	実	reduction	mj-shrink-map	merge	MJ010229: 法務省戸籍法関連通達・通知, 種別 戸籍統一文字情報 親字・正字, ホップ数 1
U+5B9F	𡾍	實	reduction	mj-shrink-map	merge	MJ034844: 法務省戸籍法関連通達・通知, 種別 戸籍統一文字情報 親字・正字, ホップ数 1
U+5BA3	𡨈	宣	reduction	mj-shrink-map	merge	MJ033988: 法務省戸籍法関連通達・通知, 種別 戸籍統一文字情報 親字・正字, ホップ数 1
U+5BA3	𡩦	宣	reduction	mj-shrink-map	merge	MJ034044: 法務省戸籍法関連通達・通知, 種別 戸籍統一文字情報 親字・正字, ホップ数 1
U+5BA3	𡪏	宣	reduction	mj-shrink-map	merge	MJ034066: 法務省戸籍法関連通達・通知, 種別 戸籍統一文字情報 親字・正字, ホップ数 1
U+5BA6	䆠	宦	reduction	mj-shrink-map	merge	MJ003206: 法務省戸籍法関連通達・通知, 種別 戸籍統一文字情報 親字・正字, ホップ数 1
U+5BA6	𠈄	宦	reduction	mj-shrink-map	merge	MJ030578: 法務省戸籍法関連通達・通知, 種別 戸籍統一文字情報 親字・正字, ホップ数 1
U+5BA6	𠋪	宦	reduction	mj-shrink-map	merge	MJ030704: 法務省戸籍法関連通達・通知, 種別 戸籍統一文字情報 親字・正字, ホップ数 1
U+5BB0	𠈾	宰	reduction	mj-shrink-map	merge	MJ030621: 法務省戸籍法関連通達・通知, 種別 戸籍統一文字情報 親字・正字, ホップ数 1
U+5BB0	𡨔	宰	reduction	mj-shrink-map	merge	MJ033995: 法務省戸籍法関連通達・通知, 種別 戸籍統一文字情報 親字・正字, ホップ数 1
U+5BB0	𡨧	宰	reduction	mj-shrink-map	merge	MJ034008: 法務省戸籍法関連通達・通知, 種別 戸籍統一文字情報 親字・正字, ホップ数 1
U+5BB0	𡪤	宰	reduction	mj-shrink-map	merge	MJ034081: 法務省戸籍法関連通達・通知, 種別 戸籍統一文字情報 親字・正字, ホップ数 1
U+5BB3	𠕛	害	reduction	mj-shrink-map	merge	MJ031046: 法務省戸籍法関連通達・通知, 種別 戸籍統一文字情報 親字・正字, ホップ数 1
U+5BB3	𡧱	害	reduction	mj-shrink-map	merge	MJ033973: 法務省戸籍法関連通達・通知, 種別 戸籍統一文字情報 親字・正字, ホップ数 1
U+5BB3	𤇵	害	reduction	mj-shrink-map	merge	MJ039894: 法務省戸籍法関連通達・通知, 種別 戸籍統一文字情報 親字・正字, ホップ数 1
U+5BB3	𭓯	害	reduction	mj-shrink-map	merge	MJ057332: 法務省戸籍法関連通達・通知, 種別 戸籍統一文字情報 親字・正字, ホップ数 1
U+5BB4	𡩷	宴	reduction	mj-shrink-map	merge	MJ034051: 法務省戸籍法関連通達・通知, 種別 戸籍統一文字情報 親字・正字, ホップ数 1
U+5BB5	𣆺	宵	reduction	mj-shrink-map	merge	MJ037693: 法務省戸籍法関連通達・通知, 種別 戸籍統一文字情報 親字・正字, ホップ数 1
U+5BB6	𠖔	家	reduction	mj-shrink-map	merge	MJ031080: 法務省戸籍法関連通達・通知, 種別 戸籍統一文字情報 親字・正字, ホップ数 1
U+5BB6	𡧚	家	reduction	mj-shrink-map	merge	MJ033956: 法務省戸籍法関連通達・通知, 種別 戸籍統一文字情報 親字・正字, ホップ数 1
U+5BB6	𡩅	家	reduction	mj-shrink-map	merge	MJ034028: 法務省戸籍法関連通達・通知, 種別 戸籍統一文字情報 親字・正字, ホップ数 1
U+5BB6	𡩙	家	reduction	mj-shrink-map	merge	MJ034034: 法務省戸籍法関連通達・通知, 種別 戸籍統一文字情報 親字・正字, ホップ数 1
U+5BB9	㝐	容	reduction	mj-shrink-map	merge	MJ000739: 法務省戸籍法関連通達・通知, 種別 戸籍統一文字情報 親字・正字, ホップ数 1
U+5BB9	彮	容	reduction	mj-shrink-map	merge	MJ011270: 法務省戸籍法関連通達・通知, 種別 戸籍統一文字情報 親字・正字, ホップ数 1
U+5BB9	𠕺	容	reduction	mj-shrink-map	merge	MJ031068: 法務省戸籍法関連通達・通知, 種別 戸籍統一文字情報 親字・正字, ホップ数 1
U+5BBF	𡪴	宿	reduction	mj-shrink-map	merge	MJ034087: 法務省戸籍法関連通達・通知, 種別 戸籍統一文字情報 親字・正字, ホップ数 1
U+5BC2	𡧘	寂	reduction	mj-shrink-map	merge	MJ033954: 法務省戸籍法関連通達・通知, 種別 戸籍統一文字情報 親字・正字, ホップ数 1
U+5BC2	𡧤	寂	reduction	mj-shrink-map	merge	MJ033961: 法務省戸籍法関連通達・通知, 種別 戸籍統一文字情報 親字・正字, ホップ数 1
U+5BC2	𡧯	寂	reduction	mj-shrink-map	merge	MJ033971: 法務省戸籍法関連通達・通知, 種別 戸籍統一文字情報 親字・正字, ホップ数 1
U+5BC2	𡨜	寂	reduction	mj-shrink-map	merge	MJ033999: 法務省戸籍法関連通達・通知, 種別 戸籍統一文字情報 親字・正字, ホップ数 1
U+5BC2	𥤽	寂	reduction	mj-shrink-map	merge	MJ043401: 法務省戸籍法関連通達・通知, 種別 戸籍統一文字情報 親字・正字, ホップ数 1
U+5BC2	𥥒	寂	reduction	mj-shrink-map	merge	MJ043417: 法務省戸籍法関連通達・通知, 種別 戸籍統一文字情報 親字・正字, ホップ数 1
U+5BC2	𧧌	寂	reduction	mj-shrink-map	merge	MJ048882: 法務省戸籍法関連通達・通知, 種別 戸籍統一文字情報 親字・正字, ホップ数 1
U+5BC3	寃	寃	compatibility	unicode-ucd	merge	5BC3
U+5BC3	寃	𡨚	itaiji	mj-kanji	merge	X0213 包摂
U+5BC4	𭔃	寄	reduction	mj-shrink-map	merge	MJ057340: 法務省戸籍法関連通達・通知, 種別 戸籍統一文字情報 親字・正字, ホップ数 1
U+5BC5	㝙	寅	reduction	mj-shrink-map	merge	MJ000748: 法務省戸籍法関連通達・通知, 種別 戸籍統一文字情報 親字・正字, ホップ数 1
U+5BC5	𡓵	寅	reduction	mj-shrink-map	merge	MJ033263: 法務省戸籍法関連通達・通知, 種別 戸籍統一文字情報 親字・正字, ホップ数 1
U+5BC5	𡩟	寅	reduction	mj-shrink-map	merge	MJ034036: 法務省戸籍法関連通達・通知, 種別 戸籍統一文字情報 親字・正字, ホップ数 1
U+5BC5	𡩪	寅	reduction	mj-shrink-map	merge	MJ034048: 法務省戸籍法関連通達・通知, 種別 戸籍統一文字情報 親字・正字, ホップ数 1
U+5BC5	𢁐	寅	reduction	mj-shrink-map	merge	MJ034974: 法務省戸籍法関連通達・通知, 種別 戸籍統一文字情報 親字・正字, ホップ数 1
U+5BC5	𦦚	寅	reduction	mj-shrink-map	merge	MJ046025: 法務省戸籍法関連通達・通知, 種別 戸籍統一文字情報 親字・正字, ホップ数 1
U+5BC6	宻	密	reduction	mj-shrink-map	merge	MJ010171: 法務省戸籍法関連通達・通知, 種別 戸籍統一文字情報 親字・正字, ホップ数 1
U+5BC6	𡪖	密	reduction	mj-shrink-map	merge	MJ034071: 法務省戸籍法関連通達・通知, 種別 戸籍統一文字情報 親字・正字, ホップ数 1
U+5BC6	𡶇	密	reduction	mj-shrink-map	merge	MJ034527: 法務省戸籍法関連通達・通知, 種別 戸籍統一文字情報 親字・正字, ホップ数 1
U+5BC6	𢛬	密	reduction	mj-shrink-map	merge	MJ036165: 法務省戸籍法関連通達・通知, 種別 戸籍統一文字情報 親字・正字, ホップ数 1
U+5BC6	𦆥	密	reduction	mj-shrink-map	merge	MJ044708: 法務省戸籍法関連通達・通知, 種別 戸籍統一文字情報 親字・正字, ホップ数 1
U+5BC6	𧶡	密	reduction	mj-shrink-map	merge	MJ049668: 法務省戸籍法関連通達・通知, 種別 戸籍統一文字情報 親字・正字, ホップ数 1
U+5BC6	𭓽	密	reduction	mj-shrink-map	merge	MJ067952: 法務省戸籍法関連通達・通知, 種別 戸籍統一文字情報 親字・正字, ホップ数 1
U+5BC6	𭔀	密	reduction	mj-shrink-map	merge	MJ057342: 法務省戸籍法関連通達・通知, 種別 戸籍統一文字情報 親字・正字, ホップ数 1
U+5BC7	冦	寇	reduction	mj-shrink-map	merge	MJ007351: 法務省戸籍法関連通達・通知, 種別 戸籍統一文字情報 親字・正字, ホップ数 1
U+5BC7	冦	寇	variant	cjkvi-variants	corroborates	冦→寇 jisx0212/variant | 冦→寇 jisx0213/variant | 寇→冦 hydzd/variant | 寇→冦 twedu/variant
U+5BC7	冦	寇	variant	hng-basic-data	corroborates	02363
U+5BC7	冦	寇	variant	wikidata	corroborates	Q109738023; P248 Q10427532 | Q109741330; P248 Q10427532
U+5BC7	冦	寇	equivalent	yitizi	corroborates	ytenx/JihThex.csv
U+5BC7	𢽉	寇	reduction	mj-shrink-map	merge	MJ037290: 法務省戸籍法関連通達・通知, 種別 戸籍統一文字情報 親字・正字, ホップ数 1
U+5BCC	冨	富	reduction	mj-shrink-map	merge	MJ007353: 法務省戸籍法関連通達・通知, 種別 戸籍統一文字情報 親字・正字, ホップ数 1
U+5BCC	冨	富	variant	cjkvi-variants	corroborates	富→冨 hydzd/variant | 富→冨 jinmei2/variant | 富→冨 jisx0212/variant | 富→冨 jisx0213/variant | 富→冨 twedu/variant
U+5BCC	冨	富	variant	hng-basic-data	corroborates	02366 | 02366b | 02366c
U+5BCC	冨	富	variant	wikidata	corroborates	Q109738025; P248 Q10427532 | Q54901633; P248 Q10427532
U+5BCC	冨	富	equivalent	yitizi	corroborates	ytenx/JihThex.csv
U+5BCC	𭁻	富	reduction	mj-shrink-map	merge	MJ057030: 法務省戸籍法関連通達・通知, 種別 戸籍統一文字情報 親字・正字, ホップ数 1
U+5BD2	𡫜	寒	reduction	mj-shrink-map	merge	MJ034106: 法務省戸籍法関連通達・通知, 種別 戸籍統一文字情報 親字・正字, ホップ数 1
U+5BD2	𡫮	寒	reduction	mj-shrink-map	merge	MJ034115: 法務省戸籍法関連通達・通知, 種別 戸籍統一文字情報 親字・正字, ホップ数 1
U+5BD2	𡫾	寒	reduction	mj-shrink-map	merge	MJ034128: 法務省戸籍法関連通達・通知, 種別 戸籍統一文字情報 親字・正字, ホップ数 1
U+5BD2	𣽬	寒	reduction	mj-shrink-map	merge	MJ039588: 法務省戸籍法関連通達・通知, 種別 戸籍統一文字情報 親字・正字, ホップ数 1
U+5BD4	𥦽	寔	reduction	mj-shrink-map	merge	MJ043485: 法務省戸籍法関連通達・通知, 種別 戸籍統一文字情報 親字・正字, ホップ数 1
U+5BD8	寘	寘	compatibility	unicode-ucd	merge	5BD8
U+5BDB	寛	寬	itaiji	mj-kanji	merge	X0213 包摂
U+5BDB	寬	寛	reduction	mj-shrink-map	merge	MJ010236: 法務省戸籍法関連通達・通知, 種別 戸籍統一文字情報 親字・正字, ホップ数 1
U+5BDD	㝲	寢	reduction	mj-shrink-map	merge	MJ000774: 法務省戸籍法関連通達・通知, 種別 戸籍統一文字情報 親字・正字, ホップ数 1
U+5BDD	寢	寝	reduction	mj-shrink-map	merge	MJ010222: 法務省戸籍法関連通達・通知, 種別 戸籍統一文字情報 親字・正字, ホップ数 1
U+5BDD	𡨞	寢	reduction	mj-shrink-map	merge	MJ034000: 法務省戸籍法関連通達・通知, 種別 戸籍統一文字情報 親字・正字, ホップ数 1
U+5BDD	𡨦	寢	reduction	mj-shrink-map	merge	MJ034007: 法務省戸籍法関連通達・通知, 種別 戸籍統一文字情報 親字・正字, ホップ数 1
U+5BE1	𠆣	寡	reduction	mj-shrink-map	merge	MJ030533: 法務省戸籍法関連通達・通知, 種別 戸籍統一文字情報 親字・正字, ホップ数 1
U+5BE1	𧵿	寡	reduction	mj-shrink-map	merge	MJ049645: 法務省戸籍法関連通達・通知, 種別 戸籍統一文字情報 親字・正字, ホップ数 1
U+5BE5	𡫯	寥	reduction	mj-shrink-map	merge	MJ034116: 法務省戸籍法関連通達・通知, 種別 戸籍統一文字情報 親字・正字, ホップ数 1
U+5BE7	寧	寧	compatibility	unicode-ucd	merge	5BE7
U+5BE7	寧	寧	compatibility	unicode-ucd	merge	5BE7
U+5BE7	寧	寧	compatibility	unicode-ucd	merge	5BE7
U+5BE7	㝕	寧	reduction	mj-shrink-map	merge	MJ000744: 法務省戸籍法関連通達・通知, 種別 戸籍統一文字情報 親字・正字, ホップ数 1
U+5BE7	寕	寧	reduction	mj-shrink-map	merge	MJ034014: 法務省戸籍法関連通達・通知, 種別 戸籍統一文字情報 親字・正字, ホップ数 1
U+5BE7	寗	寧	reduction	mj-shrink-map	merge	MJ010205: 法務省戸籍法関連通達・通知, 種別 戸籍統一文字情報 親字・正字, ホップ数 1
U+5BE7	寜	寧	reduction	mj-shrink-map	merge	MJ010215: 法務省戸籍法関連通達・通知, 種別 戸籍統一文字情報 親字・正字, ホップ数 1
U+5BE7	甯	寧	reduction	mj-shrink-map	merge	MJ017635: 法務省戸籍法関連通達・通知, 種別 戸籍統一文字情報 親字・正字, ホップ数 1
U+5BE7	𡨴	寧	reduction	mj-shrink-map	merge	MJ034012: 法務省戸籍法関連通達・通知, 種別 戸籍統一文字情報 親字・正字, ホップ数 1
U+5BE7	𡬛	寧	reduction	mj-shrink-map	merge	MJ034152: 法務省戸籍法関連通達・通知, 種別 戸籍統一文字情報 親字・正字, ホップ数 1
U+5BE7	𫝱	寧	reduction	mj-shrink-map	merge	MJ057345: 法務省戸籍法関連通達・通知, 種別 戸籍統一文字情報 親字・正字, ホップ数 1
U+5BE7	𭔄	寧	reduction	mj-shrink-map	merge	MJ057341: 法務省戸籍法関連通達・通知, 種別 戸籍統一文字情報 親字・正字, ホップ数 1
U+5BE9	𡩨	審	reduction	mj-shrink-map	merge	MJ034046: 法務省戸籍法関連通達・通知, 種別 戸籍統一文字情報 親字・正字, ホップ数 1
U+5BEE	寮	寮	compatibility	unicode-ucd	merge	5BEE
U+5BF1	𡬒	寱	reduction	mj-shrink-map	merge	MJ034144: 法務省戸籍法関連通達・通知, 種別 戸籍統一文字情報 親字・正字, ホップ数 1
U+5BF3	寳	寳	compatibility	unicode-ucd	merge	5BF3
U+5BF5	𠖥	寵	reduction	mj-shrink-map	merge	MJ031085: 法務省戸籍法関連通達・通知, 種別 戸籍統一文字情報 親字・正字, ホップ数 1
U+5BFE	對	対	reduction	mj-shrink-map	merge	MJ010281: 法務省戸籍法関連通達・通知, 種別 戸籍統一文字情報 親字・正字, ホップ数 1
U+5BFE	譵	對	reduction	mj-shrink-map	merge	MJ024817: 法務省戸籍法関連通達・通知, 種別 戸籍統一文字情報 親字・正字, ホップ数 1
U+5BFE	𡁨	對	reduction	mj-shrink-map	merge	MJ032674: 法務省戸籍法関連通達・通知, 種別 戸籍統一文字情報 親字・正字, ホップ数 1
U+5BFE	𡭊	對	reduction	mj-shrink-map	merge	MJ034184: 法務省戸籍法関連通達・通知, 種別 戸籍統一文字情報 親字・正字, ホップ数 1
U+5BFE	𭔸	對	reduction	mj-shrink-map	merge	MJ057354: 法務省戸籍法関連通達・通知, 種別 戸籍統一文字情報 親字・正字, ホップ数 1
U+5BFE	𭔹	對	reduction	mj-shrink-map	merge	MJ057353: 法務省戸籍法関連通達・通知, 種別 戸籍統一文字情報 親字・正字, ホップ数 1
U+5BFE	𭔾	對	reduction	mj-shrink-map	merge	MJ057360: 法務省戸籍法関連通達・通知, 種別 戸籍統一文字情報 親字・正字, ホップ数 1
U+5BFF	寿	寿	compatibility	unicode-ucd	merge	5BFF
U+5BFF	壽	寿	reduction	mj-shrink-map	merge	MJ009401: 法務省戸籍法関連通達・通知, 種別 戸籍統一文字情報 親字・正字, ホップ数 1
U+5BFF	𠋮	壽	reduction	mj-shrink-map	merge	MJ030709: 法務省戸籍法関連通達・通知, 種別 戸籍統一文字情報 親字・正字, ホップ数 1
U+5BFF	𤕋	壽	reduction	mj-shrink-map	merge	MJ040268: 法務省戸籍法関連通達・通知, 種別 戸籍統一文字情報 親字・正字, ホップ数 1
U+5BFF	𦓂	壽	reduction	mj-shrink-map	merge	MJ045245: 法務省戸籍法関連通達・通知, 種別 戸籍統一文字情報 親字・正字, ホップ数 1
U+5BFF	𦓆	壽	reduction	mj-shrink-map	merge	MJ045246: 法務省戸籍法関連通達・通知, 種別 戸籍統一文字情報 親字・正字, ホップ数 1
U+5C01	𡉘	封	reduction	mj-shrink-map	merge	MJ032945: 法務省戸籍法関連通達・通知, 種別 戸籍統一文字情報 親字・正字, ホップ数 1
U+5C01	𡉚	封	reduction	mj-shrink-map	merge	MJ032947: 法務省戸籍法関連通達・通知, 種別 戸籍統一文字情報 親字・正字, ホップ数 1
U+5C01	𡊋	封	reduction	mj-shrink-map	merge	MJ032976: 法務省戸籍法関連通達・通知, 種別 戸籍統一文字情報 親字・正字, ホップ数 1
U+5C01	𡊽	封	reduction	mj-shrink-map	merge	MJ033004: 法務省戸籍法関連通達・通知, 種別 戸籍統一文字情報 親字・正字, ホップ数 1
U+5C01	𭔵	封	reduction	mj-shrink-map	merge	MJ057351: 法務省戸籍法関連通達・通知, 種別 戸籍統一文字情報 親字・正字, ホップ数 1
U+5C01	𭖒	封	reduction	mj-shrink-map	merge	MJ057211: 法務省戸籍法関連通達・通知, 種別 戸籍統一文字情報 親字・正字, ホップ数 1
U+5C02	專	専	reduction	mj-shrink-map	merge	MJ010272: 法務省戸籍法関連通達・通知, 種別 戸籍統一文字情報 親字・正字, ホップ数 1
U+5C02	𠧡	專	reduction	mj-shrink-map	merge	MJ031784: 法務省戸籍法関連通達・通知, 種別 戸籍統一文字情報 親字・正字, ホップ数 1
U+5C04	𨉛	射	reduction	mj-shrink-map	merge	MJ050422: 法務省戸籍法関連通達・通知, 種別 戸籍統一文字情報 親字・正字, ホップ数 1
U+5C06	将	将	compatibility	unicode-ucd	merge	5C06
U+5C06	將	将	reduction	mj-shrink-map	merge	MJ010271: 法務省戸籍法関連通達・通知, 種別 戸籍統一文字情報 親字・正字, ホップ数 1
U+5C06	𢪽	將	reduction	mj-shrink-map	merge	MJ036742: 法務省戸籍法関連通達・通知, 種別 戸籍統一文字情報 親字・正字, ホップ数 1
U+5C09	叞	尉	reduction	mj-shrink-map	merge	MJ008016: 法務省戸籍法関連通達・通知, 種別 戸籍統一文字情報 親字・正字, ホップ数 1
U+5C0A	𡭆	尊	reduction	mj-shrink-map	merge	MJ034181: 法務省戸籍法関連通達・通知, 種別 戸籍統一文字情報 親字・正字, ホップ数 1
U+5C0A	𢍜	尊	reduction	mj-shrink-map	merge	MJ035521: 法務省戸籍法関連通達・通知, 種別 戸籍統一文字情報 親字・正字, ホップ数 1
U+5C0A	𥈪	尊	reduction	mj-shrink-map	merge	MJ042387: 法務省戸籍法関連通達・通知, 種別 戸籍統一文字情報 親字・正字, ホップ数 1
U+5C0A	𭔿	尊	reduction	mj-shrink-map	merge	MJ057359: 法務省戸籍法関連通達・通知, 種別 戸籍統一文字情報 親字・正字, ホップ数 1
U+5C0B	𡬰	尋	reduction	mj-shrink-map	merge	MJ034167: 法務省戸籍法関連通達・通知, 種別 戸籍統一文字情報 親字・正字, ホップ数 1
U+5C0B	𡬻	尋	reduction	mj-shrink-map	merge	MJ034176: 法務省戸籍法関連通達・通知, 種別 戸籍統一文字情報 親字・正字, ホップ数 1
U+5C0B	𢒫	尋	reduction	mj-shrink-map	merge	MJ035781: 法務省戸籍法関連通達・通知, 種別 戸籍統一文字情報 親字・正字, ホップ数 1
U+5C0B	𦅀	尋	reduction	mj-shrink-map	merge	MJ044643: 法務省戸籍法関連通達・通知, 種別 戸籍統一文字情報 親字・正字, ホップ数 1
U+5C0E	𡭎	導	reduction	mj-shrink-map	merge	MJ034186: 法務省戸籍法関連通達・通知, 種別 戸籍統一文字情報 親字・正字, ホップ数 1
U+5C0E	𡭑	導	reduction	mj-shrink-map	merge	MJ034189: 法務省戸籍法関連通達・通知, 種別 戸籍統一文字情報 親字・正字, ホップ数 1
U+5C0E	𧘄	導	reduction	mj-shrink-map	merge	MJ048164: 法務省戸籍法関連通達・通知, 種別 戸籍統一文字情報 親字・正字, ホップ数 1
U+5C0F	𡮐	小	reduction	mj-shrink-map	merge	MJ034224: 法務省戸籍法関連通達・通知, 種別 戸籍統一文字情報 親字・正字, ホップ数 1
U+5C11	𣥗	少	reduction	mj-shrink-map	merge	MJ038666: 法務省戸籍法関連通達・通知, 種別 戸籍統一文字情報 親字・正字, ホップ数 1
U+5C12	尒	𡭗	itaiji	mj-kanji	merge	X0213 包摂
U+5C13	尓	尔	itaiji	mj-kanji	merge	X0213 包摂
U+5C1A	尙	尚	itaiji	mj-kanji	merge	X0213 包摂
U+5C1A	尙	尚	reduction	mj-shrink-map	merge	MJ010294: 法務省戸籍法関連通達・通知, 種別 戸籍統一文字情報 親字・正字, ホップ数 1
U+5C20	尟	尠	reduction	mj-shrink-map	merge	MJ010300: 法務省戸籍法関連通達・通知, 種別 戸籍統一文字情報 親字・正字, ホップ数 1
U+5C24	尢	尢	compatibility	unicode-ucd	merge	5C22
U+5C24	尢	尤	reduction	mj-shrink-map	merge	MJ010303: 法務省戸籍法関連通達・通知, 種別 戸籍統一文字情報 親字・正字, ホップ数 1
U+5C24	尢	尤	variant	cjkvi-variants	corroborates	尢→尤 cjkvi/variant | 尤→尢 hydzd/variant
U+5C24	尣	𡯂	itaiji	mj-kanji	merge	X0213 包摂
U+5C24	尣	尢	reduction	mj-shrink-map	merge	MJ010304: 法務省戸籍法関連通達・通知, 種別 戸籍統一文字情報 親字・正字, ホップ数 1
U+5C24	怣	尤	reduction	mj-shrink-map	merge	MJ011470: 法務省戸籍法関連通達・通知, 種別 戸籍統一文字情報 親字・正字, ホップ数 1
U+5C24	𡯂	尢	reduction	mj-shrink-map	merge	MJ034236: 法務省戸籍法関連通達・通知, 種別 戸籍統一文字情報 親字・正字, ホップ数 1
U+5C24	𡯊	尤	reduction	mj-shrink-map	merge	MJ034242: 法務省戸籍法関連通達・通知, 種別 戸籍統一文字情報 親字・正字, ホップ数 1
U+5C28	𡯎	尨	reduction	mj-shrink-map	merge	MJ034246: 法務省戸籍法関連通達・通知, 種別 戸籍統一文字情報 親字・正字, ホップ数 1
U+5C29	㑌	尩	reduction	mj-shrink-map	merge	MJ000056: 法務省戸籍法関連通達・通知, 種別 戸籍統一文字情報 親字・正字, ホップ数 1
U+5C29	尫	尩	reduction	mj-shrink-map	merge	MJ010314: 法務省戸籍法関連通達・通知, 種別 戸籍統一文字情報 親字・正字, ホップ数 1
U+5C29	𡯭	尩	reduction	mj-shrink-map	merge	MJ034265: 法務省戸籍法関連通達・通知, 種別 戸籍統一文字情報 親字・正字, ホップ数 1
U+5C29	𡯲	尩	reduction	mj-shrink-map	merge	MJ034269: 法務省戸籍法関連通達・通知, 種別 戸籍統一文字情報 親字・正字, ホップ数 1
U+5C30	𡰒	尰	reduction	mj-shrink-map	merge	MJ034292: 法務省戸籍法関連通達・通知, 種別 戸籍統一文字情報 親字・正字, ホップ数 1
U+5C31	𡯶	就	reduction	mj-shrink-map	merge	MJ034273: 法務省戸籍法関連通達・通知, 種別 戸籍統一文字情報 親字・正字, ホップ数 1
U+5C31	𡰔	就	reduction	mj-shrink-map	merge	MJ034291: 法務省戸籍法関連通達・通知, 種別 戸籍統一文字情報 親字・正字, ホップ数 1
U+5C31	𡰗	就	reduction	mj-shrink-map	merge	MJ034297: 法務省戸籍法関連通達・通知, 種別 戸籍統一文字情報 親字・正字, ホップ数 1
U+5C31	𡰜	就	reduction	mj-shrink-map	merge	MJ034295: 法務省戸籍法関連通達・通知, 種別 戸籍統一文字情報 親字・正字, ホップ数 1
U+5C31	𭕐	就	reduction	mj-shrink-map	merge	MJ057364: 法務省戸籍法関連通達・通知, 種別 戸籍統一文字情報 親字・正字, ホップ数 1
U+5C31	𭕒	就	reduction	mj-shrink-map	merge	MJ057365: 法務省戸籍法関連通達・通知, 種別 戸籍統一文字情報 親字・正字, ホップ数 1
U+5C39	𢁨	尹	reduction	mj-shrink-map	merge	MJ034995: 法務省戸籍法関連通達・通知, 種別 戸籍統一文字情報 親字・正字, ホップ数 1
U+5C39	𢂟	尹	reduction	mj-shrink-map	merge	MJ035040: 法務省戸籍法関連通達・通知, 種別 戸籍統一文字情報 親字・正字, ホップ数 1
U+5C39	𢂫	尹	reduction	mj-shrink-map	merge	MJ035047: 法務省戸籍法関連通達・通知, 種別 戸籍統一文字情報 親字・正字, ホップ数 1
U+5C39	𢂬	尹	reduction	mj-shrink-map	merge	MJ035048: 法務省戸籍法関連通達・通知, 種別 戸籍統一文字情報 親字・正字, ホップ数 1
U+5C39	𢃁	尹	reduction	mj-shrink-map	merge	MJ035067: 法務省戸籍法関連通達・通知, 種別 戸籍統一文字情報 親字・正字, ホップ数 1
U+5C39	𢃂	尹	reduction	mj-shrink-map	merge	MJ010851: 法務省戸籍法関連通達・通知, 種別 戸籍統一文字情報 親字・正字, ホップ数 1
U+5C39	𢃹	尹	reduction	mj-shrink-map	merge	MJ035109: 法務省戸籍法関連通達・通知, 種別 戸籍統一文字情報 親字・正字, ホップ数 1
U+5C3B	㞍	尻	reduction	mj-shrink-map	merge	MJ000798: 法務省戸籍法関連通達・通知, 種別 戸籍統一文字情報 親字・正字, ホップ数 1
U+5C3B	𡰼	尻	reduction	mj-shrink-map	merge	MJ034319: 法務省戸籍法関連通達・通知, 種別 戸籍統一文字情報 親字・正字, ホップ数 1
U+5C3B	𡱧	尻	reduction	mj-shrink-map	merge	MJ034354: 法務省戸籍法関連通達・通知, 種別 戸籍統一文字情報 親字・正字, ホップ数 1
U+5C3B	𦙷	尻	reduction	mj-shrink-map	merge	MJ045515: 法務省戸籍法関連通達・通知, 種別 戸籍統一文字情報 親字・正字, ホップ数 1
U+5C3B	𫝲	尻	reduction	mj-shrink-map	merge	MJ057367: 法務省戸籍法関連通達・通知, 種別 戸籍統一文字情報 親字・正字, ホップ数 1
U+5C3C	𡰱	尼	reduction	mj-shrink-map	merge	MJ034313: 法務省戸籍法関連通達・通知, 種別 戸籍統一文字情報 親字・正字, ホップ数 1
U+5C3C	𡲌	尼	reduction	mj-shrink-map	merge	MJ034372: 法務省戸籍法関連通達・通知, 種別 戸籍統一文字情報 親字・正字, ホップ数 1
U+5C3D	䀆	盡	reduction	mj-shrink-map	merge	MJ002791: 法務省戸籍法関連通達・通知, 種別 戸籍統一文字情報 親字・正字, ホップ数 1
U+5C3D	盡	尽	reduction	mj-shrink-map	merge	MJ018101: 法務省戸籍法関連通達・通知, 種別 戸籍統一文字情報 親字・正字, ホップ数 1
U+5C3E	𡱓	尾	reduction	mj-shrink-map	merge	MJ034340: 法務省戸籍法関連通達・通知, 種別 戸籍統一文字情報 親字・正字, ホップ数 1
U+5C3E	𡱕	尾	reduction	mj-shrink-map	merge	MJ034342: 法務省戸籍法関連通達・通知, 種別 戸籍統一文字情報 親字・正字, ホップ数 1
U+5C3E	𡱲	尾	reduction	mj-shrink-map	merge	MJ034357: 法務省戸籍法関連通達・通知, 種別 戸籍統一文字情報 親字・正字, ホップ数 1
U+5C3E	𡲵	尾	reduction	mj-shrink-map	merge	MJ034404: 法務省戸籍法関連通達・通知, 種別 戸籍統一文字情報 親字・正字, ホップ数 1
U+5C3F	尿	尿	compatibility	unicode-ucd	merge	5C3F
U+5C3F	㞙	尿	reduction	mj-shrink-map	merge	MJ000808: 法務省戸籍法関連通達・通知, 種別 戸籍統一文字情報 親字・正字, ホップ数 1
U+5C3F	㳮	尿	reduction	mj-shrink-map	merge	MJ002076: 法務省戸籍法関連通達・通知, 種別 戸籍統一文字情報 親字・正字, ホップ数 1
U+5C3F	脲	尿	reduction	mj-shrink-map	merge	MJ021082: 法務省戸籍法関連通達・通知, 種別 戸籍統一文字情報 親字・正字, ホップ数 1
U+5C3F	𡱤	尿	reduction	mj-shrink-map	merge	MJ034351: 法務省戸籍法関連通達・通知, 種別 戸籍統一文字情報 親字・正字, ホップ数 1
U+5C3F	𡱴	尿	reduction	mj-shrink-map	merge	MJ034359: 法務省戸籍法関連通達・通知, 種別 戸籍統一文字情報 親字・正字, ホップ数 1
U+5C3F	𡲘	尿	reduction	mj-shrink-map	merge	MJ034382: 法務省戸籍法関連通達・通知, 種別 戸籍統一文字情報 親字・正字, ホップ数 1
U+5C3F	𣭼	尿	reduction	mj-shrink-map	merge	MJ039042: 法務省戸籍法関連通達・通知, 種別 戸籍統一文字情報 親字・正字, ホップ数 1
U+5C3F	𣻨	尿	reduction	mj-shrink-map	merge	MJ039528: 法務省戸籍法関連通達・通知, 種別 戸籍統一文字情報 親字・正字, ホップ数 1
U+5C40	𭠂	局	reduction	mj-shrink-map	merge	MJ057547: 法務省戸籍法関連通達・通知, 種別 戸籍統一文字情報 親字・正字, ホップ数 1
U+5C41	𡲩	屁	reduction	mj-shrink-map	merge	MJ034393: 法務省戸籍法関連通達・通知, 種別 戸籍統一文字情報 親字・正字, ホップ数 1
U+5C41	𥥓	屁	reduction	mj-shrink-map	merge	MJ043418: 法務省戸籍法関連通達・通知, 種別 戸籍統一文字情報 親字・正字, ホップ数 1
U+5C45	㝒	居	reduction	mj-shrink-map	merge	MJ000741: 法務省戸籍法関連通達・通知, 種別 戸籍統一文字情報 親字・正字, ホップ数 1
U+5C45	㞐	居	reduction	mj-shrink-map	merge	MJ000800: 法務省戸籍法関連通達・通知, 種別 戸籍統一文字情報 親字・正字, ホップ数 1
U+5C45	凥	居	reduction	mj-shrink-map	merge	MJ007421: 法務省戸籍法関連通達・通知, 種別 戸籍統一文字情報 親字・正字, ホップ数 1
U+5C45	𧿃	居	reduction	mj-shrink-map	merge	MJ050016: 法務省戸籍法関連通達・通知, 種別 戸籍統一文字情報 親字・正字, ホップ数 1
U+5C48	𡕜	屈	reduction	mj-shrink-map	merge	MJ033326: 法務省戸籍法関連通達・通知, 種別 戸籍統一文字情報 親字・正字, ホップ数 1
U+5C48	𡲒	屈	reduction	mj-shrink-map	merge	MJ034377: 法務省戸籍法関連通達・通知, 種別 戸籍統一文字情報 親字・正字, ホップ数 1
U+5C48	𡲬	屈	reduction	mj-shrink-map	merge	MJ034395: 法務省戸籍法関連通達・通知, 種別 戸籍統一文字情報 親字・正字, ホップ数 1
U+5C48	𡲶	屈	reduction	mj-shrink-map	merge	MJ034405: 法務省戸籍法関連通達・通知, 種別 戸籍統一文字情報 親字・正字, ホップ数 1
U+5C4A	屆	届	reduction	mj-shrink-map	merge	MJ010342: 法務省戸籍法関連通達・通知, 種別 戸籍統一文字情報 親字・正字, ホップ数 1
U+5C4B	𡲃	屋	reduction	mj-shrink-map	merge	MJ034371: 法務省戸籍法関連通達・通知, 種別 戸籍統一文字情報 親字・正字, ホップ数 1
U+5C4B	𦤿	屋	reduction	mj-shrink-map	merge	MJ045954: 法務省戸籍法関連通達・通知, 種別 戸籍統一文字情報 親字・正字, ホップ数 1
U+5C4E	𡱁	屎	reduction	mj-shrink-map	merge	MJ034324: 法務省戸籍法関連通達・通知, 種別 戸籍統一文字情報 親字・正字, ホップ数 1
U+5C4E	𡲑	屎	reduction	mj-shrink-map	merge	MJ034376: 法務省戸籍法関連通達・通知, 種別 戸籍統一文字情報 親字・正字, ホップ数 1
U+5C50	𡰸	屐	reduction	mj-shrink-map	merge	MJ034316: 法務省戸籍法関連通達・通知, 種別 戸籍統一文字情報 親字・正字, ホップ数 1
U+5C51	㞕	屑	reduction	mj-shrink-map	merge	MJ000804: 法務省戸籍法関連通達・通知, 種別 戸籍統一文字情報 親字・正字, ホップ数 1
U+5C55	㞡	展	reduction	mj-shrink-map	merge	MJ000813: 法務省戸籍法関連通達・通知, 種別 戸籍統一文字情報 親字・正字, ホップ数 1
U+5C55	㠭	展	reduction	mj-shrink-map	merge	MJ000942: 法務省戸籍法関連通達・通知, 種別 戸籍統一文字情報 親字・正字, ホップ数 1
U+5C5B	幈	屛	reduction	mj-shrink-map	merge	MJ010883: 法務省戸籍法関連通達・通知, 種別 戸籍統一文字情報 親字・正字, ホップ数 1
U+5C5E	屬	属	reduction	mj-shrink-map	merge	MJ010386: 法務省戸籍法関連通達・通知, 種別 戸籍統一文字情報 親字・正字, ホップ数 1
U+5C5E	𪈺	屬	reduction	mj-shrink-map	merge	MJ055874: 法務省戸籍法関連通達・通知, 種別 戸籍統一文字情報 親字・正字, ホップ数 1
U+5C5E	𭕭	屬	reduction	mj-shrink-map	merge	MJ057371: 法務省戸籍法関連通達・通知, 種別 戸籍統一文字情報 親字・正字, ホップ数 1
U+5C5F	𧀢	屟	reduction	mj-shrink-map	merge	MJ047117: 法務省戸籍法関連通達・通知, 種別 戸籍統一文字情報 親字・正字, ホップ数 1
U+5C60	屠	屠	compatibility	unicode-ucd	merge	5C60
U+5C62	屢	屢	compatibility	unicode-ucd	merge	5C62
U+5C62	𡜸	屢	reduction	mj-shrink-map	merge	MJ033613: 法務省戸籍法関連通達・通知, 種別 戸籍統一文字情報 親字・正字, ホップ数 1
U+5C64	層	層	compatibility	unicode-ucd	merge	5C64
U+5C65	履	履	compatibility	unicode-ucd	merge	5C65
U+5C65	𡲟	履	reduction	mj-shrink-map	merge	MJ034389: 法務省戸籍法関連通達・通知, 種別 戸籍統一文字情報 親字・正字, ホップ数 1
U+5C65	𢔃	履	reduction	mj-shrink-map	merge	MJ035850: 法務省戸籍法関連通達・通知, 種別 戸籍統一文字情報 親字・正字, ホップ数 1
U+5C65	𩕎	履	reduction	mj-shrink-map	merge	MJ053636: 法務省戸籍法関連通達・通知, 種別 戸籍統一文字情報 親字・正字, ホップ数 1
U+5C69	屫	屩	reduction	mj-shrink-map	merge	MJ010385: 法務省戸籍法関連通達・通知, 種別 戸籍統一文字情報 親字・正字, ホップ数 1
U+5C6E	屮	屮	compatibility	unicode-ucd	merge	5C6E
U+5C6E	屮	屮	compatibility	unicode-ucd	merge	5C6E
U+5C6F	𭕾	屯	reduction	mj-shrink-map	merge	MJ057374: 法務省戸籍法関連通達・通知, 種別 戸籍統一文字情報 親字・正字, ホップ数 1
U+5C6F	𭕿	屯	reduction	mj-shrink-map	merge	MJ057375: 法務省戸籍法関連通達・通知, 種別 戸籍統一文字情報 親字・正字, ホップ数 1
U+5C70	𭁄	屰	reduction	mj-shrink-map	merge	MJ056980: 法務省戸籍法関連通達・通知, 種別 戸籍統一文字情報 親字・正字, ホップ数 1
U+5C71	𡶸	山	reduction	mj-shrink-map	merge	MJ034558: 法務省戸籍法関連通達・通知, 種別 戸籍統一文字情報 親字・正字, ホップ数 1
U+5C7A	㞯	屺	reduction	mj-shrink-map	merge	MJ000828: 法務省戸籍法関連通達・通知, 種別 戸籍統一文字情報 親字・正字, ホップ数 1
U+5C7A	𡴾	屺	reduction	mj-shrink-map	merge	MJ034482: 法務省戸籍法関連通達・通知, 種別 戸籍統一文字情報 親字・正字, ホップ数 1
U+5C8A	𡴼	岊	reduction	mj-shrink-map	merge	MJ034481: 法務省戸籍法関連通達・通知, 種別 戸籍統一文字情報 親字・正字, ホップ数 1
U+5C8A	𡷦	𡷦	compatibility	unicode-ucd	merge	21DE6
U+5C8A	𡷦	岊	reduction	mj-shrink-map	merge	MJ034588: 法務省戸籍法関連通達・通知, 種別 戸籍統一文字情報 親字・正字, ホップ数 1
U+5C8C	𣧉	岌	reduction	mj-shrink-map	merge	MJ038748: 法務省戸籍法関連通達・通知, 種別 戸籍統一文字情報 親字・正字, ホップ数 1
U+5C8D	岍	岍	compatibility	unicode-ucd	merge	5C8D
U+5C90	㞿	岐	reduction	mj-shrink-map	merge	MJ000843: 法務省戸籍法関連通達・通知, 種別 戸籍統一文字情報 親字・正字, ホップ数 1
U+5C90	㟚	岐	reduction	mj-shrink-map	merge	MJ000868: 法務省戸籍法関連通達・通知, 種別 戸籍統一文字情報 親字・正字, ホップ数 1
U+5CA1	㟠	岡	reduction	mj-shrink-map	merge	MJ000875: 法務省戸籍法関連通達・通知, 種別 戸籍統一文字情報 親字・正字, ホップ数 1
U+5CA1	㟵	岡	reduction	mj-shrink-map	merge	MJ000893: 法務省戸籍法関連通達・通知, 種別 戸籍統一文字情報 親字・正字, ホップ数 1
U+5CA1	𠆼	岡	reduction	mj-shrink-map	merge	MJ030552: 法務省戸籍法関連通達・通知, 種別 戸籍統一文字情報 親字・正字, ホップ数 1
U+5CA1	𡶩	岡	reduction	mj-shrink-map	merge	MJ034547: 法務省戸籍法関連通達・通知, 種別 戸籍統一文字情報 親字・正字, ホップ数 1
U+5CA1	𡶬	岡	reduction	mj-shrink-map	merge	MJ034550: 法務省戸籍法関連通達・通知, 種別 戸籍統一文字情報 親字・正字, ホップ数 1
U+5CA1	𡷇	岡	reduction	mj-shrink-map	merge	MJ034561: 法務省戸籍法関連通達・通知, 種別 戸籍統一文字情報 親字・正字, ホップ数 1
U+5CA1	𦊆	岡	reduction	mj-shrink-map	merge	MJ044842: 法務省戸籍法関連通達・通知, 種別 戸籍統一文字情報 親字・正字, ホップ数 1
U+5CA1	𦊤	岡	reduction	mj-shrink-map	merge	MJ044860: 法務省戸籍法関連通達・通知, 種別 戸籍統一文字情報 親字・正字, ホップ数 1
U+5CA1	𨹽	岡	reduction	mj-shrink-map	merge	MJ052353: 法務省戸籍法関連通達・通知, 種別 戸籍統一文字情報 親字・正字, ホップ数 1
U+5CA1	𫝍	岡	reduction	mj-shrink-map	merge	MJ057382: 法務省戸籍法関連通達・通知, 種別 戸籍統一文字情報 親字・正字, ホップ数 1
U+5CA2	㞹	岢	reduction	mj-shrink-map	merge	MJ000837: 法務省戸籍法関連通達・通知, 種別 戸籍統一文字情報 親字・正字, ホップ数 1
U+5CA3	𡵺	岣	reduction	mj-shrink-map	merge	MJ034519: 法務省戸籍法関連通達・通知, 種別 戸籍統一文字情報 親字・正字, ホップ数 1
U+5CA7	岹	岧	reduction	mj-shrink-map	merge	MJ010461: 法務省戸籍法関連通達・通知, 種別 戸籍統一文字情報 親字・正字, ホップ数 1
U+5CAA	𡶒	岪	reduction	mj-shrink-map	merge	MJ034538: 法務省戸籍法関連通達・通知, 種別 戸籍統一文字情報 親字・正字, ホップ数 1
U+5CAB	䜬	岫	reduction	mj-shrink-map	merge	MJ004662: 法務省戸籍法関連通達・通知, 種別 戸籍統一文字情報 親字・正字, ホップ数 1
U+5CAD	岺	岭	reduction	mj-shrink-map	merge	MJ010462: 法務省戸籍法関連通達・通知, 種別 戸籍統一文字情報 親字・正字, ホップ数 1
U+5CB3	嶽	岳	reduction	mj-shrink-map	merge	MJ010724: 法務省戸籍法関連通達・通知, 種別 戸籍統一文字情報 親字・正字, ホップ数 1
U+5CB3	𡴳	嶽	reduction	mj-shrink-map	merge	MJ034478: 法務省戸籍法関連通達・通知, 種別 戸籍統一文字情報 親字・正字, ホップ数 1
U+5CB3	𡵹	岳	reduction	mj-shrink-map	merge	MJ034518: 法務省戸籍法関連通達・通知, 種別 戸籍統一文字情報 親字・正字, ホップ数 1
U+5CB3	𡶓	嶽	reduction	mj-shrink-map	merge	MJ034539: 法務省戸籍法関連通達・通知, 種別 戸籍統一文字情報 親字・正字, ホップ数 1
U+5CB3	𡷒	嶽	reduction	mj-shrink-map	merge	MJ034567: 法務省戸籍法関連通達・通知, 種別 戸籍統一文字情報 親字・正字, ホップ数 1
U+5CB3	𡽺	嶽	reduction	mj-shrink-map	merge	MJ034830: 法務省戸籍法関連通達・通知, 種別 戸籍統一文字情報 親字・正字, ホップ数 1
U+5CB6	𣶎	岶	reduction	mj-shrink-map	merge	MJ039353: 法務省戸籍法関連通達・通知, 種別 戸籍統一文字情報 親字・正字, ホップ数 1
U+5CB7	㞶	岷	reduction	mj-shrink-map	merge	MJ000834: 法務省戸籍法関連通達・通知, 種別 戸籍統一文字情報 親字・正字, ホップ数 1
U+5CB7	㟭	岷	reduction	mj-shrink-map	merge	MJ000886: 法務省戸籍法関連通達・通知, 種別 戸籍統一文字情報 親字・正字, ホップ数 1
U+5CB7	𡸧	岷	reduction	mj-shrink-map	merge	MJ034633: 法務省戸籍法関連通達・通知, 種別 戸籍統一文字情報 親字・正字, ホップ数 1
U+5CB7	𡹋	岷	reduction	mj-shrink-map	merge	MJ034646: 法務省戸籍法関連通達・通知, 種別 戸籍統一文字情報 親字・正字, ホップ数 1
U+5CB7	𡼐	岷	reduction	mj-shrink-map	merge	MJ034764: 法務省戸籍法関連通達・通知, 種別 戸籍統一文字情報 親字・正字, ホップ数 1
U+5CB8	垾	岸	reduction	mj-shrink-map	merge	MJ009045: 法務省戸籍法関連通達・通知, 種別 戸籍統一文字情報 親字・正字, ホップ数 1
U+5CBB	𡵮	岻	reduction	mj-shrink-map	merge	MJ034509: 法務省戸籍法関連通達・通知, 種別 戸籍統一文字情報 親字・正字, ホップ数 1
U+5CC7	𡸡	峇	reduction	mj-shrink-map	merge	MJ034627: 法務省戸籍法関連通達・通知, 種別 戸籍統一文字情報 親字・正字, ホップ数 1
U+5CC9	𡾆	峉	reduction	mj-shrink-map	merge	MJ034837: 法務省戸籍法関連通達・通知, 種別 戸籍統一文字情報 親字・正字, ホップ数 1
U+5CE1	峽	峡	reduction	mj-shrink-map	merge	MJ010526: 法務省戸籍法関連通達・通知, 種別 戸籍統一文字情報 親字・正字, ホップ数 1
U+5CE8	𠩙	峨	reduction	mj-shrink-map	merge	MJ031876: 法務省戸籍法関連通達・通知, 種別 戸籍統一文字情報 親字・正字, ホップ数 1
U+5CE8	𡻍	峨	reduction	mj-shrink-map	merge	MJ034720: 法務省戸籍法関連通達・通知, 種別 戸籍統一文字情報 親字・正字, ホップ数 1
U+5CE9	𡽥	峩	reduction	mj-shrink-map	merge	MJ034819: 法務省戸籍法関連通達・通知, 種別 戸籍統一文字情報 親字・正字, ホップ数 1
U+5CED	𡹺	峭	reduction	mj-shrink-map	merge	MJ034675: 法務省戸籍法関連通達・通知, 種別 戸籍統一文字情報 親字・正字, ホップ数 1
U+5CEF	𡵞	峯	reduction	mj-shrink-map	merge	MJ034505: 法務省戸籍法関連通達・通知, 種別 戸籍統一文字情報 親字・正字, ホップ数 1
U+5CEF	𡷅	峯	reduction	mj-shrink-map	merge	MJ034559: 法務省戸籍法関連通達・通知, 種別 戸籍統一文字情報 親字・正字, ホップ数 1
U+5CF6	㠀	島	reduction	mj-shrink-map	merge	MJ000903: 法務省戸籍法関連通達・通知, 種別 戸籍統一文字情報 親字・正字, ホップ数 1
U+5CF6	嶋	島	reduction	mj-shrink-map	merge	MJ010673: 法務省戸籍法関連通達・通知, 種別 戸籍統一文字情報 親字・正字, ホップ数 1
U+5CF6	島	嶋	variant	cjkvi-variants	corroborates	島→嶋 hydzd/variant | 島→嶋 jinmei2/variant | 島→嶋 jisx0212/variant | 島→嶋 jisx0213/variant | 島→嶋 twedu/variant
U+5CF6	島	嶋	variant	hng-basic-data	corroborates	02594
U+5CF6	島	嶋	variant	wikidata	corroborates	Q109741825; P248 Q10427532 | Q54875006; P248 Q10427532
U+5CF6	島	嶋	equivalent	yitizi	corroborates	ytenx/JihThex.csv
U+5CF6	嶌	島	reduction	mj-shrink-map	merge	MJ010674: 法務省戸籍法関連通達・通知, 種別 戸籍統一文字情報 親字・正字, ホップ数 1
U+5CF6	島	嶌	variant	cjkvi-variants	corroborates	島→嶌 jisx0212/variant | 島→嶌 jisx0213/variant | 島→嶌 twedu/variant
U+5CF6	島	嶌	variant	hng-basic-data	corroborates	02594
U+5CF6	島	嶌	variant	wikidata	corroborates	Q109741827; P248 Q10427532 | Q54875006; P248 Q10427532
U+5CF6	島	嶌	equivalent	yitizi	corroborates	ytenx/JihThex.csv
U+5CF6	嶋	嶌	variant	cjkvi-variants	corroborates	嶌→嶋 jisx0212/variant | 嶌→嶋 jisx0213/variant
U+5CF6	嶹	嶋	reduction	mj-shrink-map	merge	MJ010720: 法務省戸籍法関連通達・通知, 種別 戸籍統一文字情報 親字・正字, ホップ数 1
U+5CF6	隯	㠀	reduction	mj-shrink-map	merge	MJ027696: 法務省戸籍法関連通達・通知, 種別 戸籍統一文字情報 親字・正字, ホップ数 1
U+5D06	𡼔	崆	reduction	mj-shrink-map	merge	MJ034768: 法務省戸籍法関連通達・通知, 種別 戸籍統一文字情報 親字・正字, ホップ数 1
U+5D07	崈	崇	reduction	mj-shrink-map	merge	MJ010534: 法務省戸籍法関連通達・通知, 種別 戸籍統一文字情報 親字・正字, ホップ数 1
U+5D0E	㟢	崎	reduction	mj-shrink-map	merge	MJ000877: 法務省戸籍法関連通達・通知, 種別 戸籍統一文字情報 親字・正字, ホップ数 1
U+5D0E	嵜	崎	reduction	mj-shrink-map	merge	MJ010621: 法務省戸籍法関連通達・通知, 種別 戸籍統一文字情報 親字・正字, ホップ数 1
U+5D0E	崎	嵜	variant	cjkvi-variants	corroborates	崎→嵜 jisx0212/variant | 崎→嵜 jisx0213/variant
U+5D0E	崎	嵜	variant	wikidata	corroborates	Q109741774; P248 Q10427532 | Q55414056; P248 Q10427532
U+5D0E	崎	嵜	equivalent	yitizi	corroborates	ytenx/JihThex.csv
U+5D0E	﨑	崎	reduction	mj-shrink-map	merge	MJ030196: 法務省戸籍法関連通達・通知, 種別 戸籍統一文字情報 親字・正字, ホップ数 1
U+5D0E	𡼋	崎	reduction	mj-shrink-map	merge	MJ034759: 法務省戸籍法関連通達・通知, 種別 戸籍統一文字情報 親字・正字, ホップ数 1
U+5D11	崐	崑	reduction	mj-shrink-map	merge	MJ010543: 法務省戸籍法関連通達・通知, 種別 戸籍統一文字情報 親字・正字, ホップ数 1
U+5D16	崕	崖	reduction	mj-shrink-map	merge	MJ010548: 法務省戸籍法関連通達・通知, 種別 戸籍統一文字情報 親字・正字, ホップ数 1
U+5D16	崕	崖	variant	cjkvi-variants	corroborates	崖→崕 hydzd/variant | 崖→崕 jisx0213/variant | 崖→崕 twedu/variant
U+5D16	崕	崖	variant	wikidata	corroborates	Q109741698; P248 Q10427532 | Q55851837; P248 Q10427532
U+5D16	崕	崖	equivalent	yitizi	corroborates	ytenx/JihThex.csv
U+5D17	𡹏	崗	reduction	mj-shrink-map	merge	MJ034648: 法務省戸籍法関連通達・通知, 種別 戸籍統一文字情報 親字・正字, ホップ数 1
U+5D19	崙	崙	compatibility	unicode-ucd	merge	5D19
U+5D19	崘	崙	reduction	mj-shrink-map	merge	MJ010551: 法務省戸籍法関連通達・通知, 種別 戸籍統一文字情報 親字・正字, ホップ数 1
U+5D19	崘	崙	variant	cjkvi-variants	corroborates	崙→崘 hydzd/variant | 崙→崘 jisx0212/variant | 崙→崘 jisx0213/variant | 崙→崘 twedu/variant
U+5D19	崘	崙	variant	hng-basic-data	corroborates	02623
U+5D19	崘	崙	variant	wikidata	corroborates	Q109741701; P248 Q10427532 | Q109741702; P248 Q10427532
U+5D19	崘	崙	equivalent	yitizi	corroborates	ytenx/JihThex.csv
U+5D1A	𡹃	崚	reduction	mj-shrink-map	merge	MJ034643: 法務省戸籍法関連通達・通知, 種別 戸籍統一文字情報 親字・正字, ホップ数 1
U+5D1A	𡺿	崚	reduction	mj-shrink-map	merge	MJ034715: 法務省戸籍法関連通達・通知, 種別 戸籍統一文字情報 親字・正字, ホップ数 1
U+5D1F	㖗	崟	reduction	mj-shrink-map	merge	MJ000364: 法務省戸籍法関連通達・通知, 種別 戸籍統一文字情報 親字・正字, ホップ数 1
U+5D1F	碒	崟	reduction	mj-shrink-map	merge	MJ018562: 法務省戸籍法関連通達・通知, 種別 戸籍統一文字情報 親字・正字, ホップ数 1
U+5D1F	𡷧	崟	reduction	mj-shrink-map	merge	MJ034590: 法務省戸籍法関連通達・通知, 種別 戸籍統一文字情報 親字・正字, ホップ数 1
U+5D22	𡸵	崢	reduction	mj-shrink-map	merge	MJ034641: 法務省戸籍法関連通達・通知, 種別 戸籍統一文字情報 親字・正字, ホップ数 1
U+5D24	㠙	崤	reduction	mj-shrink-map	merge	MJ000929: 法務省戸籍法関連通達・通知, 種別 戸籍統一文字情報 親字・正字, ホップ数 1
U+5D26	嶖	崦	reduction	mj-shrink-map	merge	MJ010685: 法務省戸籍法関連通達・通知, 種別 戸籍統一文字情報 親字・正字, ホップ数 1
U+5D26	𡹮	崦	reduction	mj-shrink-map	merge	MJ034665: 法務省戸籍法関連通達・通知, 種別 戸籍統一文字情報 親字・正字, ホップ数 1
U+5D29	𡷌	崩	reduction	mj-shrink-map	merge	MJ034564: 法務省戸籍法関連通達・通知, 種別 戸籍統一文字情報 親字・正字, ホップ数 1
U+5D43	嵃	嵃	compatibility	unicode-ucd	merge	5D43
U+5D46	嵇	嵆	reduction	mj-shrink-map	merge	MJ010603: 法務省戸籍法関連通達・通知, 種別 戸籍統一文字情報 親字・正字, ホップ数 1
U+5D4C	㘛	嵌	reduction	mj-shrink-map	merge	MJ000460: 法務省戸籍法関連通達・通知, 種別 戸籍統一文字情報 親字・正字, ホップ数 1
U+5D50	嵐	嵐	compatibility	unicode-ucd	merge	5D50
U+5D50	㞩	嵐	reduction	mj-shrink-map	merge	MJ000822: 法務省戸籍法関連通達・通知, 種別 戸籍統一文字情報 親字・正字, ホップ数 1
U+5D6B	嵫	嵫	compatibility	unicode-ucd	merge	5D6B
U+5D6C	㟴	嵬	reduction	mj-shrink-map	merge	MJ000892: 法務省戸籍法関連通達・通知, 種別 戸籍統一文字情報 親字・正字, ホップ数 1
U+5D6C	𡸖	㟴	reduction	mj-shrink-map	merge	MJ034617: 法務省戸籍法関連通達・通知, 種別 戸籍統一文字情報 親字・正字, ホップ数 1
U+5D6E	嵮	嵮	compatibility	unicode-ucd	merge	5D6E
U+5D6F	嵳	嵯	reduction	mj-shrink-map	merge	MJ010647: 法務省戸籍法関連通達・通知, 種別 戸籍統一文字情報 親字・正字, ホップ数 1
U+5D6F	嵯	嵳	variant	cjkvi-variants	corroborates	嵯→嵳 hydzd/variant | 嵯→嵳 jisx0212/variant | 嵯→嵳 jisx0213/variant | 嵯→嵳 twedu/variant
U+5D6F	嵯	嵳	variant	hng-basic-data	corroborates	02676
U+5D6F	嵯	嵳	variant	wikidata	corroborates	Q109741796; P248 Q10427532 | Q109741801; P248 Q10427532
U+5D6F	嵯	嵳	equivalent	yitizi	corroborates	ytenx/JihThex.csv
U+5D6F	𠪉	嵯	reduction	mj-shrink-map	merge	MJ031912: 法務省戸籍法関連通達・通知, 種別 戸籍統一文字情報 親字・正字, ホップ数 1
U+5D6F	𡽓	嵯	reduction	mj-shrink-map	merge	MJ034803: 法務省戸籍法関連通達・通知, 種別 戸籍統一文字情報 親字・正字, ホップ数 1
U+5D6F	𡾑	嵯	reduction	mj-shrink-map	merge	MJ034846: 法務省戸籍法関連通達・通知, 種別 戸籍統一文字情報 親字・正字, ホップ数 1
U+5D7C	嵼	嵼	compatibility	unicode-ucd	merge	5D7C
U+5D81	㟺	嶁	reduction	mj-shrink-map	merge	MJ000897: 法務省戸籍法関連通達・通知, 種別 戸籍統一文字情報 親字・正字, ホップ数 1
U+5D87	岴	嶇	reduction	mj-shrink-map	merge	MJ010455: 法務省戸籍法関連通達・通知, 種別 戸籍統一文字情報 親字・正字, ホップ数 1
U+5D92	𡿘	嶒	reduction	mj-shrink-map	merge	MJ034888: 法務省戸籍法関連通達・通知, 種別 戸籍統一文字情報 親字・正字, ホップ数 1
U+5D99	𡽤	嶙	reduction	mj-shrink-map	merge	MJ034818: 法務省戸籍法関連通達・通知, 種別 戸籍統一文字情報 親字・正字, ホップ数 1
U+5DA0	㠐	嶠	reduction	mj-shrink-map	merge	MJ000918: 法務省戸籍法関連通達・通知, 種別 戸籍統一文字情報 親字・正字, ホップ数 1
U+5DA2	嶤	嶢	reduction	mj-shrink-map	merge	MJ010700: 法務省戸籍法関連通達・通知, 種別 戸籍統一文字情報 親字・正字, ホップ数 1
U+5DAC	㠖	嶬	reduction	mj-shrink-map	merge	MJ000925: 法務省戸籍法関連通達・通知, 種別 戸籍統一文字情報 親字・正字, ホップ数 1
U+5DB2	嶲	嶲	compatibility	unicode-ucd	merge	5DB2
U+5DB8	峵	嶸	reduction	mj-shrink-map	merge	MJ010515: 法務省戸籍法関連通達・通知, 種別 戸籍統一文字情報 親字・正字, ホップ数 1
U+5DB8	𡵓	嶸	reduction	mj-shrink-map	merge	MJ034493: 法務省戸籍法関連通達・通知, 種別 戸籍統一文字情報 親字・正字, ホップ数 1
U+5DBA	嶺	嶺	compatibility	unicode-ucd	merge	5DBA
U+5DBC	㠘	嶼	reduction	mj-shrink-map	merge	MJ000928: 法務省戸籍法関連通達・通知, 種別 戸籍統一文字情報 親字・正字, ホップ数 1
U+5DBC	𡽬	嶼	reduction	mj-shrink-map	merge	MJ034822: 法務省戸籍法関連通達・通知, 種別 戸籍統一文字情報 親字・正字, ホップ数 1
U+5DC9	𡽡	巉	reduction	mj-shrink-map	merge	MJ034815: 法務省戸籍法関連通達・通知, 種別 戸籍統一文字情報 親字・正字, ホップ数 1
U+5DC9	𡿣	巉	reduction	mj-shrink-map	merge	MJ034896: 法務省戸籍法関連通達・通知, 種別 戸籍統一文字情報 親字・正字, ホップ数 1
U+5DD1	㠝	巑	reduction	mj-shrink-map	merge	MJ000932: 法務省戸籍法関連通達・通知, 種別 戸籍統一文字情報 親字・正字, ホップ数 1
U+5DD3	𡻗	巓	reduction	mj-shrink-map	merge	MJ034724: 法務省戸籍法関連通達・通知, 種別 戸籍統一文字情報 親字・正字, ホップ数 1
U+5DDE	𠃕	州	reduction	mj-shrink-map	merge	MJ030420: 法務省戸籍法関連通達・通知, 種別 戸籍統一文字情報 親字・正字, ホップ数 1
U+5DDE	𠄓	州	reduction	mj-shrink-map	merge	MJ030453: 法務省戸籍法関連通達・通知, 種別 戸籍統一文字情報 親字・正字, ホップ数 1
U+5DDE	𠛏	州	reduction	mj-shrink-map	merge	MJ031269: 法務省戸籍法関連通達・通知, 種別 戸籍統一文字情報 親字・正字, ホップ数 1
U+5DDE	𣧓	州	reduction	mj-shrink-map	merge	MJ038757: 法務省戸籍法関連通達・通知, 種別 戸籍統一文字情報 親字・正字, ホップ数 1
U+5DDE	𭘀	州	reduction	mj-shrink-map	merge	MJ057403: 法務省戸籍法関連通達・通知, 種別 戸籍統一文字情報 親字・正字, ホップ数 1
U+5DE0	𡿱	巠	reduction	mj-shrink-map	merge	MJ034915: 法務省戸籍法関連通達・通知, 種別 戸籍統一文字情報 親字・正字, ホップ数 1
U+5DE0	𭗻	巠	reduction	mj-shrink-map	merge	MJ057399: 法務省戸籍法関連通達・通知, 種別 戸籍統一文字情報 親字・正字, ホップ数 1
U+5DE1	巡	巡	compatibility	unicode-ucd	merge	5DE1
U+5DE1	𡿽	巡	reduction	mj-shrink-map	merge	MJ034923: 法務省戸籍法関連通達・通知, 種別 戸籍統一文字情報 親字・正字, ホップ数 1
U+5DE3	巢	巢	compatibility	unicode-ucd	merge	5DE2
U+5DE3	巢	巣	reduction	mj-shrink-map	merge	MJ010769: 法務省戸籍法関連通達・通知, 種別 戸籍統一文字情報 親字・正字, ホップ数 1
U+5DE3	𤔥	巢	reduction	mj-shrink-map	merge	MJ040247: 法務省戸籍法関連通達・通知, 種別 戸籍統一文字情報 親字・正字, ホップ数 1
U+5DE4	𢀂	巤	reduction	mj-shrink-map	merge	MJ034928: 法務省戸籍法関連通達・通知, 種別 戸籍統一文字情報 親字・正字, ホップ数 1
U+5DE5	㣉	工	reduction	mj-shrink-map	merge	MJ001095: 法務省戸籍法関連通達・通知, 種別 戸籍統一文字情報 親字・正字, ホップ数 1
U+5DE5	𠜝	工	reduction	mj-shrink-map	merge	MJ031327: 法務省戸籍法関連通達・通知, 種別 戸籍統一文字情報 親字・正字, ホップ数 1
U+5DE6	㔫	左	reduction	mj-shrink-map	merge	MJ000259: 法務省戸籍法関連通達・通知, 種別 戸籍統一文字情報 親字・正字, ホップ数 1
U+5DE6	𠡃	左	reduction	mj-shrink-map	merge	MJ031506: 法務省戸籍法関連通達・通知, 種別 戸籍統一文字情報 親字・正字, ホップ数 1
U+5DE8	㠪	巨	reduction	mj-shrink-map	merge	MJ000941: 法務省戸籍法関連通達・通知, 種別 戸籍統一文字情報 親字・正字, ホップ数 1
U+5DE8	𢀑	巨	reduction	mj-shrink-map	merge	MJ034940: 法務省戸籍法関連通達・通知, 種別 戸籍統一文字情報 親字・正字, ホップ数 1
U+5DE8	𢀓	巨	reduction	mj-shrink-map	merge	MJ034942: 法務省戸籍法関連通達・通知, 種別 戸籍統一文字情報 親字・正字, ホップ数 1
U+5DEB	𠮎	巫	reduction	mj-shrink-map	merge	MJ032093: 法務省戸籍法関連通達・通知, 種別 戸籍統一文字情報 親字・正字, ホップ数 1
U+5DEB	𢀣	巫	reduction	mj-shrink-map	merge	MJ034952: 法務省戸籍法関連通達・通知, 種別 戸籍統一文字情報 親字・正字, ホップ数 1
U+5DEB	𢍮	巫	reduction	mj-shrink-map	merge	MJ035532: 法務省戸籍法関連通達・通知, 種別 戸籍統一文字情報 親字・正字, ホップ数 1
U+5DEB	𭘆	巫	reduction	mj-shrink-map	merge	MJ057407: 法務省戸籍法関連通達・通知, 種別 戸籍統一文字情報 親字・正字, ホップ数 1
U+5DEE	𢀠	差	reduction	mj-shrink-map	merge	MJ034950: 法務省戸籍法関連通達・通知, 種別 戸籍統一文字情報 親字・正字, ホップ数 1
U+5DEE	𢀩	差	reduction	mj-shrink-map	merge	MJ034953: 法務省戸籍法関連通達・通知, 種別 戸籍統一文字情報 親字・正字, ホップ数 1
U+5DEE	𭅒	差	reduction	mj-shrink-map	merge	MJ057087: 法務省戸籍法関連通達・通知, 種別 戸籍統一文字情報 親字・正字, ホップ数 1
U+5DF1	𢀒	己	reduction	mj-shrink-map	merge	MJ034941: 法務省戸籍法関連通達・通知, 種別 戸籍統一文字情報 親字・正字, ホップ数 1
U+5DF2	㠯	㠯	compatibility	unicode-ucd	merge	382F
U+5DF2	㠯	已	reduction	mj-shrink-map	merge	MJ000945: 法務省戸籍法関連通達・通知, 種別 戸籍統一文字情報 親字・正字, ホップ数 1
U+5DF5	𨆋	巵	reduction	mj-shrink-map	merge	MJ050299: 法務省戸籍法関連通達・通知, 種別 戸籍統一文字情報 親字・正字, ホップ数 1
U+5DF7	㟟	巷	reduction	mj-shrink-map	merge	MJ000873: 法務省戸籍法関連通達・通知, 種別 戸籍統一文字情報 親字・正字, ホップ数 1
U+5DF7	䢽	巷	reduction	mj-shrink-map	merge	MJ005053: 法務省戸籍法関連通達・通知, 種別 戸籍統一文字情報 親字・正字, ホップ数 1
U+5DF7	䣈	巷	reduction	mj-shrink-map	merge	MJ005064: 法務省戸籍法関連通達・通知, 種別 戸籍統一文字情報 親字・正字, ホップ数 1
U+5DF7	𨜕	巷	reduction	mj-shrink-map	merge	MJ051312: 法務省戸籍法関連通達・通知, 種別 戸籍統一文字情報 親字・正字, ホップ数 1
U+5DF7	𨞔	巷	reduction	mj-shrink-map	merge	MJ051410: 法務省戸籍法関連通達・通知, 種別 戸籍統一文字情報 親字・正字, ホップ数 1
U+5DF9	巹	𢀷	z	cjkvi-variants	merge	巹→𢀷 cjkvi/duplicate
U+5DFB	㢧	卷	reduction	mj-shrink-map	merge	MJ001064: 法務省戸籍法関連通達・通知, 種別 戸籍統一文字情報 親字・正字, ホップ数 1
U+5DFB	卷	巻	reduction	mj-shrink-map	merge	MJ007897: 法務省戸籍法関連通達・通知, 種別 戸籍統一文字情報 親字・正字, ホップ数 1
U+5DFB	𠨟	卷	reduction	mj-shrink-map	merge	MJ031834: 法務省戸籍法関連通達・通知, 種別 戸籍統一文字情報 親字・正字, ホップ数 1
U+5DFB	𨤖	卷	reduction	mj-shrink-map	merge	MJ051673: 法務省戸籍法関連通達・通知, 種別 戸籍統一文字情報 親字・正字, ホップ数 1
U+5DFB	𩁫	卷	reduction	mj-shrink-map	merge	MJ052717: 法務省戸籍法関連通達・通知, 種別 戸籍統一文字情報 親字・正字, ホップ数 1
U+5DFB	𭅑	卷	reduction	mj-shrink-map	merge	MJ057086: 法務省戸籍法関連通達・通知, 種別 戸籍統一文字情報 親字・正字, ホップ数 1
U+5DFB	𭑊	卷	reduction	mj-shrink-map	merge	MJ057275: 法務省戸籍法関連通達・通知, 種別 戸籍統一文字情報 親字・正字, ホップ数 1
U+5DFD	巽	巽	compatibility	unicode-ucd	merge	5DFD
U+5DFD	㢲	巽	reduction	mj-shrink-map	merge	MJ001073: 法務省戸籍法関連通達・通知, 種別 戸籍統一文字情報 親字・正字, ホップ数 1
U+5DFD	巺	巽	reduction	mj-shrink-map	merge	MJ010797: 法務省戸籍法関連通達・通知, 種別 戸籍統一文字情報 親字・正字, ホップ数 1
U+5DFD	顨	巽	reduction	mj-shrink-map	merge	MJ028274: 法務省戸籍法関連通達・通知, 種別 戸籍統一文字情報 親字・正字, ホップ数 1
U+5DFD	𢁅	巽	reduction	mj-shrink-map	merge	MJ034970: 法務省戸籍法関連通達・通知, 種別 戸籍統一文字情報 親字・正字, ホップ数 1
U+5DFD	𢁌	巽	reduction	mj-shrink-map	merge	MJ034971: 法務省戸籍法関連通達・通知, 種別 戸籍統一文字情報 親字・正字, ホップ数 1
U+5DFD	𢌴	巽	reduction	mj-shrink-map	merge	MJ035487: 法務省戸籍法関連通達・通知, 種別 戸籍統一文字情報 親字・正字, ホップ数 1
U+5DFD	𢍳	巽	reduction	mj-shrink-map	merge	MJ035537: 法務省戸籍法関連通達・通知, 種別 戸籍統一文字情報 親字・正字, ホップ数 1
U+5DFE	䘜	巾	reduction	mj-shrink-map	merge	MJ004401: 法務省戸籍法関連通達・通知, 種別 戸籍統一文字情報 親字・正字, ホップ数 1
U+5E02	𡴄	市	reduction	mj-shrink-map	merge	MJ034440: 法務省戸籍法関連通達・通知, 種別 戸籍統一文字情報 親字・正字, ホップ数 1
U+5E06	䑺	帆	reduction	mj-shrink-map	merge	MJ003940: 法務省戸籍法関連通達・通知, 種別 戸籍統一文字情報 親字・正字, ホップ数 1
U+5E06	𢁒	帆	reduction	mj-shrink-map	merge	MJ034975: 法務省戸籍法関連通達・通知, 種別 戸籍統一文字情報 親字・正字, ホップ数 1
U+5E06	𤖫	帆	reduction	mj-shrink-map	merge	MJ040342: 法務省戸籍法関連通達・通知, 種別 戸籍統一文字情報 親字・正字, ホップ数 1
U+5E06	𩗋	帆	reduction	mj-shrink-map	merge	MJ053727: 法務省戸籍法関連通達・通知, 種別 戸籍統一文字情報 親字・正字, ホップ数 1
U+5E0C	㠻	希	reduction	mj-shrink-map	merge	MJ000956: 法務省戸籍法関連通達・通知, 種別 戸籍統一文字情報 親字・正字, ホップ数 1
U+5E0C	𠬹	希	reduction	mj-shrink-map	merge	MJ032031: 法務省戸籍法関連通達・通知, 種別 戸籍統一文字情報 親字・正字, ホップ数 1
U+5E0C	𢁫	希	reduction	mj-shrink-map	merge	MJ034998: 法務省戸籍法関連通達・通知, 種別 戸籍統一文字情報 親字・正字, ホップ数 1
U+5E11	伖	帑	reduction	mj-shrink-map	merge	MJ006582: 法務省戸籍法関連通達・通知, 種別 戸籍統一文字情報 親字・正字, ホップ数 1
U+5E19	𢂮	帙	reduction	mj-shrink-map	merge	MJ035049: 法務省戸籍法関連通達・通知, 種別 戸籍統一文字情報 親字・正字, ホップ数 1
U+5E1D	𠫦	帝	reduction	mj-shrink-map	merge	MJ031976: 法務省戸籍法関連通達・通知, 種別 戸籍統一文字情報 親字・正字, ホップ数 1
U+5E1D	𢂇	帝	reduction	mj-shrink-map	merge	MJ035023: 法務省戸籍法関連通達・通知, 種別 戸籍統一文字情報 親字・正字, ホップ数 1
U+5E28	帨	帨	compatibility	unicode-ucd	merge	5E28
U+5E2B	𠦵	師	reduction	mj-shrink-map	merge	MJ031763: 法務省戸籍法関連通達・通知, 種別 戸籍統一文字情報 親字・正字, ホップ数 1
U+5E2B	𠵀	師	reduction	mj-shrink-map	merge	MJ032331: 法務省戸籍法関連通達・通知, 種別 戸籍統一文字情報 親字・正字, ホップ数 1
U+5E2B	𢂖	師	reduction	mj-shrink-map	merge	MJ035035: 法務省戸籍法関連通達・通知, 種別 戸籍統一文字情報 親字・正字, ホップ数 1
U+5E2B	𢃋	師	reduction	mj-shrink-map	merge	MJ035069: 法務省戸籍法関連通達・通知, 種別 戸籍統一文字情報 親字・正字, ホップ数 1
U+5E2B	𩇱	師	reduction	mj-shrink-map	merge	MJ052966: 法務省戸籍法関連通達・通知, 種別 戸籍統一文字情報 親字・正字, ホップ数 1
U+5E2D	𠩌	席	reduction	mj-shrink-map	merge	MJ031868: 法務省戸籍法関連通達・通知, 種別 戸籍統一文字情報 親字・正字, ホップ数 1
U+5E2D	𠩛	席	reduction	mj-shrink-map	merge	MJ031877: 法務省戸籍法関連通達・通知, 種別 戸籍統一文字情報 親字・正字, ホップ数 1
U+5E2D	𥔆	席	reduction	mj-shrink-map	merge	MJ042843: 法務省戸籍法関連通達・通知, 種別 戸籍統一文字情報 親字・正字, ホップ数 1
U+5E2F	帶	帯	reduction	mj-shrink-map	merge	MJ010862: 法務省戸籍法関連通達・通知, 種別 戸籍統一文字情報 親字・正字, ホップ数 1
U+5E2F	𨗼	帶	reduction	mj-shrink-map	merge	MJ051099: 法務省戸籍法関連通達・通知, 種別 戸籍統一文字情報 親字・正字, ホップ数 1
U+5E30	㱕	歸	reduction	mj-shrink-map	merge	MJ001940: 法務省戸籍法関連通達・通知, 種別 戸籍統一文字情報 親字・正字, ホップ数 1
U+5E30	䢜	歸	reduction	mj-shrink-map	merge	MJ005018: 法務省戸籍法関連通達・通知, 種別 戸籍統一文字情報 親字・正字, ホップ数 1
U+5E30	歸	帰	reduction	mj-shrink-map	merge	MJ014849: 法務省戸籍法関連通達・通知, 種別 戸籍統一文字情報 親字・正字, ホップ数 1
U+5E30	皈	歸	reduction	mj-shrink-map	merge	MJ017998: 法務省戸籍法関連通達・通知, 種別 戸籍統一文字情報 親字・正字, ホップ数 1
U+5E30	帰	皈	variant	cjkvi-variants	corroborates	帰→皈 jisx0212/variant | 帰→皈 jisx0213/variant
U+5E30	歸	皈	variant	cjkvi-variants	corroborates	歸→皈 hydzd/variant | 歸→皈 jisx0212/variant | 歸→皈 jisx0213/variant
U+5E30	歸	皈	variant	hng-basic-data	corroborates	05676 | 05676b
U+5E30	𢅨	歸	reduction	mj-shrink-map	merge	MJ035189: 法務省戸籍法関連通達・通知, 種別 戸籍統一文字情報 親字・正字, ホップ数 1
U+5E30	𣦨	歸	reduction	mj-shrink-map	merge	MJ038723: 法務省戸籍法関連通達・通知, 種別 戸籍統一文字情報 親字・正字, ホップ数 1
U+5E30	𤾤	歸	reduction	mj-shrink-map	merge	MJ041942: 法務省戸籍法関連通達・通知, 種別 戸籍統一文字情報 親字・正字, ホップ数 1
U+5E30	𨓼	歸	reduction	mj-shrink-map	merge	MJ050915: 法務省戸籍法関連通達・通知, 種別 戸籍統一文字情報 親字・正字, ホップ数 1
U+5E33	賬	帳	reduction	mj-shrink-map	merge	MJ025086: 法務省戸籍法関連通達・通知, 種別 戸籍統一文字情報 親字・正字, ホップ数 1
U+5E37	𠥛	帷	reduction	mj-shrink-map	merge	MJ031699: 法務省戸籍法関連通達・通知, 種別 戸籍統一文字情報 親字・正字, ホップ数 1
U+5E38	㦂	常	reduction	mj-shrink-map	merge	MJ001267: 法務省戸籍法関連通達・通知, 種別 戸籍統一文字情報 親字・正字, ホップ数 1
U+5E3D	帽	帽	compatibility	unicode-ucd	merge	5E3D
U+5E3D	𧛕	帽	reduction	mj-shrink-map	merge	MJ048323: 法務省戸籍法関連通達・通知, 種別 戸籍統一文字情報 親字・正字, ホップ数 1
U+5E40	㡠	幀	reduction	mj-shrink-map	merge	MJ000994: 法務省戸籍法関連通達・通知, 種別 戸籍統一文字情報 親字・正字, ホップ数 1
U+5E44	楃	幄	reduction	mj-shrink-map	merge	MJ014173: 法務省戸籍法関連通達・通知, 種別 戸籍統一文字情報 親字・正字, ホップ数 1
U+5E44	𧛐	幄	reduction	mj-shrink-map	merge	MJ048317: 法務省戸籍法関連通達・通知, 種別 戸籍統一文字情報 親字・正字, ホップ数 1
U+5E45	䋹	幅	reduction	mj-shrink-map	merge	MJ003563: 法務省戸籍法関連通達・通知, 種別 戸籍統一文字情報 親字・正字, ホップ数 1
U+5E4C	縨	幌	reduction	mj-shrink-map	merge	MJ020340: 法務省戸籍法関連通達・通知, 種別 戸籍統一文字情報 親字・正字, ホップ数 1
U+5E54	㡢	㡢	compatibility	unicode-ucd	merge	3862
U+5E54	㡢	幔	reduction	mj-shrink-map	merge	MJ000996: 法務省戸籍法関連通達・通知, 種別 戸籍統一文字情報 親字・正字, ホップ数 1
U+5E56	𢅽	幖	reduction	mj-shrink-map	merge	MJ035203: 法務省戸籍法関連通達・通知, 種別 戸籍統一文字情報 親字・正字, ホップ数 1
U+5E58	𢅙	幘	reduction	mj-shrink-map	merge	MJ035177: 法務省戸籍法関連通達・通知, 種別 戸籍統一文字情報 親字・正字, ホップ数 1
U+5E5E	襆	幞	reduction	mj-shrink-map	merge	MJ024130: 法務省戸籍法関連通達・通知, 種別 戸籍統一文字情報 親字・正字, ホップ数 1
U+5E5F	旘	幟	reduction	mj-shrink-map	merge	MJ013130: 法務省戸籍法関連通達・通知, 種別 戸籍統一文字情報 親字・正字, ホップ数 1
U+5E5F	𣄞	幟	reduction	mj-shrink-map	merge	MJ037586: 法務省戸籍法関連通達・通知, 種別 戸籍統一文字情報 親字・正字, ホップ数 1
U+5E62	𣄢	幢	reduction	mj-shrink-map	merge	MJ037591: 法務省戸籍法関連通達・通知, 種別 戸籍統一文字情報 親字・正字, ホップ数 1
U+5E63	幤	幣	reduction	mj-shrink-map	merge	MJ010918: 法務省戸籍法関連通達・通知, 種別 戸籍統一文字情報 親字・正字, ホップ数 1
U+5E63	幣	幤	variant	cjkvi-variants	corroborates	幣→幤 jisx0212/variant | 幣→幤 jisx0213/variant
U+5E63	幣	幤	variant	wikidata	corroborates	Q109742099; P248 Q10427532 | Q55414102; P248 Q10427532
U+5E63	幣	幤	equivalent	yitizi	corroborates	ytenx/JihThex.csv
U+5E63	𧸁	幣	reduction	mj-shrink-map	merge	MJ049725: 法務省戸籍法関連通達・通知, 種別 戸籍統一文字情報 親字・正字, ホップ数 1
U+5E69	幩	幩	compatibility	unicode-ucd	merge	5E69
U+5E6B	㿶	幫	reduction	mj-shrink-map	merge	MJ002774: 法務省戸籍法関連通達・通知, 種別 戸籍統一文字情報 親字・正字, ホップ数 1
U+5E6B	幇	幫	reduction	mj-shrink-map	merge	MJ010882: 法務省戸籍法関連通達・通知, 種別 戸籍統一文字情報 親字・正字, ホップ数 1
U+5E6B	幚	幫	reduction	mj-shrink-map	merge	MJ010904: 法務省戸籍法関連通達・通知, 種別 戸籍統一文字情報 親字・正字, ホップ数 1
U+5E6C	𢃖	幬	reduction	mj-shrink-map	merge	MJ035080: 法務省戸籍法関連通達・通知, 種別 戸籍統一文字情報 親字・正字, ホップ数 1
U+5E6C	𢄛	幬	reduction	mj-shrink-map	merge	MJ035132: 法務省戸籍法関連通達・通知, 種別 戸籍統一文字情報 親字・正字, ホップ数 1
U+5E6C	𢅂	幬	reduction	mj-shrink-map	merge	MJ035161: 法務省戸籍法関連通達・通知, 種別 戸籍統一文字情報 親字・正字, ホップ数 1
U+5E6C	𢅱	幬	reduction	mj-shrink-map	merge	MJ035197: 法務省戸籍法関連通達・通知, 種別 戸籍統一文字情報 親字・正字, ホップ数 1
U+5E72	亍	干	reduction	mj-shrink-map	merge	MJ006438: 法務省戸籍法関連通達・通知, 種別 戸籍統一文字情報 親字・正字, ホップ数 1
U+5E72	𬼽	干	reduction	mj-shrink-map	merge	MJ056881: 法務省戸籍法関連通達・通知, 種別 戸籍統一文字情報 親字・正字, ホップ数 1
U+5E73	𠀒	平	reduction	mj-shrink-map	merge	MJ030324: 法務省戸籍法関連通達・通知, 種別 戸籍統一文字情報 親字・正字, ホップ数 1
U+5E73	𠀭	平	reduction	mj-shrink-map	merge	MJ030339: 法務省戸籍法関連通達・通知, 種別 戸籍統一文字情報 親字・正字, ホップ数 1
U+5E74	年	年	compatibility	unicode-ucd	merge	5E74
U+5E74	䄭	年	reduction	mj-shrink-map	merge	MJ003091: 法務省戸籍法関連通達・通知, 種別 戸籍統一文字情報 親字・正字, ホップ数 1
U+5E74	𠡦	年	reduction	mj-shrink-map	merge	MJ031523: 法務省戸籍法関連通達・通知, 種別 戸籍統一文字情報 親字・正字, ホップ数 1
U+5E74	𠦅	年	reduction	mj-shrink-map	merge	MJ031730: 法務省戸籍法関連通達・通知, 種別 戸籍統一文字情報 親字・正字, ホップ数 1
U+5E74	𠦚	年	reduction	mj-shrink-map	merge	MJ031749: 法務省戸籍法関連通達・通知, 種別 戸籍統一文字情報 親字・正字, ホップ数 1
U+5E74	𭘾	年	reduction	mj-shrink-map	merge	MJ057430: 法務省戸籍法関連通達・通知, 種別 戸籍統一文字情報 親字・正字, ホップ数 1
U+5E75	𢆛	幵	reduction	mj-shrink-map	merge	MJ035224: 法務省戸籍法関連通達・通知, 種別 戸籍統一文字情報 親字・正字, ホップ数 1
U+5E77	𢆙	幷	reduction	mj-shrink-map	merge	MJ035222: 法務省戸籍法関連通達・通知, 種別 戸籍統一文字情報 親字・正字, ホップ数 1
U+5E78	𠂷	幸	reduction	mj-shrink-map	merge	MJ030402: 法務省戸籍法関連通達・通知, 種別 戸籍統一文字情報 親字・正字, ホップ数 1
U+5E78	𡴘	幸	reduction	mj-shrink-map	merge	MJ034456: 法務省戸籍法関連通達・通知, 種別 戸籍統一文字情報 親字・正字, ホップ数 1
U+5E78	𢆎	幸	reduction	mj-shrink-map	merge	MJ035218: 法務省戸籍法関連通達・通知, 種別 戸籍統一文字情報 親字・正字, ホップ数 1
U+5E79	榦	幹	reduction	mj-shrink-map	merge	MJ014288: 法務省戸籍法関連通達・通知, 種別 戸籍統一文字情報 親字・正字, ホップ数 1
U+5E79	𣘒	榦	reduction	mj-shrink-map	merge	MJ038188: 法務省戸籍法関連通達・通知, 種別 戸籍統一文字情報 親字・正字, ホップ数 1
U+5E7B	㕕	幻	reduction	mj-shrink-map	merge	MJ000304: 法務省戸籍法関連通達・通知, 種別 戸籍統一文字情報 親字・正字, ホップ数 1
U+5E7B	𠄔	幻	reduction	mj-shrink-map	merge	MJ030454: 法務省戸籍法関連通達・通知, 種別 戸籍統一文字情報 親字・正字, ホップ数 1
U+5E7B	𣥌	幻	reduction	mj-shrink-map	merge	MJ038656: 法務省戸籍法関連通達・通知, 種別 戸籍統一文字情報 親字・正字, ホップ数 1
U+5E7C	㓜	幼	reduction	mj-shrink-map	merge	MJ000181: 法務省戸籍法関連通達・通知, 種別 戸籍統一文字情報 親字・正字, ホップ数 1
U+5E7C	𢆲	幼	reduction	mj-shrink-map	merge	MJ035233: 法務省戸籍法関連通達・通知, 種別 戸籍統一文字情報 親字・正字, ホップ数 1
U+5E7C	𢈗	幼	reduction	mj-shrink-map	merge	MJ035308: 法務省戸籍法関連通達・通知, 種別 戸籍統一文字情報 親字・正字, ホップ数 1
U+5E7D	𠫬	幽	reduction	mj-shrink-map	merge	MJ031981: 法務省戸籍法関連通達・通知, 種別 戸籍統一文字情報 親字・正字, ホップ数 1
U+5E7D	𢇑	幽	reduction	mj-shrink-map	merge	MJ035256: 法務省戸籍法関連通達・通知, 種別 戸籍統一文字情報 親字・正字, ホップ数 1
U+5E7D	𤄘	幽	reduction	mj-shrink-map	merge	MJ039787: 法務省戸籍法関連通達・通知, 種別 戸籍統一文字情報 親字・正字, ホップ数 1
U+5E7E	㡬	幾	reduction	mj-shrink-map	merge	MJ001006: 法務省戸籍法関連通達・通知, 種別 戸籍統一文字情報 親字・正字, ホップ数 1
U+5E7E	𢆻	幾	reduction	mj-shrink-map	merge	MJ035240: 法務省戸籍法関連通達・通知, 種別 戸籍統一文字情報 親字・正字, ホップ数 1
U+5E7E	𢆼	幾	reduction	mj-shrink-map	merge	MJ035241: 法務省戸籍法関連通達・通知, 種別 戸籍統一文字情報 親字・正字, ホップ数 1
U+5E7E	𨗂	幾	reduction	mj-shrink-map	merge	MJ051055: 法務省戸籍法関連通達・通知, 種別 戸籍統一文字情報 親字・正字, ホップ数 1
U+5E7E	𭙌	幾	reduction	mj-shrink-map	merge	MJ057433: 法務省戸籍法関連通達・通知, 種別 戸籍統一文字情報 親字・正字, ホップ数 1
U+5E81	廳	庁	reduction	mj-shrink-map	merge	MJ011097: 法務省戸籍法関連通達・通知, 種別 戸籍統一文字情報 親字・正字, ホップ数 1
U+5E81	𤘖	廳	reduction	mj-shrink-map	merge	MJ040420: 法務省戸籍法関連通達・通知, 種別 戸籍統一文字情報 親字・正字, ホップ数 1
U+5E83	廣	広	reduction	mj-shrink-map	merge	MJ011077: 法務省戸籍法関連通達・通知, 種別 戸籍統一文字情報 親字・正字, ホップ数 1
U+5E8F	㘧	序	reduction	mj-shrink-map	merge	MJ000473: 法務省戸籍法関連通達・通知, 種別 戸籍統一文字情報 親字・正字, ホップ数 1
U+5E8F	䦽	序	reduction	mj-shrink-map	merge	MJ005289: 法務省戸籍法関連通達・通知, 種別 戸籍統一文字情報 親字・正字, ホップ数 1
U+5E95	㡳	底	reduction	mj-shrink-map	merge	MJ001015: 法務省戸籍法関連通達・通知, 種別 戸籍統一文字情報 親字・正字, ホップ数 1
U+5E95	𭙗	底	reduction	mj-shrink-map	merge	MJ057438: 法務省戸籍法関連通達・通知, 種別 戸籍統一文字情報 親字・正字, ホップ数 1
U+5E9A	𠩖	庚	reduction	mj-shrink-map	merge	MJ031873: 法務省戸籍法関連通達・通知, 種別 戸籍統一文字情報 親字・正字, ホップ数 1
U+5E9A	𧟴	庚	reduction	mj-shrink-map	merge	MJ048531: 法務省戸籍法関連通達・通知, 種別 戸籍統一文字情報 親字・正字, ホップ数 1
U+5E9C	𢇯	府	reduction	mj-shrink-map	merge	MJ035282: 法務省戸籍法関連通達・通知, 種別 戸籍統一文字情報 親字・正字, ホップ数 1
U+5EA6	度	度	compatibility	unicode-ucd	merge	5EA6
U+5EA6	𤸿	度	reduction	mj-shrink-map	merge	MJ041714: 法務省戸籍法関連通達・通知, 種別 戸籍統一文字情報 親字・正字, ホップ数 1
U+5EA7	𫝶	座	reduction	mj-shrink-map	merge	MJ057446: 法務省戸籍法関連通達・通知, 種別 戸籍統一文字情報 親字・正字, ホップ数 1
U+5EA7	𫝷	座	reduction	mj-shrink-map	merge	MJ057447: 法務省戸籍法関連通達・通知, 種別 戸籍統一文字情報 親字・正字, ホップ数 1
U+5EAD	𨓀	庭	reduction	mj-shrink-map	merge	MJ050863: 法務省戸籍法関連通達・通知, 種別 戸籍統一文字情報 親字・正字, ホップ数 1
U+5EB0	庰	庰	compatibility	unicode-ucd	merge	5EB0
U+5EB3	庳	庳	compatibility	unicode-ucd	merge	5EB3
U+5EB5	𢊊	庵	reduction	mj-shrink-map	merge	MJ035390: 法務省戸籍法関連通達・通知, 種別 戸籍統一文字情報 親字・正字, ホップ数 1
U+5EB6	庶	庶	compatibility	unicode-ucd	merge	5EB6
U+5EB6	𠩽	庶	reduction	mj-shrink-map	merge	MJ031904: 法務省戸籍法関連通達・通知, 種別 戸籍統一文字情報 親字・正字, ホップ数 1
U+5EB6	𠪌	庶	reduction	mj-shrink-map	merge	MJ031915: 法務省戸籍法関連通達・通知, 種別 戸籍統一文字情報 親字・正字, ホップ数 1
U+5EB6	𠪛	庶	reduction	mj-shrink-map	merge	MJ031927: 法務省戸籍法関連通達・通知, 種別 戸籍統一文字情報 親字・正字, ホップ数 1
U+5EB6	𠪜	庶	reduction	mj-shrink-map	merge	MJ031928: 法務省戸籍法関連通達・通知, 種別 戸籍統一文字情報 親字・正字, ホップ数 1
U+5EB6	𢉙	庶	reduction	mj-shrink-map	merge	MJ035356: 法務省戸籍法関連通達・通知, 種別 戸籍統一文字情報 親字・正字, ホップ数 1
U+5EB6	𤈲	庶	reduction	mj-shrink-map	merge	MJ039919: 法務省戸籍法関連通達・通知, 種別 戸籍統一文字情報 親字・正字, ホップ数 1
U+5EB7	𠭳	康	reduction	mj-shrink-map	merge	MJ032074: 法務省戸籍法関連通達・通知, 種別 戸籍統一文字情報 親字・正字, ホップ数 1
U+5EB8	𠆌	庸	reduction	mj-shrink-map	merge	MJ030518: 法務省戸籍法関連通達・通知, 種別 戸籍統一文字情報 親字・正字, ホップ数 1
U+5EB8	𠭻	庸	reduction	mj-shrink-map	merge	MJ032080: 法務省戸籍法関連通達・通知, 種別 戸籍統一文字情報 親字・正字, ホップ数 1
U+5EB8	𤰋	庸	reduction	mj-shrink-map	merge	MJ041333: 法務省戸籍法関連通達・通知, 種別 戸籍統一文字情報 親字・正字, ホップ数 1
U+5EC1	厠	廁	reduction	mj-shrink-map	merge	MJ007941: 法務省戸籍法関連通達・通知, 種別 戸籍統一文字情報 親字・正字, ホップ数 1
U+5EC1	厠	廁	variant	cjkvi-variants	corroborates	厠→廁 dypytz/variant | 厠→廁 jisx0212/variant | 厠→廁 jisx0213/variant | 廁→厠 hydzd/variant | 廁→厠 twedu/variant
U+5EC1	廁	厠	shinjitai	opencc	corroborates	JPShinjitaiCharacters (self first)
U+5EC1	厠	廁	variant	wikidata	corroborates	Q109738640; P248 Q115296982 Q10427532 | Q109742194; P248 Q115296982 Q10427532
U+5EC1	厠	廁	equivalent	yitizi	corroborates	ytenx/JihThex.csv
U+5EC1	𨕟	廁	reduction	mj-shrink-map	merge	MJ050975: 法務省戸籍法関連通達・通知, 種別 戸籍統一文字情報 親字・正字, ホップ数 1
U+5EC3	廢	廃	reduction	mj-shrink-map	merge	MJ011074: 法務省戸籍法関連通達・通知, 種別 戸籍統一文字情報 親字・正字, ホップ数 1
U+5EC9	廉	廉	compatibility	unicode-ucd	merge	5EC9
U+5EC9	𠪊	廉	reduction	mj-shrink-map	merge	MJ031913: 法務省戸籍法関連通達・通知, 種別 戸籍統一文字情報 親字・正字, ホップ数 1
U+5EC9	𢋯	廉	reduction	mj-shrink-map	merge	MJ035444: 法務省戸籍法関連通達・通知, 種別 戸籍統一文字情報 親字・正字, ホップ数 1
U+5ECA	廊	廊	compatibility	unicode-ucd	merge	5ECA
U+5ECA	廊	廊	compatibility	unicode-ucd	merge	5ECA
U+5ECF	廄	廏	itaiji	mj-kanji	merge	X0213 包摂
U+5ECF	𠤙	廏	reduction	mj-shrink-map	merge	MJ031654: 法務省戸籍法関連通達・通知, 種別 戸籍統一文字情報 親字・正字, ホップ数 1
U+5ED2	廒	廒	compatibility	unicode-ucd	merge	5ED2
U+5ED2	厫	廒	reduction	mj-shrink-map	merge	MJ007957: 法務省戸籍法関連通達・通知, 種別 戸籍統一文字情報 親字・正字, ホップ数 1
U+5ED3	廓	廓	compatibility	unicode-ucd	merge	5ED3
U+5ED3	𢋽	廓	reduction	mj-shrink-map	merge	MJ035451: 法務省戸籍法関連通達・通知, 種別 戸籍統一文字情報 親字・正字, ホップ数 1
U+5ED3	𢌓	廓	reduction	mj-shrink-map	merge	MJ035467: 法務省戸籍法関連通達・通知, 種別 戸籍統一文字情報 親字・正字, ホップ数 1
U+5ED9	廙	廙	compatibility	unicode-ucd	merge	5ED9
U+5ED9	𢇙	廙	reduction	mj-shrink-map	merge	MJ035265: 法務省戸籍法関連通達・通知, 種別 戸籍統一文字情報 親字・正字, ホップ数 1
U+5EDA	㕑	廚	reduction	mj-shrink-map	merge	MJ000300: 法務省戸籍法関連通達・通知, 種別 戸籍統一文字情報 親字・正字, ホップ数 1
U+5EDA	橱	廚	reduction	mj-shrink-map	merge	MJ014543: 法務省戸籍法関連通達・通知, 種別 戸籍統一文字情報 親字・正字, ホップ数 1
U+5EDB	㙻	廛	reduction	mj-shrink-map	merge	MJ000548: 法務省戸籍法関連通達・通知, 種別 戸籍統一文字情報 親字・正字, ホップ数 1
U+5EDB	㢆	廛	reduction	mj-shrink-map	merge	MJ001034: 法務省戸籍法関連通達・通知, 種別 戸籍統一文字情報 親字・正字, ホップ数 1
U+5EDB	䣑	廛	reduction	mj-shrink-map	merge	MJ005074: 法務省戸籍法関連通達・通知, 種別 戸籍統一文字情報 親字・正字, ホップ数 1
U+5EDB	壥	廛	reduction	mj-shrink-map	merge	MJ009377: 法務省戸籍法関連通達・通知, 種別 戸籍統一文字情報 親字・正字, ホップ数 1
U+5EDB	壥	廛	variant	wikidata	corroborates	Q109740429; P248 Q10427532 | Q109742223; P248 Q10427532
U+5EDB	𠪨	廛	reduction	mj-shrink-map	merge	MJ031936: 法務省戸籍法関連通達・通知, 種別 戸籍統一文字情報 親字・正字, ホップ数 1
U+5EDB	𡏂	廛	reduction	mj-shrink-map	merge	MJ033135: 法務省戸籍法関連通達・通知, 種別 戸籍統一文字情報 親字・正字, ホップ数 1
U+5EDB	𢋨	廛	reduction	mj-shrink-map	merge	MJ035438: 法務省戸籍法関連通達・通知, 種別 戸籍統一文字情報 親字・正字, ホップ数 1
U+5EDF	𤸠	廟	reduction	mj-shrink-map	merge	MJ041687: 法務省戸籍法関連通達・通知, 種別 戸籍統一文字情報 親字・正字, ホップ数 1
U+5EE0	厰	廠	reduction	mj-shrink-map	merge	MJ007962: 法務省戸籍法関連通達・通知, 種別 戸籍統一文字情報 親字・正字, ホップ数 1
U+5EE0	厰	廠	variant	cjkvi-variants	corroborates	廠→厰 hydzd/variant | 廠→厰 jisx0212/variant | 廠→厰 jisx0213/variant | 廠→厰 twedu/variant
U+5EE0	厰	廠	variant	wikidata	corroborates	Q109738658; P248 Q10427532 | Q109742228; P248 Q10427532
U+5EE0	厰	廠	equivalent	yitizi	corroborates	ytenx/JihThex.csv
U+5EE1	𢇜	廡	reduction	mj-shrink-map	merge	MJ035267: 法務省戸籍法関連通達・通知, 種別 戸籍統一文字情報 親字・正字, ホップ数 1
U+5EE1	𢋑	廡	reduction	mj-shrink-map	merge	MJ035427: 法務省戸籍法関連通達・通知, 種別 戸籍統一文字情報 親字・正字, ホップ数 1
U+5EE1	𢋰	廡	reduction	mj-shrink-map	merge	MJ035445: 法務省戸籍法関連通達・通知, 種別 戸籍統一文字情報 親字・正字, ホップ数 1
U+5EE1	𢌋	廡	reduction	mj-shrink-map	merge	MJ035463: 法務省戸籍法関連通達・通知, 種別 戸籍統一文字情報 親字・正字, ホップ数 1
U+5EE8	𪠘	廨	reduction	mj-shrink-map	merge	MJ057122: 法務省戸籍法関連通達・通知, 種別 戸籍統一文字情報 親字・正字, ホップ数 1
U+5EE9	㐭	廩	reduction	mj-shrink-map	merge	MJ000026: 法務省戸籍法関連通達・通知, 種別 戸籍統一文字情報 親字・正字, ホップ数 1
U+5EE9	𢈺	廩	reduction	mj-shrink-map	merge	MJ035335: 法務省戸籍法関連通達・通知, 種別 戸籍統一文字情報 親字・正字, ホップ数 1
U+5EE9	𥠌	廩	reduction	mj-shrink-map	merge	MJ043233: 法務省戸籍法関連通達・通知, 種別 戸籍統一文字情報 親字・正字, ホップ数 1
U+5EEC	廬	廬	compatibility	unicode-ucd	merge	5EEC
U+5EEC	𡳬	廬	reduction	mj-shrink-map	merge	MJ034430: 法務省戸籍法関連通達・通知, 種別 戸籍統一文字情報 親字・正字, ホップ数 1
U+5EF6	𭚒	延	reduction	mj-shrink-map	merge	MJ057454: 法務省戸籍法関連通達・通知, 種別 戸籍統一文字情報 親字・正字, ホップ数 1
U+5EF6	𭚓	延	reduction	mj-shrink-map	merge	MJ057453: 法務省戸籍法関連通達・通知, 種別 戸籍統一文字情報 親字・正字, ホップ数 1
U+5EF6	𮞅	延	reduction	mj-shrink-map	merge	MJ058844: 法務省戸籍法関連通達・通知, 種別 戸籍統一文字情報 親字・正字, ホップ数 1
U+5EF7	𨑲	廷	reduction	mj-shrink-map	merge	MJ058842: 法務省戸籍法関連通達・通知, 種別 戸籍統一文字情報 親字・正字, ホップ数 1
U+5EFB	廽	廻	reduction	mj-shrink-map	merge	MJ011118: 法務省戸籍法関連通達・通知, 種別 戸籍統一文字情報 親字・正字, ホップ数 1
U+5EFE	廾	廾	compatibility	unicode-ucd	merge	5EFE
U+5EFE	𠬞	廾	reduction	mj-shrink-map	merge	MJ032011: 法務省戸籍法関連通達・通知, 種別 戸籍統一文字情報 親字・正字, ホップ数 1
U+5EFF	卄	廿	reduction	mj-shrink-map	merge	MJ007837: 法務省戸籍法関連通達・通知, 種別 戸籍統一文字情報 親字・正字, ホップ数 1
U+5F01	𠭛	弁	reduction	mj-shrink-map	merge	MJ032057: 法務省戸籍法関連通達・通知, 種別 戸籍統一文字情報 親字・正字, ホップ数 1
U+5F01	𢍍	弁	reduction	mj-shrink-map	merge	MJ035507: 法務省戸籍法関連通達・通知, 種別 戸籍統一文字情報 親字・正字, ホップ数 1
U+5F01	𢍘	弁	reduction	mj-shrink-map	merge	MJ035517: 法務省戸籍法関連通達・通知, 種別 戸籍統一文字情報 親字・正字, ホップ数 1
U+5F01	𢍙	弁	reduction	mj-shrink-map	merge	MJ035518: 法務省戸籍法関連通達・通知, 種別 戸籍統一文字情報 親字・正字, ホップ数 1
U+5F03	𠔚	弃	reduction	mj-shrink-map	merge	MJ031001: 法務省戸籍法関連通達・通知, 種別 戸籍統一文字情報 親字・正字, ホップ数 1
U+5F03	𠬇	弃	reduction	mj-shrink-map	merge	MJ031999: 法務省戸籍法関連通達・通知, 種別 戸籍統一文字情報 親字・正字, ホップ数 1
U+5F04	弄	弄	compatibility	unicode-ucd	merge	5F04
U+5F04	挊	弄	reduction	mj-shrink-map	merge	MJ012333: 法務省戸籍法関連通達・通知, 種別 戸籍統一文字情報 親字・正字, ホップ数 1
U+5F07	𢍔	弇	reduction	mj-shrink-map	merge	MJ035514: 法務省戸籍法関連通達・通知, 種別 戸籍統一文字情報 親字・正字, ホップ数 1
U+5F07	𥦦	弇	reduction	mj-shrink-map	merge	MJ043472: 法務省戸籍法関連通達・通知, 種別 戸籍統一文字情報 親字・正字, ホップ数 1
U+5F08	𢌸	弈	reduction	mj-shrink-map	merge	MJ035489: 法務省戸籍法関連通達・通知, 種別 戸籍統一文字情報 親字・正字, ホップ数 1
U+5F08	𢌾	弈	reduction	mj-shrink-map	merge	MJ035495: 法務省戸籍法関連通達・通知, 種別 戸籍統一文字情報 親字・正字, ホップ数 1
U+5F0B	隿	弋	reduction	mj-shrink-map	merge	MJ027715: 法務省戸籍法関連通達・通知, 種別 戸籍統一文字情報 親字・正字, ホップ数 1
U+5F0B	𢍺	弋	reduction	mj-shrink-map	merge	MJ035542: 法務省戸籍法関連通達・通知, 種別 戸籍統一文字情報 親字・正字, ホップ数 1
U+5F0F	𭚡	式	reduction	mj-shrink-map	merge	MJ057458: 法務省戸籍法関連通達・通知, 種別 戸籍統一文字情報 親字・正字, ホップ数 1
U+5F10	貳	弐	reduction	mj-shrink-map	merge	MJ025023: 法務省戸籍法関連通達・通知, 種別 戸籍統一文字情報 親字・正字, ホップ数 1
U+5F11	𢎍	弑	reduction	mj-shrink-map	merge	MJ035560: 法務省戸籍法関連通達・通知, 種別 戸籍統一文字情報 親字・正字, ホップ数 1
U+5F11	𢎓	弑	reduction	mj-shrink-map	merge	MJ035565: 法務省戸籍法関連通達・通知, 種別 戸籍統一文字情報 親字・正字, ホップ数 1
U+5F11	𢨓	弑	reduction	mj-shrink-map	merge	MJ036637: 法務省戸籍法関連通達・通知, 種別 戸籍統一文字情報 親字・正字, ホップ数 1
U+5F13	𭚥	弓	reduction	mj-shrink-map	merge	MJ057460: 法務省戸籍法関連通達・通知, 種別 戸籍統一文字情報 親字・正字, ホップ数 1
U+5F14	𢎣	弔	reduction	mj-shrink-map	merge	MJ035579: 法務省戸籍法関連通達・通知, 種別 戸籍統一文字情報 親字・正字, ホップ数 1
U+5F14	𢎨	弔	reduction	mj-shrink-map	merge	MJ035584: 法務省戸籍法関連通達・通知, 種別 戸籍統一文字情報 親字・正字, ホップ数 1
U+5F14	𢎱	弔	reduction	mj-shrink-map	merge	MJ035590: 法務省戸籍法関連通達・通知, 種別 戸籍統一文字情報 親字・正字, ホップ数 1
U+5F15	㧈	引	reduction	mj-shrink-map	merge	MJ001341: 法務省戸籍法関連通達・通知, 種別 戸籍統一文字情報 親字・正字, ホップ数 1
U+5F15	𢎢	引	reduction	mj-shrink-map	merge	MJ035578: 法務省戸籍法関連通達・通知, 種別 戸籍統一文字情報 親字・正字, ホップ数 1
U+5F15	𢪉	引	reduction	mj-shrink-map	merge	MJ036717: 法務省戸籍法関連通達・通知, 種別 戸籍統一文字情報 親字・正字, ホップ数 1
U+5F18	𣧀	弘	reduction	mj-shrink-map	merge	MJ038740: 法務省戸籍法関連通達・通知, 種別 戸籍統一文字情報 親字・正字, ホップ数 1
U+5F18	𪪺	弘	reduction	mj-shrink-map	merge	MJ057461: 法務省戸籍法関連通達・通知, 種別 戸籍統一文字情報 親字・正字, ホップ数 1
U+5F18	𭤩	弘	reduction	mj-shrink-map	merge	MJ057634: 法務省戸籍法関連通達・通知, 種別 戸籍統一文字情報 親字・正字, ホップ数 1
U+5F1B	㢮	弛	reduction	mj-shrink-map	merge	MJ001069: 法務省戸籍法関連通達・通知, 種別 戸籍統一文字情報 親字・正字, ホップ数 1
U+5F1B	𢐋	弛	reduction	mj-shrink-map	merge	MJ035656: 法務省戸籍法関連通達・通知, 種別 戸籍統一文字情報 親字・正字, ホップ数 1
U+5F1B	𢐏	弛	reduction	mj-shrink-map	merge	MJ035659: 法務省戸籍法関連通達・通知, 種別 戸籍統一文字情報 親字・正字, ホップ数 1
U+5F1E	𣢀	弞	reduction	mj-shrink-map	merge	MJ038495: 法務省戸籍法関連通達・通知, 種別 戸籍統一文字情報 親字・正字, ホップ数 1
U+5F1F	𠂖	弟	reduction	mj-shrink-map	merge	MJ030381: 法務省戸籍法関連通達・通知, 種別 戸籍統一文字情報 親字・正字, ホップ数 1
U+5F1F	𢦢	弟	reduction	mj-shrink-map	merge	MJ036556: 法務省戸籍法関連通達・通知, 種別 戸籍統一文字情報 親字・正字, ホップ数 1
U+5F1F	𬼺	弟	reduction	mj-shrink-map	merge	MJ056878: 法務省戸籍法関連通達・通知, 種別 戸籍統一文字情報 親字・正字, ホップ数 1
U+5F22	弢	弢	compatibility	unicode-ucd	merge	5F22
U+5F22	弢	弢	compatibility	unicode-ucd	merge	5F22
U+5F25	彌	弥	reduction	mj-shrink-map	merge	MJ011219: 法務省戸籍法関連通達・通知, 種別 戸籍統一文字情報 親字・正字, ホップ数 1
U+5F25	𢑀	彌	reduction	mj-shrink-map	merge	MJ035694: 法務省戸籍法関連通達・通知, 種別 戸籍統一文字情報 親字・正字, ホップ数 1
U+5F26	𢎺	弦	reduction	mj-shrink-map	merge	MJ035597: 法務省戸籍法関連通達・通知, 種別 戸籍統一文字情報 親字・正字, ホップ数 1
U+5F26	𢏸	弦	reduction	mj-shrink-map	merge	MJ035642: 法務省戸籍法関連通達・通知, 種別 戸籍統一文字情報 親字・正字, ホップ数 1
U+5F26	𢐁	弦	reduction	mj-shrink-map	merge	MJ035647: 法務省戸籍法関連通達・通知, 種別 戸籍統一文字情報 親字・正字, ホップ数 1
U+5F26	𥾏	弦	reduction	mj-shrink-map	merge	MJ044404: 法務省戸籍法関連通達・通知, 種別 戸籍統一文字情報 親字・正字, ホップ数 1
U+5F31	𭋘	弱	reduction	mj-shrink-map	merge	MJ057199: 法務省戸籍法関連通達・通知, 種別 戸籍統一文字情報 親字・正字, ホップ数 1
U+5F34	𢐻	弴	reduction	mj-shrink-map	merge	MJ035690: 法務省戸籍法関連通達・通知, 種別 戸籍統一文字情報 親字・正字, ホップ数 1
U+5F36	摾	摾	compatibility	unicode-ucd	merge	647E
U+5F36	摾	弶	reduction	mj-shrink-map	merge	MJ012737: 法務省戸籍法関連通達・通知, 種別 戸籍統一文字情報 親字・正字, ホップ数 1
U+5F36	𣚦	弶	reduction	mj-shrink-map	merge	MJ038282: 法務省戸籍法関連通達・通知, 種別 戸籍統一文字情報 親字・正字, ホップ数 1
U+5F37	𧖑	強	reduction	mj-shrink-map	merge	MJ048070: 法務省戸籍法関連通達・通知, 種別 戸籍統一文字情報 親字・正字, ホップ数 1
U+5F37	𭚸	強	reduction	mj-shrink-map	merge	MJ057467: 法務省戸籍法関連通達・通知, 種別 戸籍統一文字情報 親字・正字, ホップ数 1
U+5F37	𭚹	強	reduction	mj-shrink-map	merge	MJ057468: 法務省戸籍法関連通達・通知, 種別 戸籍統一文字情報 親字・正字, ホップ数 1
U+5F37	𭚼	強	reduction	mj-shrink-map	merge	MJ057469: 法務省戸籍法関連通達・通知, 種別 戸籍統一文字情報 親字・正字, ホップ数 1
U+5F37	𭤽	強	reduction	mj-shrink-map	merge	MJ057643: 法務省戸籍法関連通達・通知, 種別 戸籍統一文字情報 親字・正字, ホップ数 1
U+5F3C	㢶	弼	reduction	mj-shrink-map	merge	MJ001078: 法務省戸籍法関連通達・通知, 種別 戸籍統一文字情報 親字・正字, ホップ数 1
U+5F3C	㢸	弼	reduction	mj-shrink-map	merge	MJ001079: 法務省戸籍法関連通達・通知, 種別 戸籍統一文字情報 親字・正字, ホップ数 1
U+5F3C	弻	弼	reduction	mj-shrink-map	merge	MJ011200: 法務省戸籍法関連通達・通知, 種別 戸籍統一文字情報 親字・正字, ホップ数 1
U+5F3C	𠨒	弼	reduction	mj-shrink-map	merge	MJ031822: 法務省戸籍法関連通達・通知, 種別 戸籍統一文字情報 親字・正字, ホップ数 1
U+5F3C	𢐀	弼	reduction	mj-shrink-map	merge	MJ035646: 法務省戸籍法関連通達・通知, 種別 戸籍統一文字情報 親字・正字, ホップ数 1
U+5F3C	𢐈	弼	reduction	mj-shrink-map	merge	MJ035654: 法務省戸籍法関連通達・通知, 種別 戸籍統一文字情報 親字・正字, ホップ数 1
U+5F3C	𢐝	弼	reduction	mj-shrink-map	merge	MJ035667: 法務省戸籍法関連通達・通知, 種別 戸籍統一文字情報 親字・正字, ホップ数 1
U+5F3C	𢐡	弼	reduction	mj-shrink-map	merge	MJ035671: 法務省戸籍法関連通達・通知, 種別 戸籍統一文字情報 親字・正字, ホップ数 1
U+5F3C	𢐤	弼	reduction	mj-shrink-map	merge	MJ035672: 法務省戸籍法関連通達・通知, 種別 戸籍統一文字情報 親字・正字, ホップ数 1
U+5F3D	㢵	弽	reduction	mj-shrink-map	merge	MJ001077: 法務省戸籍法関連通達・通知, 種別 戸籍統一文字情報 親字・正字, ホップ数 1
U+5F3D	𢏲	弽	reduction	mj-shrink-map	merge	MJ035636: 法務省戸籍法関連通達・通知, 種別 戸籍統一文字情報 親字・正字, ホップ数 1
U+5F3D	𢐇	弽	reduction	mj-shrink-map	merge	MJ035653: 法務省戸籍法関連通達・通知, 種別 戸籍統一文字情報 親字・正字, ホップ数 1
U+5F3E	彈	弾	reduction	mj-shrink-map	merge	MJ011215: 法務省戸籍法関連通達・通知, 種別 戸籍統一文字情報 親字・正字, ホップ数 1
U+5F3E	𢎝	彈	reduction	mj-shrink-map	merge	MJ035574: 法務省戸籍法関連通達・通知, 種別 戸籍統一文字情報 親字・正字, ホップ数 1
U+5F3E	𢎬	彈	reduction	mj-shrink-map	merge	MJ035587: 法務省戸籍法関連通達・通知, 種別 戸籍統一文字情報 親字・正字, ホップ数 1
U+5F40	𠥚	彀	reduction	mj-shrink-map	merge	MJ031698: 法務省戸籍法関連通達・通知, 種別 戸籍統一文字情報 親字・正字, ホップ数 1
U+5F47	𢑁	彇	reduction	mj-shrink-map	merge	MJ035696: 法務省戸籍法関連通達・通知, 種別 戸籍統一文字情報 親字・正字, ホップ数 1
U+5F51	彐	彑	itaiji	mj-kanji	merge	X0213 包摂
U+5F53	当	当	compatibility	unicode-ucd	merge	5F53
U+5F53	当	𢑐	itaiji	mj-kanji	merge	X0213 包摂
U+5F53	當	当	reduction	mj-shrink-map	merge	MJ017713: 法務省戸籍法関連通達・通知, 種別 戸籍統一文字情報 親字・正字, ホップ数 1
U+5F53	𡭠	當	reduction	mj-shrink-map	merge	MJ034200: 法務省戸籍法関連通達・通知, 種別 戸籍統一文字情報 親字・正字, ホップ数 1
U+5F53	𢑐	當	reduction	mj-shrink-map	merge	MJ035708: 法務省戸籍法関連通達・通知, 種別 戸籍統一文字情報 親字・正字, ホップ数 1
U+5F53	𤱭	當	reduction	mj-shrink-map	merge	MJ041395: 法務省戸籍法関連通達・通知, 種別 戸籍統一文字情報 親字・正字, ホップ数 1
U+5F54	𢑗	彔	reduction	mj-shrink-map	merge	MJ035715: 法務省戸籍法関連通達・通知, 種別 戸籍統一文字情報 親字・正字, ホップ数 1
U+5F57	𬻥	彗	reduction	mj-shrink-map	merge	MJ057479: 法務省戸籍法関連通達・通知, 種別 戸籍統一文字情報 親字・正字, ホップ数 1
U+5F58	𠅰	彘	reduction	mj-shrink-map	merge	MJ030507: 法務省戸籍法関連通達・通知, 種別 戸籍統一文字情報 親字・正字, ホップ数 1
U+5F58	𢑣	彘	reduction	mj-shrink-map	merge	MJ035727: 法務省戸籍法関連通達・通知, 種別 戸籍統一文字情報 親字・正字, ホップ数 1
U+5F58	𥏉	彘	reduction	mj-shrink-map	merge	MJ042665: 法務省戸籍法関連通達・通知, 種別 戸籍統一文字情報 親字・正字, ホップ数 1
U+5F59	彙	彚	itaiji	mj-kanji	merge	X0213 包摂
U+5F59	彚	彙	reduction	mj-shrink-map	merge	MJ011240: 法務省戸籍法関連通達・通知, 種別 戸籍統一文字情報 親字・正字, ホップ数 1
U+5F59	𢑤	彙	reduction	mj-shrink-map	merge	MJ035728: 法務省戸籍法関連通達・通知, 種別 戸籍統一文字情報 親字・正字, ホップ数 1
U+5F59	𣉰	彙	reduction	mj-shrink-map	merge	MJ037773: 法務省戸籍法関連通達・通知, 種別 戸籍統一文字情報 親字・正字, ホップ数 1
U+5F59	𦴗	彙	reduction	mj-shrink-map	merge	MJ046639: 法務省戸籍法関連通達・通知, 種別 戸籍統一文字情報 親字・正字, ホップ数 1
U+5F59	𧳪	彙	reduction	mj-shrink-map	merge	MJ049540: 法務省戸籍法関連通達・通知, 種別 戸籍統一文字情報 親字・正字, ホップ数 1
U+5F5D	彛	彜	itaiji	mj-kanji	merge	X0213 包摂
U+5F5D	彛	彝	reduction	mj-shrink-map	merge	MJ011242: 法務省戸籍法関連通達・通知, 種別 戸籍統一文字情報 親字・正字, ホップ数 1
U+5F5D	彜	彝	variant	cjkvi-variants	corroborates	彜→彝 jisx0213/variant | 彝→彜 hydzd/variant | 彝→彜 jisx0212/variant
U+5F5D	彜	彝	equivalent	yitizi	corroborates	ytenx/JihThex.csv
U+5F5D	彜	彝	reduction	mj-shrink-map	merge	MJ011243: 法務省戸籍法関連通達・通知, 種別 戸籍統一文字情報 親字・正字, ホップ数 1
U+5F5D	𢁔	彝	reduction	mj-shrink-map	merge	MJ034977: 法務省戸籍法関連通達・通知, 種別 戸籍統一文字情報 親字・正字, ホップ数 1
U+5F5D	𢇏	彝	reduction	mj-shrink-map	merge	MJ035255: 法務省戸籍法関連通達・通知, 種別 戸籍統一文字情報 親字・正字, ホップ数 1
U+5F5D	𢑱	彝	reduction	mj-shrink-map	merge	MJ057481: 法務省戸籍法関連通達・通知, 種別 戸籍統一文字情報 親字・正字, ホップ数 1
U+5F5D	𢑲	𦄳	z	cjkvi-variants	merge	𦄳→𢑲 cjkvi/duplicate
U+5F5D	𢑲	彝	reduction	mj-shrink-map	merge	MJ035740: 法務省戸籍法関連通達・通知, 種別 戸籍統一文字情報 親字・正字, ホップ数 1
U+5F5D	𦆩	彝	reduction	mj-shrink-map	merge	MJ044712: 法務省戸籍法関連通達・通知, 種別 戸籍統一文字情報 親字・正字, ホップ数 1
U+5F5D	𦇚	𦇚	compatibility	unicode-ucd	merge	261DA
U+5F5D	𦇚	彝	reduction	mj-shrink-map	merge	MJ044742: 法務省戸籍法関連通達・通知, 種別 戸籍統一文字情報 親字・正字, ホップ数 1
U+5F5D	𧤋	彝	reduction	mj-shrink-map	merge	MJ048735: 法務省戸籍法関連通達・通知, 種別 戸籍統一文字情報 親字・正字, ホップ数 1
U+5F62	形	形	compatibility	unicode-ucd	merge	5F62
U+5F64	蚒	彤	reduction	mj-shrink-map	merge	MJ023352: 法務省戸籍法関連通達・通知, 種別 戸籍統一文字情報 親字・正字, ホップ数 1
U+5F66	𢒊	彦	reduction	mj-shrink-map	merge	MJ035756: 法務省戸籍法関連通達・通知, 種別 戸籍統一文字情報 親字・正字, ホップ数 1
U+5F66	𫝸	彦	reduction	mj-shrink-map	merge	MJ057482: 法務省戸籍法関連通達・通知, 種別 戸籍統一文字情報 親字・正字, ホップ数 1
U+5F67	𢒖	彧	reduction	mj-shrink-map	merge	MJ035765: 法務省戸籍法関連通達・通知, 種別 戸籍統一文字情報 親字・正字, ホップ数 1
U+5F69	彩	彩	compatibility	unicode-ucd	merge	5F69
U+5F6A	𢒜	彪	reduction	mj-shrink-map	merge	MJ035768: 法務省戸籍法関連通達・通知, 種別 戸籍統一文字情報 親字・正字, ホップ数 1
U+5F6B	彫	彫	compatibility	unicode-ucd	merge	5F6B
U+5F6D	𭐕	彭	reduction	mj-shrink-map	merge	MJ057483: 法務省戸籍法関連通達・通知, 種別 戸籍統一文字情報 親字・正字, ホップ数 1
U+5F71	𢒬	影	reduction	mj-shrink-map	merge	MJ035782: 法務省戸籍法関連通達・通知, 種別 戸籍統一文字情報 親字・正字, ホップ数 1
U+5F71	𭧟	影	reduction	mj-shrink-map	merge	MJ057678: 法務省戸籍法関連通達・通知, 種別 戸籍統一文字情報 親字・正字, ホップ数 1
U+5F79	伇	役	reduction	mj-shrink-map	merge	MJ006566: 法務省戸籍法関連通達・通知, 種別 戸籍統一文字情報 親字・正字, ホップ数 1
U+5F79	𠈧	役	reduction	mj-shrink-map	merge	MJ030597: 法務省戸籍法関連通達・通知, 種別 戸籍統一文字情報 親字・正字, ホップ数 1
U+5F79	𠈿	役	reduction	mj-shrink-map	merge	MJ030622: 法務省戸籍法関連通達・通知, 種別 戸籍統一文字情報 親字・正字, ホップ数 1
U+5F79	𬽹	役	reduction	mj-shrink-map	merge	MJ056916: 法務省戸籍法関連通達・通知, 種別 戸籍統一文字情報 親字・正字, ホップ数 1
U+5F79	𭛠	役	reduction	mj-shrink-map	merge	MJ057485: 法務省戸籍法関連通達・通知, 種別 戸籍統一文字情報 親字・正字, ホップ数 1
U+5F80	𢓸	往	reduction	mj-shrink-map	merge	MJ035840: 法務省戸籍法関連通達・通知, 種別 戸籍統一文字情報 親字・正字, ホップ数 1
U+5F80	𢔎	往	reduction	mj-shrink-map	merge	MJ035861: 法務省戸籍法関連通達・通知, 種別 戸籍統一文字情報 親字・正字, ホップ数 1
U+5F80	𧗧	往	reduction	mj-shrink-map	merge	MJ048141: 法務省戸籍法関連通達・通知, 種別 戸籍統一文字情報 親字・正字, ホップ数 1
U+5F80	𨓏	往	reduction	mj-shrink-map	merge	MJ050879: 法務省戸籍法関連通達・通知, 種別 戸籍統一文字情報 親字・正字, ホップ数 1
U+5F80	𨓹	往	reduction	mj-shrink-map	merge	MJ050912: 法務省戸籍法関連通達・通知, 種別 戸籍統一文字情報 親字・正字, ホップ数 1
U+5F81	徰	征	reduction	mj-shrink-map	merge	MJ011347: 法務省戸籍法関連通達・通知, 種別 戸籍統一文字情報 親字・正字, ホップ数 1
U+5F82	𡲡	徂	reduction	mj-shrink-map	merge	MJ034391: 法務省戸籍法関連通達・通知, 種別 戸籍統一文字情報 親字・正字, ホップ数 1
U+5F84	徑	径	reduction	mj-shrink-map	merge	MJ011309: 法務省戸籍法関連通達・通知, 種別 戸籍統一文字情報 親字・正字, ホップ数 1
U+5F84	𢔉	徑	reduction	mj-shrink-map	merge	MJ035856: 法務省戸籍法関連通達・通知, 種別 戸籍統一文字情報 親字・正字, ホップ数 1
U+5F84	𭛩	徑	reduction	mj-shrink-map	merge	MJ057487: 法務省戸籍法関連通達・通知, 種別 戸籍統一文字情報 親字・正字, ホップ数 1
U+5F85	𥩳	待	reduction	mj-shrink-map	merge	MJ043587: 法務省戸籍法関連通達・通知, 種別 戸籍統一文字情報 親字・正字, ホップ数 1
U+5F87	𢓈	徇	reduction	mj-shrink-map	merge	MJ035805: 法務省戸籍法関連通達・通知, 種別 戸籍統一文字情報 親字・正字, ホップ数 1
U+5F88	𢓼	很	reduction	mj-shrink-map	merge	MJ035842: 法務省戸籍法関連通達・通知, 種別 戸籍統一文字情報 親字・正字, ホップ数 1
U+5F8B	律	律	compatibility	unicode-ucd	merge	5F8B
U+5F8C	𢔏	後	reduction	mj-shrink-map	merge	MJ035862: 法務省戸籍法関連通達・通知, 種別 戸籍統一文字情報 親字・正字, ホップ数 1
U+5F8C	𨒥	後	reduction	mj-shrink-map	merge	MJ050838: 法務省戸籍法関連通達・通知, 種別 戸籍統一文字情報 親字・正字, ホップ数 1
U+5F90	𨑦	徐	reduction	mj-shrink-map	merge	MJ050793: 法務省戸籍法関連通達・通知, 種別 戸籍統一文字情報 親字・正字, ホップ数 1
U+5F92	𠫠	徒	reduction	mj-shrink-map	merge	MJ031972: 法務省戸籍法関連通達・通知, 種別 戸籍統一文字情報 親字・正字, ホップ数 1
U+5F92	𢓂	徒	reduction	mj-shrink-map	merge	MJ035799: 法務省戸籍法関連通達・通知, 種別 戸籍統一文字情報 親字・正字, ホップ数 1
U+5F92	𣥲	徒	reduction	mj-shrink-map	merge	MJ038684: 法務省戸籍法関連通達・通知, 種別 戸籍統一文字情報 親字・正字, ホップ数 1
U+5F92	𧺔	徒	reduction	mj-shrink-map	merge	MJ049806: 法務省戸籍法関連通達・通知, 種別 戸籍統一文字情報 親字・正字, ホップ数 1
U+5F92	𨑒	徒	reduction	mj-shrink-map	merge	MJ050775: 法務省戸籍法関連通達・通知, 種別 戸籍統一文字情報 親字・正字, ホップ数 1
U+5F93	從	従	reduction	mj-shrink-map	merge	MJ011321: 法務省戸籍法関連通達・通知, 種別 戸籍統一文字情報 親字・正字, ホップ数 1
U+5F93	𢓅	從	reduction	mj-shrink-map	merge	MJ035802: 法務省戸籍法関連通達・通知, 種別 戸籍統一文字情報 親字・正字, ホップ数 1
U+5F93	𨑢	從	reduction	mj-shrink-map	merge	MJ050788: 法務省戸籍法関連通達・通知, 種別 戸籍統一文字情報 親字・正字, ホップ数 1
U+5F93	𨑹	從	reduction	mj-shrink-map	merge	MJ050805: 法務省戸籍法関連通達・通知, 種別 戸籍統一文字情報 親字・正字, ホップ数 1
U+5F93	𨒁	從	reduction	mj-shrink-map	merge	MJ050810: 法務省戸籍法関連通達・通知, 種別 戸籍統一文字情報 親字・正字, ホップ数 1
U+5F97	𠭁	得	reduction	mj-shrink-map	merge	MJ032038: 法務省戸籍法関連通達・通知, 種別 戸籍統一文字情報 親字・正字, ホップ数 1
U+5F97	𢔨	得	reduction	mj-shrink-map	merge	MJ035879: 法務省戸籍法関連通達・通知, 種別 戸籍統一文字情報 親字・正字, ホップ数 1
U+5F97	𢔶	得	reduction	mj-shrink-map	merge	MJ035889: 法務省戸籍法関連通達・通知, 種別 戸籍統一文字情報 親字・正字, ホップ数 1
U+5F97	𧴫	得	reduction	mj-shrink-map	merge	MJ049592: 法務省戸籍法関連通達・通知, 種別 戸籍統一文字情報 親字・正字, ホップ数 1
U+5F99	𡕝	徙	reduction	mj-shrink-map	merge	MJ033327: 法務省戸籍法関連通達・通知, 種別 戸籍統一文字情報 親字・正字, ホップ数 1
U+5F99	𡲴	徙	reduction	mj-shrink-map	merge	MJ034403: 法務省戸籍法関連通達・通知, 種別 戸籍統一文字情報 親字・正字, ホップ数 1
U+5F99	𢓊	徙	reduction	mj-shrink-map	merge	MJ035807: 法務省戸籍法関連通達・通知, 種別 戸籍統一文字情報 親字・正字, ホップ数 1
U+5F99	𨗬	徙	reduction	mj-shrink-map	merge	MJ051087: 法務省戸籍法関連通達・通知, 種別 戸籍統一文字情報 親字・正字, ホップ数 1
U+5F9A	徚	徚	compatibility	unicode-ucd	merge	5F9A
U+5FA1	𠉳	御	reduction	mj-shrink-map	merge	MJ030649: 法務省戸籍法関連通達・通知, 種別 戸籍統一文字情報 親字・正字, ホップ数 1
U+5FA1	𢓷	御	reduction	mj-shrink-map	merge	MJ035839: 法務省戸籍法関連通達・通知, 種別 戸籍統一文字情報 親字・正字, ホップ数 1
U+5FA1	𢕜	御	reduction	mj-shrink-map	merge	MJ035911: 法務省戸籍法関連通達・通知, 種別 戸籍統一文字情報 親字・正字, ホップ数 1
U+5FA7	㴜	徧	reduction	mj-shrink-map	merge	MJ002120: 法務省戸籍法関連通達・通知, 種別 戸籍統一文字情報 親字・正字, ホップ数 1
U+5FA7	𨖠	徧	reduction	mj-shrink-map	merge	MJ051022: 法務省戸籍法関連通達・通知, 種別 戸籍統一文字情報 親字・正字, ホップ数 1
U+5FA9	復	復	compatibility	unicode-ucd	merge	5FA9
U+5FAD	徭	徭	compatibility	unicode-ucd	merge	5FAD
U+5FAE	㣲	微	reduction	mj-shrink-map	merge	MJ001127: 法務省戸籍法関連通達・通知, 種別 戸籍統一文字情報 親字・正字, ホップ数 1
U+5FAE	𢕧	微	reduction	mj-shrink-map	merge	MJ035916: 法務省戸籍法関連通達・通知, 種別 戸籍統一文字情報 親字・正字, ホップ数 1
U+5FAE	𣁋	微	reduction	mj-shrink-map	merge	MJ037446: 法務省戸籍法関連通達・通知, 種別 戸籍統一文字情報 親字・正字, ホップ数 1
U+5FAE	𧗬	微	reduction	mj-shrink-map	merge	MJ048146: 法務省戸籍法関連通達・通知, 種別 戸籍統一文字情報 親字・正字, ホップ数 1
U+5FAE	𭗒	微	reduction	mj-shrink-map	merge	MJ057389: 法務省戸籍法関連通達・通知, 種別 戸籍統一文字情報 親字・正字, ホップ数 1
U+5FAF	蹊	徯	reduction	mj-shrink-map	merge	MJ025396: 法務省戸籍法関連通達・通知, 種別 戸籍統一文字情報 親字・正字, ホップ数 1
U+5FAF	𠌜	徯	reduction	mj-shrink-map	merge	MJ030734: 法務省戸籍法関連通達・通知, 種別 戸籍統一文字情報 親字・正字, ホップ数 1
U+5FAF	𢓽	徯	reduction	mj-shrink-map	merge	MJ035843: 法務省戸籍法関連通達・通知, 種別 戸籍統一文字情報 親字・正字, ホップ数 1
U+5FAF	𤲺	蹊	reduction	mj-shrink-map	merge	MJ041448: 法務省戸籍法関連通達・通知, 種別 戸籍統一文字情報 親字・正字, ホップ数 1
U+5FB3	德	徳	reduction	mj-shrink-map	merge	MJ011356: 法務省戸籍法関連通達・通知, 種別 戸籍統一文字情報 親字・正字, ホップ数 1
U+5FB3	恴	德	reduction	mj-shrink-map	merge	MJ011560: 法務省戸籍法関連通達・通知, 種別 戸籍統一文字情報 親字・正字, ホップ数 1
U+5FB3	𨗌	德	reduction	mj-shrink-map	merge	MJ051063: 法務省戸籍法関連通達・通知, 種別 戸籍統一文字情報 親字・正字, ホップ数 1
U+5FB4	徴	徵	itaiji	mj-kanji	merge	X0213 包摂
U+5FB4	徵	徴	reduction	mj-shrink-map	merge	MJ011354: 法務省戸籍法関連通達・通知, 種別 戸籍統一文字情報 親字・正字, ホップ数 1
U+5FB4	𢽠	徴	reduction	mj-shrink-map	merge	MJ037303: 法務省戸籍法関連通達・通知, 種別 戸籍統一文字情報 親字・正字, ホップ数 1
U+5FB4	𢽡	徴	reduction	mj-shrink-map	merge	MJ037304: 法務省戸籍法関連通達・通知, 種別 戸籍統一文字情報 親字・正字, ホップ数 1
U+5FB4	𢾷	徴	reduction	mj-shrink-map	merge	MJ037359: 法務省戸籍法関連通達・通知, 種別 戸籍統一文字情報 親字・正字, ホップ数 1
U+5FB4	𭗓	徴	reduction	mj-shrink-map	merge	MJ057390: 法務省戸籍法関連通達・通知, 種別 戸籍統一文字情報 親字・正字, ホップ数 1
U+5FB9	𢕹	徹	reduction	mj-shrink-map	merge	MJ035927: 法務省戸籍法関連通達・通知, 種別 戸籍統一文字情報 親字・正字, ホップ数 1
U+5FB9	𢖉	徹	reduction	mj-shrink-map	merge	MJ035937: 法務省戸籍法関連通達・通知, 種別 戸籍統一文字情報 親字・正字, ホップ数 1
U+5FB9	𦔞	徹	reduction	mj-shrink-map	merge	MJ045308: 法務省戸籍法関連通達・通知, 種別 戸籍統一文字情報 親字・正字, ホップ数 1
U+5FBD	𢾰	徽	reduction	mj-shrink-map	merge	MJ037353: 法務省戸籍法関連通達・通知, 種別 戸籍統一文字情報 親字・正字, ホップ数 1
U+5FC3	㣺	心	reduction	mj-shrink-map	merge	MJ001133: 法務省戸籍法関連通達・通知, 種別 戸籍統一文字情報 親字・正字, ホップ数 1
U+5FC3	忄	心	reduction	mj-shrink-map	merge	MJ011370: 法務省戸籍法関連通達・通知, 種別 戸籍統一文字情報 親字・正字, ホップ数 1
U+5FCC	坖	忌	reduction	mj-shrink-map	merge	MJ008951: 法務省戸籍法関連通達・通知, 種別 戸籍統一文字情報 親字・正字, ホップ数 1
U+5FCD	忍	忍	compatibility	unicode-ucd	merge	5FCD
U+5FCD	𢖫	忍	reduction	mj-shrink-map	merge	MJ035961: 法務省戸籍法関連通達・通知, 種別 戸籍統一文字情報 親字・正字, ホップ数 1
U+5FD7	志	𢖽	z	unihan	merge	志→𢖽 kZVariant | 𢖽→志 kZVariant
U+5FD7	志	志	compatibility	unicode-ucd	merge	5FD7
U+5FD7	𢗍	志	reduction	mj-shrink-map	merge	MJ035986: 法務省戸籍法関連通達・通知, 種別 戸籍統一文字情報 親字・正字, ホップ数 1
U+5FD7	𢗱	志	reduction	mj-shrink-map	merge	MJ036005: 法務省戸籍法関連通達・通知, 種別 戸籍統一文字情報 親字・正字, ホップ数 1
U+5FD8	㤀	忘	reduction	mj-shrink-map	merge	MJ057490: 法務省戸籍法関連通達・通知, 種別 戸籍統一文字情報 親字・正字, ホップ数 1
U+5FD8	𭜎	忘	reduction	mj-shrink-map	merge	MJ057491: 法務省戸籍法関連通達・通知, 種別 戸籍統一文字情報 親字・正字, ホップ数 1
U+5FDC	應	応	reduction	mj-shrink-map	merge	MJ011979: 法務省戸籍法関連通達・通知, 種別 戸籍統一文字情報 親字・正字, ホップ数 1
U+5FDC	𠩍	應	reduction	mj-shrink-map	merge	MJ031869: 法務省戸籍法関連通達・通知, 種別 戸籍統一文字情報 親字・正字, ホップ数 1
U+5FDC	𢇭	應	reduction	mj-shrink-map	merge	MJ035281: 法務省戸籍法関連通達・通知, 種別 戸籍統一文字情報 親字・正字, ホップ数 1
U+5FDD	㤁	忝	reduction	mj-shrink-map	merge	MJ001140: 法務省戸籍法関連通達・通知, 種別 戸籍統一文字情報 親字・正字, ホップ数 1
U+5FDD	𭕇	忝	reduction	mj-shrink-map	merge	MJ057361: 法務省戸籍法関連通達・通知, 種別 戸籍統一文字情報 親字・正字, ホップ数 1
U+5FE1	𢥞	忡	reduction	mj-shrink-map	merge	MJ036515: 法務省戸籍法関連通達・通知, 種別 戸籍統一文字情報 親字・正字, ホップ数 1
U+5FEB	𢘦	快	reduction	mj-shrink-map	merge	MJ036038: 法務省戸籍法関連通達・通知, 種別 戸籍統一文字情報 親字・正字, ホップ数 1
U+5FF1	𢗑	忱	reduction	mj-shrink-map	merge	MJ035990: 法務省戸籍法関連通達・通知, 種別 戸籍統一文字情報 親字・正字, ホップ数 1
U+5FF5	念	念	compatibility	unicode-ucd	merge	5FF5
U+5FF5	𢗁	念	reduction	mj-shrink-map	merge	MJ035976: 法務省戸籍法関連通達・通知, 種別 戸籍統一文字情報 親字・正字, ホップ数 1
U+5FF5	𫝹	念	reduction	mj-shrink-map	merge	MJ057496: 法務省戸籍法関連通達・通知, 種別 戸籍統一文字情報 親字・正字, ホップ数 1
U+5FF9	忹	忹	compatibility	unicode-ucd	merge	5FF9
U+5FFD	𢗘	忽	reduction	mj-shrink-map	merge	MJ035997: 法務省戸籍法関連通達・通知, 種別 戸籍統一文字情報 親字・正字, ホップ数 1
U+600D	㤰	怍	reduction	mj-shrink-map	merge	MJ001188: 法務省戸籍法関連通達・通知, 種別 戸籍統一文字情報 親字・正字, ホップ数 1
U+6010	𢗕	怐	reduction	mj-shrink-map	merge	MJ035994: 法務省戸籍法関連通達・通知, 種別 戸籍統一文字情報 親字・正字, ホップ数 1
U+6012	怒	怒	compatibility	unicode-ucd	merge	6012
U+6012	𢘂	怒	reduction	mj-shrink-map	merge	MJ036013: 法務省戸籍法関連通達・通知, 種別 戸籍統一文字情報 親字・正字, ホップ数 1
U+6015	𢗌	怕	reduction	mj-shrink-map	merge	MJ035985: 法務省戸籍法関連通達・通知, 種別 戸籍統一文字情報 親字・正字, ホップ数 1
U+6016	悑	怖	reduction	mj-shrink-map	merge	MJ011588: 法務省戸籍法関連通達・通知, 種別 戸籍統一文字情報 親字・正字, ホップ数 1
U+6019	𢛅	怙	reduction	mj-shrink-map	merge	MJ036128: 法務省戸籍法関連通達・通知, 種別 戸籍統一文字情報 親字・正字, ホップ数 1
U+601B	𢘇	怛	reduction	mj-shrink-map	merge	MJ036018: 法務省戸籍法関連通達・通知, 種別 戸籍統一文字情報 親字・正字, ホップ数 1
U+601C	怜	怜	compatibility	unicode-ucd	merge	601C
U+601C	㦭	怜	reduction	mj-shrink-map	merge	MJ001312: 法務省戸籍法関連通達・通知, 種別 戸籍統一文字情報 親字・正字, ホップ数 1
U+601D	恖	思	reduction	mj-shrink-map	merge	MJ011522: 法務省戸籍法関連通達・通知, 種別 戸籍統一文字情報 親字・正字, ホップ数 1
U+601D	𠂺	思	reduction	mj-shrink-map	merge	MJ030405: 法務省戸籍法関連通達・通知, 種別 戸籍統一文字情報 親字・正字, ホップ数 1
U+601D	𠃼	思	reduction	mj-shrink-map	merge	MJ030436: 法務省戸籍法関連通達・通知, 種別 戸籍統一文字情報 親字・正字, ホップ数 1
U+601D	𡴓	思	reduction	mj-shrink-map	merge	MJ034452: 法務省戸籍法関連通達・通知, 種別 戸籍統一文字情報 親字・正字, ホップ数 1
U+601D	𢍄	思	reduction	mj-shrink-map	merge	MJ035501: 法務省戸籍法関連通達・通知, 種別 戸籍統一文字情報 親字・正字, ホップ数 1
U+6025	𭜣	急	reduction	mj-shrink-map	merge	MJ011474: 法務省戸籍法関連通達・通知, 種別 戸籍統一文字情報 親字・正字, ホップ数 1
U+6025	𭜤	急	reduction	mj-shrink-map	merge	MJ057498: 法務省戸籍法関連通達・通知, 種別 戸籍統一文字情報 親字・正字, ホップ数 1
U+6026	㛁	怦	reduction	mj-shrink-map	merge	MJ000613: 法務省戸籍法関連通達・通知, 種別 戸籍統一文字情報 親字・正字, ホップ数 1
U+6027	𧢱	性	reduction	mj-shrink-map	merge	MJ048661: 法務省戸籍法関連通達・通知, 種別 戸籍統一文字情報 親字・正字, ホップ数 1
U+6028	㤪	怨	reduction	mj-shrink-map	merge	MJ001183: 法務省戸籍法関連通達・通知, 種別 戸籍統一文字情報 親字・正字, ホップ数 1
U+6028	𠈢	怨	reduction	mj-shrink-map	merge	MJ030594: 法務省戸籍法関連通達・通知, 種別 戸籍統一文字情報 親字・正字, ホップ数 1
U+6028	𠨛	怨	reduction	mj-shrink-map	merge	MJ031830: 法務省戸籍法関連通達・通知, 種別 戸籍統一文字情報 親字・正字, ホップ数 1
U+6028	𠨝	怨	reduction	mj-shrink-map	merge	MJ031832: 法務省戸籍法関連通達・通知, 種別 戸籍統一文字情報 親字・正字, ホップ数 1
U+6028	𢖭	怨	reduction	mj-shrink-map	merge	MJ035963: 法務省戸籍法関連通達・通知, 種別 戸籍統一文字情報 親字・正字, ホップ数 1
U+6028	𢘈	怨	reduction	mj-shrink-map	merge	MJ036019: 法務省戸籍法関連通達・通知, 種別 戸籍統一文字情報 親字・正字, ホップ数 1
U+6028	𢘔	怨	reduction	mj-shrink-map	merge	MJ036031: 法務省戸籍法関連通達・通知, 種別 戸籍統一文字情報 親字・正字, ホップ数 1
U+6028	𢘖	怨	reduction	mj-shrink-map	merge	MJ036033: 法務省戸籍法関連通達・通知, 種別 戸籍統一文字情報 親字・正字, ホップ数 1
U+6028	𢛪	怨	reduction	mj-shrink-map	merge	MJ036163: 法務省戸籍法関連通達・通知, 種別 戸籍統一文字情報 親字・正字, ホップ数 1
U+6028	𭜥	怨	reduction	mj-shrink-map	merge	MJ057499: 法務省戸籍法関連通達・通知, 種別 戸籍統一文字情報 親字・正字, ホップ数 1
U+6029	𢘒	怩	reduction	mj-shrink-map	merge	MJ036029: 法務省戸籍法関連通達・通知, 種別 戸籍統一文字情報 親字・正字, ホップ数 1
U+602A	𠬭	怪	reduction	mj-shrink-map	merge	MJ032024: 法務省戸籍法関連通達・通知, 種別 戸籍統一文字情報 親字・正字, ホップ数 1
U+602A	𢘪	怪	reduction	mj-shrink-map	merge	MJ036042: 法務省戸籍法関連通達・通知, 種別 戸籍統一文字情報 親字・正字, ホップ数 1
U+602F	㹤	怯	reduction	mj-shrink-map	merge	MJ002419: 法務省戸籍法関連通達・通知, 種別 戸籍統一文字情報 親字・正字, ホップ数 1
U+6035	㾁	怵	reduction	mj-shrink-map	merge	MJ002662: 法務省戸籍法関連通達・通知, 種別 戸籍統一文字情報 親字・正字, ホップ数 1
U+603D	怽	𢗿	z	unihan	merge	怽→𢗿 kZVariant | 𢗿→怽 kZVariant
U+6041	㤛	恁	reduction	mj-shrink-map	merge	MJ001168: 法務省戸籍法関連通達・通知, 種別 戸籍統一文字情報 親字・正字, ホップ数 1
U+6041	𢗖	恁	reduction	mj-shrink-map	merge	MJ035995: 法務省戸籍法関連通達・通知, 種別 戸籍統一文字情報 親字・正字, ホップ数 1
U+6042	㡄	恂	reduction	mj-shrink-map	merge	MJ000966: 法務省戸籍法関連通達・通知, 種別 戸籍統一文字情報 親字・正字, ホップ数 1
U+6042	𢞧	恂	reduction	mj-shrink-map	merge	MJ036266: 法務省戸籍法関連通達・通知, 種別 戸籍統一文字情報 親字・正字, ホップ数 1
U+6047	𢝎	恇	reduction	mj-shrink-map	merge	MJ036214: 法務省戸籍法関連通達・通知, 種別 戸籍統一文字情報 親字・正字, ホップ数 1
U+604B	戀	戀	compatibility	unicode-ucd	merge	6200
U+604B	戀	恋	reduction	mj-shrink-map	merge	MJ012047: 法務省戸籍法関連通達・通知, 種別 戸籍統一文字情報 親字・正字, ホップ数 1
U+604B	𤕈	戀	reduction	mj-shrink-map	merge	MJ040266: 法務省戸籍法関連通達・通知, 種別 戸籍統一文字情報 親字・正字, ホップ数 1
U+6050	㤟	恐	reduction	mj-shrink-map	merge	MJ001172: 法務省戸籍法関連通達・通知, 種別 戸籍統一文字情報 親字・正字, ホップ数 1
U+6050	𢖶	恐	reduction	mj-shrink-map	merge	MJ035968: 法務省戸籍法関連通達・通知, 種別 戸籍統一文字情報 親字・正字, ホップ数 1
U+6050	𢘠	恐	reduction	mj-shrink-map	merge	MJ036035: 法務省戸籍法関連通達・通知, 種別 戸籍統一文字情報 親字・正字, ホップ数 1
U+6050	𢙢	恐	reduction	mj-shrink-map	merge	MJ036072: 法務省戸籍法関連通達・通知, 種別 戸籍統一文字情報 親字・正字, ホップ数 1
U+6050	𢙷	恐	reduction	mj-shrink-map	merge	MJ036084: 法務省戸籍法関連通達・通知, 種別 戸籍統一文字情報 親字・正字, ホップ数 1
U+6050	𢝭	恐	reduction	mj-shrink-map	merge	MJ036227: 法務省戸籍法関連通達・通知, 種別 戸籍統一文字情報 親字・正字, ホップ数 1
U+6050	𢟃	恐	reduction	mj-shrink-map	merge	MJ036280: 法務省戸籍法関連通達・通知, 種別 戸籍統一文字情報 親字・正字, ホップ数 1
U+6050	𭜦	恐	reduction	mj-shrink-map	merge	MJ057500: 法務省戸籍法関連通達・通知, 種別 戸籍統一文字情報 親字・正字, ホップ数 1
U+6052	恆	恒	z	unihan	merge	恆→恒 kZVariant | 恒→恆 kZVariant
U+6052	恆	恒	reduction	mj-shrink-map	merge	MJ011505: 法務省戸籍法関連通達・通知, 種別 戸籍統一文字情報 親字・正字, ホップ数 1
U+6052	𠄨	恆	reduction	mj-shrink-map	merge	MJ030470: 法務省戸籍法関連通達・通知, 種別 戸籍統一文字情報 親字・正字, ホップ数 1
U+6052	𢛢	恆	reduction	mj-shrink-map	merge	MJ036155: 法務省戸籍法関連通達・通知, 種別 戸籍統一文字情報 親字・正字, ホップ数 1
U+605A	㤬	恚	reduction	mj-shrink-map	merge	MJ001185: 法務省戸籍法関連通達・通知, 種別 戸籍統一文字情報 親字・正字, ホップ数 1
U+6062	烣	恢	reduction	mj-shrink-map	merge	MJ016383: 法務省戸籍法関連通達・通知, 種別 戸籍統一文字情報 親字・正字, ホップ数 1
U+6062	𢊝	恢	reduction	mj-shrink-map	merge	MJ035404: 法務省戸籍法関連通達・通知, 種別 戸籍統一文字情報 親字・正字, ホップ数 1
U+6063	𢙊	恣	reduction	mj-shrink-map	merge	MJ036065: 法務省戸籍法関連通達・通知, 種別 戸籍統一文字情報 親字・正字, ホップ数 1
U+6068	𢙃	恨	reduction	mj-shrink-map	merge	MJ036058: 法務省戸籍法関連通達・通知, 種別 戸籍統一文字情報 親字・正字, ホップ数 1
U+6068	𢚉	恨	reduction	mj-shrink-map	merge	MJ036102: 法務省戸籍法関連通達・通知, 種別 戸籍統一文字情報 親字・正字, ホップ数 1
U+606A	㤩	恪	reduction	mj-shrink-map	merge	MJ001182: 法務省戸籍法関連通達・通知, 種別 戸籍統一文字情報 親字・正字, ホップ数 1
U+606A	愙	恪	reduction	mj-shrink-map	merge	MJ011749: 法務省戸籍法関連通達・通知, 種別 戸籍統一文字情報 親字・正字, ホップ数 1
U+606B	痌	恫	reduction	mj-shrink-map	merge	MJ017793: 法務省戸籍法関連通達・通知, 種別 戸籍統一文字情報 親字・正字, ホップ数 1
U+606C	𢙖	恬	reduction	mj-shrink-map	merge	MJ036071: 法務省戸籍法関連通達・通知, 種別 戸籍統一文字情報 親字・正字, ホップ数 1
U+606D	𡖴	恭	reduction	mj-shrink-map	merge	MJ033395: 法務省戸籍法関連通達・通知, 種別 戸籍統一文字情報 親字・正字, ホップ数 1
U+606D	𢙄	恭	reduction	mj-shrink-map	merge	MJ036059: 法務省戸籍法関連通達・通知, 種別 戸籍統一文字情報 親字・正字, ホップ数 1
U+606D	𢚈	恭	reduction	mj-shrink-map	merge	MJ036101: 法務省戸籍法関連通達・通知, 種別 戸籍統一文字情報 親字・正字, ホップ数 1
U+606F	𢙆	息	reduction	mj-shrink-map	merge	MJ036061: 法務省戸籍法関連通達・通知, 種別 戸籍統一文字情報 親字・正字, ホップ数 1
U+606F	𧪩	息	reduction	mj-shrink-map	merge	MJ049065: 法務省戸籍法関連通達・通知, 種別 戸籍統一文字情報 親字・正字, ホップ数 1
U+6075	恵	恵	compatibility	unicode-ucd	merge	6075
U+6075	僡	惠	reduction	mj-shrink-map	merge	MJ007087: 法務省戸籍法関連通達・通知, 種別 戸籍統一文字情報 親字・正字, ホップ数 1
U+6075	惠	恵	reduction	mj-shrink-map	merge	MJ011681: 法務省戸籍法関連通達・通知, 種別 戸籍統一文字情報 親字・正字, ホップ数 1
U+6075	𢠞	惠	reduction	mj-shrink-map	merge	MJ036322: 法務省戸籍法関連通達・通知, 種別 戸籍統一文字情報 親字・正字, ホップ数 1
U+6075	𢡘	惠	reduction	mj-shrink-map	merge	MJ036370: 法務省戸籍法関連通達・通知, 種別 戸籍統一文字情報 親字・正字, ホップ数 1
U+6075	𢥁	惠	reduction	mj-shrink-map	merge	MJ036496: 法務省戸籍法関連通達・通知, 種別 戸籍統一文字情報 親字・正字, ホップ数 1
U+6075	𦣽	惠	reduction	mj-shrink-map	merge	MJ045908: 法務省戸籍法関連通達・通知, 種別 戸籍統一文字情報 親字・正字, ホップ数 1
U+6075	𦻇	惠	reduction	mj-shrink-map	merge	MJ046908: 法務省戸籍法関連通達・通知, 種別 戸籍統一文字情報 親字・正字, ホップ数 1
U+6081	悁	悁	compatibility	unicode-ucd	merge	6081
U+6081	𢛋	悁	reduction	mj-shrink-map	merge	MJ036134: 法務省戸籍法関連通達・通知, 種別 戸籍統一文字情報 親字・正字, ホップ数 1
U+6084	𢖹	悄	reduction	mj-shrink-map	merge	MJ035971: 法務省戸籍法関連通達・通知, 種別 戸籍統一文字情報 親字・正字, ホップ数 1
U+6089	𢘻	悉	reduction	mj-shrink-map	merge	MJ036051: 法務省戸籍法関連通達・通知, 種別 戸籍統一文字情報 親字・正字, ホップ数 1
U+6089	𢚊	悉	reduction	mj-shrink-map	merge	MJ036103: 法務省戸籍法関連通達・通知, 種別 戸籍統一文字情報 親字・正字, ホップ数 1
U+6089	𢝕	悉	reduction	mj-shrink-map	merge	MJ036221: 法務省戸籍法関連通達・通知, 種別 戸籍統一文字情報 親字・正字, ホップ数 1
U+6089	𭜧	悉	reduction	mj-shrink-map	merge	MJ057501: 法務省戸籍法関連通達・通知, 種別 戸籍統一文字情報 親字・正字, ホップ数 1
U+608B	恡	悋	reduction	mj-shrink-map	merge	MJ011536: 法務省戸籍法関連通達・通知, 種別 戸籍統一文字情報 親字・正字, ホップ数 1
U+608B	𢙵	悋	reduction	mj-shrink-map	merge	MJ036082: 法務省戸籍法関連通達・通知, 種別 戸籍統一文字情報 親字・正字, ホップ数 1
U+6094	悔	悔	compatibility	unicode-ucd	merge	6094
U+6094	悔	悔	compatibility	unicode-ucd	merge	6094
U+6096	𡥏	悖	reduction	mj-shrink-map	merge	MJ033878: 法務省戸籍法関連通達・通知, 種別 戸籍統一文字情報 親字・正字, ホップ数 1
U+609F	忢	悟	reduction	mj-shrink-map	merge	MJ011406: 法務省戸籍法関連通達・通知, 種別 戸籍統一文字情報 親字・正字, ホップ数 1
U+609F	𠵥	悟	reduction	mj-shrink-map	merge	MJ032346: 法務省戸籍法関連通達・通知, 種別 戸籍統一文字情報 親字・正字, ホップ数 1
U+609F	𢛤	悟	reduction	mj-shrink-map	merge	MJ036157: 法務省戸籍法関連通達・通知, 種別 戸籍統一文字情報 親字・正字, ホップ数 1
U+609F	𢤓	悟	reduction	mj-shrink-map	merge	MJ036471: 法務省戸籍法関連通達・通知, 種別 戸籍統一文字情報 親字・正字, ホップ数 1
U+60A0	𢚐	悠	reduction	mj-shrink-map	merge	MJ036109: 法務省戸籍法関連通達・通知, 種別 戸籍統一文字情報 親字・正字, ホップ数 1
U+60A3	𢠶	患	reduction	mj-shrink-map	merge	MJ036336: 法務省戸籍法関連通達・通知, 種別 戸籍統一文字情報 親字・正字, ホップ数 1
U+60A3	𢡙	患	reduction	mj-shrink-map	merge	MJ036371: 法務省戸籍法関連通達・通知, 種別 戸籍統一文字情報 親字・正字, ホップ数 1
U+60A3	𢤒	患	reduction	mj-shrink-map	merge	MJ036470: 法務省戸籍法関連通達・通知, 種別 戸籍統一文字情報 親字・正字, ホップ数 1
U+60A3	𨴮	患	reduction	mj-shrink-map	merge	MJ052157: 法務省戸籍法関連通達・通知, 種別 戸籍統一文字情報 親字・正字, ホップ数 1
U+60A6	恱	悦	reduction	mj-shrink-map	merge	MJ011555: 法務省戸籍法関連通達・通知, 種別 戸籍統一文字情報 親字・正字, ホップ数 1
U+60A9	悩	𢚰	itaiji	mj-kanji	merge	X0213 包摂
U+60A9	惱	悩	reduction	mj-shrink-map	merge	MJ011696: 法務省戸籍法関連通達・通知, 種別 戸籍統一文字情報 親字・正字, ホップ数 1
U+60A9	𢙉	惱	reduction	mj-shrink-map	merge	MJ036064: 法務省戸籍法関連通達・通知, 種別 戸籍統一文字情報 親字・正字, ホップ数 1
U+60A9	𢚰	惱	reduction	mj-shrink-map	merge	MJ036121: 法務省戸籍法関連通達・通知, 種別 戸籍統一文字情報 親字・正字, ホップ数 1
U+60A9	𤹻	惱	reduction	mj-shrink-map	merge	MJ041750: 法務省戸籍法関連通達・通知, 種別 戸籍統一文字情報 親字・正字, ホップ数 1
U+60AA	惡	惡	compatibility	unicode-ucd	merge	60E1
U+60AA	僫	惡	reduction	mj-shrink-map	merge	MJ007100: 法務省戸籍法関連通達・通知, 種別 戸籍統一文字情報 親字・正字, ホップ数 1
U+60AA	惡	悪	reduction	mj-shrink-map	merge	MJ011683: 法務省戸籍法関連通達・通知, 種別 戸籍統一文字情報 親字・正字, ホップ数 1
U+60AA	𢛫	惡	reduction	mj-shrink-map	merge	MJ036164: 法務省戸籍法関連通達・通知, 種別 戸籍統一文字情報 親字・正字, ホップ数 1
U+60AA	𢝏	惡	reduction	mj-shrink-map	merge	MJ036215: 法務省戸籍法関連通達・通知, 種別 戸籍統一文字情報 親字・正字, ホップ数 1
U+60B0	誴	悰	reduction	mj-shrink-map	merge	MJ024544: 法務省戸籍法関連通達・通知, 種別 戸籍統一文字情報 親字・正字, ホップ数 1
U+60B2	𠾦	悲	reduction	mj-shrink-map	merge	MJ032587: 法務省戸籍法関連通達・通知, 種別 戸籍統一文字情報 親字・正字, ホップ数 1
U+60B3	𢛳	悳	reduction	mj-shrink-map	merge	MJ036168: 法務省戸籍法関連通達・通知, 種別 戸籍統一文字情報 親字・正字, ホップ数 1
U+60B3	𢜖	悳	reduction	mj-shrink-map	merge	MJ036170: 法務省戸籍法関連通達・通知, 種別 戸籍統一文字情報 親字・正字, ホップ数 1
U+60B3	𢠀	悳	reduction	mj-shrink-map	merge	MJ036317: 法務省戸籍法関連通達・通知, 種別 戸籍統一文字情報 親字・正字, ホップ数 1
U+60B3	𢤊	悳	reduction	mj-shrink-map	merge	MJ036462: 法務省戸籍法関連通達・通知, 種別 戸籍統一文字情報 親字・正字, ホップ数 1
U+60B4	忰	悴	reduction	mj-shrink-map	merge	MJ011422: 法務省戸籍法関連通達・通知, 種別 戸籍統一文字情報 親字・正字, ホップ数 1
U+60B4	忰	悴	variant	cjkvi-variants	corroborates	忰→悴 jisx0213/variant | 悴→忰 hydzd/variant | 悴→忰 jisx0212/variant | 悴→忰 twedu/variant
U+60B4	忰	悴	variant	wikidata	corroborates	Q109742517; P248 Q10427532 | Q109746973; P248 Q10427532
U+60B4	忰	悴	equivalent	yitizi	corroborates	ytenx/JihThex.csv
U+60B5	𤟔	悵	reduction	mj-shrink-map	merge	MJ040740: 法務省戸籍法関連通達・通知, 種別 戸籍統一文字情報 親字・正字, ホップ数 1
U+60B6	㥃	悶	reduction	mj-shrink-map	merge	MJ001207: 法務省戸籍法関連通達・通知, 種別 戸籍統一文字情報 親字・正字, ホップ数 1
U+60B6	𢛩	悶	reduction	mj-shrink-map	merge	MJ036162: 法務省戸籍法関連通達・通知, 種別 戸籍統一文字情報 親字・正字, ホップ数 1
U+60B8	𢜽	悸	reduction	mj-shrink-map	merge	MJ036198: 法務省戸籍法関連通達・通知, 種別 戸籍統一文字情報 親字・正字, ホップ数 1
U+60BC	𢛂	悼	reduction	mj-shrink-map	merge	MJ036125: 法務省戸籍法関連通達・通知, 種別 戸籍統一文字情報 親字・正字, ホップ数 1
U+60BD	恓	悽	reduction	mj-shrink-map	merge	MJ011518: 法務省戸籍法関連通達・通知, 種別 戸籍統一文字情報 親字・正字, ホップ数 1
U+60C5	𢚏	情	reduction	mj-shrink-map	merge	MJ036108: 法務省戸籍法関連通達・通知, 種別 戸籍統一文字情報 親字・正字, ホップ数 1
U+60C7	惇	惇	compatibility	unicode-ucd	merge	60C7
U+60C7	𢤈	惇	reduction	mj-shrink-map	merge	MJ036460: 法務省戸籍法関連通達・通知, 種別 戸籍統一文字情報 親字・正字, ホップ数 1
U+60D1	𤏘	惑	reduction	mj-shrink-map	merge	MJ040074: 法務省戸籍法関連通達・通知, 種別 戸籍統一文字情報 親字・正字, ホップ数 1
U+60D5	惖	惕	reduction	mj-shrink-map	merge	MJ011668: 法務省戸籍法関連通達・通知, 種別 戸籍統一文字情報 親字・正字, ホップ数 1
U+60D5	𢞫	惕	reduction	mj-shrink-map	merge	MJ036270: 法務省戸籍法関連通達・通知, 種別 戸籍統一文字情報 親字・正字, ホップ数 1
U+60D5	𢡕	惕	reduction	mj-shrink-map	merge	MJ036367: 法務省戸籍法関連通達・通知, 種別 戸籍統一文字情報 親字・正字, ホップ数 1
U+60D8	惘	惘	compatibility	unicode-ucd	merge	60D8
U+60DB	惽	惛	reduction	mj-shrink-map	merge	MJ011709: 法務省戸籍法関連通達・通知, 種別 戸籍統一文字情報 親字・正字, ホップ数 1
U+60DC	𢡽	惜	reduction	mj-shrink-map	merge	MJ036387: 法務省戸籍法関連通達・通知, 種別 戸籍統一文字情報 親字・正字, ホップ数 1
U+60DD	戃	惝	reduction	mj-shrink-map	merge	MJ012050: 法務省戸籍法関連通達・通知, 種別 戸籍統一文字情報 親字・正字, ホップ数 1
U+60DD	𢠵	惝	reduction	mj-shrink-map	merge	MJ036334: 法務省戸籍法関連通達・通知, 種別 戸籍統一文字情報 親字・正字, ホップ数 1
U+60DF	𢛧	惟	reduction	mj-shrink-map	merge	MJ036160: 法務省戸籍法関連通達・通知, 種別 戸籍統一文字情報 親字・正字, ホップ数 1
U+60E8	慘	惨	reduction	mj-shrink-map	merge	MJ011825: 法務省戸籍法関連通達・通知, 種別 戸籍統一文字情報 親字・正字, ホップ数 1
U+60E8	𢡖	慘	reduction	mj-shrink-map	merge	MJ036368: 法務省戸籍法関連通達・通知, 種別 戸籍統一文字情報 親字・正字, ホップ数 1
U+60F0	憜	惰	reduction	mj-shrink-map	merge	MJ011922: 法務省戸籍法関連通達・通知, 種別 戸籍統一文字情報 親字・正字, ホップ数 1
U+60F0	𢞑	惰	reduction	mj-shrink-map	merge	MJ036243: 法務省戸籍法関連通達・通知, 種別 戸籍統一文字情報 親字・正字, ホップ数 1
U+60F0	𢡢	惰	reduction	mj-shrink-map	merge	MJ036375: 法務省戸籍法関連通達・通知, 種別 戸籍統一文字情報 親字・正字, ホップ数 1
U+60F0	𢣖	惰	reduction	mj-shrink-map	merge	MJ036431: 法務省戸籍法関連通達・通知, 種別 戸籍統一文字情報 親字・正字, ホップ数 1
U+60F5	𢛐	惵	reduction	mj-shrink-map	merge	MJ036138: 法務省戸籍法関連通達・通知, 種別 戸籍統一文字情報 親字・正字, ホップ数 1
U+60F7	𢡳	惷	reduction	mj-shrink-map	merge	MJ036382: 法務省戸籍法関連通達・通知, 種別 戸籍統一文字情報 親字・正字, ホップ数 1
U+60F7	𢾎	惷	reduction	mj-shrink-map	merge	MJ037340: 法務省戸籍法関連通達・通知, 種別 戸籍統一文字情報 親字・正字, ホップ数 1
U+60FA	𡪟	惺	reduction	mj-shrink-map	merge	MJ034076: 法務省戸籍法関連通達・通知, 種別 戸籍統一文字情報 親字・正字, ホップ数 1
U+60FB	𢝔	惻	reduction	mj-shrink-map	merge	MJ036220: 法務省戸籍法関連通達・通知, 種別 戸籍統一文字情報 親字・正字, ホップ数 1
U+60FB	𢢥	惻	reduction	mj-shrink-map	merge	MJ036413: 法務省戸籍法関連通達・通知, 種別 戸籍統一文字情報 親字・正字, ホップ数 1
U+6101	𢝲	愁	reduction	mj-shrink-map	merge	MJ036230: 法務省戸籍法関連通達・通知, 種別 戸籍統一文字情報 親字・正字, ホップ数 1
U+6106	𠐨	愆	reduction	mj-shrink-map	merge	MJ030870: 法務省戸籍法関連通達・通知, 種別 戸籍統一文字情報 親字・正字, ホップ数 1
U+6106	𢝐	愆	reduction	mj-shrink-map	merge	MJ036216: 法務省戸籍法関連通達・通知, 種別 戸籍統一文字情報 親字・正字, ホップ数 1
U+6106	𢡊	𢡊	compatibility	unicode-ucd	merge	2284A
U+6106	𢡊	愆	reduction	mj-shrink-map	merge	MJ036358: 法務省戸籍法関連通達・通知, 種別 戸籍統一文字情報 親字・正字, ホップ数 1
U+6106	𧗭	愆	reduction	mj-shrink-map	merge	MJ048147: 法務省戸籍法関連通達・通知, 種別 戸籍統一文字情報 親字・正字, ホップ数 1
U+6106	𧗺	愆	reduction	mj-shrink-map	merge	MJ048157: 法務省戸籍法関連通達・通知, 種別 戸籍統一文字情報 親字・正字, ホップ数 1
U+6108	愈	愈	compatibility	unicode-ucd	merge	6108
U+6108	𠃄	愈	reduction	mj-shrink-map	merge	MJ030412: 法務省戸籍法関連通達・通知, 種別 戸籍統一文字情報 親字・正字, ホップ数 1
U+610D	𢞰	愍	reduction	mj-shrink-map	merge	MJ036275: 法務省戸籍法関連通達・通知, 種別 戸籍統一文字情報 親字・正字, ホップ数 1
U+6110	𢗔	愐	reduction	mj-shrink-map	merge	MJ035993: 法務省戸籍法関連通達・通知, 種別 戸籍統一文字情報 親字・正字, ホップ数 1
U+6112	𢢚	愒	reduction	mj-shrink-map	merge	MJ036402: 法務省戸籍法関連通達・通知, 種別 戸籍統一文字情報 親字・正字, ホップ数 1
U+6113	𢡂	愓	reduction	mj-shrink-map	merge	MJ036349: 法務省戸籍法関連通達・通知, 種別 戸籍統一文字情報 親字・正字, ホップ数 1
U+6115	㦍	愕	reduction	mj-shrink-map	merge	MJ001278: 法務省戸籍法関連通達・通知, 種別 戸籍統一文字情報 親字・正字, ホップ数 1
U+611B	㤅	愛	reduction	mj-shrink-map	merge	MJ001144: 法務省戸籍法関連通達・通知, 種別 戸籍統一文字情報 親字・正字, ホップ数 1
U+611B	𢛭	愛	reduction	mj-shrink-map	merge	MJ036166: 法務省戸籍法関連通達・通知, 種別 戸籍統一文字情報 親字・正字, ホップ数 1
U+611B	𢜤	愛	reduction	mj-shrink-map	merge	MJ036174: 法務省戸籍法関連通達・通知, 種別 戸籍統一文字情報 親字・正字, ホップ数 1
U+611B	𤔠	愛	reduction	mj-shrink-map	merge	MJ040243: 法務省戸籍法関連通達・通知, 種別 戸籍統一文字情報 親字・正字, ホップ数 1
U+611B	𤔤	愛	reduction	mj-shrink-map	merge	MJ040246: 法務省戸籍法関連通達・通知, 種別 戸籍統一文字情報 親字・正字, ホップ数 1
U+611C	㥦	愜	reduction	mj-shrink-map	merge	MJ001240: 法務省戸籍法関連通達・通知, 種別 戸籍統一文字情報 親字・正字, ホップ数 1
U+611F	𢦡	感	reduction	mj-shrink-map	merge	MJ036555: 法務省戸籍法関連通達・通知, 種別 戸籍統一文字情報 親字・正字, ホップ数 1
U+6128	𢢢	愨	reduction	mj-shrink-map	merge	MJ036410: 法務省戸籍法関連通達・通知, 種別 戸籍統一文字情報 親字・正字, ホップ数 1
U+613E	㑶	愾	reduction	mj-shrink-map	merge	MJ000086: 法務省戸籍法関連通達・通知, 種別 戸籍統一文字情報 親字・正字, ホップ数 1
U+613F	㥳	愿	reduction	mj-shrink-map	merge	MJ001253: 法務省戸籍法関連通達・通知, 種別 戸籍統一文字情報 親字・正字, ホップ数 1
U+6142	惥	慂	reduction	mj-shrink-map	merge	MJ011687: 法務省戸籍法関連通達・通知, 種別 戸籍統一文字情報 親字・正字, ホップ数 1
U+6144	慄	慄	compatibility	unicode-ucd	merge	6144
U+6144	𢢙	慄	reduction	mj-shrink-map	merge	MJ036401: 法務省戸籍法関連通達・通知, 種別 戸籍統一文字情報 親字・正字, ホップ数 1
U+6147	𢟝	慇	reduction	mj-shrink-map	merge	MJ036286: 法務省戸籍法関連通達・通知, 種別 戸籍統一文字情報 親字・正字, ホップ数 1
U+6148	慈	慈	compatibility	unicode-ucd	merge	6148
U+6148	㤵	慈	reduction	mj-shrink-map	merge	MJ001193: 法務省戸籍法関連通達・通知, 種別 戸籍統一文字情報 親字・正字, ホップ数 1
U+6148	𩉋	慈	reduction	mj-shrink-map	merge	MJ053038: 法務省戸籍法関連通達・通知, 種別 戸籍統一文字情報 親字・正字, ホップ数 1
U+614B	㑷	態	reduction	mj-shrink-map	merge	MJ000087: 法務省戸籍法関連通達・通知, 種別 戸籍統一文字情報 親字・正字, ホップ数 1
U+614C	慌	慌	compatibility	unicode-ucd	merge	614C
U+614C	慌	慌	compatibility	unicode-ucd	merge	614C
U+614E	慎	慎	compatibility	unicode-ucd	merge	614E
U+614E	慎	慎	compatibility	unicode-ucd	merge	614E
U+614E	愼	慎	reduction	mj-shrink-map	merge	MJ011784: 法務省戸籍法関連通達・通知, 種別 戸籍統一文字情報 親字・正字, ホップ数 1
U+614E	𡴜	愼	reduction	mj-shrink-map	merge	MJ034458: 法務省戸籍法関連通達・通知, 種別 戸籍統一文字情報 親字・正字, ホップ数 1
U+6153	𢥡	慓	reduction	mj-shrink-map	merge	MJ036518: 法務省戸籍法関連通達・通知, 種別 戸籍統一文字情報 親字・正字, ホップ数 1
U+6155	𢟽	慕	reduction	mj-shrink-map	merge	MJ036314: 法務省戸籍法関連通達・通知, 種別 戸籍統一文字情報 親字・正字, ホップ数 1
U+6155	𪷂	慕	reduction	mj-shrink-map	merge	MJ057522: 法務省戸籍法関連通達・通知, 種別 戸籍統一文字情報 親字・正字, ホップ数 1
U+6159	慚	慙	reduction	mj-shrink-map	merge	MJ011827: 法務省戸籍法関連通達・通知, 種別 戸籍統一文字情報 親字・正字, ホップ数 1
U+6159	慙	慚	variant	cjkvi-variants	corroborates	慙→慚 jisx0212/variant | 慚→慙 dypytz/variant | 慚→慙 hydzd/variant | 慚→慙 jisx0213/variant | 慚→慙 twedu/variant
U+6159	慙	慚	variant	hng-basic-data	corroborates	03453 | 03453b
U+6159	慙	慚	variant	wikidata	corroborates	Q109747178; P248 Q10427532 | Q109747179; P248 Q10427532
U+6159	慙	慚	equivalent	yitizi	corroborates	ytenx/JihThex.csv
U+615D	𢤃	慝	reduction	mj-shrink-map	merge	MJ036453: 法務省戸籍法関連通達・通知, 種別 戸籍統一文字情報 親字・正字, ホップ数 1
U+615F	憅	慟	reduction	mj-shrink-map	merge	MJ011894: 法務省戸籍法関連通達・通知, 種別 戸籍統一文字情報 親字・正字, ホップ数 1
U+615F	𢣛	慟	reduction	mj-shrink-map	merge	MJ036435: 法務省戸籍法関連通達・通知, 種別 戸籍統一文字情報 親字・正字, ホップ数 1
U+6160	慠	慠	compatibility	unicode-ucd	merge	6160
U+6160	㥿	慠	reduction	mj-shrink-map	merge	MJ001264: 法務省戸籍法関連通達・通知, 種別 戸籍統一文字情報 親字・正字, ホップ数 1
U+6160	𢕟	慠	reduction	mj-shrink-map	merge	MJ035914: 法務省戸籍法関連通達・通知, 種別 戸籍統一文字情報 親字・正字, ホップ数 1
U+6160	𢢡	慠	reduction	mj-shrink-map	merge	MJ036409: 法務省戸籍法関連通達・通知, 種別 戸籍統一文字情報 親字・正字, ホップ数 1
U+6162	𢢔	慢	reduction	mj-shrink-map	merge	MJ036395: 法務省戸籍法関連通達・通知, 種別 戸籍統一文字情報 親字・正字, ホップ数 1
U+6168	慨	慨	compatibility	unicode-ucd	merge	6168
U+616E	𭞐	慮	reduction	mj-shrink-map	merge	MJ057523: 法務省戸籍法関連通達・通知, 種別 戸籍統一文字情報 親字・正字, ホップ数 1
U+6170	𢟬	慰	reduction	mj-shrink-map	merge	MJ036298: 法務省戸籍法関連通達・通知, 種別 戸籍統一文字情報 親字・正字, ホップ数 1
U+6176	𢙎	慶	reduction	mj-shrink-map	merge	MJ036069: 法務省戸籍法関連通達・通知, 種別 戸籍統一文字情報 親字・正字, ホップ数 1
U+6176	𢝑	慶	reduction	mj-shrink-map	merge	MJ036217: 法務省戸籍法関連通達・通知, 種別 戸籍統一文字情報 親字・正字, ホップ数 1
U+6176	𢞢	慶	reduction	mj-shrink-map	merge	MJ036261: 法務省戸籍法関連通達・通知, 種別 戸籍統一文字情報 親字・正字, ホップ数 1
U+6177	忼	慷	reduction	mj-shrink-map	merge	MJ011435: 法務省戸籍法関連通達・通知, 種別 戸籍統一文字情報 親字・正字, ホップ数 1
U+617A	慺	慺	compatibility	unicode-ucd	merge	617A
U+617C	慽	慼	reduction	mj-shrink-map	merge	MJ011882: 法務省戸籍法関連通達・通知, 種別 戸籍統一文字情報 親字・正字, ホップ数 1
U+617C	𠎰	慼	reduction	mj-shrink-map	merge	MJ030804: 法務省戸籍法関連通達・通知, 種別 戸籍統一文字情報 親字・正字, ホップ数 1
U+6182	𠪍	憂	reduction	mj-shrink-map	merge	MJ031916: 法務省戸籍法関連通達・通知, 種別 戸籍統一文字情報 親字・正字, ホップ数 1
U+6182	𠮕	憂	reduction	mj-shrink-map	merge	MJ032099: 法務省戸籍法関連通達・通知, 種別 戸籍統一文字情報 親字・正字, ホップ数 1
U+6182	𡺒	憂	reduction	mj-shrink-map	merge	MJ034683: 法務省戸籍法関連通達・通知, 種別 戸籍統一文字情報 親字・正字, ホップ数 1
U+6182	𢖒	憂	reduction	mj-shrink-map	merge	MJ035944: 法務省戸籍法関連通達・通知, 種別 戸籍統一文字情報 親字・正字, ホップ数 1
U+6182	𢟜	憂	reduction	mj-shrink-map	merge	MJ036285: 法務省戸籍法関連通達・通知, 種別 戸籍統一文字情報 親字・正字, ホップ数 1
U+6182	𨗫	憂	reduction	mj-shrink-map	merge	MJ051086: 法務省戸籍法関連通達・通知, 種別 戸籍統一文字情報 親字・正字, ホップ数 1
U+6182	𩕂	憂	reduction	mj-shrink-map	merge	MJ053627: 法務省戸籍法関連通達・通知, 種別 戸籍統一文字情報 親字・正字, ホップ数 1
U+618A	𢟡	憊	reduction	mj-shrink-map	merge	MJ036288: 法務省戸籍法関連通達・通知, 種別 戸籍統一文字情報 親字・正字, ホップ数 1
U+618D	𩿑	憍	reduction	mj-shrink-map	merge	MJ055447: 法務省戸籍法関連通達・通知, 種別 戸籍統一文字情報 親字・正字, ホップ数 1
U+618E	憎	憎	compatibility	unicode-ucd	merge	618E
U+618E	憎	憎	compatibility	unicode-ucd	merge	618E
U+618E	憎	憎	compatibility	unicode-ucd	merge	618E
U+6190	憐	憐	compatibility	unicode-ucd	merge	6190
U+6190	㥕	憐	reduction	mj-shrink-map	merge	MJ001225: 法務省戸籍法関連通達・通知, 種別 戸籍統一文字情報 親字・正字, ホップ数 1
U+6190	𢠴	憐	reduction	mj-shrink-map	merge	MJ036333: 法務省戸籍法関連通達・通知, 種別 戸籍統一文字情報 親字・正字, ホップ数 1
U+6190	𢣶	憐	reduction	mj-shrink-map	merge	MJ036444: 法務省戸籍法関連通達・通知, 種別 戸籍統一文字情報 親字・正字, ホップ数 1
U+6191	慿	憑	itaiji	mj-kanji	merge	X0213 包摂
U+6191	慿	憑	reduction	mj-shrink-map	merge	MJ011884: 法務省戸籍法関連通達・通知, 種別 戸籍統一文字情報 親字・正字, ホップ数 1
U+6192	𢤳	憒	reduction	mj-shrink-map	merge	MJ036490: 法務省戸籍法関連通達・通知, 種別 戸籍統一文字情報 親字・正字, ホップ数 1
U+6194	嫶	憔	reduction	mj-shrink-map	merge	MJ009953: 法務省戸籍法関連通達・通知, 種別 戸籍統一文字情報 親字・正字, ホップ数 1
U+6194	𭵼	憔	reduction	mj-shrink-map	merge	MJ058006: 法務省戸籍法関連通達・通知, 種別 戸籍統一文字情報 親字・正字, ホップ数 1
U+61A4	憤	憤	compatibility	unicode-ucd	merge	61A4
U+61A4	𢤬	憤	reduction	mj-shrink-map	merge	MJ036483: 法務省戸籍法関連通達・通知, 種別 戸籍統一文字情報 親字・正字, ホップ数 1
U+61A8	𠐣	憨	reduction	mj-shrink-map	merge	MJ030865: 法務省戸籍法関連通達・通知, 種別 戸籍統一文字情報 親字・正字, ホップ数 1
U+61A8	𤸕	憨	reduction	mj-shrink-map	merge	MJ041681: 法務省戸籍法関連通達・通知, 種別 戸籍統一文字情報 親字・正字, ホップ数 1
U+61A8	𤺍	憨	reduction	mj-shrink-map	merge	MJ041764: 法務省戸籍法関連通達・通知, 種別 戸籍統一文字情報 親字・正字, ホップ数 1
U+61A9	𢠾	憩	reduction	mj-shrink-map	merge	MJ036344: 法務省戸籍法関連通達・通知, 種別 戸籍統一文字情報 親字・正字, ホップ数 1
U+61AE	㒇	憮	reduction	mj-shrink-map	merge	MJ000102: 法務省戸籍法関連通達・通知, 種別 戸籍統一文字情報 親字・正字, ホップ数 1
U+61AF	憯	憯	compatibility	unicode-ucd	merge	61AF
U+61B2	憲	憲	compatibility	unicode-ucd	merge	61B2
U+61B2	𢝮	憲	reduction	mj-shrink-map	merge	MJ036228: 法務省戸籍法関連通達・通知, 種別 戸籍統一文字情報 親字・正字, ホップ数 1
U+61B2	𢞩	憲	reduction	mj-shrink-map	merge	MJ036268: 法務省戸籍法関連通達・通知, 種別 戸籍統一文字情報 親字・正字, ホップ数 1
U+61B2	𭂅	憲	reduction	mj-shrink-map	merge	MJ057032: 法務省戸籍法関連通達・通知, 種別 戸籍統一文字情報 親字・正字, ホップ数 1
U+61B2	𭞌	憲	reduction	mj-shrink-map	merge	MJ057516: 法務省戸籍法関連通達・通知, 種別 戸籍統一文字情報 親字・正字, ホップ数 1
U+61B6	𭟞	憶	reduction	mj-shrink-map	merge	MJ057531: 法務省戸籍法関連通達・通知, 種別 戸籍統一文字情報 親字・正字, ホップ数 1
U+61B9	𢥯	憹	reduction	mj-shrink-map	merge	MJ036524: 法務省戸籍法関連通達・通知, 種別 戸籍統一文字情報 親字・正字, ホップ数 1
U+61C6	𢠡	懆	reduction	mj-shrink-map	merge	MJ036325: 法務省戸籍法関連通達・通知, 種別 戸籍統一文字情報 親字・正字, ホップ数 1
U+61C6	𢥼	懆	reduction	mj-shrink-map	merge	MJ036530: 法務省戸籍法関連通達・通知, 種別 戸籍統一文字情報 親字・正字, ホップ数 1
U+61C7	𢡆	懇	reduction	mj-shrink-map	merge	MJ036354: 法務省戸籍法関連通達・通知, 種別 戸籍統一文字情報 親字・正字, ホップ数 1
U+61C8	𢢣	懈	reduction	mj-shrink-map	merge	MJ036411: 法務省戸籍法関連通達・通知, 種別 戸籍統一文字情報 親字・正字, ホップ数 1
U+61CA	㤇	懊	reduction	mj-shrink-map	merge	MJ001148: 法務省戸籍法関連通達・通知, 種別 戸籍統一文字情報 親字・正字, ホップ数 1
U+61CD	𢤭	懍	reduction	mj-shrink-map	merge	MJ036484: 法務省戸籍法関連通達・通知, 種別 戸籍統一文字情報 親字・正字, ホップ数 1
U+61D0	懷	懐	reduction	mj-shrink-map	merge	MJ012034: 法務省戸籍法関連通達・通知, 種別 戸籍統一文字情報 親字・正字, ホップ数 1
U+61D5	㦔	懕	reduction	mj-shrink-map	merge	MJ001285: 法務省戸籍法関連通達・通知, 種別 戸籍統一文字情報 親字・正字, ホップ数 1
U+61D5	懨	懕	reduction	mj-shrink-map	merge	MJ012014: 法務省戸籍法関連通達・通知, 種別 戸籍統一文字情報 親字・正字, ホップ数 1
U+61DD	𢣕	懝	reduction	mj-shrink-map	merge	MJ036430: 法務省戸籍法関連通達・通知, 種別 戸籍統一文字情報 親字・正字, ホップ数 1
U+61DE	懞	懞	compatibility	unicode-ucd	merge	61DE
U+61DF	𢥓	懟	reduction	mj-shrink-map	merge	MJ036506: 法務省戸籍法関連通達・通知, 種別 戸籍統一文字情報 親字・正字, ホップ数 1
U+61E3	㦖	懣	reduction	mj-shrink-map	merge	MJ001287: 法務省戸籍法関連通達・通知, 種別 戸籍統一文字情報 親字・正字, ホップ数 1
U+61E3	𢟮	懣	reduction	mj-shrink-map	merge	MJ036299: 法務省戸籍法関連通達・通知, 種別 戸籍統一文字情報 親字・正字, ホップ数 1
U+61E6	㐡	懦	reduction	mj-shrink-map	merge	MJ000016: 法務省戸籍法関連通達・通知, 種別 戸籍統一文字情報 親字・正字, ホップ数 1
U+61E6	愞	懦	reduction	mj-shrink-map	merge	MJ011755: 法務省戸籍法関連通達・通知, 種別 戸籍統一文字情報 親字・正字, ホップ数 1
U+61E6	𢘎	愞	reduction	mj-shrink-map	merge	MJ036025: 法務省戸籍法関連通達・通知, 種別 戸籍統一文字情報 親字・正字, ホップ数 1
U+61F2	懲	懲	compatibility	unicode-ucd	merge	61F2
U+61F2	懲	懲	compatibility	unicode-ucd	merge	61F2
U+61F2	懲	懲	compatibility	unicode-ucd	merge	61F2
U+61F6	懶	懶	compatibility	unicode-ucd	merge	61F6
U+61F6	懶	懶	compatibility	unicode-ucd	merge	61F6
U+61FA	懴	懺	reduction	mj-shrink-map	merge	MJ012029: 法務省戸籍法関連通達・通知, 種別 戸籍統一文字情報 親字・正字, ホップ数 1
U+61FA	懴	懺	variant	cjkvi-variants	corroborates	懴→懺 jisx0213/variant | 懺→懴 hydzd/variant
U+61FA	懴	懺	variant	wikidata	corroborates	Q109747401; P248 Q10427532 | Q109747408; P248 Q10427532
U+61FA	懴	懺	equivalent	yitizi	corroborates	ytenx/JihThex.csv
U+61FC	愳	懼	reduction	mj-shrink-map	merge	MJ011774: 法務省戸籍法関連通達・通知, 種別 戸籍統一文字情報 親字・正字, ホップ数 1
U+61FC	𢡔	懼	reduction	mj-shrink-map	merge	MJ036366: 法務省戸籍法関連通達・通知, 種別 戸籍統一文字情報 親字・正字, ホップ数 1
U+61FD	𭞹	懽	reduction	mj-shrink-map	merge	MJ057526: 法務省戸籍法関連通達・通知, 種別 戸籍統一文字情報 親字・正字, ホップ数 1
U+61FF	㦉	懿	reduction	mj-shrink-map	merge	MJ001274: 法務省戸籍法関連通達・通知, 種別 戸籍統一文字情報 親字・正字, ホップ数 1
U+61FF	㦤	懿	reduction	mj-shrink-map	merge	MJ001302: 法務省戸籍法関連通達・通知, 種別 戸籍統一文字情報 親字・正字, ホップ数 1
U+61FF	㱅	懿	reduction	mj-shrink-map	merge	MJ001927: 法務省戸籍法関連通達・通知, 種別 戸籍統一文字情報 親字・正字, ホップ数 1
U+61FF	𡕆	懿	reduction	mj-shrink-map	merge	MJ033308: 法務省戸籍法関連通達・通知, 種別 戸籍統一文字情報 親字・正字, ホップ数 1
U+6210	成	成	compatibility	unicode-ucd	merge	6210
U+6210	𢦩	成	reduction	mj-shrink-map	merge	MJ036560: 法務省戸籍法関連通達・通知, 種別 戸籍統一文字情報 親字・正字, ホップ数 1
U+6211	𠨂	我	reduction	mj-shrink-map	merge	MJ031809: 法務省戸籍法関連通達・通知, 種別 戸籍統一文字情報 親字・正字, ホップ数 1
U+6211	𢦐	我	reduction	mj-shrink-map	merge	MJ036541: 法務省戸籍法関連通達・通知, 種別 戸籍統一文字情報 親字・正字, ホップ数 1
U+6211	𢦓	我	reduction	mj-shrink-map	merge	MJ036544: 法務省戸籍法関連通達・通知, 種別 戸籍統一文字情報 親字・正字, ホップ数 1
U+6211	𢦖	我	reduction	mj-shrink-map	merge	MJ036546: 法務省戸籍法関連通達・通知, 種別 戸籍統一文字情報 親字・正字, ホップ数 1
U+6211	𢦠	我	reduction	mj-shrink-map	merge	MJ036554: 法務省戸籍法関連通達・通知, 種別 戸籍統一文字情報 親字・正字, ホップ数 1
U+6211	𨈟	我	reduction	mj-shrink-map	merge	MJ050387: 法務省戸籍法関連通達・通知, 種別 戸籍統一文字情報 親字・正字, ホップ数 1
U+6211	𨖍	我	reduction	mj-shrink-map	merge	MJ051015: 法務省戸籍法関連通達・通知, 種別 戸籍統一文字情報 親字・正字, ホップ数 1
U+6211	𩇶	我	reduction	mj-shrink-map	merge	MJ052969: 法務省戸籍法関連通達・通知, 種別 戸籍統一文字情報 親字・正字, ホップ数 1
U+6212	𢦬	戒	reduction	mj-shrink-map	merge	MJ036562: 法務省戸籍法関連通達・通知, 種別 戸籍統一文字情報 親字・正字, ホップ数 1
U+6212	𢦶	戒	reduction	mj-shrink-map	merge	MJ036568: 法務省戸籍法関連通達・通知, 種別 戸籍統一文字情報 親字・正字, ホップ数 1
U+6214	𭟯	戔	reduction	mj-shrink-map	merge	MJ057536: 法務省戸籍法関連通達・通知, 種別 戸籍統一文字情報 親字・正字, ホップ数 1
U+6216	㦯	或	reduction	mj-shrink-map	merge	MJ001315: 法務省戸籍法関連通達・通知, 種別 戸籍統一文字情報 親字・正字, ホップ数 1
U+6216	𢈿	或	reduction	mj-shrink-map	merge	MJ035340: 法務省戸籍法関連通達・通知, 種別 戸籍統一文字情報 親字・正字, ホップ数 1
U+6216	𢦙	或	reduction	mj-shrink-map	merge	MJ036548: 法務省戸籍法関連通達・通知, 種別 戸籍統一文字情報 親字・正字, ホップ数 1
U+621A	𢦫	戚	reduction	mj-shrink-map	merge	MJ036561: 法務省戸籍法関連通達・通知, 種別 戸籍統一文字情報 親字・正字, ホップ数 1
U+621A	𩒛	戚	reduction	mj-shrink-map	merge	MJ053514: 法務省戸籍法関連通達・通知, 種別 戸籍統一文字情報 親字・正字, ホップ数 1
U+621B	戛	戛	compatibility	unicode-ucd	merge	621B
U+621F	㦸	戟	reduction	mj-shrink-map	merge	MJ001325: 法務省戸籍法関連通達・通知, 種別 戸籍統一文字情報 親字・正字, ホップ数 1
U+621F	𢧢	戟	reduction	mj-shrink-map	merge	MJ036602: 法務省戸籍法関連通達・通知, 種別 戸籍統一文字情報 親字・正字, ホップ数 1
U+6222	𢨐	戢	reduction	mj-shrink-map	merge	MJ036635: 法務省戸籍法関連通達・通知, 種別 戸籍統一文字情報 親字・正字, ホップ数 1
U+6222	𭟶	戢	reduction	mj-shrink-map	merge	MJ057541: 法務省戸籍法関連通達・通知, 種別 戸籍統一文字情報 親字・正字, ホップ数 1
U+6223	鍨	戣	reduction	mj-shrink-map	merge	MJ027054: 法務省戸籍法関連通達・通知, 種別 戸籍統一文字情報 親字・正字, ホップ数 1
U+6226	戰	戦	reduction	mj-shrink-map	merge	MJ012099: 法務省戸籍法関連通達・通知, 種別 戸籍統一文字情報 親字・正字, ホップ数 1
U+6226	𢆒	戰	reduction	mj-shrink-map	merge	MJ035220: 法務省戸籍法関連通達・通知, 種別 戸籍統一文字情報 親字・正字, ホップ数 1
U+6226	𣥎	戰	reduction	mj-shrink-map	merge	MJ038658: 法務省戸籍法関連通達・通知, 種別 戸籍統一文字情報 親字・正字, ホップ数 1
U+6229	𢦞	戩	reduction	mj-shrink-map	merge	MJ036552: 法務省戸籍法関連通達・通知, 種別 戸籍統一文字情報 親字・正字, ホップ数 1
U+622A	𠃲	截	reduction	mj-shrink-map	merge	MJ030432: 法務省戸籍法関連通達・通知, 種別 戸籍統一文字情報 親字・正字, ホップ数 1
U+622A	𠛍	截	reduction	mj-shrink-map	merge	MJ031267: 法務省戸籍法関連通達・通知, 種別 戸籍統一文字情報 親字・正字, ホップ数 1
U+622A	𢧵	截	reduction	mj-shrink-map	merge	MJ036614: 法務省戸籍法関連通達・通知, 種別 戸籍統一文字情報 親字・正字, ホップ数 1
U+622E	戮	戮	compatibility	unicode-ucd	merge	622E
U+622E	𠞨	戮	reduction	mj-shrink-map	merge	MJ031405: 法務省戸籍法関連通達・通知, 種別 戸籍統一文字情報 親字・正字, ホップ数 1
U+622E	𡠢	戮	reduction	mj-shrink-map	merge	MJ033720: 法務省戸籍法関連通達・通知, 種別 戸籍統一文字情報 親字・正字, ホップ数 1
U+622E	𡭁	戮	reduction	mj-shrink-map	merge	MJ034179: 法務省戸籍法関連通達・通知, 種別 戸籍統一文字情報 親字・正字, ホップ数 1
U+622E	𣩍	戮	reduction	mj-shrink-map	merge	MJ038857: 法務省戸籍法関連通達・通知, 種別 戸籍統一文字情報 親字・正字, ホップ数 1
U+622E	𦐱	戮	reduction	mj-shrink-map	merge	MJ045144: 法務省戸籍法関連通達・通知, 種別 戸籍統一文字情報 親字・正字, ホップ数 1
U+622E	𦞋	戮	reduction	mj-shrink-map	merge	MJ045691: 法務省戸籍法関連通達・通知, 種別 戸籍統一文字情報 親字・正字, ホップ数 1
U+622F	戲	戯	reduction	mj-shrink-map	merge	MJ012101: 法務省戸籍法関連通達・通知, 種別 戸籍統一文字情報 親字・正字, ホップ数 1
U+622F	𭟾	戲	reduction	mj-shrink-map	merge	MJ057543: 法務省戸籍法関連通達・通知, 種別 戸籍統一文字情報 親字・正字, ホップ数 1
U+6234	戴	戴	compatibility	unicode-ucd	merge	6234
U+6234	𢎑	戴	reduction	mj-shrink-map	merge	MJ035563: 法務省戸籍法関連通達・通知, 種別 戸籍統一文字情報 親字・正字, ホップ数 1
U+6234	𢨇	戴	reduction	mj-shrink-map	merge	MJ036626: 法務省戸籍法関連通達・通知, 種別 戸籍統一文字情報 親字・正字, ホップ数 1
U+6234	𢨚	戴	reduction	mj-shrink-map	merge	MJ036642: 法務省戸籍法関連通達・通知, 種別 戸籍統一文字情報 親字・正字, ホップ数 1
U+6238	戶	戸	z	unihan	merge	戶→戸 kZVariant | 戸→戶 kZVariant
U+6238	戶	戸	itaiji	mj-kanji	merge	X0213 包摂
U+6238	戶	戸	reduction	mj-shrink-map	merge	MJ012107: 法務省戸籍法関連通達・通知, 種別 戸籍統一文字情報 親字・正字, ホップ数 1
U+6238	𣥘	戸	reduction	mj-shrink-map	merge	MJ038667: 法務省戸籍法関連通達・通知, 種別 戸籍統一文字情報 親字・正字, ホップ数 1
U+623E	𢨾	戾	reduction	mj-shrink-map	merge	MJ036669: 法務省戸籍法関連通達・通知, 種別 戸籍統一文字情報 親字・正字, ホップ数 1
U+623E	𤟵	戾	reduction	mj-shrink-map	merge	MJ040767: 法務省戸籍法関連通達・通知, 種別 戸籍統一文字情報 親字・正字, ホップ数 1
U+623E	𤡵	戾	reduction	mj-shrink-map	merge	MJ040860: 法務省戸籍法関連通達・通知, 種別 戸籍統一文字情報 親字・正字, ホップ数 1
U+623E	𭠅	戾	reduction	mj-shrink-map	merge	MJ057548: 法務省戸籍法関連通達・通知, 種別 戸籍統一文字情報 親字・正字, ホップ数 1
U+623F	𠩝	房	reduction	mj-shrink-map	merge	MJ031879: 法務省戸籍法関連通達・通知, 種別 戸籍統一文字情報 親字・正字, ホップ数 1
U+623F	𢨲	房	reduction	mj-shrink-map	merge	MJ036661: 法務省戸籍法関連通達・通知, 種別 戸籍統一文字情報 親字・正字, ホップ数 1
U+623F	𣃞	房	reduction	mj-shrink-map	merge	MJ037547: 法務省戸籍法関連通達・通知, 種別 戸籍統一文字情報 親字・正字, ホップ数 1
U+6240	㪽	所	reduction	mj-shrink-map	merge	MJ001559: 法務省戸籍法関連通達・通知, 種別 戸籍統一文字情報 親字・正字, ホップ数 1
U+6240	𠩄	所	reduction	mj-shrink-map	merge	MJ031861: 法務省戸籍法関連通達・通知, 種別 戸籍統一文字情報 親字・正字, ホップ数 1
U+6240	𢨷	所	reduction	mj-shrink-map	merge	MJ036664: 法務省戸籍法関連通達・通知, 種別 戸籍統一文字情報 親字・正字, ホップ数 1
U+6240	𫝂	所	reduction	mj-shrink-map	merge	MJ057546: 法務省戸籍法関連通達・通知, 種別 戸籍統一文字情報 親字・正字, ホップ数 1
U+6240	𬻐	所	reduction	mj-shrink-map	merge	MJ057545: 法務省戸籍法関連通達・通知, 種別 戸籍統一文字情報 親字・正字, ホップ数 1
U+6243	𢇺	扃	reduction	mj-shrink-map	merge	MJ035292: 法務省戸籍法関連通達・通知, 種別 戸籍統一文字情報 親字・正字, ホップ数 1
U+6248	𡴰	扈	reduction	mj-shrink-map	merge	MJ034475: 法務省戸籍法関連通達・通知, 種別 戸籍統一文字情報 親字・正字, ホップ数 1
U+6248	𨝞	扈	reduction	mj-shrink-map	merge	MJ051370: 法務省戸籍法関連通達・通知, 種別 戸籍統一文字情報 親字・正字, ホップ数 1
U+624B	𠂿	手	reduction	mj-shrink-map	merge	MJ030409: 法務省戸籍法関連通達・通知, 種別 戸籍統一文字情報 親字・正字, ホップ数 1
U+624B	𡴤	手	reduction	mj-shrink-map	merge	MJ034464: 法務省戸籍法関連通達・通知, 種別 戸籍統一文字情報 親字・正字, ホップ数 1
U+6255	拂	払	reduction	mj-shrink-map	merge	MJ012257: 法務省戸籍法関連通達・通知, 種別 戸籍統一文字情報 親字・正字, ホップ数 1
U+6255	𣀪	拂	reduction	mj-shrink-map	merge	MJ037432: 法務省戸籍法関連通達・通知, 種別 戸籍統一文字情報 親字・正字, ホップ数 1
U+6255	𨋥	拂	reduction	mj-shrink-map	merge	MJ050514: 法務省戸籍法関連通達・通知, 種別 戸籍統一文字情報 親字・正字, ホップ数 1
U+625D	扝	扝	compatibility	unicode-ucd	merge	625D
U+6260	𢹓	扠	reduction	mj-shrink-map	merge	MJ037139: 法務省戸籍法関連通達・通知, 種別 戸籍統一文字情報 親字・正字, ホップ数 1
U+6263	敂	扣	reduction	mj-shrink-map	merge	MJ012964: 法務省戸籍法関連通達・通知, 種別 戸籍統一文字情報 親字・正字, ホップ数 1
U+6267	执	𢩾	z	cjkvi-variants	merge	执→𢩾 cjkvi/duplicate
U+6276	𢱿	扶	reduction	mj-shrink-map	merge	MJ036946: 法務省戸籍法関連通達・通知, 種別 戸籍統一文字情報 親字・正字, ホップ数 1
U+6276	𢻳	扶	reduction	mj-shrink-map	merge	MJ037226: 法務省戸籍法関連通達・通知, 種別 戸籍統一文字情報 親字・正字, ホップ数 1
U+6279	𢱧	批	reduction	mj-shrink-map	merge	MJ036929: 法務省戸籍法関連通達・通知, 種別 戸籍統一文字情報 親字・正字, ホップ数 1
U+627C	㧖	扼	reduction	mj-shrink-map	merge	MJ001352: 法務省戸籍法関連通達・通知, 種別 戸籍統一文字情報 親字・正字, ホップ数 1
U+627C	挖	扼	reduction	mj-shrink-map	merge	MJ012345: 法務省戸籍法関連通達・通知, 種別 戸籍統一文字情報 親字・正字, ホップ数 1
U+627F	𢌼	承	reduction	mj-shrink-map	merge	MJ035493: 法務省戸籍法関連通達・通知, 種別 戸籍統一文字情報 親字・正字, ホップ数 1
U+627F	𢪐	承	reduction	mj-shrink-map	merge	MJ036723: 法務省戸籍法関連通達・通知, 種別 戸籍統一文字情報 親字・正字, ホップ数 1
U+627F	𢪻	承	reduction	mj-shrink-map	merge	MJ036740: 法務省戸籍法関連通達・通知, 種別 戸籍統一文字情報 親字・正字, ホップ数 1
U+627F	𣴎	承	reduction	mj-shrink-map	merge	MJ039275: 法務省戸籍法関連通達・通知, 種別 戸籍統一文字情報 親字・正字, ホップ数 1
U+6289	挗	抉	reduction	mj-shrink-map	merge	MJ012346: 法務省戸籍法関連通達・通知, 種別 戸籍統一文字情報 親字・正字, ホップ数 1
U+628A	𢮤	把	reduction	mj-shrink-map	merge	MJ036855: 法務省戸籍法関連通達・通知, 種別 戸籍統一文字情報 親字・正字, ホップ数 1
U+6291	𠨔	抑	reduction	mj-shrink-map	merge	MJ031824: 法務省戸籍法関連通達・通知, 種別 戸籍統一文字情報 親字・正字, ホップ数 1
U+6291	𢫽	抑	reduction	mj-shrink-map	merge	MJ036772: 法務省戸籍法関連通達・通知, 種別 戸籍統一文字情報 親字・正字, ホップ数 1
U+6291	𢬃	抑	reduction	mj-shrink-map	merge	MJ036776: 法務省戸籍法関連通達・通知, 種別 戸籍統一文字情報 親字・正字, ホップ数 1
U+6291	𢮮	抑	reduction	mj-shrink-map	merge	MJ036859: 法務省戸籍法関連通達・通知, 種別 戸籍統一文字情報 親字・正字, ホップ数 1
U+6295	𢫹	投	reduction	mj-shrink-map	merge	MJ036768: 法務省戸籍法関連通達・通知, 種別 戸籍統一文字情報 親字・正字, ホップ数 1
U+6298	㪿	折	reduction	mj-shrink-map	merge	MJ001561: 法務省戸籍法関連通達・通知, 種別 戸籍統一文字情報 親字・正字, ホップ数 1
U+6298	𣂟	折	reduction	mj-shrink-map	merge	MJ037495: 法務省戸籍法関連通達・通知, 種別 戸籍統一文字情報 親字・正字, ホップ数 1
U+6298	𣂫	折	reduction	mj-shrink-map	merge	MJ037505: 法務省戸籍法関連通達・通知, 種別 戸籍統一文字情報 親字・正字, ホップ数 1
U+6298	𣂹	折	reduction	mj-shrink-map	merge	MJ037517: 法務省戸籍法関連通達・通知, 種別 戸籍統一文字情報 親字・正字, ホップ数 1
U+629C	拔	拔	compatibility	unicode-ucd	merge	62D4
U+629C	㧞	拔	reduction	mj-shrink-map	merge	MJ001356: 法務省戸籍法関連通達・通知, 種別 戸籍統一文字情報 親字・正字, ホップ数 1
U+629C	拔	抜	reduction	mj-shrink-map	merge	MJ012279: 法務省戸籍法関連通達・通知, 種別 戸籍統一文字情報 親字・正字, ホップ数 1
U+629C	𢪺	拔	reduction	mj-shrink-map	merge	MJ036739: 法務省戸籍法関連通達・通知, 種別 戸籍統一文字情報 親字・正字, ホップ数 1
U+629E	擇	択	reduction	mj-shrink-map	merge	MJ012814: 法務省戸籍法関連通達・通知, 種別 戸籍統一文字情報 親字・正字, ホップ数 1
U+62A6	㨀	抦	reduction	mj-shrink-map	merge	MJ001387: 法務省戸籍法関連通達・通知, 種別 戸籍統一文字情報 親字・正字, ホップ数 1
U+62B1	抱	抱	compatibility	unicode-ucd	merge	62B1
U+62B5	拞	抵	reduction	mj-shrink-map	merge	MJ012290: 法務省戸籍法関連通達・通知, 種別 戸籍統一文字情報 親字・正字, ホップ数 1
U+62B5	𠥯	抵	reduction	mj-shrink-map	merge	MJ031712: 法務省戸籍法関連通達・通知, 種別 戸籍統一文字情報 親字・正字, ホップ数 1
U+62B5	𢪔	抵	reduction	mj-shrink-map	merge	MJ036727: 法務省戸籍法関連通達・通知, 種別 戸籍統一文字情報 親字・正字, ホップ数 1
U+62C5	擔	担	reduction	mj-shrink-map	merge	MJ012829: 法務省戸籍法関連通達・通知, 種別 戸籍統一文字情報 親字・正字, ホップ数 1
U+62C5	𥣲	擔	reduction	mj-shrink-map	merge	MJ043353: 法務省戸籍法関連通達・通知, 種別 戸籍統一文字情報 親字・正字, ホップ数 1
U+62C5	𧭃	擔	reduction	mj-shrink-map	merge	MJ049181: 法務省戸籍法関連通達・通知, 種別 戸籍統一文字情報 親字・正字, ホップ数 1
U+62C9	拉	拉	compatibility	unicode-ucd	merge	62C9
U+62CD	𢫦	拍	reduction	mj-shrink-map	merge	MJ036752: 法務省戸籍法関連通達・通知, 種別 戸籍統一文字情報 親字・正字, ホップ数 1
U+62CF	拏	拏	compatibility	unicode-ucd	merge	62CF
U+62D3	拓	拓	compatibility	unicode-ucd	merge	62D3
U+62D3	𢷌	拓	reduction	mj-shrink-map	merge	MJ037074: 法務省戸籍法関連通達・通知, 種別 戸籍統一文字情報 親字・正字, ホップ数 1
U+62D3	𢸨	拓	reduction	mj-shrink-map	merge	MJ037122: 法務省戸籍法関連通達・通知, 種別 戸籍統一文字情報 親字・正字, ホップ数 1
U+62D5	扡	拕	reduction	mj-shrink-map	merge	MJ012163: 法務省戸籍法関連通達・通知, 種別 戸籍統一文字情報 親字・正字, ホップ数 1
U+62D7	𢱇	拗	reduction	mj-shrink-map	merge	MJ036919: 法務省戸籍法関連通達・通知, 種別 戸籍統一文字情報 親字・正字, ホップ数 1
U+62D8	抅	拘	reduction	mj-shrink-map	merge	MJ012201: 法務省戸籍法関連通達・通知, 種別 戸籍統一文字情報 親字・正字, ホップ数 1
U+62D8	𢳉	拘	reduction	mj-shrink-map	merge	MJ036973: 法務省戸籍法関連通達・通知, 種別 戸籍統一文字情報 親字・正字, ホップ数 1
U+62D9	𢼍	拙	reduction	mj-shrink-map	merge	MJ037247: 法務省戸籍法関連通達・通知, 種別 戸籍統一文字情報 親字・正字, ホップ数 1
U+62D9	𭣩	拙	reduction	mj-shrink-map	merge	MJ057585: 法務省戸籍法関連通達・通知, 種別 戸籍統一文字情報 親字・正字, ホップ数 1
U+62DB	𭠡	招	reduction	mj-shrink-map	merge	MJ057552: 法務省戸籍法関連通達・通知, 種別 戸籍統一文字情報 親字・正字, ホップ数 1
U+62DD	拜	拝	reduction	mj-shrink-map	merge	MJ012288: 法務省戸籍法関連通達・通知, 種別 戸籍統一文字情報 親字・正字, ホップ数 1
U+62DD	𢫶	拜	reduction	mj-shrink-map	merge	MJ036765: 法務省戸籍法関連通達・通知, 種別 戸籍統一文字情報 親字・正字, ホップ数 1
U+62DD	𢮠	拜	reduction	mj-shrink-map	merge	MJ036851: 法務省戸籍法関連通達・通知, 種別 戸籍統一文字情報 親字・正字, ホップ数 1
U+62DD	𢰛	拜	reduction	mj-shrink-map	merge	MJ036907: 法務省戸籍法関連通達・通知, 種別 戸籍統一文字情報 親字・正字, ホップ数 1
U+62DD	𢳎	拜	reduction	mj-shrink-map	merge	MJ036977: 法務省戸籍法関連通達・通知, 種別 戸籍統一文字情報 親字・正字, ホップ数 1
U+62DD	𢴽	拜	reduction	mj-shrink-map	merge	MJ037023: 法務省戸籍法関連通達・通知, 種別 戸籍統一文字情報 親字・正字, ホップ数 1
U+62DD	𢷎	拜	reduction	mj-shrink-map	merge	MJ037076: 法務省戸籍法関連通達・通知, 種別 戸籍統一文字情報 親字・正字, ホップ数 1
U+62DD	𣬊	拜	reduction	mj-shrink-map	merge	MJ038978: 法務省戸籍法関連通達・通知, 種別 戸籍統一文字情報 親字・正字, ホップ数 1
U+62DD	𣬓	拜	reduction	mj-shrink-map	merge	MJ038985: 法務省戸籍法関連通達・通知, 種別 戸籍統一文字情報 親字・正字, ホップ数 1
U+62DD	𨀪	拜	reduction	mj-shrink-map	merge	MJ050086: 法務省戸籍法関連通達・通知, 種別 戸籍統一文字情報 親字・正字, ホップ数 1
U+62DD	𭠠	拜	reduction	mj-shrink-map	merge	MJ057556: 法務省戸籍法関連通達・通知, 種別 戸籍統一文字情報 親字・正字, ホップ数 1
U+62E0	㨿	據	reduction	mj-shrink-map	merge	MJ001446: 法務省戸籍法関連通達・通知, 種別 戸籍統一文字情報 親字・正字, ホップ数 1
U+62E0	㩀	據	reduction	mj-shrink-map	merge	MJ001448: 法務省戸籍法関連通達・通知, 種別 戸籍統一文字情報 親字・正字, ホップ数 1
U+62E0	據	拠	reduction	mj-shrink-map	merge	MJ012835: 法務省戸籍法関連通達・通知, 種別 戸籍統一文字情報 親字・正字, ホップ数 1
U+62E0	𢷛	據	reduction	mj-shrink-map	merge	MJ037089: 法務省戸籍法関連通達・通知, 種別 戸籍統一文字情報 親字・正字, ホップ数 1
U+62E1	㨯	擴	reduction	mj-shrink-map	merge	MJ001429: 法務省戸籍法関連通達・通知, 種別 戸籍統一文字情報 親字・正字, ホップ数 1
U+62E1	擴	拡	reduction	mj-shrink-map	merge	MJ012869: 法務省戸籍法関連通達・通知, 種別 戸籍統一文字情報 親字・正字, ホップ数 1
U+62ED	𢂑	拭	reduction	mj-shrink-map	merge	MJ035030: 法務省戸籍法関連通達・通知, 種別 戸籍統一文字情報 親字・正字, ホップ数 1
U+62EF	抍	拯	reduction	mj-shrink-map	merge	MJ012209: 法務省戸籍法関連通達・通知, 種別 戸籍統一文字情報 親字・正字, ホップ数 1
U+62EF	𢮋	拯	reduction	mj-shrink-map	merge	MJ036831: 法務省戸籍法関連通達・通知, 種別 戸籍統一文字情報 親字・正字, ホップ数 1
U+62F3	搼	拳	reduction	mj-shrink-map	merge	MJ012659: 法務省戸籍法関連通達・通知, 種別 戸籍統一文字情報 親字・正字, ホップ数 1
U+62F3	𢮙	拳	reduction	mj-shrink-map	merge	MJ036845: 法務省戸籍法関連通達・通知, 種別 戸籍統一文字情報 親字・正字, ホップ数 1
U+62F6	𢭓	拶	reduction	mj-shrink-map	merge	MJ036815: 法務省戸籍法関連通達・通知, 種別 戸籍統一文字情報 親字・正字, ホップ数 1
U+62F6	𢹵	拶	reduction	mj-shrink-map	merge	MJ037156: 法務省戸籍法関連通達・通知, 種別 戸籍統一文字情報 親字・正字, ホップ数 1
U+62FC	拼	拼	compatibility	unicode-ucd	merge	62FC
U+62FD	𡲝	拽	reduction	mj-shrink-map	merge	MJ034387: 法務省戸籍法関連通達・通知, 種別 戸籍統一文字情報 親字・正字, ホップ数 1
U+62FE	拾	拾	compatibility	unicode-ucd	merge	62FE
U+6303	秷	挃	reduction	mj-shrink-map	merge	MJ019054: 法務省戸籍法関連通達・通知, 種別 戸籍統一文字情報 親字・正字, ホップ数 1
U+6303	𢰗	挃	reduction	mj-shrink-map	merge	MJ036904: 法務省戸籍法関連通達・通知, 種別 戸籍統一文字情報 親字・正字, ホップ数 1
U+6307	𢫾	指	reduction	mj-shrink-map	merge	MJ036773: 法務省戸籍法関連通達・通知, 種別 戸籍統一文字情報 親字・正字, ホップ数 1
U+6308	𢭋	挈	reduction	mj-shrink-map	merge	MJ036808: 法務省戸籍法関連通達・通知, 種別 戸籍統一文字情報 親字・正字, ホップ数 1
U+630C	𢾏	挌	reduction	mj-shrink-map	merge	MJ037333: 法務省戸籍法関連通達・通知, 種別 戸籍統一文字情報 親字・正字, ホップ数 1
U+6311	𢬹	挑	reduction	mj-shrink-map	merge	MJ036791: 法務省戸籍法関連通達・通知, 種別 戸籍統一文字情報 親字・正字, ホップ数 1
U+6319	㪯	擧	reduction	mj-shrink-map	merge	MJ001546: 法務省戸籍法関連通達・通知, 種別 戸籍統一文字情報 親字・正字, ホップ数 1
U+6319	擧	挙	reduction	mj-shrink-map	merge	MJ012849: 法務省戸籍法関連通達・通知, 種別 戸籍統一文字情報 親字・正字, ホップ数 1
U+6319	𠃥	擧	reduction	mj-shrink-map	merge	MJ030428: 法務省戸籍法関連通達・通知, 種別 戸籍統一文字情報 親字・正字, ホップ数 1
U+6319	𠔖	擧	reduction	mj-shrink-map	merge	MJ030997: 法務省戸籍法関連通達・通知, 種別 戸籍統一文字情報 親字・正字, ホップ数 1
U+6319	𦦙	擧	reduction	mj-shrink-map	merge	MJ046024: 法務省戸籍法関連通達・通知, 種別 戸籍統一文字情報 親字・正字, ホップ数 1
U+631F	挾	挟	reduction	mj-shrink-map	merge	MJ012378: 法務省戸籍法関連通達・通知, 種別 戸籍統一文字情報 親字・正字, ホップ数 1
U+632B	𢲖	挫	reduction	mj-shrink-map	merge	MJ036949: 法務省戸籍法関連通達・通知, 種別 戸籍統一文字情報 親字・正字, ホップ数 1
U+632F	𤚾	振	reduction	mj-shrink-map	merge	MJ040536: 法務省戸籍法関連通達・通知, 種別 戸籍統一文字情報 親字・正字, ホップ数 1
U+632F	𤚿	振	reduction	mj-shrink-map	merge	MJ040537: 法務省戸籍法関連通達・通知, 種別 戸籍統一文字情報 親字・正字, ホップ数 1
U+633D	挽	挽	compatibility	unicode-ucd	merge	633D
U+633F	挿	插	z	unihan	merge	挿→插 kZVariant | 插→挿 kZVariant
U+633F	插	挿	reduction	mj-shrink-map	merge	MJ012541: 法務省戸籍法関連通達・通知, 種別 戸籍統一文字情報 親字・正字, ホップ数 1
U+633F	𢭉	插	reduction	mj-shrink-map	merge	MJ036806: 法務省戸籍法関連通達・通知, 種別 戸籍統一文字情報 親字・正字, ホップ数 1
U+633F	𢰔	插	reduction	mj-shrink-map	merge	MJ036901: 法務省戸籍法関連通達・通知, 種別 戸籍統一文字情報 親字・正字, ホップ数 1
U+6343	攈	捃	reduction	mj-shrink-map	merge	MJ012898: 法務省戸籍法関連通達・通知, 種別 戸籍統一文字情報 親字・正字, ホップ数 1
U+6343	攟	捃	reduction	mj-shrink-map	merge	MJ012923: 法務省戸籍法関連通達・通知, 種別 戸籍統一文字情報 親字・正字, ホップ数 1
U+6350	捐	捐	compatibility	unicode-ucd	merge	6350
U+635C	搜	搜	compatibility	unicode-ucd	merge	641C
U+635C	搜	捜	reduction	mj-shrink-map	merge	MJ012617: 法務省戸籍法関連通達・通知, 種別 戸籍統一文字情報 親字・正字, ホップ数 1
U+635C	𢯱	𢯱	compatibility	unicode-ucd	merge	22BF1
U+635C	𢯱	搜	reduction	mj-shrink-map	merge	MJ036872: 法務省戸籍法関連通達・通知, 種別 戸籍統一文字情報 親字・正字, ホップ数 1
U+635C	𢱻	搜	reduction	mj-shrink-map	merge	MJ036944: 法務省戸籍法関連通達・通知, 種別 戸籍統一文字情報 親字・正字, ホップ数 1
U+6365	𢪸	捥	reduction	mj-shrink-map	merge	MJ036738: 法務省戸籍法関連通達・通知, 種別 戸籍統一文字情報 親字・正字, ホップ数 1
U+6368	捨	捨	compatibility	unicode-ucd	merge	6368
U+6376	𢴹	捶	reduction	mj-shrink-map	merge	MJ037018: 法務省戸籍法関連通達・通知, 種別 戸籍統一文字情報 親字・正字, ホップ数 1
U+6377	𢱅	捷	reduction	mj-shrink-map	merge	MJ036917: 法務省戸籍法関連通達・通知, 種別 戸籍統一文字情報 親字・正字, ホップ数 1
U+6377	𢶝	捷	reduction	mj-shrink-map	merge	MJ037066: 法務省戸籍法関連通達・通知, 種別 戸籍統一文字情報 親字・正字, ホップ数 1
U+6377	𣓉	捷	reduction	mj-shrink-map	merge	MJ038052: 法務省戸籍法関連通達・通知, 種別 戸籍統一文字情報 親字・正字, ホップ数 1
U+637A	𭡠	捺	reduction	mj-shrink-map	merge	MJ057563: 法務省戸籍法関連通達・通知, 種別 戸籍統一文字情報 親字・正字, ホップ数 1
U+637B	捻	捻	compatibility	unicode-ucd	merge	637B
U+6383	掃	掃	compatibility	unicode-ucd	merge	6383
U+6388	𥢓	授	reduction	mj-shrink-map	merge	MJ043301: 法務省戸籍法関連通達・通知, 種別 戸籍統一文字情報 親字・正字, ホップ数 1
U+6388	𮃖	授	reduction	mj-shrink-map	merge	MJ043238: 法務省戸籍法関連通達・通知, 種別 戸籍統一文字情報 親字・正字, ホップ数 1
U+6389	𢴿	掉	reduction	mj-shrink-map	merge	MJ037025: 法務省戸籍法関連通達・通知, 種別 戸籍統一文字情報 親字・正字, ホップ数 1
U+6398	𢶵	掘	reduction	mj-shrink-map	merge	MJ037070: 法務省戸籍法関連通達・通知, 種別 戸籍統一文字情報 親字・正字, ホップ数 1
U+63A0	掠	掠	compatibility	unicode-ucd	merge	63A0
U+63A0	㨼	掠	reduction	mj-shrink-map	merge	MJ001443: 法務省戸籍法関連通達・通知, 種別 戸籍統一文字情報 親字・正字, ホップ数 1
U+63A2	𢲘	探	reduction	mj-shrink-map	merge	MJ036950: 法務省戸籍法関連通達・通知, 種別 戸籍統一文字情報 親字・正字, ホップ数 1
U+63A3	𢮓	掣	reduction	mj-shrink-map	merge	MJ036839: 法務省戸籍法関連通達・通知, 種別 戸籍統一文字情報 親字・正字, ホップ数 1
U+63A3	𢳅	掣	reduction	mj-shrink-map	merge	MJ036969: 法務省戸籍法関連通達・通知, 種別 戸籍統一文字情報 親字・正字, ホップ数 1
U+63A5	擑	接	reduction	mj-shrink-map	merge	MJ012825: 法務省戸籍法関連通達・通知, 種別 戸籍統一文字情報 親字・正字, ホップ数 1
U+63A5	𪉚	接	reduction	mj-shrink-map	merge	MJ055883: 法務省戸籍法関連通達・通知, 種別 戸籍統一文字情報 親字・正字, ホップ数 1
U+63A9	掩	掩	compatibility	unicode-ucd	merge	63A9
U+63A9	𥦩	掩	reduction	mj-shrink-map	merge	MJ043475: 法務省戸籍法関連通達・通知, 種別 戸籍統一文字情報 親字・正字, ホップ数 1
U+63A9	𦁏	掩	reduction	mj-shrink-map	merge	MJ044512: 法務省戸籍法関連通達・通知, 種別 戸籍統一文字情報 親字・正字, ホップ数 1
U+63AA	𢵄	措	reduction	mj-shrink-map	merge	MJ037030: 法務省戸籍法関連通達・通知, 種別 戸籍統一文字情報 親字・正字, ホップ数 1
U+63AC	𢱬	掬	reduction	mj-shrink-map	merge	MJ036933: 法務省戸籍法関連通達・通知, 種別 戸籍統一文字情報 親字・正字, ホップ数 1
U+63AC	𥸭	掬	reduction	mj-shrink-map	merge	MJ044180: 法務省戸籍法関連通達・通知, 種別 戸籍統一文字情報 親字・正字, ホップ数 1
U+63B2	揭	掲	reduction	mj-shrink-map	merge	MJ012573: 法務省戸籍法関連通達・通知, 種別 戸籍統一文字情報 親字・正字, ホップ数 1
U+63B2	𢶆	揭	reduction	mj-shrink-map	merge	MJ037044: 法務省戸籍法関連通達・通知, 種別 戸籍統一文字情報 親字・正字, ホップ数 1
U+63C3	㨵	揃	reduction	mj-shrink-map	merge	MJ001436: 法務省戸籍法関連通達・通知, 種別 戸籍統一文字情報 親字・正字, ホップ数 1
U+63C3	𢵏	揃	reduction	mj-shrink-map	merge	MJ037034: 法務省戸籍法関連通達・通知, 種別 戸籍統一文字情報 親字・正字, ホップ数 1
U+63C3	𢶕	揃	reduction	mj-shrink-map	merge	MJ037058: 法務省戸籍法関連通達・通知, 種別 戸籍統一文字情報 親字・正字, ホップ数 1
U+63C3	𢸄	揃	reduction	mj-shrink-map	merge	MJ037111: 法務省戸籍法関連通達・通知, 種別 戸籍統一文字情報 親字・正字, ホップ数 1
U+63C4	揄	揄	compatibility	unicode-ucd	merge	63C4
U+63C4	𢶖	揄	reduction	mj-shrink-map	merge	MJ037059: 法務省戸籍法関連通達・通知, 種別 戸籍統一文字情報 親字・正字, ホップ数 1
U+63C5	揅	揅	compatibility	unicode-ucd	merge	63C5
U+63C6	𢲕	揆	reduction	mj-shrink-map	merge	MJ036948: 法務省戸籍法関連通達・通知, 種別 戸籍統一文字情報 親字・正字, ホップ数 1
U+63D4	㹅	揔	reduction	mj-shrink-map	merge	MJ002389: 法務省戸籍法関連通達・通知, 種別 戸籍統一文字情報 親字・正字, ホップ数 1
U+63D4	𢵃	揔	reduction	mj-shrink-map	merge	MJ037029: 法務省戸籍法関連通達・通知, 種別 戸籍統一文字情報 親字・正字, ホップ数 1
U+63D4	𢷝	揔	reduction	mj-shrink-map	merge	MJ037091: 法務省戸籍法関連通達・通知, 種別 戸籍統一文字情報 親字・正字, ホップ数 1
U+63DA	敭	揚	reduction	mj-shrink-map	merge	MJ013009: 法務省戸籍法関連通達・通知, 種別 戸籍統一文字情報 親字・正字, ホップ数 1
U+63DA	𠭲	揚	reduction	mj-shrink-map	merge	MJ032073: 法務省戸籍法関連通達・通知, 種別 戸籍統一文字情報 親字・正字, ホップ数 1
U+63DA	𣈟	揚	reduction	mj-shrink-map	merge	MJ037738: 法務省戸籍法関連通達・通知, 種別 戸籍統一文字情報 親字・正字, ホップ数 1
U+63E1	䌂	握	reduction	mj-shrink-map	merge	MJ003573: 法務省戸籍法関連通達・通知, 種別 戸籍統一文字情報 親字・正字, ホップ数 1
U+63E1	𦥆	握	reduction	mj-shrink-map	merge	MJ045959: 法務省戸籍法関連通達・通知, 種別 戸籍統一文字情報 親字・正字, ホップ数 1
U+63E3	𢰚	揣	reduction	mj-shrink-map	merge	MJ036906: 法務省戸籍法関連通達・通知, 種別 戸籍統一文字情報 親字・正字, ホップ数 1
U+63E4	揤	揤	compatibility	unicode-ucd	merge	63E4
U+63E9	𢾆	揩	reduction	mj-shrink-map	merge	MJ037328: 法務省戸籍法関連通達・通知, 種別 戸籍統一文字情報 親字・正字, ホップ数 1
U+63E9	𭤀	揩	reduction	mj-shrink-map	merge	MJ057607: 法務省戸籍法関連通達・通知, 種別 戸籍統一文字情報 親字・正字, ホップ数 1
U+63EB	𢱀	揫	reduction	mj-shrink-map	merge	MJ036914: 法務省戸籍法関連通達・通知, 種別 戸籍統一文字情報 親字・正字, ホップ数 1
U+63EE	㩣	揮	reduction	mj-shrink-map	merge	MJ001476: 法務省戸籍法関連通達・通知, 種別 戸籍統一文字情報 親字・正字, ホップ数 1
U+63EE	𢰄	揮	reduction	mj-shrink-map	merge	MJ036891: 法務省戸籍法関連通達・通知, 種別 戸籍統一文字情報 親字・正字, ホップ数 1
U+63EE	𢱳	揮	reduction	mj-shrink-map	merge	MJ036939: 法務省戸籍法関連通達・通知, 種別 戸籍統一文字情報 親字・正字, ホップ数 1
U+63EE	𨍂	揮	reduction	mj-shrink-map	merge	MJ050581: 法務省戸籍法関連通達・通知, 種別 戸籍統一文字情報 親字・正字, ホップ数 1
U+63F2	𢮕	揲	reduction	mj-shrink-map	merge	MJ036841: 法務省戸籍法関連通達・通知, 種別 戸籍統一文字情報 親字・正字, ホップ数 1
U+63F2	𢶅	揲	reduction	mj-shrink-map	merge	MJ037043: 法務省戸籍法関連通達・通知, 種別 戸籍統一文字情報 親字・正字, ホップ数 1
U+63FA	揺	搖	z	unihan	merge	揺→搖 kZVariant | 搖→揺 kZVariant
U+63FA	㨱	搖	reduction	mj-shrink-map	merge	MJ001432: 法務省戸籍法関連通達・通知, 種別 戸籍統一文字情報 親字・正字, ホップ数 1
U+63FA	搖	揺	reduction	mj-shrink-map	merge	MJ012611: 法務省戸籍法関連通達・通知, 種別 戸籍統一文字情報 親字・正字, ホップ数 1
U+63FA	𢭊	搖	reduction	mj-shrink-map	merge	MJ036807: 法務省戸籍法関連通達・通知, 種別 戸籍統一文字情報 親字・正字, ホップ数 1
U+63FA	𢭌	搖	reduction	mj-shrink-map	merge	MJ036809: 法務省戸籍法関連通達・通知, 種別 戸籍統一文字情報 親字・正字, ホップ数 1
U+63FA	𢳘	搖	reduction	mj-shrink-map	merge	MJ036986: 法務省戸籍法関連通達・通知, 種別 戸籍統一文字情報 親字・正字, ホップ数 1
U+6406	𢰎	搆	reduction	mj-shrink-map	merge	MJ036900: 法務省戸籍法関連通達・通知, 種別 戸籍統一文字情報 親字・正字, ホップ数 1
U+6409	㩁	搉	z	unihan	merge	㩁→搉 kZVariant | 搉→㩁 kZVariant
U+6409	攉	搉	reduction	mj-shrink-map	merge	MJ012899: 法務省戸籍法関連通達・通知, 種別 戸籍統一文字情報 親字・正字, ホップ数 1
U+6413	𢷼	搓	reduction	mj-shrink-map	merge	MJ037103: 法務省戸籍法関連通達・通知, 種別 戸籍統一文字情報 親字・正字, ホップ数 1
U+6422	搢	搢	compatibility	unicode-ucd	merge	6422
U+6422	𢸰	搢	reduction	mj-shrink-map	merge	MJ037131: 法務省戸籍法関連通達・通知, 種別 戸籍統一文字情報 親字・正字, ホップ数 1
U+6429	𢫰	搩	reduction	mj-shrink-map	merge	MJ036761: 法務省戸籍法関連通達・通知, 種別 戸籍統一文字情報 親字・正字, ホップ数 1
U+6434	𢶊	搴	reduction	mj-shrink-map	merge	MJ037047: 法務省戸籍法関連通達・通知, 種別 戸籍統一文字情報 親字・正字, ホップ数 1
U+6434	𢷘	搴	reduction	mj-shrink-map	merge	MJ037086: 法務省戸籍法関連通達・通知, 種別 戸籍統一文字情報 親字・正字, ホップ数 1
U+6436	𢷇	搶	reduction	mj-shrink-map	merge	MJ037071: 法務省戸籍法関連通達・通知, 種別 戸籍統一文字情報 親字・正字, ホップ数 1
U+6451	𢧷	摑	reduction	mj-shrink-map	merge	MJ036616: 法務省戸籍法関連通達・通知, 種別 戸籍統一文字情報 親字・正字, ホップ数 1
U+6452	摒	摒	compatibility	unicode-ucd	merge	6452
U+6458	𢸈	摘	reduction	mj-shrink-map	merge	MJ037115: 法務省戸籍法関連通達・通知, 種別 戸籍統一文字情報 親字・正字, ホップ数 1
U+645D	𢮑	摝	reduction	mj-shrink-map	merge	MJ036837: 法務省戸籍法関連通達・通知, 種別 戸籍統一文字情報 親字・正字, ホップ数 1
U+6460	𢭇	摠	reduction	mj-shrink-map	merge	MJ036804: 法務省戸籍法関連通達・通知, 種別 戸籍統一文字情報 親字・正字, ホップ数 1
U+6469	摩	摩	compatibility	unicode-ucd	merge	6469
U+6469	擵	摩	reduction	mj-shrink-map	merge	MJ012874: 法務省戸籍法関連通達・通知, 種別 戸籍統一文字情報 親字・正字, ホップ数 1
U+6469	𢣾	摩	reduction	mj-shrink-map	merge	MJ036449: 法務省戸籍法関連通達・通知, 種別 戸籍統一文字情報 親字・正字, ホップ数 1
U+6469	𢳀	摩	reduction	mj-shrink-map	merge	MJ036964: 法務省戸籍法関連通達・通知, 種別 戸籍統一文字情報 親字・正字, ホップ数 1
U+6469	𥗂	摩	reduction	mj-shrink-map	merge	MJ042932: 法務省戸籍法関連通達・通知, 種別 戸籍統一文字情報 親字・正字, ホップ数 1
U+6469	𥗘	摩	reduction	mj-shrink-map	merge	MJ042937: 法務省戸籍法関連通達・通知, 種別 戸籍統一文字情報 親字・正字, ホップ数 1
U+6469	𪎚	摩	reduction	mj-shrink-map	merge	MJ056136: 法務省戸籍法関連通達・通知, 種別 戸籍統一文字情報 親字・正字, ホップ数 1
U+646F	𢴷	摯	reduction	mj-shrink-map	merge	MJ037016: 法務省戸籍法関連通達・通知, 種別 戸籍統一文字情報 親字・正字, ホップ数 1
U+6476	㩛	摶	reduction	mj-shrink-map	merge	MJ001469: 法務省戸籍法関連通達・通知, 種別 戸籍統一文字情報 親字・正字, ホップ数 1
U+6476	𢰁	摶	reduction	mj-shrink-map	merge	MJ036888: 法務省戸籍法関連通達・通知, 種別 戸籍統一文字情報 親字・正字, ホップ数 1
U+6476	𧽢	摶	reduction	mj-shrink-map	merge	MJ049937: 法務省戸籍法関連通達・通知, 種別 戸籍統一文字情報 親字・正字, ホップ数 1
U+6477	摷	摷	compatibility	unicode-ucd	merge	6477
U+647D	𢶏	摽	reduction	mj-shrink-map	merge	MJ037052: 法務省戸籍法関連通達・通知, 種別 戸籍統一文字情報 親字・正字, ホップ数 1
U+647D	𢸂	摽	reduction	mj-shrink-map	merge	MJ037109: 法務省戸籍法関連通達・通知, 種別 戸籍統一文字情報 親字・正字, ホップ数 1
U+647D	𢹰	摽	reduction	mj-shrink-map	merge	MJ037151: 法務省戸籍法関連通達・通知, 種別 戸籍統一文字情報 親字・正字, ホップ数 1
U+6483	擊	撃	reduction	mj-shrink-map	merge	MJ012817: 法務省戸籍法関連通達・通知, 種別 戸籍統一文字情報 親字・正字, ホップ数 1
U+6487	撆	撇	reduction	mj-shrink-map	merge	MJ012744: 法務省戸籍法関連通達・通知, 種別 戸籍統一文字情報 親字・正字, ホップ数 1
U+6492	𢴻	撒	reduction	mj-shrink-map	merge	MJ037020: 法務省戸籍法関連通達・通知, 種別 戸籍統一文字情報 親字・正字, ホップ数 1
U+649A	撚	撚	compatibility	unicode-ucd	merge	649A
U+649D	撝	撝	compatibility	unicode-ucd	merge	649D
U+64AB	𢸮	撫	reduction	mj-shrink-map	merge	MJ037129: 法務省戸籍法関連通達・通知, 種別 戸籍統一文字情報 親字・正字, ホップ数 1
U+64AB	𢺌	撫	reduction	mj-shrink-map	merge	MJ037166: 法務省戸籍法関連通達・通知, 種別 戸籍統一文字情報 親字・正字, ホップ数 1
U+64AB	𫞶	撫	reduction	mj-shrink-map	merge	MJ058217: 法務省戸籍法関連通達・通知, 種別 戸籍統一文字情報 親字・正字, ホップ数 1
U+64AD	橎	播	reduction	mj-shrink-map	merge	MJ014500: 法務省戸籍法関連通達・通知, 種別 戸籍統一文字情報 親字・正字, ホップ数 1
U+64AD	𢿥	播	reduction	mj-shrink-map	merge	MJ037387: 法務省戸籍法関連通達・通知, 種別 戸籍統一文字情報 親字・正字, ホップ数 1
U+64AD	𨤏	播	reduction	mj-shrink-map	merge	MJ051668: 法務省戸籍法関連通達・通知, 種別 戸籍統一文字情報 親字・正字, ホップ数 1
U+64AE	𢲻	撮	reduction	mj-shrink-map	merge	MJ036960: 法務省戸籍法関連通達・通知, 種別 戸籍統一文字情報 親字・正字, ホップ数 1
U+64AE	𤑧	撮	reduction	mj-shrink-map	merge	MJ040141: 法務省戸籍法関連通達・通知, 種別 戸籍統一文字情報 親字・正字, ホップ数 1
U+64B0	𢰅	撰	reduction	mj-shrink-map	merge	MJ036892: 法務省戸籍法関連通達・通知, 種別 戸籍統一文字情報 親字・正字, ホップ数 1
U+64BB	𢹗	撻	reduction	mj-shrink-map	merge	MJ037143: 法務省戸籍法関連通達・通知, 種別 戸籍統一文字情報 親字・正字, ホップ数 1
U+64BB	𢺂	撻	reduction	mj-shrink-map	merge	MJ037157: 法務省戸籍法関連通達・通知, 種別 戸籍統一文字情報 親字・正字, ホップ数 1
U+64BB	𢾴	撻	reduction	mj-shrink-map	merge	MJ037356: 法務省戸籍法関連通達・通知, 種別 戸籍統一文字情報 親字・正字, ホップ数 1
U+64BB	𨘈	撻	reduction	mj-shrink-map	merge	MJ051106: 法務省戸籍法関連通達・通知, 種別 戸籍統一文字情報 親字・正字, ホップ数 1
U+64BB	𩋅	撻	reduction	mj-shrink-map	merge	MJ053142: 法務省戸籍法関連通達・通知, 種別 戸籍統一文字情報 親字・正字, ホップ数 1
U+64BB	𩌉	撻	reduction	mj-shrink-map	merge	MJ053199: 法務省戸籍法関連通達・通知, 種別 戸籍統一文字情報 親字・正字, ホップ数 1
U+64C1	㨣	擁	reduction	mj-shrink-map	merge	MJ001419: 法務省戸籍法関連通達・通知, 種別 戸籍統一文字情報 親字・正字, ホップ数 1
U+64C1	𢶜	擁	reduction	mj-shrink-map	merge	MJ037065: 法務省戸籍法関連通達・通知, 種別 戸籍統一文字情報 親字・正字, ホップ数 1
U+64C1	𢹬	擁	reduction	mj-shrink-map	merge	MJ037147: 法務省戸籍法関連通達・通知, 種別 戸籍統一文字情報 親字・正字, ホップ数 1
U+64C2	攂	擂	reduction	mj-shrink-map	merge	MJ012891: 法務省戸籍法関連通達・通知, 種別 戸籍統一文字情報 親字・正字, ホップ数 1
U+64C4	擄	擄	compatibility	unicode-ucd	merge	64C4
U+64CD	橾	操	reduction	mj-shrink-map	merge	MJ014551: 法務省戸籍法関連通達・通知, 種別 戸籍統一文字情報 親字・正字, ホップ数 1
U+64D0	𢸃	擐	reduction	mj-shrink-map	merge	MJ037110: 法務省戸籍法関連通達・通知, 種別 戸籍統一文字情報 親字・正字, ホップ数 1
U+64D8	孹	擘	reduction	mj-shrink-map	merge	MJ010096: 法務省戸籍法関連通達・通知, 種別 戸籍統一文字情報 親字・正字, ホップ数 1
U+64D8	𢹐	擘	reduction	mj-shrink-map	merge	MJ037137: 法務省戸籍法関連通達・通知, 種別 戸籍統一文字情報 親字・正字, ホップ数 1
U+64E0	𡬚	擠	reduction	mj-shrink-map	merge	MJ034151: 法務省戸籍法関連通達・通知, 種別 戸籍統一文字情報 親字・正字, ホップ数 1
U+64E5	㩜	擥	reduction	mj-shrink-map	merge	MJ001470: 法務省戸籍法関連通達・通知, 種別 戸籍統一文字情報 親字・正字, ホップ数 1
U+64E5	攬	擥	reduction	mj-shrink-map	merge	MJ012936: 法務省戸籍法関連通達・通知, 種別 戸籍統一文字情報 親字・正字, ホップ数 1
U+64E5	𢱯	擥	reduction	mj-shrink-map	merge	MJ036935: 法務省戸籍法関連通達・通知, 種別 戸籍統一文字情報 親字・正字, ホップ数 1
U+64F7	㩪	擷	reduction	mj-shrink-map	merge	MJ001483: 法務省戸籍法関連通達・通知, 種別 戸籍統一文字情報 親字・正字, ホップ数 1
U+64F7	𨘓	擷	reduction	mj-shrink-map	merge	MJ051112: 法務省戸籍法関連通達・通知, 種別 戸籍統一文字情報 親字・正字, ホップ数 1
U+64F7	𪆋	擷	reduction	mj-shrink-map	merge	MJ055757: 法務省戸籍法関連通達・通知, 種別 戸籍統一文字情報 親字・正字, ホップ数 1
U+64FA	𢸇	擺	reduction	mj-shrink-map	merge	MJ037114: 法務省戸籍法関連通達・通知, 種別 戸籍統一文字情報 親字・正字, ホップ数 1
U+64FD	攊	擽	reduction	mj-shrink-map	merge	MJ012900: 法務省戸籍法関連通達・通知, 種別 戸籍統一文字情報 親字・正字, ホップ数 1
U+6500	㐴	攀	reduction	mj-shrink-map	merge	MJ000035: 法務省戸籍法関連通達・通知, 種別 戸籍統一文字情報 親字・正字, ホップ数 1
U+6500	𡴂	攀	reduction	mj-shrink-map	merge	MJ034439: 法務省戸籍法関連通達・通知, 種別 戸籍統一文字情報 親字・正字, ホップ数 1
U+6500	𢸅	攀	reduction	mj-shrink-map	merge	MJ037112: 法務省戸籍法関連通達・通知, 種別 戸籍統一文字情報 親字・正字, ホップ数 1
U+6500	𣝴	攀	reduction	mj-shrink-map	merge	MJ038369: 法務省戸籍法関連通達・通知, 種別 戸籍統一文字情報 親字・正字, ホップ数 1
U+6500	𭬑	攀	reduction	mj-shrink-map	merge	MJ057840: 法務省戸籍法関連通達・通知, 種別 戸籍統一文字情報 親字・正字, ホップ数 1
U+6518	𢺖	攘	reduction	mj-shrink-map	merge	MJ037169: 法務省戸籍法関連通達・通知, 種別 戸籍統一文字情報 親字・正字, ホップ数 1
U+6518	𣀮	攘	reduction	mj-shrink-map	merge	MJ037435: 法務省戸籍法関連通達・通知, 種別 戸籍統一文字情報 親字・正字, ホップ数 1
U+651C	㩗	攜	reduction	mj-shrink-map	merge	MJ001466: 法務省戸籍法関連通達・通知, 種別 戸籍統一文字情報 親字・正字, ホップ数 1
U+651C	㩦	攜	reduction	mj-shrink-map	merge	MJ001479: 法務省戸籍法関連通達・通知, 種別 戸籍統一文字情報 親字・正字, ホップ数 1
U+651C	擕	攜	reduction	mj-shrink-map	merge	MJ012830: 法務省戸籍法関連通達・通知, 種別 戸籍統一文字情報 親字・正字, ホップ数 1
U+6522	攅	攢	reduction	mj-shrink-map	merge	MJ012894: 法務省戸籍法関連通達・通知, 種別 戸籍統一文字情報 親字・正字, ホップ数 1
U+6523	䏈	攣	reduction	mj-shrink-map	merge	MJ003760: 法務省戸籍法関連通達・通知, 種別 戸籍統一文字情報 親字・正字, ホップ数 1
U+6523	𠣈	攣	reduction	mj-shrink-map	merge	MJ031596: 法務省戸籍法関連通達・通知, 種別 戸籍統一文字情報 親字・正字, ホップ数 1
U+6524	擹	攤	reduction	mj-shrink-map	merge	MJ012879: 法務省戸籍法関連通達・通知, 種別 戸籍統一文字情報 親字・正字, ホップ数 1
U+6524	𢺋	攤	reduction	mj-shrink-map	merge	MJ037165: 法務省戸籍法関連通達・通知, 種別 戸籍統一文字情報 親字・正字, ホップ数 1
U+652B	㸕	攫	reduction	mj-shrink-map	merge	MJ002340: 法務省戸籍法関連通達・通知, 種別 戸籍統一文字情報 親字・正字, ホップ数 1
U+652F	𠦙	支	reduction	mj-shrink-map	merge	MJ031748: 法務省戸籍法関連通達・通知, 種別 戸籍統一文字情報 親字・正字, ホップ数 1
U+652F	𢺶	支	reduction	mj-shrink-map	merge	MJ037184: 法務省戸籍法関連通達・通知, 種別 戸籍統一文字情報 親字・正字, ホップ数 1
U+652F	𣏃	𣏃	compatibility	unicode-ucd	merge	233C3
U+652F	𣏃	支	reduction	mj-shrink-map	merge	MJ037932: 法務省戸籍法関連通達・通知, 種別 戸籍統一文字情報 親字・正字, ホップ数 1
U+652F	𭣔	支	reduction	mj-shrink-map	merge	MJ057580: 法務省戸籍法関連通達・通知, 種別 戸籍統一文字情報 親字・正字, ホップ数 1
U+6532	㩻	攲	reduction	mj-shrink-map	merge	MJ001498: 法務省戸籍法関連通達・通知, 種別 戸籍統一文字情報 親字・正字, ホップ数 1
U+6538	㳊	攸	reduction	mj-shrink-map	merge	MJ002047: 法務省戸籍法関連通達・通知, 種別 戸籍統一文字情報 親字・正字, ホップ数 1
U+6538	𭣢	攸	reduction	mj-shrink-map	merge	MJ057582: 法務省戸籍法関連通達・通知, 種別 戸籍統一文字情報 親字・正字, ホップ数 1
U+654F	敏	敏	compatibility	unicode-ucd	merge	654F
U+654F	敏	敏	compatibility	unicode-ucd	merge	654F
U+654F	勄	敏	reduction	mj-shrink-map	merge	MJ007663: 法務省戸籍法関連通達・通知, 種別 戸籍統一文字情報 親字・正字, ホップ数 1
U+6551	𧘶	救	reduction	mj-shrink-map	merge	MJ048207: 法務省戸籍法関連通達・通知, 種別 戸籍統一文字情報 親字・正字, ホップ数 1
U+6554	𢾵	敔	reduction	mj-shrink-map	merge	MJ037357: 法務省戸籍法関連通達・通知, 種別 戸籍統一文字情報 親字・正字, ホップ数 1
U+6556	敖	敖	compatibility	unicode-ucd	merge	6556
U+6556	𢾍	敖	reduction	mj-shrink-map	merge	MJ037332: 法務省戸籍法関連通達・通知, 種別 戸籍統一文字情報 親字・正字, ホップ数 1
U+6557	贁	敗	reduction	mj-shrink-map	merge	MJ025114: 法務省戸籍法関連通達・通知, 種別 戸籍統一文字情報 親字・正字, ホップ数 1
U+6557	𣀕	敗	reduction	mj-shrink-map	merge	MJ037417: 法務省戸籍法関連通達・通知, 種別 戸籍統一文字情報 親字・正字, ホップ数 1
U+6557	𤖐	敗	reduction	mj-shrink-map	merge	MJ040319: 法務省戸籍法関連通達・通知, 種別 戸籍統一文字情報 親字・正字, ホップ数 1
U+6559	𢻍	教	reduction	mj-shrink-map	merge	MJ037198: 法務省戸籍法関連通達・通知, 種別 戸籍統一文字情報 親字・正字, ホップ数 1
U+6559	𢼅	教	reduction	mj-shrink-map	merge	MJ037239: 法務省戸籍法関連通達・通知, 種別 戸籍統一文字情報 親字・正字, ホップ数 1
U+6559	𧧿	教	reduction	mj-shrink-map	merge	MJ048925: 法務省戸籍法関連通達・通知, 種別 戸籍統一文字情報 親字・正字, ホップ数 1
U+6562	𠭖	敢	reduction	mj-shrink-map	merge	MJ032052: 法務省戸籍法関連通達・通知, 種別 戸籍統一文字情報 親字・正字, ホップ数 1
U+6562	𢼿	敢	reduction	mj-shrink-map	merge	MJ037281: 法務省戸籍法関連通達・通知, 種別 戸籍統一文字情報 親字・正字, ホップ数 1
U+6562	𢽤	敢	reduction	mj-shrink-map	merge	MJ037305: 法務省戸籍法関連通達・通知, 種別 戸籍統一文字情報 親字・正字, ホップ数 1
U+6562	𢽿	敢	reduction	mj-shrink-map	merge	MJ037322: 法務省戸籍法関連通達・通知, 種別 戸籍統一文字情報 親字・正字, ホップ数 1
U+6562	𣆸	敢	reduction	mj-shrink-map	merge	MJ037691: 法務省戸籍法関連通達・通知, 種別 戸籍統一文字情報 親字・正字, ホップ数 1
U+6562	𣪏	敢	reduction	mj-shrink-map	merge	MJ038910: 法務省戸籍法関連通達・通知, 種別 戸籍統一文字情報 親字・正字, ホップ数 1
U+6563	𢻦	散	reduction	mj-shrink-map	merge	MJ037215: 法務省戸籍法関連通達・通知, 種別 戸籍統一文字情報 親字・正字, ホップ数 1
U+6563	𢿨	散	reduction	mj-shrink-map	merge	MJ037388: 法務省戸籍法関連通達・通知, 種別 戸籍統一文字情報 親字・正字, ホップ数 1
U+6563	𢿷	散	reduction	mj-shrink-map	merge	MJ037399: 法務省戸籍法関連通達・通知, 種別 戸籍統一文字情報 親字・正字, ホップ数 1
U+6563	𣪚	散	reduction	mj-shrink-map	merge	MJ057923: 法務省戸籍法関連通達・通知, 種別 戸籍統一文字情報 親字・正字, ホップ数 1
U+6563	𭣚	散	reduction	mj-shrink-map	merge	MJ057603: 法務省戸籍法関連通達・通知, 種別 戸籍統一文字情報 親字・正字, ホップ数 1
U+6563	𭣹	散	reduction	mj-shrink-map	merge	MJ057598: 法務省戸籍法関連通達・通知, 種別 戸籍統一文字情報 親字・正字, ホップ数 1
U+6566	𠧈	敦	reduction	mj-shrink-map	merge	MJ031766: 法務省戸籍法関連通達・通知, 種別 戸籍統一文字情報 親字・正字, ホップ数 1
U+6566	𢼪	敦	reduction	mj-shrink-map	merge	MJ037268: 法務省戸籍法関連通達・通知, 種別 戸籍統一文字情報 親字・正字, ホップ数 1
U+6566	𣀦	敦	reduction	mj-shrink-map	merge	MJ037429: 法務省戸籍法関連通達・通知, 種別 戸籍統一文字情報 親字・正字, ホップ数 1
U+6566	𭣸	敦	reduction	mj-shrink-map	merge	MJ057600: 法務省戸籍法関連通達・通知, 種別 戸籍統一文字情報 親字・正字, ホップ数 1
U+6566	𭣾	敦	reduction	mj-shrink-map	merge	MJ057609: 法務省戸籍法関連通達・通知, 種別 戸籍統一文字情報 親字・正字, ホップ数 1
U+6567	槣	敧	reduction	mj-shrink-map	merge	MJ014363: 法務省戸籍法関連通達・通知, 種別 戸籍統一文字情報 親字・正字, ホップ数 1
U+6567	𨜅	敧	reduction	mj-shrink-map	merge	MJ051299: 法務省戸籍法関連通達・通知, 種別 戸籍統一文字情報 親字・正字, ホップ数 1
U+656B	𭤁	敫	reduction	mj-shrink-map	merge	MJ057604: 法務省戸籍法関連通達・通知, 種別 戸籍統一文字情報 親字・正字, ホップ数 1
U+656B	𭤂	敫	reduction	mj-shrink-map	merge	MJ057605: 法務省戸籍法関連通達・通知, 種別 戸籍統一文字情報 親字・正字, ホップ数 1
U+656C	敬	敬	compatibility	unicode-ucd	merge	656C
U+656C	𢾠	敬	reduction	mj-shrink-map	merge	MJ037342: 法務省戸籍法関連通達・通知, 種別 戸籍統一文字情報 親字・正字, ホップ数 1
U+656C	𢿩	敬	reduction	mj-shrink-map	merge	MJ037389: 法務省戸籍法関連通達・通知, 種別 戸籍統一文字情報 親字・正字, ホップ数 1
U+656C	𣀖	敬	reduction	mj-shrink-map	merge	MJ037418: 法務省戸籍法関連通達・通知, 種別 戸籍統一文字情報 親字・正字, ホップ数 1
U+6570	數	數	compatibility	unicode-ucd	merge	6578
U+6570	數	数	reduction	mj-shrink-map	merge	MJ013023: 法務省戸籍法関連通達・通知, 種別 戸籍統一文字情報 親字・正字, ホップ数 1
U+6570	𢿙	数	reduction	mj-shrink-map	merge	MJ037378: 法務省戸籍法関連通達・通知, 種別 戸籍統一文字情報 親字・正字, ホップ数 1
U+6570	𣀭	數	reduction	mj-shrink-map	merge	MJ037434: 法務省戸籍法関連通達・通知, 種別 戸籍統一文字情報 親字・正字, ホップ数 1
U+6570	𭤋	数	reduction	mj-shrink-map	merge	MJ057616: 法務省戸籍法関連通達・通知, 種別 戸籍統一文字情報 親字・正字, ホップ数 1
U+6572	㪣	敲	reduction	mj-shrink-map	merge	MJ001535: 法務省戸籍法関連通達・通知, 種別 戸籍統一文字情報 親字・正字, ホップ数 1
U+6572	𣫁	敲	reduction	mj-shrink-map	merge	MJ038935: 法務省戸籍法関連通達・通知, 種別 戸籍統一文字情報 親字・正字, ホップ数 1
U+6574	𢿫	整	reduction	mj-shrink-map	merge	MJ037391: 法務省戸籍法関連通達・通知, 種別 戸籍統一文字情報 親字・正字, ホップ数 1
U+6574	𣦔	整	reduction	mj-shrink-map	merge	MJ038708: 法務省戸籍法関連通達・通知, 種別 戸籍統一文字情報 親字・正字, ホップ数 1
U+6575	𠢗	敵	reduction	mj-shrink-map	merge	MJ031557: 法務省戸籍法関連通達・通知, 種別 戸籍統一文字情報 親字・正字, ホップ数 1
U+6575	𢿪	敵	reduction	mj-shrink-map	merge	MJ037390: 法務省戸籍法関連通達・通知, 種別 戸籍統一文字情報 親字・正字, ホップ数 1
U+6575	𪯙	敵	reduction	mj-shrink-map	merge	MJ057617: 法務省戸籍法関連通達・通知, 種別 戸籍統一文字情報 親字・正字, ホップ数 1
U+6577	旉	敷	reduction	mj-shrink-map	merge	MJ013115: 法務省戸籍法関連通達・通知, 種別 戸籍統一文字情報 親字・正字, ホップ数 1
U+6577	𢾭	敷	reduction	mj-shrink-map	merge	MJ037350: 法務省戸籍法関連通達・通知, 種別 戸籍統一文字情報 親字・正字, ホップ数 1
U+6577	𢾾	敷	reduction	mj-shrink-map	merge	MJ057611: 法務省戸籍法関連通達・通知, 種別 戸籍統一文字情報 親字・正字, ホップ数 1
U+6581	歝	斁	reduction	mj-shrink-map	merge	MJ014817: 法務省戸籍法関連通達・通知, 種別 戸籍統一文字情報 親字・正字, ホップ数 1
U+6584	𠩬	斄	reduction	mj-shrink-map	merge	MJ031892: 法務省戸籍法関連通達・通知, 種別 戸籍統一文字情報 親字・正字, ホップ数 1
U+6584	𣮉	斄	reduction	mj-shrink-map	merge	MJ039047: 法務省戸籍法関連通達・通知, 種別 戸籍統一文字情報 親字・正字, ホップ数 1
U+6585	斆	斅	reduction	mj-shrink-map	merge	MJ013039: 法務省戸籍法関連通達・通知, 種別 戸籍統一文字情報 親字・正字, ホップ数 1
U+6589	䄢	齊	reduction	mj-shrink-map	merge	MJ003080: 法務省戸籍法関連通達・通知, 種別 戸籍統一文字情報 親字・正字, ホップ数 1
U+6589	亝	齊	reduction	mj-shrink-map	merge	MJ006455: 法務省戸籍法関連通達・通知, 種別 戸籍統一文字情報 親字・正字, ホップ数 1
U+6589	齊	斉	reduction	mj-shrink-map	merge	MJ030059: 法務省戸籍法関連通達・通知, 種別 戸籍統一文字情報 親字・正字, ホップ数 1
U+6589	𠄷	亝	reduction	mj-shrink-map	merge	MJ030480: 法務省戸籍法関連通達・通知, 種別 戸籍統一文字情報 親字・正字, ホップ数 1
U+6589	𠫱	齊	reduction	mj-shrink-map	merge	MJ031986: 法務省戸籍法関連通達・通知, 種別 戸籍統一文字情報 親字・正字, ホップ数 1
U+6589	𠫼	亝	reduction	mj-shrink-map	merge	MJ031993: 法務省戸籍法関連通達・通知, 種別 戸籍統一文字情報 親字・正字, ホップ数 1
U+6589	𡕓	齊	reduction	mj-shrink-map	merge	MJ033319: 法務省戸籍法関連通達・通知, 種別 戸籍統一文字情報 親字・正字, ホップ数 1
U+6589	𧜍	齊	reduction	mj-shrink-map	merge	MJ048371: 法務省戸籍法関連通達・通知, 種別 戸籍統一文字情報 親字・正字, ホップ数 1
U+6589	𭚃	齊	reduction	mj-shrink-map	merge	MJ057452: 法務省戸籍法関連通達・通知, 種別 戸籍統一文字情報 親字・正字, ホップ数 1
U+6589	𮮺	齊	reduction	mj-shrink-map	merge	MJ059279: 法務省戸籍法関連通達・通知, 種別 戸籍統一文字情報 親字・正字, ホップ数 1
U+6589	𮮼	齊	reduction	mj-shrink-map	merge	MJ059280: 法務省戸籍法関連通達・通知, 種別 戸籍統一文字情報 親字・正字, ホップ数 1
U+658E	㪰	齋	reduction	mj-shrink-map	merge	MJ001547: 法務省戸籍法関連通達・通知, 種別 戸籍統一文字情報 親字・正字, ホップ数 1
U+658E	䬩	齋	reduction	mj-shrink-map	merge	MJ005651: 法務省戸籍法関連通達・通知, 種別 戸籍統一文字情報 親字・正字, ホップ数 1
U+658E	齋	斎	reduction	mj-shrink-map	merge	MJ030060: 法務省戸籍法関連通達・通知, 種別 戸籍統一文字情報 親字・正字, ホップ数 1
U+658E	𥚪	齋	reduction	mj-shrink-map	merge	MJ043032: 法務省戸籍法関連通達・通知, 種別 戸籍統一文字情報 親字・正字, ホップ数 1
U+658E	𥜷	齋	reduction	mj-shrink-map	merge	MJ043105: 法務省戸籍法関連通達・通知, 種別 戸籍統一文字情報 親字・正字, ホップ数 1
U+658E	𩝦	齋	reduction	mj-shrink-map	merge	MJ054054: 法務省戸籍法関連通達・通知, 種別 戸籍統一文字情報 親字・正字, ホップ数 1
U+6590	𭣻	斐	reduction	mj-shrink-map	merge	MJ057601: 法務省戸籍法関連通達・通知, 種別 戸籍統一文字情報 親字・正字, ホップ数 1
U+6591	𤨘	斑	reduction	mj-shrink-map	merge	MJ041051: 法務省戸籍法関連通達・通知, 種別 戸籍統一文字情報 親字・正字, ホップ数 1
U+6597	㪷	斗	reduction	mj-shrink-map	merge	MJ001553: 法務省戸籍法関連通達・通知, 種別 戸籍統一文字情報 親字・正字, ホップ数 1
U+6597	𣁬	斗	reduction	mj-shrink-map	merge	MJ037462: 法務省戸籍法関連通達・通知, 種別 戸籍統一文字情報 親字・正字, ホップ数 1
U+6597	𣂑	斗	reduction	mj-shrink-map	merge	MJ037485: 法務省戸籍法関連通達・通知, 種別 戸籍統一文字情報 親字・正字, ホップ数 1
U+6597	𤣫	斗	reduction	mj-shrink-map	merge	MJ040933: 法務省戸籍法関連通達・通知, 種別 戸籍統一文字情報 親字・正字, ホップ数 1
U+6597	𬺵	斗	reduction	mj-shrink-map	merge	MJ056874: 法務省戸籍法関連通達・通知, 種別 戸籍統一文字情報 親字・正字, ホップ数 1
U+6599	料	料	compatibility	unicode-ucd	merge	6599
U+6599	䉼	料	reduction	mj-shrink-map	merge	MJ003432: 法務省戸籍法関連通達・通知, 種別 戸籍統一文字情報 親字・正字, ホップ数 1
U+6599	𥸾	料	reduction	mj-shrink-map	merge	MJ044191: 法務省戸籍法関連通達・通知, 種別 戸籍統一文字情報 親字・正字, ホップ数 1
U+659B	㪶	斛	reduction	mj-shrink-map	merge	MJ001552: 法務省戸籍法関連通達・通知, 種別 戸籍統一文字情報 親字・正字, ホップ数 1
U+659D	䑝	斝	reduction	mj-shrink-map	merge	MJ003914: 法務省戸籍法関連通達・通知, 種別 戸籍統一文字情報 親字・正字, ホップ数 1
U+659D	斚	斝	reduction	mj-shrink-map	merge	MJ013062: 法務省戸籍法関連通達・通知, 種別 戸籍統一文字情報 親字・正字, ホップ数 1
U+659F	㘰	斟	reduction	mj-shrink-map	merge	MJ000481: 法務省戸籍法関連通達・通知, 種別 戸籍統一文字情報 親字・正字, ホップ数 1
U+659F	㪸	斟	reduction	mj-shrink-map	merge	MJ001554: 法務省戸籍法関連通達・通知, 種別 戸籍統一文字情報 親字・正字, ホップ数 1
U+659F	酙	斟	reduction	mj-shrink-map	merge	MJ026456: 法務省戸籍法関連通達・通知, 種別 戸籍統一文字情報 親字・正字, ホップ数 1
U+659F	𣁱	斟	reduction	mj-shrink-map	merge	MJ037466: 法務省戸籍法関連通達・通知, 種別 戸籍統一文字情報 親字・正字, ホップ数 1
U+659F	𨠇	斟	reduction	mj-shrink-map	merge	MJ051495: 法務省戸籍法関連通達・通知, 種別 戸籍統一文字情報 親字・正字, ホップ数 1
U+65A1	𨋼	斡	reduction	mj-shrink-map	merge	MJ050533: 法務省戸籍法関連通達・通知, 種別 戸籍統一文字情報 親字・正字, ホップ数 1
U+65A5	㡿	斥	reduction	mj-shrink-map	merge	MJ001027: 法務省戸籍法関連通達・通知, 種別 戸籍統一文字情報 親字・正字, ホップ数 1
U+65A5	𠩋	斥	reduction	mj-shrink-map	merge	MJ031867: 法務省戸籍法関連通達・通知, 種別 戸籍統一文字情報 親字・正字, ホップ数 1
U+65A5	𤵍	斥	reduction	mj-shrink-map	merge	MJ041544: 法務省戸籍法関連通達・通知, 種別 戸籍統一文字情報 親字・正字, ホップ数 1
U+65AB	斱	斫	reduction	mj-shrink-map	merge	MJ013087: 法務省戸籍法関連通達・通知, 種別 戸籍統一文字情報 親字・正字, ホップ数 1
U+65AB	𥖛	斫	reduction	mj-shrink-map	merge	MJ042910: 法務省戸籍法関連通達・通知, 種別 戸籍統一文字情報 親字・正字, ホップ数 1
U+65AD	㫁	斷	reduction	mj-shrink-map	merge	MJ001563: 法務省戸籍法関連通達・通知, 種別 戸籍統一文字情報 親字・正字, ホップ数 1
U+65AD	斷	断	reduction	mj-shrink-map	merge	MJ013096: 法務省戸籍法関連通達・通知, 種別 戸籍統一文字情報 親字・正字, ホップ数 1
U+65AD	𠜷	斷	reduction	mj-shrink-map	merge	MJ031339: 法務省戸籍法関連通達・通知, 種別 戸籍統一文字情報 親字・正字, ホップ数 1
U+65AD	𠝅	斷	reduction	mj-shrink-map	merge	MJ031351: 法務省戸籍法関連通達・通知, 種別 戸籍統一文字情報 親字・正字, ホップ数 1
U+65AD	𠸿	斷	reduction	mj-shrink-map	merge	MJ032442: 法務省戸籍法関連通達・通知, 種別 戸籍統一文字情報 親字・正字, ホップ数 1
U+65AD	𣂢	斷	reduction	mj-shrink-map	merge	MJ037498: 法務省戸籍法関連通達・通知, 種別 戸籍統一文字情報 親字・正字, ホップ数 1
U+65AD	𣂱	斷	reduction	mj-shrink-map	merge	MJ037511: 法務省戸籍法関連通達・通知, 種別 戸籍統一文字情報 親字・正字, ホップ数 1
U+65AD	𣃔	斷	reduction	mj-shrink-map	merge	MJ037540: 法務省戸籍法関連通達・通知, 種別 戸籍統一文字情報 親字・正字, ホップ数 1
U+65AF	𣂕	斯	reduction	mj-shrink-map	merge	MJ037488: 法務省戸籍法関連通達・通知, 種別 戸籍統一文字情報 親字・正字, ホップ数 1
U+65B0	𢀝	新	reduction	mj-shrink-map	merge	MJ034948: 法務省戸籍法関連通達・通知, 種別 戸籍統一文字情報 親字・正字, ホップ数 1
U+65B0	𣂺	新	reduction	mj-shrink-map	merge	MJ037518: 法務省戸籍法関連通達・通知, 種別 戸籍統一文字情報 親字・正字, ホップ数 1
U+65B0	𨐏	新	reduction	mj-shrink-map	merge	MJ050726: 法務省戸籍法関連通達・通知, 種別 戸籍統一文字情報 親字・正字, ホップ数 1
U+65B2	𣂡	斲	reduction	mj-shrink-map	merge	MJ037497: 法務省戸籍法関連通達・通知, 種別 戸籍統一文字情報 親字・正字, ホップ数 1
U+65B2	𣂪	斲	reduction	mj-shrink-map	merge	MJ037504: 法務省戸籍法関連通達・通知, 種別 戸籍統一文字情報 親字・正字, ホップ数 1
U+65B2	𣃂	斲	reduction	mj-shrink-map	merge	MJ037524: 法務省戸籍法関連通達・通知, 種別 戸籍統一文字情報 親字・正字, ホップ数 1
U+65B2	𣃃	斲	reduction	mj-shrink-map	merge	MJ037525: 法務省戸籍法関連通達・通知, 種別 戸籍統一文字情報 親字・正字, ホップ数 1
U+65B2	𣃋	斲	reduction	mj-shrink-map	merge	MJ037532: 法務省戸籍法関連通達・通知, 種別 戸籍統一文字情報 親字・正字, ホップ数 1
U+65B2	𣃏	斲	reduction	mj-shrink-map	merge	MJ037536: 法務省戸籍法関連通達・通知, 種別 戸籍統一文字情報 親字・正字, ホップ数 1
U+65B2	𦘣	斲	reduction	mj-shrink-map	merge	MJ045455: 法務省戸籍法関連通達・通知, 種別 戸籍統一文字情報 親字・正字, ホップ数 1
U+65B2	𨮕	斲	reduction	mj-shrink-map	merge	MJ051933: 法務省戸籍法関連通達・通知, 種別 戸籍統一文字情報 親字・正字, ホップ数 1
U+65B8	劚	斸	reduction	mj-shrink-map	merge	MJ007622: 法務省戸籍法関連通達・通知, 種別 戸籍統一文字情報 親字・正字, ホップ数 1
U+65B9	𤙗	方	reduction	mj-shrink-map	merge	MJ040467: 法務省戸籍法関連通達・通知, 種別 戸籍統一文字情報 親字・正字, ホップ数 1
U+65B9	𭤧	方	reduction	mj-shrink-map	merge	MJ057630: 法務省戸籍法関連通達・通知, 種別 戸籍統一文字情報 親字・正字, ホップ数 1
U+65BC	扵	於	reduction	mj-shrink-map	merge	MJ012183: 法務省戸籍法関連通達・通知, 種別 戸籍統一文字情報 親字・正字, ホップ数 1
U+65BD	𠆹	施	reduction	mj-shrink-map	merge	MJ030548: 法務省戸籍法関連通達・通知, 種別 戸籍統一文字情報 親字・正字, ホップ数 1
U+65BD	𠇜	施	reduction	mj-shrink-map	merge	MJ030563: 法務省戸籍法関連通達・通知, 種別 戸籍統一文字情報 親字・正字, ホップ数 1
U+65BD	𠤒	施	reduction	mj-shrink-map	merge	MJ031648: 法務省戸籍法関連通達・通知, 種別 戸籍統一文字情報 親字・正字, ホップ数 1
U+65BD	𢒃	施	reduction	mj-shrink-map	merge	MJ035751: 法務省戸籍法関連通達・通知, 種別 戸籍統一文字情報 親字・正字, ホップ数 1
U+65BD	𢻩	施	reduction	mj-shrink-map	merge	MJ037217: 法務省戸籍法関連通達・通知, 種別 戸籍統一文字情報 親字・正字, ホップ数 1
U+65BD	𢼘	施	reduction	mj-shrink-map	merge	MJ037253: 法務省戸籍法関連通達・通知, 種別 戸籍統一文字情報 親字・正字, ホップ数 1
U+65BD	𦭇	施	reduction	mj-shrink-map	merge	MJ046342: 法務省戸籍法関連通達・通知, 種別 戸籍統一文字情報 親字・正字, ホップ数 1
U+65BD	𩒂	施	reduction	mj-shrink-map	merge	MJ053493: 法務省戸籍法関連通達・通知, 種別 戸籍統一文字情報 親字・正字, ホップ数 1
U+65BD	𭤮	施	reduction	mj-shrink-map	merge	MJ057636: 法務省戸籍法関連通達・通知, 種別 戸籍統一文字情報 親字・正字, ホップ数 1
U+65BF	𣽩	斿	reduction	mj-shrink-map	merge	MJ039585: 法務省戸籍法関連通達・通知, 種別 戸籍統一文字情報 親字・正字, ホップ数 1
U+65C1	㫄	旁	reduction	mj-shrink-map	merge	MJ001566: 法務省戸籍法関連通達・通知, 種別 戸籍統一文字情報 親字・正字, ホップ数 1
U+65C1	𣃙	旁	reduction	mj-shrink-map	merge	MJ037545: 法務省戸籍法関連通達・通知, 種別 戸籍統一文字情報 親字・正字, ホップ数 1
U+65C1	𣃟	旁	reduction	mj-shrink-map	merge	MJ037548: 法務省戸籍法関連通達・通知, 種別 戸籍統一文字情報 親字・正字, ホップ数 1
U+65C3	㫋	旃	reduction	mj-shrink-map	merge	MJ001569: 法務省戸籍法関連通達・通知, 種別 戸籍統一文字情報 親字・正字, ホップ数 1
U+65C3	旜	旃	reduction	mj-shrink-map	merge	MJ013135: 法務省戸籍法関連通達・通知, 種別 戸籍統一文字情報 親字・正字, ホップ数 1
U+65C3	𣃯	旃	reduction	mj-shrink-map	merge	MJ037557: 法務省戸籍法関連通達・通知, 種別 戸籍統一文字情報 親字・正字, ホップ数 1
U+65C3	𣃼	旃	reduction	mj-shrink-map	merge	MJ037562: 法務省戸籍法関連通達・通知, 種別 戸籍統一文字情報 親字・正字, ホップ数 1
U+65C3	𭥆	旃	reduction	mj-shrink-map	merge	MJ057646: 法務省戸籍法関連通達・通知, 種別 戸籍統一文字情報 親字・正字, ホップ数 1
U+65C4	𣭅	旄	reduction	mj-shrink-map	merge	MJ039014: 法務省戸籍法関連通達・通知, 種別 戸籍統一文字情報 親字・正字, ホップ数 1
U+65C5	旅	旅	compatibility	unicode-ucd	merge	65C5
U+65C5	𢰈	旅	reduction	mj-shrink-map	merge	MJ036895: 法務省戸籍法関連通達・通知, 種別 戸籍統一文字情報 親字・正字, ホップ数 1
U+65C5	𣃨	旅	reduction	mj-shrink-map	merge	MJ037555: 法務省戸籍法関連通達・通知, 種別 戸籍統一文字情報 親字・正字, ホップ数 1
U+65C5	𣄆	旅	reduction	mj-shrink-map	merge	MJ037570: 法務省戸籍法関連通達・通知, 種別 戸籍統一文字情報 親字・正字, ホップ数 1
U+65C5	𣥏	旅	reduction	mj-shrink-map	merge	MJ038659: 法務省戸籍法関連通達・通知, 種別 戸籍統一文字情報 親字・正字, ホップ数 1
U+65C5	𣥐	旅	reduction	mj-shrink-map	merge	MJ038660: 法務省戸籍法関連通達・通知, 種別 戸籍統一文字情報 親字・正字, ホップ数 1
U+65C5	𭢆	旅	reduction	mj-shrink-map	merge	MJ057567: 法務省戸籍法関連通達・通知, 種別 戸籍統一文字情報 親字・正字, ホップ数 1
U+65C6	斾	旆	reduction	mj-shrink-map	merge	MJ013104: 法務省戸籍法関連通達・通知, 種別 戸籍統一文字情報 親字・正字, ホップ数 1
U+65CB	𢭀	旋	reduction	mj-shrink-map	merge	MJ036797: 法務省戸籍法関連通達・通知, 種別 戸籍統一文字情報 親字・正字, ホップ数 1
U+65CC	𣃢	旌	reduction	mj-shrink-map	merge	MJ037551: 法務省戸籍法関連通達・通知, 種別 戸籍統一文字情報 親字・正字, ホップ数 1
U+65CC	𦑊	旌	reduction	mj-shrink-map	merge	MJ045158: 法務省戸籍法関連通達・通知, 種別 戸籍統一文字情報 親字・正字, ホップ数 1
U+65CF	㞺	族	reduction	mj-shrink-map	merge	MJ000838: 法務省戸籍法関連通達・通知, 種別 戸籍統一文字情報 親字・正字, ホップ数 1
U+65CF	𥎩	族	reduction	mj-shrink-map	merge	MJ042638: 法務省戸籍法関連通達・通知, 種別 戸籍統一文字情報 親字・正字, ホップ数 1
U+65CF	𥎼	族	reduction	mj-shrink-map	merge	MJ042653: 法務省戸籍法関連通達・通知, 種別 戸籍統一文字情報 親字・正字, ホップ数 1
U+65CF	𥎽	族	reduction	mj-shrink-map	merge	MJ042654: 法務省戸籍法関連通達・通知, 種別 戸籍統一文字情報 親字・正字, ホップ数 1
U+65CF	𥏁	族	reduction	mj-shrink-map	merge	MJ042658: 法務省戸籍法関連通達・通知, 種別 戸籍統一文字情報 親字・正字, ホップ数 1
U+65CF	𫞀	族	reduction	mj-shrink-map	merge	MJ057641: 法務省戸籍法関連通達・通知, 種別 戸籍統一文字情報 親字・正字, ホップ数 1
U+65D2	旈	旒	reduction	mj-shrink-map	merge	MJ013114: 法務省戸籍法関連通達・通知, 種別 戸籍統一文字情報 親字・正字, ホップ数 1
U+65D2	𦀠	旒	reduction	mj-shrink-map	merge	MJ044494: 法務省戸籍法関連通達・通知, 種別 戸籍統一文字情報 親字・正字, ホップ数 1
U+65D7	㫅	旗	reduction	mj-shrink-map	merge	MJ001567: 法務省戸籍法関連通達・通知, 種別 戸籍統一文字情報 親字・正字, ホップ数 1
U+65DB	旙	旛	reduction	mj-shrink-map	merge	MJ013132: 法務省戸籍法関連通達・通知, 種別 戸籍統一文字情報 親字・正字, ホップ数 1
U+65DB	旙	旛	variant	cjkvi-variants	corroborates	旙→旛 jisx0213/variant | 旛→旙 jisx0212/variant
U+65DB	旙	旛	variant	wikidata	corroborates	Q109749236; P248 Q63443408 | Q109749238; P248 Q63443408
U+65E2	既	既	compatibility	unicode-ucd	merge	65E2
U+65E3	旣	旣	compatibility	unicode-ucd	merge	65E3
U+65E5	囸	日	reduction	mj-shrink-map	merge	MJ008846: 法務省戸籍法関連通達・通知, 種別 戸籍統一文字情報 親字・正字, ホップ数 1
U+65E5	𡆠	日	reduction	mj-shrink-map	merge	MJ032803: 法務省戸籍法関連通達・通知, 種別 戸籍統一文字情報 親字・正字, ホップ数 1
U+65E5	𡇁	日	reduction	mj-shrink-map	merge	MJ032829: 法務省戸籍法関連通達・通知, 種別 戸籍統一文字情報 親字・正字, ホップ数 1
U+65E5	𡈎	日	reduction	mj-shrink-map	merge	MJ032896: 法務省戸籍法関連通達・通知, 種別 戸籍統一文字情報 親字・正字, ホップ数 1
U+65E7	舊	旧	reduction	mj-shrink-map	merge	MJ021340: 法務省戸籍法関連通達・通知, 種別 戸籍統一文字情報 親字・正字, ホップ数 1
U+65E8	㫖	旨	reduction	mj-shrink-map	merge	MJ001579: 法務省戸籍法関連通達・通知, 種別 戸籍統一文字情報 親字・正字, ホップ数 1
U+65E8	𠤔	旨	reduction	mj-shrink-map	merge	MJ031650: 法務省戸籍法関連通達・通知, 種別 戸籍統一文字情報 親字・正字, ホップ数 1
U+65E8	𠩊	旨	reduction	mj-shrink-map	merge	MJ031865: 法務省戸籍法関連通達・通知, 種別 戸籍統一文字情報 親字・正字, ホップ数 1
U+65E8	𠮛	旨	reduction	mj-shrink-map	merge	MJ032105: 法務省戸籍法関連通達・通知, 種別 戸籍統一文字情報 親字・正字, ホップ数 1
U+65E8	𣅀	旨	reduction	mj-shrink-map	merge	MJ037614: 法務省戸籍法関連通達・通知, 種別 戸籍統一文字情報 親字・正字, ホップ数 1
U+65E8	𣅌	旨	reduction	mj-shrink-map	merge	MJ037623: 法務省戸籍法関連通達・通知, 種別 戸籍統一文字情報 親字・正字, ホップ数 1
U+65E8	𤮻	旨	reduction	mj-shrink-map	merge	MJ041286: 法務省戸籍法関連通達・通知, 種別 戸籍統一文字情報 親字・正字, ホップ数 1
U+65E8	𭥍	旨	reduction	mj-shrink-map	merge	MJ057648: 法務省戸籍法関連通達・通知, 種別 戸籍統一文字情報 親字・正字, ホップ数 1
U+65E8	𭥎	旨	reduction	mj-shrink-map	merge	MJ057649: 法務省戸籍法関連通達・通知, 種別 戸籍統一文字情報 親字・正字, ホップ数 1
U+65E9	𢑖	早	reduction	mj-shrink-map	merge	MJ035714: 法務省戸籍法関連通達・通知, 種別 戸籍統一文字情報 親字・正字, ホップ数 1
U+65E9	𣅼	早	reduction	mj-shrink-map	merge	MJ037653: 法務省戸籍法関連通達・通知, 種別 戸籍統一文字情報 親字・正字, ホップ数 1
U+65EC	𠣙	旬	reduction	mj-shrink-map	merge	MJ031610: 法務省戸籍法関連通達・通知, 種別 戸籍統一文字情報 親字・正字, ホップ数 1
U+65EC	𠣚	旬	reduction	mj-shrink-map	merge	MJ031611: 法務省戸籍法関連通達・通知, 種別 戸籍統一文字情報 親字・正字, ホップ数 1
U+65EC	𠣡	旬	reduction	mj-shrink-map	merge	MJ031615: 法務省戸籍法関連通達・通知, 種別 戸籍統一文字情報 親字・正字, ホップ数 1
U+65FB	𣅐	旻	reduction	mj-shrink-map	merge	MJ037627: 法務省戸籍法関連通達・通知, 種別 戸籍統一文字情報 親字・正字, ホップ数 1
U+6602	昂	昻	itaiji	mj-kanji	merge	X0213 包摂
U+6602	昻	昂	reduction	mj-shrink-map	merge	MJ013253: 法務省戸籍法関連通達・通知, 種別 戸籍統一文字情報 親字・正字, ホップ数 1
U+6603	昗	昃	reduction	mj-shrink-map	merge	MJ013211: 法務省戸籍法関連通達・通知, 種別 戸籍統一文字情報 親字・正字, ホップ数 1
U+6603	𣅛	昃	reduction	mj-shrink-map	merge	MJ037630: 法務省戸籍法関連通達・通知, 種別 戸籍統一文字情報 親字・正字, ホップ数 1
U+6603	𣅦	昃	reduction	mj-shrink-map	merge	MJ037641: 法務省戸籍法関連通達・通知, 種別 戸籍統一文字情報 親字・正字, ホップ数 1
U+6603	𣅳	昃	reduction	mj-shrink-map	merge	MJ037646: 法務省戸籍法関連通達・通知, 種別 戸籍統一文字情報 親字・正字, ホップ数 1
U+6606	㒭	昆	reduction	mj-shrink-map	merge	MJ000135: 法務省戸籍法関連通達・通知, 種別 戸籍統一文字情報 親字・正字, ホップ数 1
U+6606	𣋥	昆	reduction	mj-shrink-map	merge	MJ037826: 法務省戸籍法関連通達・通知, 種別 戸籍統一文字情報 親字・正字, ホップ数 1
U+6606	𧲟	昆	reduction	mj-shrink-map	merge	MJ049477: 法務省戸籍法関連通達・通知, 種別 戸籍統一文字情報 親字・正字, ホップ数 1
U+6607	陹	昇	reduction	mj-shrink-map	merge	MJ027621: 法務省戸籍法関連通達・通知, 種別 戸籍統一文字情報 親字・正字, ホップ数 1
U+660A	𣆧	昊	reduction	mj-shrink-map	merge	MJ037681: 法務省戸籍法関連通達・通知, 種別 戸籍統一文字情報 親字・正字, ホップ数 1
U+660C	𣅊	昌	reduction	mj-shrink-map	merge	MJ037621: 法務省戸籍法関連通達・通知, 種別 戸籍統一文字情報 親字・正字, ホップ数 1
U+660C	𣆫	昌	reduction	mj-shrink-map	merge	MJ037683: 法務省戸籍法関連通達・通知, 種別 戸籍統一文字情報 親字・正字, ホップ数 1
U+660E	朙	明	reduction	mj-shrink-map	merge	MJ013545: 法務省戸籍法関連通達・通知, 種別 戸籍統一文字情報 親字・正字, ホップ数 1
U+660E	𣇱	明	reduction	mj-shrink-map	merge	MJ037720: 法務省戸籍法関連通達・通知, 種別 戸籍統一文字情報 親字・正字, ホップ数 1
U+660F	𣄼	昏	reduction	mj-shrink-map	merge	MJ037611: 法務省戸籍法関連通達・通知, 種別 戸籍統一文字情報 親字・正字, ホップ数 1
U+660F	𣄾	昏	reduction	mj-shrink-map	merge	MJ037612: 法務省戸籍法関連通達・通知, 種別 戸籍統一文字情報 親字・正字, ホップ数 1
U+660F	𣆾	昏	reduction	mj-shrink-map	merge	MJ037697: 法務省戸籍法関連通達・通知, 種別 戸籍統一文字情報 親字・正字, ホップ数 1
U+660F	𣉈	昏	reduction	mj-shrink-map	merge	MJ037752: 法務省戸籍法関連通達・通知, 種別 戸籍統一文字情報 親字・正字, ホップ数 1
U+660F	𣋯	昏	reduction	mj-shrink-map	merge	MJ037828: 法務省戸籍法関連通達・通知, 種別 戸籍統一文字情報 親字・正字, ホップ数 1
U+6613	易	易	compatibility	unicode-ucd	merge	6613
U+6614	㫺	昔	reduction	mj-shrink-map	merge	MJ001616: 法務省戸籍法関連通達・通知, 種別 戸籍統一文字情報 親字・正字, ホップ数 1
U+6614	𣊦	昔	reduction	mj-shrink-map	merge	MJ037798: 法務省戸籍法関連通達・通知, 種別 戸籍統一文字情報 親字・正字, ホップ数 1
U+661F	㽮	星	reduction	mj-shrink-map	merge	MJ002645: 法務省戸籍法関連通達・通知, 種別 戸籍統一文字情報 親字・正字, ホップ数 1
U+661F	曐	星	reduction	mj-shrink-map	merge	MJ013437: 法務省戸籍法関連通達・通知, 種別 戸籍統一文字情報 親字・正字, ホップ数 1
U+661F	皨	星	reduction	mj-shrink-map	merge	MJ018040: 法務省戸籍法関連通達・通知, 種別 戸籍統一文字情報 親字・正字, ホップ数 1
U+661F	𠻖	星	reduction	mj-shrink-map	merge	MJ032498: 法務省戸籍法関連通達・通知, 種別 戸籍統一文字情報 親字・正字, ホップ数 1
U+661F	𤯢	星	reduction	mj-shrink-map	merge	MJ041314: 法務省戸籍法関連通達・通知, 種別 戸籍統一文字情報 親字・正字, ホップ数 1
U+661F	𤽛	星	reduction	mj-shrink-map	merge	MJ041902: 法務省戸籍法関連通達・通知, 種別 戸籍統一文字情報 親字・正字, ホップ数 1
U+661F	𤾪	星	reduction	mj-shrink-map	merge	MJ041947: 法務省戸籍法関連通達・通知, 種別 戸籍統一文字情報 親字・正字, ホップ数 1
U+6622	𣅽	昢	reduction	mj-shrink-map	merge	MJ037654: 法務省戸籍法関連通達・通知, 種別 戸籍統一文字情報 親字・正字, ホップ数 1
U+6624	𣌟	昤	reduction	mj-shrink-map	merge	MJ037847: 法務省戸籍法関連通達・通知, 種別 戸籍統一文字情報 親字・正字, ホップ数 1
U+6625	㫩	春	reduction	mj-shrink-map	merge	MJ001598: 法務省戸籍法関連通達・通知, 種別 戸籍統一文字情報 親字・正字, ホップ数 1
U+6625	萅	春	reduction	mj-shrink-map	merge	MJ022200: 法務省戸籍法関連通達・通知, 種別 戸籍統一文字情報 親字・正字, ホップ数 1
U+6625	𣆊	春	reduction	mj-shrink-map	merge	MJ037660: 法務省戸籍法関連通達・通知, 種別 戸籍統一文字情報 親字・正字, ホップ数 1
U+6625	𣈤	春	reduction	mj-shrink-map	merge	MJ037741: 法務省戸籍法関連通達・通知, 種別 戸籍統一文字情報 親字・正字, ホップ数 1
U+6625	𣊨	春	reduction	mj-shrink-map	merge	MJ037800: 法務省戸籍法関連通達・通知, 種別 戸籍統一文字情報 親字・正字, ホップ数 1
U+6625	𦸬	春	reduction	mj-shrink-map	merge	MJ046799: 法務省戸籍法関連通達・通知, 種別 戸籍統一文字情報 親字・正字, ホップ数 1
U+6627	𣆜	昧	reduction	mj-shrink-map	merge	MJ037675: 法務省戸籍法関連通達・通知, 種別 戸籍統一文字情報 親字・正字, ホップ数 1
U+662A	𣅹	昪	reduction	mj-shrink-map	merge	MJ037650: 法務省戸籍法関連通達・通知, 種別 戸籍統一文字情報 親字・正字, ホップ数 1
U+662D	𫞃	昭	reduction	mj-shrink-map	merge	MJ057657: 法務省戸籍法関連通達・通知, 種別 戸籍統一文字情報 親字・正字, ホップ数 1
U+662F	𣆞	是	reduction	mj-shrink-map	merge	MJ037677: 法務省戸籍法関連通達・通知, 種別 戸籍統一文字情報 親字・正字, ホップ数 1
U+6634	𣆻	昴	reduction	mj-shrink-map	merge	MJ037694: 法務省戸籍法関連通達・通知, 種別 戸籍統一文字情報 親字・正字, ホップ数 1
U+6635	𣆓	昵	reduction	mj-shrink-map	merge	MJ037666: 法務省戸籍法関連通達・通知, 種別 戸籍統一文字情報 親字・正字, ホップ数 1
U+6636	㫤	㫤	compatibility	unicode-ucd	merge	3AE4
U+6636	㫤	昶	reduction	mj-shrink-map	merge	MJ001592: 法務省戸籍法関連通達・通知, 種別 戸籍統一文字情報 親字・正字, ホップ数 1
U+663C	晝	昼	reduction	mj-shrink-map	merge	MJ013286: 法務省戸籍法関連通達・通知, 種別 戸籍統一文字情報 親字・正字, ホップ数 1
U+663C	𣅯	晝	reduction	mj-shrink-map	merge	MJ037643: 法務省戸籍法関連通達・通知, 種別 戸籍統一文字情報 親字・正字, ホップ数 1
U+663C	𦘘	晝	reduction	mj-shrink-map	merge	MJ045450: 法務省戸籍法関連通達・通知, 種別 戸籍統一文字情報 親字・正字, ホップ数 1
U+6641	𣆷	晁	reduction	mj-shrink-map	merge	MJ037690: 法務省戸籍法関連通達・通知, 種別 戸籍統一文字情報 親字・正字, ホップ数 1
U+6642	旹	時	reduction	mj-shrink-map	merge	MJ013171: 法務省戸籍法関連通達・通知, 種別 戸籍統一文字情報 親字・正字, ホップ数 1
U+6642	𣅱	時	reduction	mj-shrink-map	merge	MJ037644: 法務省戸籍法関連通達・通知, 種別 戸籍統一文字情報 親字・正字, ホップ数 1
U+6644	𤒼	晄	reduction	mj-shrink-map	merge	MJ040178: 法務省戸籍法関連通達・通知, 種別 戸籍統一文字情報 親字・正字, ホップ数 1
U+6645	𣈶	晅	reduction	mj-shrink-map	merge	MJ037749: 法務省戸籍法関連通達・通知, 種別 戸籍統一文字情報 親字・正字, ホップ数 1
U+6645	𣉖	晅	reduction	mj-shrink-map	merge	MJ037759: 法務省戸籍法関連通達・通知, 種別 戸籍統一文字情報 親字・正字, ホップ数 1
U+6649	晉	晉	compatibility	unicode-ucd	merge	6649
U+6649	㬜	晉	reduction	mj-shrink-map	merge	MJ001648: 法務省戸籍法関連通達・通知, 種別 戸籍統一文字情報 親字・正字, ホップ数 1
U+6649	𣈆	晉	reduction	mj-shrink-map	merge	MJ037729: 法務省戸籍法関連通達・通知, 種別 戸籍統一文字情報 親字・正字, ホップ数 1
U+6649	𣌇	晉	reduction	mj-shrink-map	merge	MJ037837: 法務省戸籍法関連通達・通知, 種別 戸籍統一文字情報 親字・正字, ホップ数 1
U+6659	𣇚	晙	reduction	mj-shrink-map	merge	MJ037706: 法務省戸籍法関連通達・通知, 種別 戸籍統一文字情報 親字・正字, ホップ数 1
U+665B	㬗	晛	reduction	mj-shrink-map	merge	MJ001642: 法務省戸籍法関連通達・通知, 種別 戸籍統一文字情報 親字・正字, ホップ数 1
U+665E	烯	晞	reduction	mj-shrink-map	merge	MJ016388: 法務省戸籍法関連通達・通知, 種別 戸籍統一文字情報 親字・正字, ホップ数 1
U+665F	晠	晟	reduction	mj-shrink-map	merge	MJ013290: 法務省戸籍法関連通達・通知, 種別 戸籍統一文字情報 親字・正字, ホップ数 1
U+6661	𣇀	晡	reduction	mj-shrink-map	merge	MJ037699: 法務省戸籍法関連通達・通知, 種別 戸籍統一文字情報 親字・正字, ホップ数 1
U+6663	㫼	晣	reduction	mj-shrink-map	merge	MJ001618: 法務省戸籍法関連通達・通知, 種別 戸籍統一文字情報 親字・正字, ホップ数 1
U+6664	𣅎	晤	reduction	mj-shrink-map	merge	MJ037626: 法務省戸籍法関連通達・通知, 種別 戸籍統一文字情報 親字・正字, ホップ数 1
U+6665	𣆿	晥	reduction	mj-shrink-map	merge	MJ037698: 法務省戸籍法関連通達・通知, 種別 戸籍統一文字情報 親字・正字, ホップ数 1
U+6668	㫳	晨	reduction	mj-shrink-map	merge	MJ001607: 法務省戸籍法関連通達・通知, 種別 戸籍統一文字情報 親字・正字, ホップ数 1
U+6668	曟	晨	reduction	mj-shrink-map	merge	MJ013458: 法務省戸籍法関連通達・通知, 種別 戸籍統一文字情報 親字・正字, ホップ数 1
U+6668	𠔹	晨	reduction	mj-shrink-map	merge	MJ031022: 法務省戸籍法関連通達・通知, 種別 戸籍統一文字情報 親字・正字, ホップ数 1
U+6669	晚	晩	z	unihan	merge	晚→晩 kZVariant | 晩→晚 kZVariant
U+6669	晚	晩	reduction	mj-shrink-map	merge	MJ013283: 法務省戸籍法関連通達・通知, 種別 戸籍統一文字情報 親字・正字, ホップ数 1
U+6669	𣆶	晚	reduction	mj-shrink-map	merge	MJ037688: 法務省戸籍法関連通達・通知, 種別 戸籍統一文字情報 親字・正字, ホップ数 1
U+666C	𣅢	晬	reduction	mj-shrink-map	merge	MJ037637: 法務省戸籍法関連通達・通知, 種別 戸籍統一文字情報 親字・正字, ホップ数 1
U+666F	㬌	景	reduction	mj-shrink-map	merge	MJ001633: 法務省戸籍法関連通達・通知, 種別 戸籍統一文字情報 親字・正字, ホップ数 1
U+6670	𣇮	晰	reduction	mj-shrink-map	merge	MJ037717: 法務省戸籍法関連通達・通知, 種別 戸籍統一文字情報 親字・正字, ホップ数 1
U+6674	晴	晴	compatibility	unicode-ucd	merge	6674
U+6674	晴	晴	compatibility	unicode-ucd	merge	6674
U+6674	暒	晴	reduction	mj-shrink-map	merge	MJ013349: 法務省戸籍法関連通達・通知, 種別 戸籍統一文字情報 親字・正字, ホップ数 1
U+6674	腈	晴	reduction	mj-shrink-map	merge	MJ021108: 法務省戸籍法関連通達・通知, 種別 戸籍統一文字情報 親字・正字, ホップ数 1
U+6676	晿	晶	reduction	mj-shrink-map	merge	MJ013326: 法務省戸籍法関連通達・通知, 種別 戸籍統一文字情報 親字・正字, ホップ数 1
U+667A	䝷	智	reduction	mj-shrink-map	merge	MJ004736: 法務省戸籍法関連通達・通知, 種別 戸籍統一文字情報 親字・正字, ホップ数 1
U+667A	𣉻	智	reduction	mj-shrink-map	merge	MJ037775: 法務省戸籍法関連通達・通知, 種別 戸籍統一文字情報 親字・正字, ホップ数 1
U+667A	𤾞	智	reduction	mj-shrink-map	merge	MJ041937: 法務省戸籍法関連通達・通知, 種別 戸籍統一文字情報 親字・正字, ホップ数 1
U+667A	𥏼	智	reduction	mj-shrink-map	merge	MJ042695: 法務省戸籍法関連通達・通知, 種別 戸籍統一文字情報 親字・正字, ホップ数 1
U+667A	𥏾	智	reduction	mj-shrink-map	merge	MJ042696: 法務省戸籍法関連通達・通知, 種別 戸籍統一文字情報 親字・正字, ホップ数 1
U+6680	𣈧	暀	reduction	mj-shrink-map	merge	MJ037744: 法務省戸籍法関連通達・通知, 種別 戸籍統一文字情報 親字・正字, ホップ数 1
U+6681	曉	暁	reduction	mj-shrink-map	merge	MJ013426: 法務省戸籍法関連通達・通知, 種別 戸籍統一文字情報 親字・正字, ホップ数 1
U+6681	𣉊	曉	reduction	mj-shrink-map	merge	MJ037753: 法務省戸籍法関連通達・通知, 種別 戸籍統一文字情報 親字・正字, ホップ数 1
U+6688	暈	暈	compatibility	unicode-ucd	merge	6688
U+6690	㬙	㬙	compatibility	unicode-ucd	merge	3B19
U+6690	㬙	暐	reduction	mj-shrink-map	merge	MJ001644: 法務省戸籍法関連通達・通知, 種別 戸籍統一文字情報 親字・正字, ホップ数 1
U+6691	暑	暑	compatibility	unicode-ucd	merge	6691
U+6691	暑	暑	compatibility	unicode-ucd	merge	6691
U+6696	𤆱	暖	reduction	mj-shrink-map	merge	MJ039866: 法務省戸籍法関連通達・通知, 種別 戸籍統一文字情報 親字・正字, ホップ数 1
U+669C	暜	暜	compatibility	unicode-ucd	merge	669C
U+66A2	輰	暢	reduction	mj-shrink-map	merge	MJ025659: 法務省戸籍法関連通達・通知, 種別 戸籍統一文字情報 親字・正字, ホップ数 1
U+66A6	曆	曆	compatibility	unicode-ucd	merge	66C6
U+66A6	厤	曆	reduction	mj-shrink-map	merge	MJ007943: 法務省戸籍法関連通達・通知, 種別 戸籍統一文字情報 親字・正字, ホップ数 1
U+66A6	厯	曆	reduction	mj-shrink-map	merge	MJ007961: 法務省戸籍法関連通達・通知, 種別 戸籍統一文字情報 親字・正字, ホップ数 1
U+66A6	曆	暦	reduction	mj-shrink-map	merge	MJ013423: 法務省戸籍法関連通達・通知, 種別 戸籍統一文字情報 親字・正字, ホップ数 1
U+66A6	𢍷	曆	reduction	mj-shrink-map	merge	MJ035539: 法務省戸籍法関連通達・通知, 種別 戸籍統一文字情報 親字・正字, ホップ数 1
U+66AB	𣊙	暫	reduction	mj-shrink-map	merge	MJ037787: 法務省戸籍法関連通達・通知, 種別 戸籍統一文字情報 親字・正字, ホップ数 1
U+66B4	暴	暴	compatibility	unicode-ucd	merge	66B4
U+66B4	㫧	暴	reduction	mj-shrink-map	merge	MJ001596: 法務省戸籍法関連通達・通知, 種別 戸籍統一文字情報 親字・正字, ホップ数 1
U+66B4	㬥	暴	reduction	mj-shrink-map	merge	MJ001657: 法務省戸籍法関連通達・通知, 種別 戸籍統一文字情報 親字・正字, ホップ数 1
U+66B4	曓	暴	reduction	mj-shrink-map	merge	MJ013440: 法務省戸籍法関連通達・通知, 種別 戸籍統一文字情報 親字・正字, ホップ数 1
U+66B4	𣋏	暴	reduction	mj-shrink-map	merge	MJ037816: 法務省戸籍法関連通達・通知, 種別 戸籍統一文字情報 親字・正字, ホップ数 1
U+66B4	𭧂	暴	reduction	mj-shrink-map	merge	MJ057675: 法務省戸籍法関連通達・通知, 種別 戸籍統一文字情報 親字・正字, ホップ数 1
U+66B4	𭻥	暴	reduction	mj-shrink-map	merge	MJ058103: 法務省戸籍法関連通達・通知, 種別 戸籍統一文字情報 親字・正字, ホップ数 1
U+66BE	𣌘	暾	reduction	mj-shrink-map	merge	MJ037843: 法務省戸籍法関連通達・通知, 種別 戸籍統一文字情報 親字・正字, ホップ数 1
U+66C1	暨	曁	itaiji	mj-kanji	merge	X0213 包摂
U+66C1	䰇	曁	reduction	mj-shrink-map	merge	MJ005885: 法務省戸籍法関連通達・通知, 種別 戸籍統一文字情報 親字・正字, ホップ数 1
U+66C1	𠕨	曁	reduction	mj-shrink-map	merge	MJ031057: 法務省戸籍法関連通達・通知, 種別 戸籍統一文字情報 親字・正字, ホップ数 1
U+66C4	曗	曄	reduction	mj-shrink-map	merge	MJ013445: 法務省戸籍法関連通達・通知, 種別 戸籍統一文字情報 親字・正字, ホップ数 1
U+66C4	𣋓	曄	reduction	mj-shrink-map	merge	MJ037818: 法務省戸籍法関連通達・通知, 種別 戸籍統一文字情報 親字・正字, ホップ数 1
U+66C8	晍	曈	reduction	mj-shrink-map	merge	MJ013272: 法務省戸籍法関連通達・通知, 種別 戸籍統一文字情報 親字・正字, ホップ数 1
U+66D9	暏	曙	reduction	mj-shrink-map	merge	MJ013344: 法務省戸籍法関連通達・通知, 種別 戸籍統一文字情報 親字・正字, ホップ数 1
U+66DC	𣇪	曜	reduction	mj-shrink-map	merge	MJ037714: 法務省戸籍法関連通達・通知, 種別 戸籍統一文字情報 親字・正字, ホップ数 1
U+66DC	𤒂	曜	reduction	mj-shrink-map	merge	MJ040159: 法務省戸籍法関連通達・通知, 種別 戸籍統一文字情報 親字・正字, ホップ数 1
U+66DC	𪏌	曜	reduction	mj-shrink-map	merge	MJ056179: 法務省戸籍法関連通達・通知, 種別 戸籍統一文字情報 親字・正字, ホップ数 1
U+66DD	㬍	曝	reduction	mj-shrink-map	merge	MJ001634: 法務省戸籍法関連通達・通知, 種別 戸籍統一文字情報 親字・正字, ホップ数 1
U+66E0	昿	曠	reduction	mj-shrink-map	merge	MJ013256: 法務省戸籍法関連通達・通知, 種別 戸籍統一文字情報 親字・正字, ホップ数 1
U+66E0	昿	曠	variant	cjkvi-variants	corroborates	昿→曠 jisx0213/variant | 曠→昿 jisx0212/variant
U+66E0	昿	曠	variant	hng-basic-data	corroborates	04640
U+66E0	昿	曠	variant	wikidata	corroborates	Q109749371; P248 Q1639000 | Q109749542; P248 Q1639000
U+66E0	昿	曠	equivalent	yitizi	corroborates	ytenx/JihThex.csv
U+66E0	矌	曠	reduction	mj-shrink-map	merge	MJ018367: 法務省戸籍法関連通達・通知, 種別 戸籍統一文字情報 親字・正字, ホップ数 1
U+66E0	𣊥	曠	reduction	mj-shrink-map	merge	MJ037797: 法務省戸籍法関連通達・通知, 種別 戸籍統一文字情報 親字・正字, ホップ数 1
U+66E0	𣋷	曠	reduction	mj-shrink-map	merge	MJ037833: 法務省戸籍法関連通達・通知, 種別 戸籍統一文字情報 親字・正字, ホップ数 1
U+66E6	㬢	曦	reduction	mj-shrink-map	merge	MJ001654: 法務省戸籍法関連通達・通知, 種別 戸籍統一文字情報 親字・正字, ホップ数 1
U+66E6	𥋟	曦	reduction	mj-shrink-map	merge	MJ042492: 法務省戸籍法関連通達・通知, 種別 戸籍統一文字情報 親字・正字, ホップ数 1
U+66F2	𠚖	曲	reduction	mj-shrink-map	merge	MJ031225: 法務省戸籍法関連通達・通知, 種別 戸籍統一文字情報 親字・正字, ホップ数 1
U+66F3	曵	曳	reduction	mj-shrink-map	merge	MJ013484: 法務省戸籍法関連通達・通知, 種別 戸籍統一文字情報 親字・正字, ホップ数 1
U+66F3	曳	曵	variant	cjkvi-variants	corroborates	曳→曵 cjkvi/variant | 曳→曵 hydzd/variant | 曳→曵 jisx0212/variant | 曳→曵 jisx0213/variant | 曳→曵 twedu/variant
U+66F3	曳	曵	variant	hng-basic-data	corroborates	04653 | 04653b
U+66F3	曳	曵	variant	wikidata	corroborates	Q109749563; P248 Q10427532 | Q109749565; P248 Q10427532
U+66F3	曳	曵	equivalent	yitizi	corroborates	ytenx/JihThex.csv
U+66F3	𢦣	曳	reduction	mj-shrink-map	merge	MJ057653: 法務省戸籍法関連通達・通知, 種別 戸籍統一文字情報 親字・正字, ホップ数 1
U+66F3	𦥙	曳	reduction	mj-shrink-map	merge	MJ045972: 法務省戸籍法関連通達・通知, 種別 戸籍統一文字情報 親字・正字, ホップ数 1
U+66F3	𭨘	曳	reduction	mj-shrink-map	merge	MJ057650: 法務省戸籍法関連通達・通知, 種別 戸籍統一文字情報 親字・正字, ホップ数 1
U+66F4	更	更	compatibility	unicode-ucd	merge	66F4
U+66F4	㪅	更	reduction	mj-shrink-map	merge	MJ001508: 法務省戸籍法関連通達・通知, 種別 戸籍統一文字情報 親字・正字, ホップ数 1
U+66F4	𠭍	更	reduction	mj-shrink-map	merge	MJ032046: 法務省戸籍法関連通達・通知, 種別 戸籍統一文字情報 親字・正字, ホップ数 1
U+66F7	𭥭	曷	reduction	mj-shrink-map	merge	MJ057661: 法務省戸籍法関連通達・通知, 種別 戸籍統一文字情報 親字・正字, ホップ数 1
U+66F8	書	書	compatibility	unicode-ucd	merge	66F8
U+66F8	𦘠	書	reduction	mj-shrink-map	merge	MJ045454: 法務省戸籍法関連通達・通知, 種別 戸籍統一文字情報 親字・正字, ホップ数 1
U+66F9	𣊛	曹	reduction	mj-shrink-map	merge	MJ037789: 法務省戸籍法関連通達・通知, 種別 戸籍統一文字情報 親字・正字, ホップ数 1
U+66F9	𣌼	曹	reduction	mj-shrink-map	merge	MJ037856: 法務省戸籍法関連通達・通知, 種別 戸籍統一文字情報 親字・正字, ホップ数 1
U+66F9	𣍘	曹	reduction	mj-shrink-map	merge	MJ037869: 法務省戸籍法関連通達・通知, 種別 戸籍統一文字情報 親字・正字, ホップ数 1
U+66FC	㬅	曼	reduction	mj-shrink-map	merge	MJ001623: 法務省戸籍法関連通達・通知, 種別 戸籍統一文字情報 親字・正字, ホップ数 1
U+66FC	𭦗	曼	reduction	mj-shrink-map	merge	MJ057668: 法務省戸籍法関連通達・通知, 種別 戸籍統一文字情報 親字・正字, ホップ数 1
U+66FD	曾	曽	reduction	mj-shrink-map	merge	MJ013501: 法務省戸籍法関連通達・通知, 種別 戸籍統一文字情報 親字・正字, ホップ数 1
U+66FF	㬱	替	reduction	mj-shrink-map	merge	MJ001672: 法務省戸籍法関連通達・通知, 種別 戸籍統一文字情報 親字・正字, ホップ数 1
U+6700	最	最	compatibility	unicode-ucd	merge	6700
U+6700	𣤜	最	reduction	mj-shrink-map	merge	MJ038621: 法務省戸籍法関連通達・通知, 種別 戸籍統一文字情報 親字・正字, ホップ数 1
U+6705	𭧑	朅	reduction	mj-shrink-map	merge	MJ057676: 法務省戸籍法関連通達・通知, 種別 戸籍統一文字情報 親字・正字, ホップ数 1
U+6708	𡇹	月	reduction	mj-shrink-map	merge	MJ032880: 法務省戸籍法関連通達・通知, 種別 戸籍統一文字情報 親字・正字, ホップ数 1
U+6709	𢇔	有	reduction	mj-shrink-map	merge	MJ035259: 法務省戸籍法関連通達・通知, 種別 戸籍統一文字情報 親字・正字, ホップ数 1
U+670D	𣍞	服	reduction	mj-shrink-map	merge	MJ037875: 法務省戸籍法関連通達・通知, 種別 戸籍統一文字情報 親字・正字, ホップ数 1
U+670D	𦨈	服	reduction	mj-shrink-map	merge	MJ046103: 法務省戸籍法関連通達・通知, 種別 戸籍統一文字情報 親字・正字, ホップ数 1
U+670D	𦨊	服	reduction	mj-shrink-map	merge	MJ046105: 法務省戸籍法関連通達・通知, 種別 戸籍統一文字情報 親字・正字, ホップ数 1
U+670D	𦨋	服	reduction	mj-shrink-map	merge	MJ046106: 法務省戸籍法関連通達・通知, 種別 戸籍統一文字情報 親字・正字, ホップ数 1
U+670D	𦨕	服	reduction	mj-shrink-map	merge	MJ046112: 法務省戸籍法関連通達・通知, 種別 戸籍統一文字情報 親字・正字, ホップ数 1
U+670D	𨈞	服	reduction	mj-shrink-map	merge	MJ050386: 法務省戸籍法関連通達・通知, 種別 戸籍統一文字情報 親字・正字, ホップ数 1
U+6714	𦙚	朔	reduction	mj-shrink-map	merge	MJ057684: 法務省戸籍法関連通達・通知, 種別 戸籍統一文字情報 親字・正字, ホップ数 1
U+6715	𢀹	朕	reduction	mj-shrink-map	merge	MJ034962: 法務省戸籍法関連通達・通知, 種別 戸籍統一文字情報 親字・正字, ホップ数 1
U+6715	𣍹	朕	reduction	mj-shrink-map	merge	MJ037895: 法務省戸籍法関連通達・通知, 種別 戸籍統一文字情報 親字・正字, ホップ数 1
U+6715	𦨶	朕	reduction	mj-shrink-map	merge	MJ046138: 法務省戸籍法関連通達・通知, 種別 戸籍統一文字情報 親字・正字, ホップ数 1
U+6715	𦩎	朕	reduction	mj-shrink-map	merge	MJ046155: 法務省戸籍法関連通達・通知, 種別 戸籍統一文字情報 親字・正字, ホップ数 1
U+6717	朗	朗	compatibility	unicode-ucd	merge	6717
U+6717	朗	朗	compatibility	unicode-ucd	merge	6717
U+6717	朗	朗	compatibility	unicode-ucd	merge	6717
U+671B	望	望	compatibility	unicode-ucd	merge	671B
U+671B	望	望	compatibility	unicode-ucd	merge	671B
U+671B	𥩿	望	reduction	mj-shrink-map	merge	MJ043593: 法務省戸籍法関連通達・通知, 種別 戸籍統一文字情報 親字・正字, ホップ数 1
U+671B	𧩆	望	reduction	mj-shrink-map	merge	MJ048982: 法務省戸籍法関連通達・通知, 種別 戸籍統一文字情報 親字・正字, ホップ数 1
U+671D	𣎍	朝	reduction	mj-shrink-map	merge	MJ037900: 法務省戸籍法関連通達・通知, 種別 戸籍統一文字情報 親字・正字, ホップ数 1
U+671D	𦩻	朝	reduction	mj-shrink-map	merge	MJ046188: 法務省戸籍法関連通達・通知, 種別 戸籍統一文字情報 親字・正字, ホップ数 1
U+671E	𣔔	朞	reduction	mj-shrink-map	merge	MJ038091: 法務省戸籍法関連通達・通知, 種別 戸籍統一文字情報 親字・正字, ホップ数 1
U+671F	𠔸	期	reduction	mj-shrink-map	merge	MJ031021: 法務省戸籍法関連通達・通知, 種別 戸籍統一文字情報 親字・正字, ホップ数 1
U+671F	𣍣	期	reduction	mj-shrink-map	merge	MJ037881: 法務省戸籍法関連通達・通知, 種別 戸籍統一文字情報 親字・正字, ホップ数 1
U+6721	朡	朡	compatibility	unicode-ucd	merge	6721
U+6727	𪱨	朧	reduction	mj-shrink-map	merge	MJ058393: 法務省戸籍法関連通達・通知, 種別 戸籍統一文字情報 親字・正字, ホップ数 1
U+672B	𠅅	末	reduction	mj-shrink-map	merge	MJ030485: 法務省戸籍法関連通達・通知, 種別 戸籍統一文字情報 親字・正字, ホップ数 1
U+672C	㮺	本	reduction	mj-shrink-map	merge	MJ001798: 法務省戸籍法関連通達・通知, 種別 戸籍統一文字情報 親字・正字, ホップ数 1
U+672C	楍	本	reduction	mj-shrink-map	merge	MJ014185: 法務省戸籍法関連通達・通知, 種別 戸籍統一文字情報 親字・正字, ホップ数 1
U+672C	𡴡	本	reduction	mj-shrink-map	merge	MJ034463: 法務省戸籍法関連通達・通知, 種別 戸籍統一文字情報 親字・正字, ホップ数 1
U+672C	𡴩	本	reduction	mj-shrink-map	merge	MJ034469: 法務省戸籍法関連通達・通知, 種別 戸籍統一文字情報 親字・正字, ホップ数 1
U+672D	𤵦	札	reduction	mj-shrink-map	merge	MJ041564: 法務省戸籍法関連通達・通知, 種別 戸籍統一文字情報 親字・正字, ホップ数 1
U+6734	𣞞	朴	reduction	mj-shrink-map	merge	MJ038397: 法務省戸籍法関連通達・通知, 種別 戸籍統一文字情報 親字・正字, ホップ数 1
U+6736	𣎾	朶	reduction	mj-shrink-map	merge	MJ037925: 法務省戸籍法関連通達・通知, 種別 戸籍統一文字情報 親字・正字, ホップ数 1
U+6736	𣎿	朶	reduction	mj-shrink-map	merge	MJ037928: 法務省戸籍法関連通達・通知, 種別 戸籍統一文字情報 親字・正字, ホップ数 1
U+6736	𣏻	朶	reduction	mj-shrink-map	merge	MJ037962: 法務省戸籍法関連通達・通知, 種別 戸籍統一文字情報 親字・正字, ホップ数 1
U+6746	檊	杆	reduction	mj-shrink-map	merge	MJ014566: 法務省戸籍法関連通達・通知, 種別 戸籍統一文字情報 親字・正字, ホップ数 1
U+6747	𣑀	杇	reduction	mj-shrink-map	merge	MJ037997: 法務省戸籍法関連通達・通知, 種別 戸籍統一文字情報 親字・正字, ホップ数 1
U+6749	杦	杉	reduction	mj-shrink-map	merge	MJ013642: 法務省戸籍法関連通達・通知, 種別 戸籍統一文字情報 親字・正字, ホップ数 1
U+6749	檆	杉	reduction	mj-shrink-map	merge	MJ014561: 法務省戸籍法関連通達・通知, 種別 戸籍統一文字情報 親字・正字, ホップ数 1
U+674C	卼	杌	reduction	mj-shrink-map	merge	MJ007908: 法務省戸籍法関連通達・通知, 種別 戸籍統一文字情報 親字・正字, ホップ数 1
U+674E	李	李	compatibility	unicode-ucd	merge	674E
U+674E	䤚	李	reduction	mj-shrink-map	merge	MJ005141: 法務省戸籍法関連通達・通知, 種別 戸籍統一文字情報 親字・正字, ホップ数 1
U+674E	杍	李	reduction	mj-shrink-map	merge	MJ013610: 法務省戸籍法関連通達・通知, 種別 戸籍統一文字情報 親字・正字, ホップ数 1
U+674E	𣒶	李	reduction	mj-shrink-map	merge	MJ038037: 法務省戸籍法関連通達・通知, 種別 戸籍統一文字情報 親字・正字, ホップ数 1
U+6753	杓	杓	compatibility	unicode-ucd	merge	6753
U+6753	𣏐	杓	reduction	mj-shrink-map	merge	MJ037936: 法務省戸籍法関連通達・通知, 種別 戸籍統一文字情報 親字・正字, ホップ数 1
U+6756	杖	杖	compatibility	unicode-ucd	merge	6756
U+675E	杞	杞	compatibility	unicode-ucd	merge	675E
U+675E	𠶵	杞	reduction	mj-shrink-map	merge	MJ032375: 法務省戸籍法関連通達・通知, 種別 戸籍統一文字情報 親字・正字, ホップ数 1
U+675F	𤙨	束	reduction	mj-shrink-map	merge	MJ040478: 法務省戸籍法関連通達・通知, 種別 戸籍統一文字情報 親字・正字, ホップ数 1
U+6761	條	条	reduction	mj-shrink-map	merge	MJ013991: 法務省戸籍法関連通達・通知, 種別 戸籍統一文字情報 親字・正字, ホップ数 1
U+6761	𣒼	條	reduction	mj-shrink-map	merge	MJ038043: 法務省戸籍法関連通達・通知, 種別 戸籍統一文字情報 親字・正字, ホップ数 1
U+6765	來	來	compatibility	unicode-ucd	merge	4F86
U+6765	來	来	reduction	mj-shrink-map	merge	MJ006695: 法務省戸籍法関連通達・通知, 種別 戸籍統一文字情報 親字・正字, ホップ数 1
U+6765	𧼛	來	reduction	mj-shrink-map	merge	MJ049888: 法務省戸籍法関連通達・通知, 種別 戸籍統一文字情報 親字・正字, ホップ数 1
U+676F	㮎	杯	reduction	mj-shrink-map	merge	MJ001752: 法務省戸籍法関連通達・通知, 種別 戸籍統一文字情報 親字・正字, ホップ数 1
U+6774	檶	杴	reduction	mj-shrink-map	merge	MJ014624: 法務省戸籍法関連通達・通知, 種別 戸籍統一文字情報 親字・正字, ホップ数 1
U+6774	𣞘	杴	reduction	mj-shrink-map	merge	MJ038391: 法務省戸籍法関連通達・通知, 種別 戸籍統一文字情報 親字・正字, ホップ数 1
U+6776	櫄	杶	reduction	mj-shrink-map	merge	MJ014641: 法務省戸籍法関連通達・通知, 種別 戸籍統一文字情報 親字・正字, ホップ数 1
U+6777	𩨜	杷	reduction	mj-shrink-map	merge	MJ054520: 法務省戸籍法関連通達・通知, 種別 戸籍統一文字情報 親字・正字, ホップ数 1
U+677B	杻	杻	compatibility	unicode-ucd	merge	677B
U+677E	㮤	松	reduction	mj-shrink-map	merge	MJ001772: 法務省戸籍法関連通達・通知, 種別 戸籍統一文字情報 親字・正字, ホップ数 1
U+677E	庺	松	reduction	mj-shrink-map	merge	MJ011021: 法務省戸籍法関連通達・通知, 種別 戸籍統一文字情報 親字・正字, ホップ数 1
U+677E	枩	松	reduction	mj-shrink-map	merge	MJ013714: 法務省戸籍法関連通達・通知, 種別 戸籍統一文字情報 親字・正字, ホップ数 1
U+677E	松	枩	variant	cjkvi-variants	corroborates	松→枩 jisx0212/variant | 松→枩 jisx0213/variant
U+677E	松	枩	variant	hng-basic-data	corroborates	04780
U+677E	松	枩	equivalent	yitizi	corroborates	ytenx/JihThex.csv
U+677E	梥	松	reduction	mj-shrink-map	merge	MJ014001: 法務省戸籍法関連通達・通知, 種別 戸籍統一文字情報 親字・正字, ホップ数 1
U+6781	㭲	极	reduction	mj-shrink-map	merge	MJ001724: 法務省戸籍法関連通達・通知, 種別 戸籍統一文字情報 親字・正字, ホップ数 1
U+6785	枅	枅	compatibility	unicode-ucd	merge	6785
U+6785	𣓖	枅	reduction	mj-shrink-map	merge	MJ038068: 法務省戸籍法関連通達・通知, 種別 戸籍統一文字情報 親字・正字, ホップ数 1
U+6787	朼	枇	reduction	mj-shrink-map	merge	MJ013594: 法務省戸籍法関連通達・通知, 種別 戸籍統一文字情報 親字・正字, ホップ数 1
U+6789	𣒈	枉	reduction	mj-shrink-map	merge	MJ038025: 法務省戸籍法関連通達・通知, 種別 戸籍統一文字情報 親字・正字, ホップ数 1
U+6790	㭊	析	reduction	mj-shrink-map	merge	MJ001692: 法務省戸籍法関連通達・通知, 種別 戸籍統一文字情報 親字・正字, ホップ数 1
U+6790	𣂔	析	reduction	mj-shrink-map	merge	MJ037487: 法務省戸籍法関連通達・通知, 種別 戸籍統一文字情報 親字・正字, ホップ数 1
U+6795	𣏝	枕	reduction	mj-shrink-map	merge	MJ037950: 法務省戸籍法関連通達・通知, 種別 戸籍統一文字情報 親字・正字, ホップ数 1
U+6797	林	林	compatibility	unicode-ucd	merge	6797
U+67AF	𤖲	枯	reduction	mj-shrink-map	merge	MJ040349: 法務省戸籍法関連通達・通知, 種別 戸籍統一文字情報 親字・正字, ホップ数 1
U+67B2	䢄	枲	reduction	mj-shrink-map	merge	MJ004990: 法務省戸籍法関連通達・通知, 種別 戸籍統一文字情報 親字・正字, ホップ数 1
U+67B3	抧	枳	reduction	mj-shrink-map	merge	MJ012230: 法務省戸籍法関連通達・通知, 種別 戸籍統一文字情報 親字・正字, ホップ数 1
U+67B6	榢	架	reduction	mj-shrink-map	merge	MJ014283: 法務省戸籍法関連通達・通知, 種別 戸籍統一文字情報 親字・正字, ホップ数 1
U+67B8	𣕉	枸	reduction	mj-shrink-map	merge	MJ038122: 法務省戸籍法関連通達・通知, 種別 戸籍統一文字情報 親字・正字, ホップ数 1
U+67B9	𣑿	枹	reduction	mj-shrink-map	merge	MJ038016: 法務省戸籍法関連通達・通知, 種別 戸籍統一文字情報 親字・正字, ホップ数 1
U+67BB	栧	枻	reduction	mj-shrink-map	merge	MJ013854: 法務省戸籍法関連通達・通知, 種別 戸籍統一文字情報 親字・正字, ホップ数 1
U+67C1	柂	柁	reduction	mj-shrink-map	merge	MJ013740: 法務省戸籍法関連通達・通知, 種別 戸籍統一文字情報 親字・正字, ホップ数 1
U+67C4	棅	柄	reduction	mj-shrink-map	merge	MJ014034: 法務省戸籍法関連通達・通知, 種別 戸籍統一文字情報 親字・正字, ホップ数 1
U+67CE	𣏘	柎	reduction	mj-shrink-map	merge	MJ037945: 法務省戸籍法関連通達・通知, 種別 戸籍統一文字情報 親字・正字, ホップ数 1
U+67D0	𣏁	某	reduction	mj-shrink-map	merge	MJ037930: 法務省戸籍法関連通達・通知, 種別 戸籍統一文字情報 親字・正字, ホップ数 1
U+67D3	𣑱	染	reduction	mj-shrink-map	merge	MJ038012: 法務省戸籍法関連通達・通知, 種別 戸籍統一文字情報 親字・正字, ホップ数 1
U+67D4	𭩲	柔	reduction	mj-shrink-map	merge	MJ057717: 法務省戸籍法関連通達・通知, 種別 戸籍統一文字情報 親字・正字, ホップ数 1
U+67D4	𭪗	柔	reduction	mj-shrink-map	merge	MJ057737: 法務省戸籍法関連通達・通知, 種別 戸籍統一文字情報 親字・正字, ホップ数 1
U+67D8	䂞	柘	reduction	mj-shrink-map	merge	MJ002944: 法務省戸籍法関連通達・通知, 種別 戸籍統一文字情報 親字・正字, ホップ数 1
U+67D8	樜	柘	reduction	mj-shrink-map	merge	MJ014436: 法務省戸籍法関連通達・通知, 種別 戸籍統一文字情報 親字・正字, ホップ数 1
U+67D8	𥦼	柘	reduction	mj-shrink-map	merge	MJ043484: 法務省戸籍法関連通達・通知, 種別 戸籍統一文字情報 親字・正字, ホップ数 1
U+67D9	㘡	柙	reduction	mj-shrink-map	merge	MJ000467: 法務省戸籍法関連通達・通知, 種別 戸籍統一文字情報 親字・正字, ホップ数 1
U+67D9	𣘭	柙	reduction	mj-shrink-map	merge	MJ038215: 法務省戸籍法関連通達・通知, 種別 戸籍統一文字情報 親字・正字, ホップ数 1
U+67DA	𣠡	柚	reduction	mj-shrink-map	merge	MJ038449: 法務省戸籍法関連通達・通知, 種別 戸籍統一文字情報 親字・正字, ホップ数 1
U+67DD	𣔳	柝	reduction	mj-shrink-map	merge	MJ038101: 法務省戸籍法関連通達・通知, 種別 戸籍統一文字情報 親字・正字, ホップ数 1
U+67DD	𣝔	柝	reduction	mj-shrink-map	merge	MJ038353: 法務省戸籍法関連通達・通知, 種別 戸籍統一文字情報 親字・正字, ホップ数 1
U+67E9	匛	柩	reduction	mj-shrink-map	merge	MJ007785: 法務省戸籍法関連通達・通知, 種別 戸籍統一文字情報 親字・正字, ホップ数 1
U+67E9	匶	柩	reduction	mj-shrink-map	merge	MJ007813: 法務省戸籍法関連通達・通知, 種別 戸籍統一文字情報 親字・正字, ホップ数 1
U+67E9	𠥂	柩	reduction	mj-shrink-map	merge	MJ031683: 法務省戸籍法関連通達・通知, 種別 戸籍統一文字情報 親字・正字, ホップ数 1
U+67E9	𣡛	柩	reduction	mj-shrink-map	merge	MJ038475: 法務省戸籍法関連通達・通知, 種別 戸籍統一文字情報 親字・正字, ホップ数 1
U+67F1	嵀	柱	reduction	mj-shrink-map	merge	MJ010594: 法務省戸籍法関連通達・通知, 種別 戸籍統一文字情報 親字・正字, ホップ数 1
U+67F3	柳	柳	compatibility	unicode-ucd	merge	67F3
U+67F3	𣓠	柳	reduction	mj-shrink-map	merge	MJ038079: 法務省戸籍法関連通達・通知, 種別 戸籍統一文字情報 親字・正字, ホップ数 1
U+67F4	𡍥	柴	reduction	mj-shrink-map	merge	MJ033079: 法務省戸籍法関連通達・通知, 種別 戸籍統一文字情報 親字・正字, ホップ数 1
U+67F4	𥓽	柴	reduction	mj-shrink-map	merge	MJ042834: 法務省戸籍法関連通達・通知, 種別 戸籍統一文字情報 親字・正字, ホップ数 1
U+67F5	𨴕	柵	reduction	mj-shrink-map	merge	MJ052138: 法務省戸籍法関連通達・通知, 種別 戸籍統一文字情報 親字・正字, ホップ数 1
U+67FA	柺	柺	compatibility	unicode-ucd	merge	67FA
U+67FB	喳	喳	compatibility	unicode-ucd	merge	55B3
U+67FB	喳	査	reduction	mj-shrink-map	merge	MJ008497: 法務省戸籍法関連通達・通知, 種別 戸籍統一文字情報 親字・正字, ホップ数 1
U+6803	𫞊	栃	reduction	mj-shrink-map	merge	MJ057725: 法務省戸籍法関連通達・通知, 種別 戸籍統一文字情報 親字・正字, ホップ数 1
U+6804	榮	栄	reduction	mj-shrink-map	merge	MJ014298: 法務省戸籍法関連通達・通知, 種別 戸籍統一文字情報 親字・正字, ホップ数 1
U+6817	栗	栗	compatibility	unicode-ucd	merge	6817
U+6817	𡨓	栗	reduction	mj-shrink-map	merge	MJ033994: 法務省戸籍法関連通達・通知, 種別 戸籍統一文字情報 親字・正字, ホップ数 1
U+6817	𣗴	栗	reduction	mj-shrink-map	merge	MJ038179: 法務省戸籍法関連通達・通知, 種別 戸籍統一文字情報 親字・正字, ホップ数 1
U+6817	𣡷	栗	reduction	mj-shrink-map	merge	MJ038489: 法務省戸籍法関連通達・通知, 種別 戸籍統一文字情報 親字・正字, ホップ数 1
U+681D	𣐸	栝	reduction	mj-shrink-map	merge	MJ037990: 法務省戸籍法関連通達・通知, 種別 戸籍統一文字情報 親字・正字, ホップ数 1
U+681F	栟	栟	compatibility	unicode-ucd	merge	681F
U+6821	𤲽	校	reduction	mj-shrink-map	merge	MJ041450: 法務省戸籍法関連通達・通知, 種別 戸籍統一文字情報 親字・正字, ホップ数 1
U+6821	𨬛	校	reduction	mj-shrink-map	merge	MJ051898: 法務省戸籍法関連通達・通知, 種別 戸籍統一文字情報 親字・正字, ホップ数 1
U+6833	䇭	栳	reduction	mj-shrink-map	merge	MJ003285: 法務省戸籍法関連通達・通知, 種別 戸籍統一文字情報 親字・正字, ホップ数 1
U+6834	㮵	栴	reduction	mj-shrink-map	merge	MJ001792: 法務省戸籍法関連通達・通知, 種別 戸籍統一文字情報 親字・正字, ホップ数 1
U+6834	𣑪	栴	reduction	mj-shrink-map	merge	MJ038009: 法務省戸籍法関連通達・通知, 種別 戸籍統一文字情報 親字・正字, ホップ数 1
U+6834	𣒰	栴	reduction	mj-shrink-map	merge	MJ038035: 法務省戸籍法関連通達・通知, 種別 戸籍統一文字情報 親字・正字, ホップ数 1
U+6838	𣝗	核	reduction	mj-shrink-map	merge	MJ038356: 法務省戸籍法関連通達・通知, 種別 戸籍統一文字情報 親字・正字, ホップ数 1
U+6839	𣏄	根	reduction	mj-shrink-map	merge	MJ037934: 法務省戸籍法関連通達・通知, 種別 戸籍統一文字情報 親字・正字, ホップ数 1
U+6839	𣒨	根	reduction	mj-shrink-map	merge	MJ038027: 法務省戸籍法関連通達・通知, 種別 戸籍統一文字情報 親字・正字, ホップ数 1
U+683C	䈷	格	reduction	mj-shrink-map	merge	MJ003362: 法務省戸籍法関連通達・通知, 種別 戸籍統一文字情報 親字・正字, ホップ数 1
U+683D	𣒭	栽	reduction	mj-shrink-map	merge	MJ038033: 法務省戸籍法関連通達・通知, 種別 戸籍統一文字情報 親字・正字, ホップ数 1
U+683D	𥯒	栽	reduction	mj-shrink-map	merge	MJ043788: 法務省戸籍法関連通達・通知, 種別 戸籍統一文字情報 親字・正字, ホップ数 1
U+6840	㘶	桀	reduction	mj-shrink-map	merge	MJ000487: 法務省戸籍法関連通達・通知, 種別 戸籍統一文字情報 親字・正字, ホップ数 1
U+6840	𭪕	桀	reduction	mj-shrink-map	merge	MJ057739: 法務省戸籍法関連通達・通知, 種別 戸籍統一文字情報 親字・正字, ホップ数 1
U+6840	𭪖	桀	reduction	mj-shrink-map	merge	MJ057738: 法務省戸籍法関連通達・通知, 種別 戸籍統一文字情報 親字・正字, ホップ数 1
U+6840	𭪴	桀	reduction	mj-shrink-map	merge	MJ057754: 法務省戸籍法関連通達・通知, 種別 戸籍統一文字情報 親字・正字, ホップ数 1
U+6840	𭫒	桀	reduction	mj-shrink-map	merge	MJ057786: 法務省戸籍法関連通達・通知, 種別 戸籍統一文字情報 親字・正字, ホップ数 1
U+6843	𣑯	桃	reduction	mj-shrink-map	merge	MJ057727: 法務省戸籍法関連通達・通知, 種別 戸籍統一文字情報 親字・正字, ホップ数 1
U+6845	梔	桅	reduction	mj-shrink-map	merge	MJ013979: 法務省戸籍法関連通達・通知, 種別 戸籍統一文字情報 親字・正字, ホップ数 1
U+6848	桉	案	reduction	mj-shrink-map	merge	MJ013895: 法務省戸籍法関連通達・通知, 種別 戸籍統一文字情報 親字・正字, ホップ数 1
U+6851	𠭌	桑	reduction	mj-shrink-map	merge	MJ032045: 法務省戸籍法関連通達・通知, 種別 戸籍統一文字情報 親字・正字, ホップ数 1
U+6851	𠭨	桑	reduction	mj-shrink-map	merge	MJ032068: 法務省戸籍法関連通達・通知, 種別 戸籍統一文字情報 親字・正字, ホップ数 1
U+6851	𣕐	桑	reduction	mj-shrink-map	merge	MJ038128: 法務省戸籍法関連通達・通知, 種別 戸籍統一文字情報 親字・正字, ホップ数 1
U+6852	桒	桒	compatibility	unicode-ucd	merge	6852
U+6853	𣒯	桓	reduction	mj-shrink-map	merge	MJ038034: 法務省戸籍法関連通達・通知, 種別 戸籍統一文字情報 親字・正字, ホップ数 1
U+6854	㮮	桔	reduction	mj-shrink-map	merge	MJ001784: 法務省戸籍法関連通達・通知, 種別 戸籍統一文字情報 親字・正字, ホップ数 1
U+6854	𣚃	桔	reduction	mj-shrink-map	merge	MJ038249: 法務省戸籍法関連通達・通知, 種別 戸籍統一文字情報 親字・正字, ホップ数 1
U+685C	櫻	桜	reduction	mj-shrink-map	merge	MJ014706: 法務省戸籍法関連通達・通知, 種別 戸籍統一文字情報 親字・正字, ホップ数 1
U+685F	棧	桟	reduction	mj-shrink-map	merge	MJ014074: 法務省戸籍法関連通達・通知, 種別 戸籍統一文字情報 親字・正字, ホップ数 1
U+686B	桬	桫	reduction	mj-shrink-map	merge	MJ013928: 法務省戸籍法関連通達・通知, 種別 戸籍統一文字情報 親字・正字, ホップ数 1
U+686B	𣘡	桫	reduction	mj-shrink-map	merge	MJ038202: 法務省戸籍法関連通達・通知, 種別 戸籍統一文字情報 親字・正字, ホップ数 1
U+686E	𠥀	桮	reduction	mj-shrink-map	merge	MJ031681: 法務省戸籍法関連通達・通知, 種別 戸籍統一文字情報 親字・正字, ホップ数 1
U+686E	𦈧	桮	reduction	mj-shrink-map	merge	MJ044777: 法務省戸籍法関連通達・通知, 種別 戸籍統一文字情報 親字・正字, ホップ数 1
U+687C	㯃	桼	reduction	mj-shrink-map	merge	MJ001804: 法務省戸籍法関連通達・通知, 種別 戸籍統一文字情報 親字・正字, ホップ数 1
U+687C	𣑰	桼	reduction	mj-shrink-map	merge	MJ057729: 法務省戸籍法関連通達・通知, 種別 戸籍統一文字情報 親字・正字, ホップ数 1
U+687C	𭝠	桼	reduction	mj-shrink-map	merge	MJ057755: 法務省戸籍法関連通達・通知, 種別 戸籍統一文字情報 親字・正字, ホップ数 1
U+687C	𭫈	桼	reduction	mj-shrink-map	merge	MJ057771: 法務省戸籍法関連通達・通知, 種別 戸籍統一文字情報 親字・正字, ホップ数 1
U+687C	𭱁	桼	reduction	mj-shrink-map	merge	MJ057770: 法務省戸籍法関連通達・通知, 種別 戸籍統一文字情報 親字・正字, ホップ数 1
U+6881	梁	梁	compatibility	unicode-ucd	merge	6881
U+6881	鿄	梁	reduction	mj-shrink-map	merge	MJ030181: 法務省戸籍法関連通達・通知, 種別 戸籍統一文字情報 親字・正字, ホップ数 1
U+6881	𣸑	梁	reduction	mj-shrink-map	merge	MJ039423: 法務省戸籍法関連通達・通知, 種別 戸籍統一文字情報 親字・正字, ホップ数 1
U+6881	𣹷	梁	reduction	mj-shrink-map	merge	MJ039478: 法務省戸籍法関連通達・通知, 種別 戸籍統一文字情報 親字・正字, ホップ数 1
U+6885	梅	梅	compatibility	unicode-ucd	merge	6885
U+6885	梅	梅	compatibility	unicode-ucd	merge	6885
U+688E	梎	梎	compatibility	unicode-ucd	merge	688E
U+6890	㯇	梐	reduction	mj-shrink-map	merge	MJ001808: 法務省戸籍法関連通達・通知, 種別 戸籍統一文字情報 親字・正字, ホップ数 1
U+6893	榟	梓	reduction	mj-shrink-map	merge	MJ014280: 法務省戸籍法関連通達・通知, 種別 戸籍統一文字情報 親字・正字, ホップ数 1
U+689F	䲷	梟	reduction	mj-shrink-map	merge	MJ006044: 法務省戸籍法関連通達・通知, 種別 戸籍統一文字情報 親字・正字, ホップ数 1
U+689F	鴵	梟	reduction	mj-shrink-map	merge	MJ029499: 法務省戸籍法関連通達・通知, 種別 戸籍統一文字情報 親字・正字, ホップ数 1
U+689F	𩾒	梟	reduction	mj-shrink-map	merge	MJ055397: 法務省戸籍法関連通達・通知, 種別 戸籍統一文字情報 親字・正字, ホップ数 1
U+689F	𩾣	梟	reduction	mj-shrink-map	merge	MJ055413: 法務省戸籍法関連通達・通知, 種別 戸籍統一文字情報 親字・正字, ホップ数 1
U+689F	𩿋	梟	reduction	mj-shrink-map	merge	MJ055444: 法務省戸籍法関連通達・通知, 種別 戸籍統一文字情報 親字・正字, ホップ数 1
U+68A3	𣘕	梣	reduction	mj-shrink-map	merge	MJ038189: 法務省戸籍法関連通達・通知, 種別 戸籍統一文字情報 親字・正字, ホップ数 1
U+68A3	𣠟	梣	reduction	mj-shrink-map	merge	MJ038447: 法務省戸籍法関連通達・通知, 種別 戸籍統一文字情報 親字・正字, ホップ数 1
U+68A8	梨	梨	compatibility	unicode-ucd	merge	68A8
U+68AB	𣖽	梫	reduction	mj-shrink-map	merge	MJ038167: 法務省戸籍法関連通達・通知, 種別 戸籍統一文字情報 親字・正字, ホップ数 1
U+68B3	㧧	梳	reduction	mj-shrink-map	merge	MJ001365: 法務省戸籍法関連通達・通知, 種別 戸籍統一文字情報 親字・正字, ホップ数 1
U+68B3	𣐌	梳	reduction	mj-shrink-map	merge	MJ037973: 法務省戸籍法関連通達・通知, 種別 戸籍統一文字情報 親字・正字, ホップ数 1
U+68B3	𣓜	梳	reduction	mj-shrink-map	merge	MJ038075: 法務省戸籍法関連通達・通知, 種別 戸籍統一文字情報 親字・正字, ホップ数 1
U+68B3	𣙳	梳	reduction	mj-shrink-map	merge	MJ038237: 法務省戸籍法関連通達・通知, 種別 戸籍統一文字情報 親字・正字, ホップ数 1
U+68B3	𤴜	梳	reduction	mj-shrink-map	merge	MJ041511: 法務省戸籍法関連通達・通知, 種別 戸籍統一文字情報 親字・正字, ホップ数 1
U+68C3	梸	棃	reduction	mj-shrink-map	merge	MJ014025: 法務省戸籍法関連通達・通知, 種別 戸籍統一文字情報 親字・正字, ホップ数 1
U+68C4	𠆉	棄	reduction	mj-shrink-map	merge	MJ030515: 法務省戸籍法関連通達・通知, 種別 戸籍統一文字情報 親字・正字, ホップ数 1
U+68C4	𢍞	棄	reduction	mj-shrink-map	merge	MJ035523: 法務省戸籍法関連通達・通知, 種別 戸籍統一文字情報 親字・正字, ホップ数 1
U+68C4	𣓪	棄	reduction	mj-shrink-map	merge	MJ057752: 法務省戸籍法関連通達・通知, 種別 戸籍統一文字情報 親字・正字, ホップ数 1
U+68C4	𨓋	棄	reduction	mj-shrink-map	merge	MJ050875: 法務省戸籍法関連通達・通知, 種別 戸籍統一文字情報 親字・正字, ホップ数 1
U+68C9	㮌	棉	reduction	mj-shrink-map	merge	MJ001749: 法務省戸籍法関連通達・通知, 種別 戸籍統一文字情報 親字・正字, ホップ数 1
U+68C9	𣏜	棉	reduction	mj-shrink-map	merge	MJ037949: 法務省戸籍法関連通達・通知, 種別 戸籍統一文字情報 親字・正字, ホップ数 1
U+68CA	㯦	棊	reduction	mj-shrink-map	merge	MJ001837: 法務省戸籍法関連通達・通知, 種別 戸籍統一文字情報 親字・正字, ホップ数 1
U+68CA	櫀	棊	reduction	mj-shrink-map	merge	MJ014636: 法務省戸籍法関連通達・通知, 種別 戸籍統一文字情報 親字・正字, ホップ数 1
U+68CB	檱	棋	reduction	mj-shrink-map	merge	MJ014616: 法務省戸籍法関連通達・通知, 種別 戸籍統一文字情報 親字・正字, ホップ数 1
U+68CF	㯖	棏	reduction	mj-shrink-map	merge	MJ001821: 法務省戸籍法関連通達・通知, 種別 戸籍統一文字情報 親字・正字, ホップ数 1
U+68D2	㭋	棒	reduction	mj-shrink-map	merge	MJ001693: 法務省戸籍法関連通達・通知, 種別 戸籍統一文字情報 親字・正字, ホップ数 1
U+68D7	𠂲	棗	reduction	mj-shrink-map	merge	MJ030398: 法務省戸籍法関連通達・通知, 種別 戸籍統一文字情報 親字・正字, ホップ数 1
U+68D7	𠄬	棗	reduction	mj-shrink-map	merge	MJ030471: 法務省戸籍法関連通達・通知, 種別 戸籍統一文字情報 親字・正字, ホップ数 1
U+68D7	𣕿	棗	reduction	mj-shrink-map	merge	MJ038136: 法務省戸籍法関連通達・通知, 種別 戸籍統一文字情報 親字・正字, ホップ数 1
U+68D7	𭫘	棗	reduction	mj-shrink-map	merge	MJ057789: 法務省戸籍法関連通達・通知, 種別 戸籍統一文字情報 親字・正字, ホップ数 1
U+68D7	𭫝	棗	reduction	mj-shrink-map	merge	MJ057788: 法務省戸籍法関連通達・通知, 種別 戸籍統一文字情報 親字・正字, ホップ数 1
U+68D8	𣗥	棘	reduction	mj-shrink-map	merge	MJ057790: 法務省戸籍法関連通達・通知, 種別 戸籍統一文字情報 親字・正字, ホップ数 1
U+68D8	𣡍	棘	reduction	mj-shrink-map	merge	MJ038469: 法務省戸籍法関連通達・通知, 種別 戸籍統一文字情報 親字・正字, ホップ数 1
U+68E0	㭻	棠	reduction	mj-shrink-map	merge	MJ001733: 法務省戸籍法関連通達・通知, 種別 戸籍統一文字情報 親字・正字, ホップ数 1
U+68E4	𣛵	棤	reduction	mj-shrink-map	merge	MJ038297: 法務省戸籍法関連通達・通知, 種別 戸籍統一文字情報 親字・正字, ホップ数 1
U+68E8	𢧊	棨	reduction	mj-shrink-map	merge	MJ036585: 法務省戸籍法関連通達・通知, 種別 戸籍統一文字情報 親字・正字, ホップ数 1
U+68F2	捿	棲	reduction	mj-shrink-map	merge	MJ012451: 法務省戸籍法関連通達・通知, 種別 戸籍統一文字情報 親字・正字, ホップ数 1
U+68FA	𣑄	棺	reduction	mj-shrink-map	merge	MJ038002: 法務省戸籍法関連通達・通知, 種別 戸籍統一文字情報 親字・正字, ホップ数 1
U+6900	埦	椀	reduction	mj-shrink-map	merge	MJ009089: 法務省戸籍法関連通達・通知, 種別 戸籍統一文字情報 親字・正字, ホップ数 1
U+6901	𣠐	椁	reduction	mj-shrink-map	merge	MJ038439: 法務省戸籍法関連通達・通知, 種別 戸籍統一文字情報 親字・正字, ホップ数 1
U+6901	𥕖	椁	reduction	mj-shrink-map	merge	MJ042883: 法務省戸籍法関連通達・通知, 種別 戸籍統一文字情報 親字・正字, ホップ数 1
U+6903	𣘫	椃	reduction	mj-shrink-map	merge	MJ038213: 法務省戸籍法関連通達・通知, 種別 戸籍統一文字情報 親字・正字, ホップ数 1
U+6905	𬃪	椅	reduction	mj-shrink-map	merge	MJ057772: 法務省戸籍法関連通達・通知, 種別 戸籍統一文字情報 親字・正字, ホップ数 1
U+690A	㯜	椊	reduction	mj-shrink-map	merge	MJ001827: 法務省戸籍法関連通達・通知, 種別 戸籍統一文字情報 親字・正字, ホップ数 1
U+690D	㯰	植	reduction	mj-shrink-map	merge	MJ001845: 法務省戸籍法関連通達・通知, 種別 戸籍統一文字情報 親字・正字, ホップ数 1
U+6912	𣐹	椒	reduction	mj-shrink-map	merge	MJ037991: 法務省戸籍法関連通達・通知, 種別 戸籍統一文字情報 親字・正字, ホップ数 1
U+6912	𣓙	椒	reduction	mj-shrink-map	merge	MJ038073: 法務省戸籍法関連通達・通知, 種別 戸籍統一文字情報 親字・正字, ホップ数 1
U+6914	椔	椔	compatibility	unicode-ucd	merge	6914
U+691C	檢	検	reduction	mj-shrink-map	merge	MJ014599: 法務省戸籍法関連通達・通知, 種別 戸籍統一文字情報 親字・正字, ホップ数 1
U+6930	㭨	椰	reduction	mj-shrink-map	merge	MJ001712: 法務省戸籍法関連通達・通知, 種別 戸籍統一文字情報 親字・正字, ホップ数 1
U+693D	㯌	椽	reduction	mj-shrink-map	merge	MJ001813: 法務省戸籍法関連通達・通知, 種別 戸籍統一文字情報 親字・正字, ホップ数 1
U+6942	楂	楂	compatibility	unicode-ucd	merge	6942
U+6959	柕	楙	reduction	mj-shrink-map	merge	MJ013763: 法務省戸籍法関連通達・通知, 種別 戸籍統一文字情報 親字・正字, ホップ数 1
U+695A	䠂	楚	reduction	mj-shrink-map	merge	MJ004866: 法務省戸籍法関連通達・通知, 種別 戸籍統一文字情報 親字・正字, ホップ数 1
U+695A	椘	楚	reduction	mj-shrink-map	merge	MJ014132: 法務省戸籍法関連通達・通知, 種別 戸籍統一文字情報 親字・正字, ホップ数 1
U+695A	𣕑	楚	reduction	mj-shrink-map	merge	MJ038129: 法務省戸籍法関連通達・通知, 種別 戸籍統一文字情報 親字・正字, ホップ数 1
U+695A	𣗂	楚	reduction	mj-shrink-map	merge	MJ038171: 法務省戸籍法関連通達・通知, 種別 戸籍統一文字情報 親字・正字, ホップ数 1
U+6960	𣔎	楠	reduction	mj-shrink-map	merge	MJ038086: 法務省戸籍法関連通達・通知, 種別 戸籍統一文字情報 親字・正字, ホップ数 1
U+6962	𣜃	楢	reduction	mj-shrink-map	merge	MJ038310: 法務省戸籍法関連通達・通知, 種別 戸籍統一文字情報 親字・正字, ホップ数 1
U+696D	㸣	業	reduction	mj-shrink-map	merge	MJ002354: 法務省戸籍法関連通達・通知, 種別 戸籍統一文字情報 親字・正字, ホップ数 1
U+696D	𤎸	業	reduction	mj-shrink-map	merge	MJ040065: 法務省戸籍法関連通達・通知, 種別 戸籍統一文字情報 親字・正字, ホップ数 1
U+696D	𤑽	業	reduction	mj-shrink-map	merge	MJ040154: 法務省戸籍法関連通達・通知, 種別 戸籍統一文字情報 親字・正字, ホップ数 1
U+696D	𭪙	業	reduction	mj-shrink-map	merge	MJ057756: 法務省戸籍法関連通達・通知, 種別 戸籍統一文字情報 親字・正字, ホップ数 1
U+696D	𮏩	業	reduction	mj-shrink-map	merge	MJ058496: 法務省戸籍法関連通達・通知, 種別 戸籍統一文字情報 親字・正字, ホップ数 1
U+6977	𣒉	楷	reduction	mj-shrink-map	merge	MJ038026: 法務省戸籍法関連通達・通知, 種別 戸籍統一文字情報 親字・正字, ホップ数 1
U+6979	𣟅	楹	reduction	mj-shrink-map	merge	MJ038406: 法務省戸籍法関連通達・通知, 種別 戸籍統一文字情報 親字・正字, ホップ数 1
U+697C	樓	樓	compatibility	unicode-ucd	merge	6A13
U+697C	樓	楼	reduction	mj-shrink-map	merge	MJ014425: 法務省戸籍法関連通達・通知, 種別 戸籍統一文字情報 親字・正字, ホップ数 1
U+697C	𡳫	樓	reduction	mj-shrink-map	merge	MJ034429: 法務省戸籍法関連通達・通知, 種別 戸籍統一文字情報 親字・正字, ホップ数 1
U+697C	𩫰	樓	reduction	mj-shrink-map	merge	MJ054670: 法務省戸籍法関連通達・通知, 種別 戸籍統一文字情報 親字・正字, ホップ数 1
U+697D	樂	樂	compatibility	unicode-ucd	merge	6A02
U+697D	樂	樂	compatibility	unicode-ucd	merge	6A02
U+697D	樂	樂	compatibility	unicode-ucd	merge	6A02
U+697D	樂	楽	reduction	mj-shrink-map	merge	MJ014406: 法務省戸籍法関連通達・通知, 種別 戸籍統一文字情報 親字・正字, ホップ数 1
U+697D	𨊊	樂	reduction	mj-shrink-map	merge	MJ050454: 法務省戸籍法関連通達・通知, 種別 戸籍統一文字情報 親字・正字, ホップ数 1
U+6982	𢷽	概	reduction	mj-shrink-map	merge	MJ037104: 法務省戸籍法関連通達・通知, 種別 戸籍統一文字情報 親字・正字, ホップ数 1
U+698E	椱	榎	reduction	mj-shrink-map	merge	MJ014151: 法務省戸籍法関連通達・通知, 種別 戸籍統一文字情報 親字・正字, ホップ数 1
U+699B	㰉	榛	reduction	mj-shrink-map	merge	MJ001866: 法務省戸籍法関連通達・通知, 種別 戸籍統一文字情報 親字・正字, ホップ数 1
U+699B	獉	榛	reduction	mj-shrink-map	merge	MJ017045: 法務省戸籍法関連通達・通知, 種別 戸籍統一文字情報 親字・正字, ホップ数 1
U+699B	𦿒	榛	reduction	mj-shrink-map	merge	MJ047077: 法務省戸籍法関連通達・通知, 種別 戸籍統一文字情報 親字・正字, ホップ数 1
U+699C	㮄	榜	reduction	mj-shrink-map	merge	MJ001742: 法務省戸籍法関連通達・通知, 種別 戸籍統一文字情報 親字・正字, ホップ数 1
U+69A3	榣	榣	compatibility	unicode-ucd	merge	69A3
U+69AD	𣛘	榭	reduction	mj-shrink-map	merge	MJ038290: 法務省戸籍法関連通達・通知, 種別 戸籍統一文字情報 親字・正字, ホップ数 1
U+69B4	橊	榴	reduction	mj-shrink-map	merge	MJ014496: 法務省戸籍法関連通達・通知, 種別 戸籍統一文字情報 親字・正字, ホップ数 1
U+69B7	𣒆	榷	reduction	mj-shrink-map	merge	MJ038023: 法務省戸籍法関連通達・通知, 種別 戸籍統一文字情報 親字・正字, ホップ数 1
U+69BA	𣚗	榺	reduction	mj-shrink-map	merge	MJ038268: 法務省戸籍法関連通達・通知, 種別 戸籍統一文字情報 親字・正字, ホップ数 1
U+69BC	𣖁	榼	reduction	mj-shrink-map	merge	MJ038138: 法務省戸籍法関連通達・通知, 種別 戸籍統一文字情報 親字・正字, ホップ数 1
U+69BC	𥃕	榼	reduction	mj-shrink-map	merge	MJ042152: 法務省戸籍法関連通達・通知, 種別 戸籍統一文字情報 親字・正字, ホップ数 1
U+69CA	𣓞	槊	reduction	mj-shrink-map	merge	MJ038077: 法務省戸籍法関連通達・通知, 種別 戸籍統一文字情報 親字・正字, ホップ数 1
U+69CA	𣔒	槊	reduction	mj-shrink-map	merge	MJ038089: 法務省戸籍法関連通達・通知, 種別 戸籍統一文字情報 親字・正字, ホップ数 1
U+69CD	𥎄	槍	reduction	mj-shrink-map	merge	MJ042603: 法務省戸籍法関連通達・通知, 種別 戸籍統一文字情報 親字・正字, ホップ数 1
U+69CE	𣞚	槎	reduction	mj-shrink-map	merge	MJ038393: 法務省戸籍法関連通達・通知, 種別 戸籍統一文字情報 親字・正字, ホップ数 1
U+69D8	樣	様	reduction	mj-shrink-map	merge	MJ014446: 法務省戸籍法関連通達・通知, 種別 戸籍統一文字情報 親字・正字, ホップ数 1
U+69D8	檨	檨	compatibility	unicode-ucd	merge	6AA8
U+69D8	檨	樣	reduction	mj-shrink-map	merge	MJ057832: 法務省戸籍法関連通達・通知, 種別 戸籍統一文字情報 親字・正字, ホップ数 1
U+69D8	𪮲	樣	reduction	mj-shrink-map	merge	MJ057572: 法務省戸籍法関連通達・通知, 種別 戸籍統一文字情報 親字・正字, ホップ数 1
U+69EA	槪	槪	compatibility	unicode-ucd	merge	69EA
U+69ED	㰗	槭	reduction	mj-shrink-map	merge	MJ001881: 法務省戸籍法関連通達・通知, 種別 戸籍統一文字情報 親字・正字, ホップ数 1
U+69F2	𣘳	槲	reduction	mj-shrink-map	merge	MJ038221: 法務省戸籍法関連通達・通知, 種別 戸籍統一文字情報 親字・正字, ホップ数 1
U+69F3	㯍	槳	reduction	mj-shrink-map	merge	MJ001814: 法務省戸籍法関連通達・通知, 種別 戸籍統一文字情報 親字・正字, ホップ数 1
U+69F3	䒂	槳	reduction	mj-shrink-map	merge	MJ003947: 法務省戸籍法関連通達・通知, 種別 戸籍統一文字情報 親字・正字, ホップ数 1
U+69F3	𥷃	槳	reduction	mj-shrink-map	merge	MJ044115: 法務省戸籍法関連通達・通知, 種別 戸籍統一文字情報 親字・正字, ホップ数 1
U+69F5	梙	槵	reduction	mj-shrink-map	merge	MJ013985: 法務省戸籍法関連通達・通知, 種別 戸籍統一文字情報 親字・正字, ホップ数 1
U+69FB	𡦑	槻	reduction	mj-shrink-map	merge	MJ033913: 法務省戸籍法関連通達・通知, 種別 戸籍統一文字情報 親字・正字, ホップ数 1
U+69FD	𣡘	槽	reduction	mj-shrink-map	merge	MJ038474: 法務省戸籍法関連通達・通知, 種別 戸籍統一文字情報 親字・正字, ホップ数 1
U+6A0A	𫯹	樊	reduction	mj-shrink-map	merge	MJ057814: 法務省戸籍法関連通達・通知, 種別 戸籍統一文字情報 親字・正字, ホップ数 1
U+6A12	榓	樒	reduction	mj-shrink-map	merge	MJ014266: 法務省戸籍法関連通達・通知, 種別 戸籍統一文字情報 親字・正字, ホップ数 1
U+6A12	櫁	樒	reduction	mj-shrink-map	merge	MJ014637: 法務省戸籍法関連通達・通知, 種別 戸籍統一文字情報 親字・正字, ホップ数 1
U+6A12	樒	櫁	variant	cjkvi-variants	corroborates	樒→櫁 jisx0212/variant | 樒→櫁 jisx0213/variant
U+6A15	㯈	樕	reduction	mj-shrink-map	merge	MJ001809: 法務省戸籍法関連通達・通知, 種別 戸籍統一文字情報 親字・正字, ホップ数 1
U+6A19	𣠙	標	reduction	mj-shrink-map	merge	MJ038441: 法務省戸籍法関連通達・通知, 種別 戸籍統一文字情報 親字・正字, ホップ数 1
U+6A1B	𣚉	樛	reduction	mj-shrink-map	merge	MJ038255: 法務省戸籍法関連通達・通知, 種別 戸籍統一文字情報 親字・正字, ホップ数 1
U+6A21	𡆶	模	reduction	mj-shrink-map	merge	MJ032820: 法務省戸籍法関連通達・通知, 種別 戸籍統一文字情報 親字・正字, ホップ数 1
U+6A21	𤏠	模	reduction	mj-shrink-map	merge	MJ040082: 法務省戸籍法関連通達・通知, 種別 戸籍統一文字情報 親字・正字, ホップ数 1
U+6A29	權	権	reduction	mj-shrink-map	merge	MJ014723: 法務省戸籍法関連通達・通知, 種別 戸籍統一文字情報 親字・正字, ホップ数 1
U+6A29	𫞐	権	reduction	mj-shrink-map	merge	MJ057830: 法務省戸籍法関連通達・通知, 種別 戸籍統一文字情報 親字・正字, ホップ数 1
U+6A29	𭬳	權	reduction	mj-shrink-map	merge	MJ057863: 法務省戸籍法関連通達・通知, 種別 戸籍統一文字情報 親字・正字, ホップ数 1
U+6A2A	橫	横	reduction	mj-shrink-map	merge	MJ014537: 法務省戸籍法関連通達・通知, 種別 戸籍統一文字情報 親字・正字, ホップ数 1
U+6A35	藮	樵	reduction	mj-shrink-map	merge	MJ023106: 法務省戸籍法関連通達・通知, 種別 戸籍統一文字情報 親字・正字, ホップ数 1
U+6A35	𣟶	樵	reduction	mj-shrink-map	merge	MJ038429: 法務省戸籍法関連通達・通知, 種別 戸籍統一文字情報 親字・正字, ホップ数 1
U+6A35	𦿕	樵	reduction	mj-shrink-map	merge	MJ047081: 法務省戸籍法関連通達・通知, 種別 戸籍統一文字情報 親字・正字, ホップ数 1
U+6A35	𧄡	樵	reduction	mj-shrink-map	merge	MJ047286: 法務省戸籍法関連通達・通知, 種別 戸籍統一文字情報 親字・正字, ホップ数 1
U+6A35	𬋈	樵	reduction	mj-shrink-map	merge	MJ014469: 法務省戸籍法関連通達・通知, 種別 戸籍統一文字情報 親字・正字, ホップ数 1
U+6A36	𣖱	樶	reduction	mj-shrink-map	merge	MJ038156: 法務省戸籍法関連通達・通知, 種別 戸籍統一文字情報 親字・正字, ホップ数 1
U+6A38	檏	樸	reduction	mj-shrink-map	merge	MJ014572: 法務省戸籍法関連通達・通知, 種別 戸籍統一文字情報 親字・正字, ホップ数 1
U+6A39	𡬾	樹	reduction	mj-shrink-map	merge	MJ034178: 法務省戸籍法関連通達・通知, 種別 戸籍統一文字情報 親字・正字, ホップ数 1
U+6A39	𢒳	樹	reduction	mj-shrink-map	merge	MJ035789: 法務省戸籍法関連通達・通知, 種別 戸籍統一文字情報 親字・正字, ホップ数 1
U+6A39	𣕒	樹	reduction	mj-shrink-map	merge	MJ038130: 法務省戸籍法関連通達・通知, 種別 戸籍統一文字情報 親字・正字, ホップ数 1
U+6A39	𣗳	樹	reduction	mj-shrink-map	merge	MJ038178: 法務省戸籍法関連通達・通知, 種別 戸籍統一文字情報 親字・正字, ホップ数 1
U+6A39	𣚤	樹	reduction	mj-shrink-map	merge	MJ038280: 法務省戸籍法関連通達・通知, 種別 戸籍統一文字情報 親字・正字, ホップ数 1
U+6A3B	𣟨	樻	reduction	mj-shrink-map	merge	MJ038421: 法務省戸籍法関連通達・通知, 種別 戸籍統一文字情報 親字・正字, ホップ数 1
U+6A3E	𣙾	樾	reduction	mj-shrink-map	merge	MJ038244: 法務省戸籍法関連通達・通知, 種別 戸籍統一文字情報 親字・正字, ホップ数 1
U+6A3E	𣜀	樾	reduction	mj-shrink-map	merge	MJ038307: 法務省戸籍法関連通達・通知, 種別 戸籍統一文字情報 親字・正字, ホップ数 1
U+6A47	䢪	橇	reduction	mj-shrink-map	merge	MJ005034: 法務省戸籍法関連通達・通知, 種別 戸籍統一文字情報 親字・正字, ホップ数 1
U+6A4B	槗	橋	reduction	mj-shrink-map	merge	MJ014354: 法務省戸籍法関連通達・通知, 種別 戸籍統一文字情報 親字・正字, ホップ数 1
U+6A4B	穚	橋	reduction	mj-shrink-map	merge	MJ019172: 法務省戸籍法関連通達・通知, 種別 戸籍統一文字情報 親字・正字, ホップ数 1
U+6A4B	𣘺	橋	reduction	mj-shrink-map	merge	MJ038225: 法務省戸籍法関連通達・通知, 種別 戸籍統一文字情報 親字・正字, ホップ数 1
U+6A4B	𫞎	橋	reduction	mj-shrink-map	merge	MJ057812: 法務省戸籍法関連通達・通知, 種別 戸籍統一文字情報 親字・正字, ホップ数 1
U+6A4C	橌	橺	itaiji	mj-kanji	merge	X0213 包摂
U+6A50	槖	橐	reduction	mj-shrink-map	merge	MJ014353: 法務省戸籍法関連通達・通知, 種別 戸籍統一文字情報 親字・正字, ホップ数 1
U+6A50	𢅍	槖	reduction	mj-shrink-map	merge	MJ035167: 法務省戸籍法関連通達・通知, 種別 戸籍統一文字情報 親字・正字, ホップ数 1
U+6A5B	𣐍	橛	reduction	mj-shrink-map	merge	MJ037974: 法務省戸籍法関連通達・通知, 種別 戸籍統一文字情報 親字・正字, ホップ数 1
U+6A62	㯐	橢	reduction	mj-shrink-map	merge	MJ001817: 法務省戸籍法関連通達・通知, 種別 戸籍統一文字情報 親字・正字, ホップ数 1
U+6A62	㰐	橢	reduction	mj-shrink-map	merge	MJ001874: 法務省戸籍法関連通達・通知, 種別 戸籍統一文字情報 親字・正字, ホップ数 1
U+6A64	𣛚	橤	reduction	mj-shrink-map	merge	MJ038291: 法務省戸籍法関連通達・通知, 種別 戸籍統一文字情報 親字・正字, ホップ数 1
U+6A64	𦁞	橤	reduction	mj-shrink-map	merge	MJ044526: 法務省戸籍法関連通達・通知, 種別 戸籍統一文字情報 親字・正字, ホップ数 1
U+6A80	𫞍	檀	reduction	mj-shrink-map	merge	MJ057813: 法務省戸籍法関連通達・通知, 種別 戸籍統一文字情報 親字・正字, ホップ数 1
U+6A84	𣜥	檄	reduction	mj-shrink-map	merge	MJ038324: 法務省戸籍法関連通達・通知, 種別 戸籍統一文字情報 親字・正字, ホップ数 1
U+6A8D	𣚍	檍	reduction	mj-shrink-map	merge	MJ038259: 法務省戸籍法関連通達・通知, 種別 戸籍統一文字情報 親字・正字, ホップ数 1
U+6A8D	𣟥	檍	reduction	mj-shrink-map	merge	MJ057864: 法務省戸籍法関連通達・通知, 種別 戸籍統一文字情報 親字・正字, ホップ数 1
U+6A8D	𣟻	檍	reduction	mj-shrink-map	merge	MJ038433: 法務省戸籍法関連通達・通知, 種別 戸籍統一文字情報 親字・正字, ホップ数 1
U+6A90	櫩	檐	reduction	mj-shrink-map	merge	MJ014690: 法務省戸籍法関連通達・通知, 種別 戸籍統一文字情報 親字・正字, ホップ数 1
U+6A90	𣡞	檐	reduction	mj-shrink-map	merge	MJ038476: 法務省戸籍法関連通達・通知, 種別 戸籍統一文字情報 親字・正字, ホップ数 1
U+6AA0	𢐧	檠	reduction	mj-shrink-map	merge	MJ035675: 法務省戸籍法関連通達・通知, 種別 戸籍統一文字情報 親字・正字, ホップ数 1
U+6AA3	艢	檣	reduction	mj-shrink-map	merge	MJ021447: 法務省戸籍法関連通達・通知, 種別 戸籍統一文字情報 親字・正字, ホップ数 1
U+6AA3	檣	艢	variant	cjkvi-variants	corroborates	檣→艢 dypytz/variant | 檣→艢 hydzd/variant | 檣→艢 twedu/variant
U+6AA3	檣	艢	variant	wikidata	corroborates	Q109750918; P248 Q10427532 | Q109759620; P248 Q10427532
U+6AA3	𣞋	檣	reduction	mj-shrink-map	merge	MJ038381: 法務省戸籍法関連通達・通知, 種別 戸籍統一文字情報 親字・正字, ホップ数 1
U+6AA3	𤕽	檣	reduction	mj-shrink-map	merge	MJ040304: 法務省戸籍法関連通達・通知, 種別 戸籍統一文字情報 親字・正字, ホップ数 1
U+6AAE	𣚑	檮	reduction	mj-shrink-map	merge	MJ038263: 法務省戸籍法関連通達・通知, 種別 戸籍統一文字情報 親字・正字, ホップ数 1
U+6AAE	𣝷	檮	reduction	mj-shrink-map	merge	MJ038370: 法務省戸籍法関連通達・通知, 種別 戸籍統一文字情報 親字・正字, ホップ数 1
U+6AB3	梹	檳	reduction	mj-shrink-map	merge	MJ014026: 法務省戸籍法関連通達・通知, 種別 戸籍統一文字情報 親字・正字, ホップ数 1
U+6AB3	梹	檳	variant	cjkvi-variants	corroborates	梹→檳 jisx0213/variant | 檳→梹 hydzd/variant | 檳→梹 twedu/variant
U+6AB3	梹	檳	variant	wikidata	corroborates	Q109750223; P248 Q10427532 | Q109750936; P248 Q10427532
U+6AB3	梹	檳	equivalent	yitizi	corroborates	ytenx/JihThex.csv
U+6ABD	𣚐	檽	reduction	mj-shrink-map	merge	MJ038262: 法務省戸籍法関連通達・通知, 種別 戸籍統一文字情報 親字・正字, ホップ数 1
U+6AD3	櫓	櫓	compatibility	unicode-ucd	merge	6AD3
U+6AD3	㯭	櫓	reduction	mj-shrink-map	merge	MJ001842: 法務省戸籍法関連通達・通知, 種別 戸籍統一文字情報 親字・正字, ホップ数 1
U+6AD3	樐	櫓	reduction	mj-shrink-map	merge	MJ014422: 法務省戸籍法関連通達・通知, 種別 戸籍統一文字情報 親字・正字, ホップ数 1
U+6ADB	櫛	櫛	compatibility	unicode-ucd	merge	6ADB
U+6ADC	𩎦	櫜	reduction	mj-shrink-map	merge	MJ053315: 法務省戸籍法関連通達・通知, 種別 戸籍統一文字情報 親字・正字, ホップ数 1
U+6ADF	檪	櫟	reduction	mj-shrink-map	merge	MJ014606: 法務省戸籍法関連通達・通知, 種別 戸籍統一文字情報 親字・正字, ホップ数 1
U+6ADF	檪	櫟	variant	cjkvi-variants	corroborates	檪→櫟 jisx0213/variant | 櫟→檪 jisx0212/variant | 櫟→檪 twedu/variant
U+6ADF	檪	櫟	variant	wikidata	corroborates	Q109750926; P248 Q10427532 | Q109750986; P248 Q10427532
U+6AE8	枦	櫨	reduction	mj-shrink-map	merge	MJ013712: 法務省戸籍法関連通達・通知, 種別 戸籍統一文字情報 親字・正字, ホップ数 1
U+6AE8	枦	櫨	variant	wikidata	corroborates	Q109749757; P248 Q10427532 | Q109750995; P248 Q10427532
U+6AE8	𥽜	櫨	reduction	mj-shrink-map	merge	MJ044368: 法務省戸籍法関連通達・通知, 種別 戸籍統一文字情報 親字・正字, ホップ数 1
U+6AEA	櫪	𭬒	itaiji	mj-kanji	merge	X0213 包摂
U+6AF1	𣡌	櫱	reduction	mj-shrink-map	merge	MJ038468: 法務省戸籍法関連通達・通知, 種別 戸籍統一文字情報 親字・正字, ホップ数 1
U+6AF2	𣛿	櫲	reduction	mj-shrink-map	merge	MJ038306: 法務省戸籍法関連通達・通知, 種別 戸籍統一文字情報 親字・正字, ホップ数 1
U+6AF3	㰍	櫳	reduction	mj-shrink-map	merge	MJ001870: 法務省戸籍法関連通達・通知, 種別 戸籍統一文字情報 親字・正字, ホップ数 1
U+6AF3	槞	櫳	reduction	mj-shrink-map	merge	MJ014360: 法務省戸籍法関連通達・通知, 種別 戸籍統一文字情報 親字・正字, ホップ数 1
U+6AFA	欞	櫺	reduction	mj-shrink-map	merge	MJ014744: 法務省戸籍法関連通達・通知, 種別 戸籍統一文字情報 親字・正字, ホップ数 1
U+6AFA	𣠄	櫺	reduction	mj-shrink-map	merge	MJ038438: 法務省戸籍法関連通達・通知, 種別 戸籍統一文字情報 親字・正字, ホップ数 1
U+6B04	欄	欄	compatibility	unicode-ucd	merge	6B04
U+6B11	櫕	欑	reduction	mj-shrink-map	merge	MJ014662: 法務省戸籍法関連通達・通知, 種別 戸籍統一文字情報 親字・正字, ホップ数 1
U+6B12	圝	欒	reduction	mj-shrink-map	merge	MJ008890: 法務省戸籍法関連通達・通知, 種別 戸籍統一文字情報 親字・正字, ホップ数 1
U+6B16	㰖	欖	reduction	mj-shrink-map	merge	MJ001880: 法務省戸籍法関連通達・通知, 種別 戸籍統一文字情報 親字・正字, ホップ数 1
U+6B1B	𢺞	欛	reduction	mj-shrink-map	merge	MJ037170: 法務省戸籍法関連通達・通知, 種別 戸籍統一文字情報 親字・正字, ホップ数 1
U+6B1B	𣠽	欛	reduction	mj-shrink-map	merge	MJ038460: 法務省戸籍法関連通達・通知, 種別 戸籍統一文字情報 親字・正字, ホップ数 1
U+6B20	缺	欠	reduction	mj-shrink-map	merge	MJ020502: 法務省戸籍法関連通達・通知, 種別 戸籍統一文字情報 親字・正字, ホップ数 1
U+6B20	缼	缺	reduction	mj-shrink-map	merge	MJ020505: 法務省戸籍法関連通達・通知, 種別 戸籍統一文字情報 親字・正字, ホップ数 1
U+6B20	𡙇	缺	reduction	mj-shrink-map	merge	MJ033476: 法務省戸籍法関連通達・通知, 種別 戸籍統一文字情報 親字・正字, ホップ数 1
U+6B20	𡚆	𡙇	reduction	mj-shrink-map	merge	MJ033513: 法務省戸籍法関連通達・通知, 種別 戸籍統一文字情報 親字・正字, ホップ数 1
U+6B20	𣣓	欠	reduction	mj-shrink-map	merge	MJ038564: 法務省戸籍法関連通達・通知, 種別 戸籍統一文字情報 親字・正字, ホップ数 1
U+6B20	𦈫	缺	reduction	mj-shrink-map	merge	MJ044781: 法務省戸籍法関連通達・通知, 種別 戸籍統一文字情報 親字・正字, ホップ数 1
U+6B20	𧖫	缺	reduction	mj-shrink-map	merge	MJ048092: 法務省戸籍法関連通達・通知, 種別 戸籍統一文字情報 親字・正字, ホップ数 1
U+6B21	次	次	compatibility	unicode-ucd	merge	6B21
U+6B21	𠕞	次	reduction	mj-shrink-map	merge	MJ031048: 法務省戸籍法関連通達・通知, 種別 戸籍統一文字情報 親字・正字, ホップ数 1
U+6B21	𠤣	次	reduction	mj-shrink-map	merge	MJ031662: 法務省戸籍法関連通達・通知, 種別 戸籍統一文字情報 親字・正字, ホップ数 1
U+6B21	𣬌	次	reduction	mj-shrink-map	merge	MJ038980: 法務省戸籍法関連通達・通知, 種別 戸籍統一文字情報 親字・正字, ホップ数 1
U+6B21	𦮏	次	reduction	mj-shrink-map	merge	MJ046389: 法務省戸籍法関連通達・通知, 種別 戸籍統一文字情報 親字・正字, ホップ数 1
U+6B23	俽	欣	reduction	mj-shrink-map	merge	MJ006810: 法務省戸籍法関連通達・通知, 種別 戸籍統一文字情報 親字・正字, ホップ数 1
U+6B23	惞	欣	reduction	mj-shrink-map	merge	MJ011679: 法務省戸籍法関連通達・通知, 種別 戸籍統一文字情報 親字・正字, ホップ数 1
U+6B27	歐	欧	reduction	mj-shrink-map	merge	MJ014801: 法務省戸籍法関連通達・通知, 種別 戸籍統一文字情報 親字・正字, ホップ数 1
U+6B27	𠴰	歐	reduction	mj-shrink-map	merge	MJ032315: 法務省戸籍法関連通達・通知, 種別 戸籍統一文字情報 親字・正字, ホップ数 1
U+6B27	𣢨	歐	reduction	mj-shrink-map	merge	MJ038534: 法務省戸籍法関連通達・通知, 種別 戸籍統一文字情報 親字・正字, ホップ数 1
U+6B27	𧖼	歐	reduction	mj-shrink-map	merge	MJ048105: 法務省戸籍法関連通達・通知, 種別 戸籍統一文字情報 親字・正字, ホップ数 1
U+6B32	𡟔	欲	reduction	mj-shrink-map	merge	MJ033676: 法務省戸籍法関連通達・通知, 種別 戸籍統一文字情報 親字・正字, ホップ数 1
U+6B37	𣣐	欷	reduction	mj-shrink-map	merge	MJ038561: 法務省戸籍法関連通達・通知, 種別 戸籍統一文字情報 親字・正字, ホップ数 1
U+6B38	㖑	欸	reduction	mj-shrink-map	merge	MJ000358: 法務省戸籍法関連通達・通知, 種別 戸籍統一文字情報 親字・正字, ホップ数 1
U+6B38	𣤃	欸	reduction	mj-shrink-map	merge	MJ038605: 法務省戸籍法関連通達・通知, 種別 戸籍統一文字情報 親字・正字, ホップ数 1
U+6B39	㿲	欹	reduction	mj-shrink-map	merge	MJ002770: 法務省戸籍法関連通達・通知, 種別 戸籍統一文字情報 親字・正字, ホップ数 1
U+6B39	𥀴	欹	reduction	mj-shrink-map	merge	MJ042052: 法務省戸籍法関連通達・通知, 種別 戸籍統一文字情報 親字・正字, ホップ数 1
U+6B3D	𣣽	欽	reduction	mj-shrink-map	merge	MJ038599: 法務省戸籍法関連通達・通知, 種別 戸籍統一文字情報 親字・正字, ホップ数 1
U+6B3E	𣢸	款	reduction	mj-shrink-map	merge	MJ057880: 法務省戸籍法関連通達・通知, 種別 戸籍統一文字情報 親字・正字, ホップ数 1
U+6B3E	𣢻	款	reduction	mj-shrink-map	merge	MJ038551: 法務省戸籍法関連通達・通知, 種別 戸籍統一文字情報 親字・正字, ホップ数 1
U+6B3E	𣣙	款	reduction	mj-shrink-map	merge	MJ038567: 法務省戸籍法関連通達・通知, 種別 戸籍統一文字情報 親字・正字, ホップ数 1
U+6B3E	𣤂	款	reduction	mj-shrink-map	merge	MJ038604: 法務省戸籍法関連通達・通知, 種別 戸籍統一文字情報 親字・正字, ホップ数 1
U+6B3E	𭭎	款	reduction	mj-shrink-map	merge	MJ057882: 法務省戸籍法関連通達・通知, 種別 戸籍統一文字情報 親字・正字, ホップ数 1
U+6B43	𣣨	歃	reduction	mj-shrink-map	merge	MJ038581: 法務省戸籍法関連通達・通知, 種別 戸籍統一文字情報 親字・正字, ホップ数 1
U+6B4A	𣤙	歊	reduction	mj-shrink-map	merge	MJ038619: 法務省戸籍法関連通達・通知, 種別 戸籍統一文字情報 親字・正字, ホップ数 1
U+6B4C	哥	歌	reduction	mj-shrink-map	merge	MJ008276: 法務省戸籍法関連通達・通知, 種別 戸籍統一文字情報 親字・正字, ホップ数 1
U+6B4C	哥	歌	variant	cjkvi-variants	corroborates	歌→哥 hydzd/variant
U+6B4C	𡃭	歌	reduction	mj-shrink-map	merge	MJ032728: 法務省戸籍法関連通達・通知, 種別 戸籍統一文字情報 親字・正字, ホップ数 1
U+6B4C	𣤑	歌	reduction	mj-shrink-map	merge	MJ038615: 法務省戸籍法関連通達・通知, 種別 戸籍統一文字情報 親字・正字, ホップ数 1
U+6B4C	𣤒	歌	reduction	mj-shrink-map	merge	MJ038616: 法務省戸籍法関連通達・通知, 種別 戸籍統一文字情報 親字・正字, ホップ数 1
U+6B4E	𣥁	歎	reduction	mj-shrink-map	merge	MJ038646: 法務省戸籍法関連通達・通知, 種別 戸籍統一文字情報 親字・正字, ホップ数 1
U+6B53	歡	歓	reduction	mj-shrink-map	merge	MJ014821: 法務省戸籍法関連通達・通知, 種別 戸籍統一文字情報 親字・正字, ホップ数 1
U+6B53	𧆒	歡	reduction	mj-shrink-map	merge	MJ047361: 法務省戸籍法関連通達・通知, 種別 戸籍統一文字情報 親字・正字, ホップ数 1
U+6B53	𭭕	歡	reduction	mj-shrink-map	merge	MJ057887: 法務省戸籍法関連通達・通知, 種別 戸籍統一文字情報 親字・正字, ホップ数 1
U+6B54	歔	歔	compatibility	unicode-ucd	merge	6B54
U+6B54	𣤼	歔	reduction	mj-shrink-map	merge	MJ038643: 法務省戸籍法関連通達・通知, 種別 戸籍統一文字情報 親字・正字, ホップ数 1
U+6B54	𭭔	歔	reduction	mj-shrink-map	merge	MJ057886: 法務省戸籍法関連通達・通知, 種別 戸籍統一文字情報 親字・正字, ホップ数 1
U+6B63	𣥔	正	reduction	mj-shrink-map	merge	MJ038664: 法務省戸籍法関連通達・通知, 種別 戸籍統一文字情報 親字・正字, ホップ数 1
U+6B63	𧾸	正	reduction	mj-shrink-map	merge	MJ050008: 法務省戸籍法関連通達・通知, 種別 戸籍統一文字情報 親字・正字, ホップ数 1
U+6B64	𣥅	此	reduction	mj-shrink-map	merge	MJ038650: 法務省戸籍法関連通達・通知, 種別 戸籍統一文字情報 親字・正字, ホップ数 1
U+6B64	𬼘	此	reduction	mj-shrink-map	merge	MJ057888: 法務省戸籍法関連通達・通知, 種別 戸籍統一文字情報 親字・正字, ホップ数 1
U+6B66	𢎁	武	reduction	mj-shrink-map	merge	MJ035548: 法務省戸籍法関連通達・通知, 種別 戸籍統一文字情報 親字・正字, ホップ数 1
U+6B69	步	歩	reduction	mj-shrink-map	merge	MJ014827: 法務省戸籍法関連通達・通知, 種別 戸籍統一文字情報 親字・正字, ホップ数 1
U+6B69	歨	步	reduction	mj-shrink-map	merge	MJ014830: 法務省戸籍法関連通達・通知, 種別 戸籍統一文字情報 親字・正字, ホップ数 1
U+6B69	𡵯	步	reduction	mj-shrink-map	merge	MJ034510: 法務省戸籍法関連通達・通知, 種別 戸籍統一文字情報 親字・正字, ホップ数 1
U+6B6F	齒	歯	reduction	mj-shrink-map	merge	MJ030072: 法務省戸籍法関連通達・通知, 種別 戸籍統一文字情報 親字・正字, ホップ数 1
U+6B6F	𠔒	齒	reduction	mj-shrink-map	merge	MJ030993: 法務省戸籍法関連通達・通知, 種別 戸籍統一文字情報 親字・正字, ホップ数 1
U+6B6F	𠚒	齒	reduction	mj-shrink-map	merge	MJ031224: 法務省戸籍法関連通達・通知, 種別 戸籍統一文字情報 親字・正字, ホップ数 1
U+6B6F	𡽔	齒	reduction	mj-shrink-map	merge	MJ034804: 法務省戸籍法関連通達・通知, 種別 戸籍統一文字情報 親字・正字, ホップ数 1
U+6B6F	𣥫	齒	reduction	mj-shrink-map	merge	MJ038679: 法務省戸籍法関連通達・通知, 種別 戸籍統一文字情報 親字・正字, ホップ数 1
U+6B6F	𣦋	齒	reduction	mj-shrink-map	merge	MJ038704: 法務省戸籍法関連通達・通知, 種別 戸籍統一文字情報 親字・正字, ホップ数 1
U+6B6F	𣦗	齒	reduction	mj-shrink-map	merge	MJ038711: 法務省戸籍法関連通達・通知, 種別 戸籍統一文字情報 親字・正字, ホップ数 1
U+6B6F	𦥒	齒	reduction	mj-shrink-map	merge	MJ045969: 法務省戸籍法関連通達・通知, 種別 戸籍統一文字情報 親字・正字, ホップ数 1
U+6B6F	𦦂	齒	reduction	mj-shrink-map	merge	MJ046007: 法務省戸籍法関連通達・通知, 種別 戸籍統一文字情報 親字・正字, ホップ数 1
U+6B6F	𮮽	齒	reduction	mj-shrink-map	merge	MJ059282: 法務省戸籍法関連通達・通知, 種別 戸籍統一文字情報 親字・正字, ホップ数 1
U+6B73	歲	歲	compatibility	unicode-ucd	merge	6B72
U+6B73	歲	歳	itaiji	mj-kanji	merge	X0213 包摂
U+6B73	亗	歳	reduction	mj-shrink-map	merge	MJ006447: 法務省戸籍法関連通達・通知, 種別 戸籍統一文字情報 親字・正字, ホップ数 1
U+6B73	嵗	歳	reduction	mj-shrink-map	merge	MJ010619: 法務省戸籍法関連通達・通知, 種別 戸籍統一文字情報 親字・正字, ホップ数 1
U+6B73	歲	歳	reduction	mj-shrink-map	merge	MJ014841: 法務省戸籍法関連通達・通知, 種別 戸籍統一文字情報 親字・正字, ホップ数 1
U+6B73	𢧁	歳	reduction	mj-shrink-map	merge	MJ036579: 法務省戸籍法関連通達・通知, 種別 戸籍統一文字情報 親字・正字, ホップ数 1
U+6B73	𢧡	歳	reduction	mj-shrink-map	merge	MJ036589: 法務省戸籍法関連通達・通知, 種別 戸籍統一文字情報 親字・正字, ホップ数 1
U+6B73	𫞓	歳	reduction	mj-shrink-map	merge	MJ057896: 法務省戸籍法関連通達・通知, 種別 戸籍統一文字情報 親字・正字, ホップ数 1
U+6B74	歷	歷	compatibility	unicode-ucd	merge	6B77
U+6B74	歷	歴	reduction	mj-shrink-map	merge	MJ014848: 法務省戸籍法関連通達・通知, 種別 戸籍統一文字情報 親字・正字, ホップ数 1
U+6B74	𡿌	歷	reduction	mj-shrink-map	merge	MJ034880: 法務省戸籍法関連通達・通知, 種別 戸籍統一文字情報 親字・正字, ホップ数 1
U+6B74	𢊆	歷	reduction	mj-shrink-map	merge	MJ035388: 法務省戸籍法関連通達・通知, 種別 戸籍統一文字情報 親字・正字, ホップ数 1
U+6B79	歹	歹	compatibility	unicode-ucd	merge	6B79
U+6B7B	𠑾	死	reduction	mj-shrink-map	merge	MJ030910: 法務省戸籍法関連通達・通知, 種別 戸籍統一文字情報 親字・正字, ホップ数 1
U+6B7B	𣥴	死	reduction	mj-shrink-map	merge	MJ038686: 法務省戸籍法関連通達・通知, 種別 戸籍統一文字情報 親字・正字, ホップ数 1
U+6B7B	𤯽	死	reduction	mj-shrink-map	merge	MJ041324: 法務省戸籍法関連通達・通知, 種別 戸籍統一文字情報 親字・正字, ホップ数 1
U+6B7B	𦫺	死	reduction	mj-shrink-map	merge	MJ046279: 法務省戸籍法関連通達・通知, 種別 戸籍統一文字情報 親字・正字, ホップ数 1
U+6B7B	𦭀	死	reduction	mj-shrink-map	merge	MJ046335: 法務省戸籍法関連通達・通知, 種別 戸籍統一文字情報 親字・正字, ホップ数 1
U+6B7B	𭭾	死	reduction	mj-shrink-map	merge	MJ057900: 法務省戸籍法関連通達・通知, 種別 戸籍統一文字情報 親字・正字, ホップ数 1
U+6B7B	𭮀	死	reduction	mj-shrink-map	merge	MJ057903: 法務省戸籍法関連通達・通知, 種別 戸籍統一文字情報 親字・正字, ホップ数 1
U+6B7F	𣨏	歿	reduction	mj-shrink-map	merge	MJ038809: 法務省戸籍法関連通達・通知, 種別 戸籍統一文字情報 親字・正字, ホップ数 1
U+6B7F	𭮈	歿	reduction	mj-shrink-map	merge	MJ057905: 法務省戸籍法関連通達・通知, 種別 戸籍統一文字情報 親字・正字, ホップ数 1
U+6B82	𠹨	殂	reduction	mj-shrink-map	merge	MJ032480: 法務省戸籍法関連通達・通知, 種別 戸籍統一文字情報 親字・正字, ホップ数 1
U+6B82	𡲂	殂	reduction	mj-shrink-map	merge	MJ034370: 法務省戸籍法関連通達・通知, 種別 戸籍統一文字情報 親字・正字, ホップ数 1
U+6B82	𣧫	殂	reduction	mj-shrink-map	merge	MJ038779: 法務省戸籍法関連通達・通知, 種別 戸籍統一文字情報 親字・正字, ホップ数 1
U+6B82	𣨐	殂	reduction	mj-shrink-map	merge	MJ038810: 法務省戸籍法関連通達・通知, 種別 戸籍統一文字情報 親字・正字, ホップ数 1
U+6B82	𣨖	殂	reduction	mj-shrink-map	merge	MJ038814: 法務省戸籍法関連通達・通知, 種別 戸籍統一文字情報 親字・正字, ホップ数 1
U+6B83	𥙏	殃	reduction	mj-shrink-map	merge	MJ042997: 法務省戸籍法関連通達・通知, 種別 戸籍統一文字情報 親字・正字, ホップ数 1
U+6B84	𣦺	殄	reduction	mj-shrink-map	merge	MJ038736: 法務省戸籍法関連通達・通知, 種別 戸籍統一文字情報 親字・正字, ホップ数 1
U+6B84	𣧠	殄	reduction	mj-shrink-map	merge	MJ038768: 法務省戸籍法関連通達・通知, 種別 戸籍統一文字情報 親字・正字, ホップ数 1
U+6B84	𣧢	殄	reduction	mj-shrink-map	merge	MJ038770: 法務省戸籍法関連通達・通知, 種別 戸籍統一文字情報 親字・正字, ホップ数 1
U+6B89	𣧔	殉	reduction	mj-shrink-map	merge	MJ038758: 法務省戸籍法関連通達・通知, 種別 戸籍統一文字情報 親字・正字, ホップ数 1
U+6B8A	𡥛	殊	reduction	mj-shrink-map	merge	MJ033882: 法務省戸籍法関連通達・通知, 種別 戸籍統一文字情報 親字・正字, ホップ数 1
U+6B8B	殘	残	reduction	mj-shrink-map	merge	MJ014879: 法務省戸籍法関連通達・通知, 種別 戸籍統一文字情報 親字・正字, ホップ数 1
U+6B8B	𢾃	殘	reduction	mj-shrink-map	merge	MJ037325: 法務省戸籍法関連通達・通知, 種別 戸籍統一文字情報 親字・正字, ホップ数 1
U+6B8D	𣨈	殍	reduction	mj-shrink-map	merge	MJ038802: 法務省戸籍法関連通達・通知, 種別 戸籍統一文字情報 親字・正字, ホップ数 1
U+6B8D	𦖀	殍	reduction	mj-shrink-map	merge	MJ045368: 法務省戸籍法関連通達・通知, 種別 戸籍統一文字情報 親字・正字, ホップ数 1
U+6B8D	𦹡	殍	reduction	mj-shrink-map	merge	MJ046827: 法務省戸籍法関連通達・通知, 種別 戸籍統一文字情報 親字・正字, ホップ数 1
U+6B9F	殟	殟	compatibility	unicode-ucd	merge	6B9F
U+6BAA	𣨑	殪	reduction	mj-shrink-map	merge	MJ038811: 法務省戸籍法関連通達・通知, 種別 戸籍統一文字情報 親字・正字, ホップ数 1
U+6BAA	𣩉	殪	reduction	mj-shrink-map	merge	MJ038854: 法務省戸籍法関連通達・通知, 種別 戸籍統一文字情報 親字・正字, ホップ数 1
U+6BAE	殮	殮	compatibility	unicode-ucd	merge	6BAE
U+6BAE	㱨	殮	reduction	mj-shrink-map	merge	MJ001959: 法務省戸籍法関連通達・通知, 種別 戸籍統一文字情報 親字・正字, ホップ数 1
U+6BAF	𡒨	殯	reduction	mj-shrink-map	merge	MJ033231: 法務省戸籍法関連通達・通知, 種別 戸籍統一文字情報 親字・正字, ホップ数 1
U+6BB2	殱	殲	reduction	mj-shrink-map	merge	MJ014906: 法務省戸籍法関連通達・通知, 種別 戸籍統一文字情報 親字・正字, ホップ数 1
U+6BB2	殱	殲	variant	cjkvi-variants	corroborates	殱→殲 jisx0213/variant | 殲→殱 jisx0212/variant
U+6BB2	殱	殲	variant	wikidata	corroborates	Q109751456; P248 Q10427532 | Q109751457; P248 Q10427532
U+6BB2	殱	殲	equivalent	yitizi	corroborates	ytenx/JihThex.csv
U+6BB2	𣨦	殲	reduction	mj-shrink-map	merge	MJ038830: 法務省戸籍法関連通達・通知, 種別 戸籍統一文字情報 親字・正字, ホップ数 1
U+6BB3	𢎦	殳	reduction	mj-shrink-map	merge	MJ035582: 法務省戸籍法関連通達・通知, 種別 戸籍統一文字情報 親字・正字, ホップ数 1
U+6BB4	𣪅	毆	reduction	mj-shrink-map	merge	MJ038902: 法務省戸籍法関連通達・通知, 種別 戸籍統一文字情報 親字・正字, ホップ数 1
U+6BB5	𠩻	段	reduction	mj-shrink-map	merge	MJ031902: 法務省戸籍法関連通達・通知, 種別 戸籍統一文字情報 親字・正字, ホップ数 1
U+6BB5	𤖰	段	reduction	mj-shrink-map	merge	MJ040347: 法務省戸籍法関連通達・通知, 種別 戸籍統一文字情報 親字・正字, ホップ数 1
U+6BB5	𫨻	段	reduction	mj-shrink-map	merge	MJ057915: 法務省戸籍法関連通達・通知, 種別 戸籍統一文字情報 親字・正字, ホップ数 1
U+6BB5	𭮭	段	reduction	mj-shrink-map	merge	MJ057916: 法務省戸籍法関連通達・通知, 種別 戸籍統一文字情報 親字・正字, ホップ数 1
U+6BB7	𭮱	殷	reduction	mj-shrink-map	merge	MJ057920: 法務省戸籍法関連通達・通知, 種別 戸籍統一文字情報 親字・正字, ホップ数 1
U+6BBA	殺	殺	compatibility	unicode-ucd	merge	6BBA
U+6BBA	殺	殺	compatibility	unicode-ucd	merge	6BBA
U+6BBA	殺	殺	compatibility	unicode-ucd	merge	6BBA
U+6BBA	𠮁	殺	reduction	mj-shrink-map	merge	MJ032085: 法務省戸籍法関連通達・通知, 種別 戸籍統一文字情報 親字・正字, ホップ数 1
U+6BBA	𢁛	殺	reduction	mj-shrink-map	merge	MJ034984: 法務省戸籍法関連通達・通知, 種別 戸籍統一文字情報 親字・正字, ホップ数 1
U+6BBA	𢼡	殺	reduction	mj-shrink-map	merge	MJ037261: 法務省戸籍法関連通達・通知, 種別 戸籍統一文字情報 親字・正字, ホップ数 1
U+6BBA	𢼢	殺	reduction	mj-shrink-map	merge	MJ037262: 法務省戸籍法関連通達・通知, 種別 戸籍統一文字情報 親字・正字, ホップ数 1
U+6BBA	𢼯	殺	reduction	mj-shrink-map	merge	MJ037271: 法務省戸籍法関連通達・通知, 種別 戸籍統一文字情報 親字・正字, ホップ数 1
U+6BBA	𢽅	殺	reduction	mj-shrink-map	merge	MJ037287: 法務省戸籍法関連通達・通知, 種別 戸籍統一文字情報 親字・正字, ホップ数 1
U+6BBA	𢽆	殺	reduction	mj-shrink-map	merge	MJ037288: 法務省戸籍法関連通達・通知, 種別 戸籍統一文字情報 親字・正字, ホップ数 1
U+6BBA	𢽘	殺	reduction	mj-shrink-map	merge	MJ037296: 法務省戸籍法関連通達・通知, 種別 戸籍統一文字情報 親字・正字, ホップ数 1
U+6BBA	𢽮	殺	reduction	mj-shrink-map	merge	MJ037314: 法務省戸籍法関連通達・通知, 種別 戸籍統一文字情報 親字・正字, ホップ数 1
U+6BBA	𢽯	殺	reduction	mj-shrink-map	merge	MJ037315: 法務省戸籍法関連通達・通知, 種別 戸籍統一文字情報 親字・正字, ホップ数 1
U+6BBA	𢽺	殺	reduction	mj-shrink-map	merge	MJ037320: 法務省戸籍法関連通達・通知, 種別 戸籍統一文字情報 親字・正字, ホップ数 1
U+6BBA	𢾈	殺	reduction	mj-shrink-map	merge	MJ037330: 法務省戸籍法関連通達・通知, 種別 戸籍統一文字情報 親字・正字, ホップ数 1
U+6BBA	𢿔	殺	reduction	mj-shrink-map	merge	MJ037375: 法務省戸籍法関連通達・通知, 種別 戸籍統一文字情報 親字・正字, ホップ数 1
U+6BBA	𢿹	殺	reduction	mj-shrink-map	merge	MJ037401: 法務省戸籍法関連通達・通知, 種別 戸籍統一文字情報 親字・正字, ホップ数 1
U+6BBA	𣀎	殺	reduction	mj-shrink-map	merge	MJ037412: 法務省戸籍法関連通達・通知, 種別 戸籍統一文字情報 親字・正字, ホップ数 1
U+6BBA	𣏂	殺	reduction	mj-shrink-map	merge	MJ037931: 法務省戸籍法関連通達・通知, 種別 戸籍統一文字情報 親字・正字, ホップ数 1
U+6BBA	𣪆	殺	reduction	mj-shrink-map	merge	MJ038903: 法務省戸籍法関連通達・通知, 種別 戸籍統一文字情報 親字・正字, ホップ数 1
U+6BBA	𣪖	殺	reduction	mj-shrink-map	merge	MJ038912: 法務省戸籍法関連通達・通知, 種別 戸籍統一文字情報 親字・正字, ホップ数 1
U+6BBA	𣪩	殺	reduction	mj-shrink-map	merge	MJ038919: 法務省戸籍法関連通達・通知, 種別 戸籍統一文字情報 親字・正字, ホップ数 1
U+6BBA	𤔮	殺	reduction	mj-shrink-map	merge	MJ040254: 法務省戸籍法関連通達・通知, 種別 戸籍統一文字情報 親字・正字, ホップ数 1
U+6BBA	𧤿	殺	reduction	mj-shrink-map	merge	MJ048779: 法務省戸籍法関連通達・通知, 種別 戸籍統一文字情報 親字・正字, ホップ数 1
U+6BBA	𭣱	殺	reduction	mj-shrink-map	merge	MJ057590: 法務省戸籍法関連通達・通知, 種別 戸籍統一文字情報 親字・正字, ホップ数 1
U+6BBB	殻	殻	compatibility	unicode-ucd	merge	6BBB
U+6BBB	殼	殻	reduction	mj-shrink-map	merge	MJ014919: 法務省戸籍法関連通達・通知, 種別 戸籍統一文字情報 親字・正字, ホップ数 1
U+6BBB	𨖣	殼	reduction	mj-shrink-map	merge	MJ051025: 法務省戸籍法関連通達・通知, 種別 戸籍統一文字情報 親字・正字, ホップ数 1
U+6BBF	𣪍	𣪍	compatibility	unicode-ucd	merge	23A8D
U+6BBF	𣪍	殿	reduction	mj-shrink-map	merge	MJ038908: 法務省戸籍法関連通達・通知, 種別 戸籍統一文字情報 親字・正字, ホップ数 1
U+6BBF	𭮺	殿	reduction	mj-shrink-map	merge	MJ057926: 法務省戸籍法関連通達・通知, 種別 戸籍統一文字情報 親字・正字, ホップ数 1
U+6BC0	䃣	䃣	compatibility	unicode-ucd	merge	40E3
U+6BC0	䃣	毀	reduction	mj-shrink-map	merge	MJ003006: 法務省戸籍法関連通達・通知, 種別 戸籍統一文字情報 親字・正字, ホップ数 1
U+6BC0	𡒂	毀	reduction	mj-shrink-map	merge	MJ033212: 法務省戸籍法関連通達・通知, 種別 戸籍統一文字情報 親字・正字, ホップ数 1
U+6BC0	𢾌	毀	reduction	mj-shrink-map	merge	MJ037331: 法務省戸籍法関連通達・通知, 種別 戸籍統一文字情報 親字・正字, ホップ数 1
U+6BC0	𣪷	毀	reduction	mj-shrink-map	merge	MJ038928: 法務省戸籍法関連通達・通知, 種別 戸籍統一文字情報 親字・正字, ホップ数 1
U+6BC0	𭮳	毀	reduction	mj-shrink-map	merge	MJ057924: 法務省戸籍法関連通達・通知, 種別 戸籍統一文字情報 親字・正字, ホップ数 1
U+6BC5	䝘	毅	reduction	mj-shrink-map	merge	MJ004704: 法務省戸籍法関連通達・通知, 種別 戸籍統一文字情報 親字・正字, ホップ数 1
U+6BC5	𣪣	毅	reduction	mj-shrink-map	merge	MJ038918: 法務省戸籍法関連通達・通知, 種別 戸籍統一文字情報 親字・正字, ホップ数 1
U+6BC5	𣪴	毅	reduction	mj-shrink-map	merge	MJ057925: 法務省戸籍法関連通達・通知, 種別 戸籍統一文字情報 親字・正字, ホップ数 1
U+6BC5	𣫖	毅	reduction	mj-shrink-map	merge	MJ038942: 法務省戸籍法関連通達・通知, 種別 戸籍統一文字情報 親字・正字, ホップ数 1
U+6BC5	𣫚	毅	reduction	mj-shrink-map	merge	MJ038945: 法務省戸籍法関連通達・通知, 種別 戸籍統一文字情報 親字・正字, ホップ数 1
U+6BC7	𥶵	毇	reduction	mj-shrink-map	merge	MJ044101: 法務省戸籍法関連通達・通知, 種別 戸籍統一文字情報 親字・正字, ホップ数 1
U+6BC7	𥽿	毇	reduction	mj-shrink-map	merge	MJ044390: 法務省戸籍法関連通達・通知, 種別 戸籍統一文字情報 親字・正字, ホップ数 1
U+6BC8	㱭	毈	reduction	mj-shrink-map	merge	MJ001963: 法務省戸籍法関連通達・通知, 種別 戸籍統一文字情報 親字・正字, ホップ数 1
U+6BCE	每	毎	reduction	mj-shrink-map	merge	MJ014940: 法務省戸籍法関連通達・通知, 種別 戸籍統一文字情報 親字・正字, ホップ数 1
U+6BD2	𡴛	毒	reduction	mj-shrink-map	merge	MJ034457: 法務省戸籍法関連通達・通知, 種別 戸籍統一文字情報 親字・正字, ホップ数 1
U+6BD2	𡹆	毒	reduction	mj-shrink-map	merge	MJ034644: 法務省戸籍法関連通達・通知, 種別 戸籍統一文字情報 親字・正字, ホップ数 1
U+6BD2	𥲮	毒	reduction	mj-shrink-map	merge	MJ043939: 法務省戸籍法関連通達・通知, 種別 戸籍統一文字情報 親字・正字, ホップ数 1
U+6BD2	𦸕	毒	reduction	mj-shrink-map	merge	MJ046777: 法務省戸籍法関連通達・通知, 種別 戸籍統一文字情報 親字・正字, ホップ数 1
U+6BD2	𧉉	毒	reduction	mj-shrink-map	merge	MJ047485: 法務省戸籍法関連通達・通知, 種別 戸籍統一文字情報 親字・正字, ホップ数 1
U+6BD4	夶	比	reduction	mj-shrink-map	merge	MJ009466: 法務省戸籍法関連通達・通知, 種別 戸籍統一文字情報 親字・正字, ホップ数 1
U+6BD4	𣬅	比	reduction	mj-shrink-map	merge	MJ038974: 法務省戸籍法関連通達・通知, 種別 戸籍統一文字情報 親字・正字, ホップ数 1
U+6BD7	𣬈	毗	reduction	mj-shrink-map	merge	MJ038976: 法務省戸籍法関連通達・通知, 種別 戸籍統一文字情報 親字・正字, ホップ数 1
U+6BD7	𣬖	毗	reduction	mj-shrink-map	merge	MJ038988: 法務省戸籍法関連通達・通知, 種別 戸籍統一文字情報 親字・正字, ホップ数 1
U+6BDA	㺥	毚	reduction	mj-shrink-map	merge	MJ002479: 法務省戸籍法関連通達・通知, 種別 戸籍統一文字情報 親字・正字, ホップ数 1
U+6BDA	𭀰	毚	reduction	mj-shrink-map	merge	MJ056977: 法務省戸籍法関連通達・通知, 種別 戸籍統一文字情報 親字・正字, ホップ数 1
U+6BDA	𭀱	毚	reduction	mj-shrink-map	merge	MJ056978: 法務省戸籍法関連通達・通知, 種別 戸籍統一文字情報 親字・正字, ホップ数 1
U+6BDB	㧌	毛	reduction	mj-shrink-map	merge	MJ001345: 法務省戸籍法関連通達・通知, 種別 戸籍統一文字情報 親字・正字, ホップ数 1
U+6BDF	毮	毟	reduction	mj-shrink-map	merge	MJ014968: 法務省戸籍法関連通達・通知, 種別 戸籍統一文字情報 親字・正字, ホップ数 1
U+6BE6	𣭞	毦	reduction	mj-shrink-map	merge	MJ039023: 法務省戸籍法関連通達・通知, 種別 戸籍統一文字情報 親字・正字, ホップ数 1
U+6BEB	𡨉	毫	reduction	mj-shrink-map	merge	MJ033989: 法務省戸籍法関連通達・通知, 種別 戸籍統一文字情報 親字・正字, ホップ数 1
U+6BEC	皳	毬	reduction	mj-shrink-map	merge	MJ018050: 法務省戸籍法関連通達・通知, 種別 戸籍統一文字情報 親字・正字, ホップ数 1
U+6BEC	𣭳	毬	reduction	mj-shrink-map	merge	MJ039033: 法務省戸籍法関連通達・通知, 種別 戸籍統一文字情報 親字・正字, ホップ数 1
U+6BEF	㲜	毯	reduction	mj-shrink-map	merge	MJ002007: 法務省戸籍法関連通達・通知, 種別 戸籍統一文字情報 親字・正字, ホップ数 1
U+6BEF	𦁔	毯	reduction	mj-shrink-map	merge	MJ044517: 法務省戸籍法関連通達・通知, 種別 戸籍統一文字情報 親字・正字, ホップ数 1
U+6BF3	𣯝	毳	reduction	mj-shrink-map	merge	MJ039094: 法務省戸籍法関連通達・通知, 種別 戸籍統一文字情報 親字・正字, ホップ数 1
U+6BFF	𣯺	毿	reduction	mj-shrink-map	merge	MJ039115: 法務省戸籍法関連通達・通知, 種別 戸籍統一文字情報 親字・正字, ホップ数 1
U+6C02	㲠	氂	reduction	mj-shrink-map	merge	MJ002011: 法務省戸籍法関連通達・通知, 種別 戸籍統一文字情報 親字・正字, ホップ数 1
U+6C02	𣮋	氂	reduction	mj-shrink-map	merge	MJ039049: 法務省戸籍法関連通達・通知, 種別 戸籍統一文字情報 親字・正字, ホップ数 1
U+6C05	𣰉	氅	reduction	mj-shrink-map	merge	MJ039122: 法務省戸籍法関連通達・通知, 種別 戸籍統一文字情報 親字・正字, ホップ数 1
U+6C08	氊	氈	reduction	mj-shrink-map	merge	MJ014998: 法務省戸籍法関連通達・通知, 種別 戸籍統一文字情報 親字・正字, ホップ数 1
U+6C08	𣰔	氈	reduction	mj-shrink-map	merge	MJ039129: 法務省戸籍法関連通達・通知, 種別 戸籍統一文字情報 親字・正字, ホップ数 1
U+6C08	𩎄	氈	reduction	mj-shrink-map	merge	MJ053288: 法務省戸籍法関連通達・通知, 種別 戸籍統一文字情報 親字・正字, ホップ数 1
U+6C08	𩯤	氊	reduction	mj-shrink-map	merge	MJ054816: 法務省戸籍法関連通達・通知, 種別 戸籍統一文字情報 親字・正字, ホップ数 1
U+6C0E	𣯉	氎	reduction	mj-shrink-map	merge	MJ039083: 法務省戸籍法関連通達・通知, 種別 戸籍統一文字情報 親字・正字, ホップ数 1
U+6C0E	𣰭	氎	reduction	mj-shrink-map	merge	MJ039146: 法務省戸籍法関連通達・通知, 種別 戸籍統一文字情報 親字・正字, ホップ数 1
U+6C0E	𣰸	氎	reduction	mj-shrink-map	merge	MJ039151: 法務省戸籍法関連通達・通知, 種別 戸籍統一文字情報 親字・正字, ホップ数 1
U+6C0E	𧟕	氎	reduction	mj-shrink-map	merge	MJ048507: 法務省戸籍法関連通達・通知, 種別 戸籍統一文字情報 親字・正字, ホップ数 1
U+6C0F	𠂩	氏	reduction	mj-shrink-map	merge	MJ030393: 法務省戸籍法関連通達・通知, 種別 戸籍統一文字情報 親字・正字, ホップ数 1
U+6C0F	𫞕	氏	reduction	mj-shrink-map	merge	MJ057933: 法務省戸籍法関連通達・通知, 種別 戸籍統一文字情報 親字・正字, ホップ数 1
U+6C10	𢎮	氐	reduction	mj-shrink-map	merge	MJ035593: 法務省戸籍法関連通達・通知, 種別 戸籍統一文字情報 親字・正字, ホップ数 1
U+6C11	𠘽	民	reduction	mj-shrink-map	merge	MJ031171: 法務省戸籍法関連通達・通知, 種別 戸籍統一文字情報 親字・正字, ホップ数 1
U+6C11	𡻾	民	reduction	mj-shrink-map	merge	MJ034754: 法務省戸籍法関連通達・通知, 種別 戸籍統一文字情報 親字・正字, ホップ数 1
U+6C11	𫞖	民	reduction	mj-shrink-map	merge	MJ057934: 法務省戸籍法関連通達・通知, 種別 戸籍統一文字情報 親字・正字, ホップ数 1
U+6C17	氣	気	reduction	mj-shrink-map	merge	MJ015020: 法務省戸籍法関連通達・通知, 種別 戸籍統一文字情報 親字・正字, ホップ数 1
U+6C17	𣱖	氣	reduction	mj-shrink-map	merge	MJ039171: 法務省戸籍法関連通達・通知, 種別 戸籍統一文字情報 親字・正字, ホップ数 1
U+6C17	𤽍	氣	reduction	mj-shrink-map	merge	MJ041893: 法務省戸籍法関連通達・通知, 種別 戸籍統一文字情報 親字・正字, ホップ数 1
U+6C1B	𣱦	氛	reduction	mj-shrink-map	merge	MJ039180: 法務省戸籍法関連通達・通知, 種別 戸籍統一文字情報 親字・正字, ホップ数 1
U+6C1B	𩃼	氛	reduction	mj-shrink-map	merge	MJ052809: 法務省戸籍法関連通達・通知, 種別 戸籍統一文字情報 親字・正字, ホップ数 1
U+6C24	𣱜	氤	reduction	mj-shrink-map	merge	MJ039175: 法務省戸籍法関連通達・通知, 種別 戸籍統一文字情報 親字・正字, ホップ数 1
U+6C34	𣸕	水	reduction	mj-shrink-map	merge	MJ039427: 法務省戸籍法関連通達・通知, 種別 戸籍統一文字情報 親字・正字, ホップ数 1
U+6C38	𠘷	永	reduction	mj-shrink-map	merge	MJ031166: 法務省戸籍法関連通達・通知, 種別 戸籍統一文字情報 親字・正字, ホップ数 1
U+6C38	𣱵	永	reduction	mj-shrink-map	merge	MJ039189: 法務省戸籍法関連通達・通知, 種別 戸籍統一文字情報 親字・正字, ホップ数 1
U+6C38	𬽃	永	reduction	mj-shrink-map	merge	MJ056887: 法務省戸籍法関連通達・通知, 種別 戸籍統一文字情報 親字・正字, ホップ数 1
U+6C3F	𣲼	𣲼	compatibility	unicode-ucd	merge	23CBC
U+6C3F	𣲼	氿	reduction	mj-shrink-map	merge	MJ039230: 法務省戸籍法関連通達・通知, 種別 戸籍統一文字情報 親字・正字, ホップ数 1
U+6C40	𢆊	汀	reduction	mj-shrink-map	merge	MJ035214: 法務省戸籍法関連通達・通知, 種別 戸籍統一文字情報 親字・正字, ホップ数 1
U+6C4E	汎	汎	compatibility	unicode-ucd	merge	6C4E
U+6C50	𣲠	汐	reduction	mj-shrink-map	merge	MJ039214: 法務省戸籍法関連通達・通知, 種別 戸籍統一文字情報 親字・正字, ホップ数 1
U+6C5A	汙	汚	reduction	mj-shrink-map	merge	MJ015074: 法務省戸籍法関連通達・通知, 種別 戸籍統一文字情報 親字・正字, ホップ数 1
U+6C5A	𣱴	汚	reduction	mj-shrink-map	merge	MJ039188: 法務省戸籍法関連通達・通知, 種別 戸籍統一文字情報 親字・正字, ホップ数 1
U+6C5A	𣴰	汙	reduction	mj-shrink-map	merge	MJ039300: 法務省戸籍法関連通達・通知, 種別 戸籍統一文字情報 親字・正字, ホップ数 1
U+6C5A	𣽏	汙	reduction	mj-shrink-map	merge	MJ039560: 法務省戸籍法関連通達・通知, 種別 戸籍統一文字情報 親字・正字, ホップ数 1
U+6C67	汧	汧	compatibility	unicode-ucd	merge	6C67
U+6C6A	㳹	汪	reduction	mj-shrink-map	merge	MJ002085: 法務省戸籍法関連通達・通知, 種別 戸籍統一文字情報 親字・正字, ホップ数 1
U+6C6A	𣳫	汪	reduction	mj-shrink-map	merge	MJ039258: 法務省戸籍法関連通達・通知, 種別 戸籍統一文字情報 親字・正字, ホップ数 1
U+6C76	𣊽	汶	reduction	mj-shrink-map	merge	MJ037807: 法務省戸籍法関連通達・通知, 種別 戸籍統一文字情報 親字・正字, ホップ数 1
U+6C76	𣶌	汶	reduction	mj-shrink-map	merge	MJ039351: 法務省戸籍法関連通達・通知, 種別 戸籍統一文字情報 親字・正字, ホップ数 1
U+6C7A	𣲺	決	reduction	mj-shrink-map	merge	MJ039228: 法務省戸籍法関連通達・通知, 種別 戸籍統一文字情報 親字・正字, ホップ数 1
U+6C83	𣵽	沃	reduction	mj-shrink-map	merge	MJ039336: 法務省戸籍法関連通達・通知, 種別 戸籍統一文字情報 親字・正字, ホップ数 1
U+6C88	沈	沈	compatibility	unicode-ucd	merge	6C88
U+6C88	邥	沈	reduction	mj-shrink-map	merge	MJ026241: 法務省戸籍法関連通達・通知, 種別 戸籍統一文字情報 親字・正字, ホップ数 1
U+6C8C	𣲃	沌	reduction	mj-shrink-map	merge	MJ039200: 法務省戸籍法関連通達・通知, 種別 戸籍統一文字情報 親字・正字, ホップ数 1
U+6C92	𣇶	沒	reduction	mj-shrink-map	merge	MJ037725: 法務省戸籍法関連通達・通知, 種別 戸籍統一文字情報 親字・正字, ホップ数 1
U+6C92	𦐲	沒	reduction	mj-shrink-map	merge	MJ045145: 法務省戸籍法関連通達・通知, 種別 戸籍統一文字情報 親字・正字, ホップ数 1
U+6C93	𠴲	沓	reduction	mj-shrink-map	merge	MJ032317: 法務省戸籍法関連通達・通知, 種別 戸籍統一文字情報 親字・正字, ホップ数 1
U+6C96	浺	沖	reduction	mj-shrink-map	merge	MJ015375: 法務省戸籍法関連通達・通知, 種別 戸籍統一文字情報 親字・正字, ホップ数 1
U+6C99	𡋷	沙	reduction	mj-shrink-map	merge	MJ033031: 法務省戸籍法関連通達・通知, 種別 戸籍統一文字情報 親字・正字, ホップ数 1
U+6C99	𣲡	沙	reduction	mj-shrink-map	merge	MJ039215: 法務省戸籍法関連通達・通知, 種別 戸籍統一文字情報 親字・正字, ホップ数 1
U+6C9B	㳈	沛	reduction	mj-shrink-map	merge	MJ002046: 法務省戸籍法関連通達・通知, 種別 戸籍統一文字情報 親字・正字, ホップ数 1
U+6CA2	澤	沢	reduction	mj-shrink-map	merge	MJ016002: 法務省戸籍法関連通達・通知, 種別 戸籍統一文字情報 親字・正字, ホップ数 1
U+6CA2	𤀎	澤	reduction	mj-shrink-map	merge	MJ039654: 法務省戸籍法関連通達・通知, 種別 戸籍統一文字情報 親字・正字, ホップ数 1
U+6CB1	沲	沱	reduction	mj-shrink-map	merge	MJ015172: 法務省戸籍法関連通達・通知, 種別 戸籍統一文字情報 親字・正字, ホップ数 1
U+6CB1	𣵺	沱	reduction	mj-shrink-map	merge	MJ039334: 法務省戸籍法関連通達・通知, 種別 戸籍統一文字情報 親字・正字, ホップ数 1
U+6CB1	𣵻	沱	reduction	mj-shrink-map	merge	MJ039335: 法務省戸籍法関連通達・通知, 種別 戸籍統一文字情報 親字・正字, ホップ数 1
U+6CB3	𢀎	河	reduction	mj-shrink-map	merge	MJ034938: 法務省戸籍法関連通達・通知, 種別 戸籍統一文字情報 親字・正字, ホップ数 1
U+6CB8	𣲴	沸	reduction	mj-shrink-map	merge	MJ039222: 法務省戸籍法関連通達・通知, 種別 戸籍統一文字情報 親字・正字, ホップ数 1
U+6CBB	𡭒	治	reduction	mj-shrink-map	merge	MJ034190: 法務省戸籍法関連通達・通知, 種別 戸籍統一文字情報 親字・正字, ホップ数 1
U+6CBB	𦠋	治	reduction	mj-shrink-map	merge	MJ045757: 法務省戸籍法関連通達・通知, 種別 戸籍統一文字情報 親字・正字, ホップ数 1
U+6CBF	沿	沿	compatibility	unicode-ucd	merge	6CBF
U+6CC4	𣲟	泄	reduction	mj-shrink-map	merge	MJ039213: 法務省戸籍法関連通達・通知, 種別 戸籍統一文字情報 親字・正字, ホップ数 1
U+6CC4	𣳘	泄	reduction	mj-shrink-map	merge	MJ039242: 法務省戸籍法関連通達・通知, 種別 戸籍統一文字情報 親字・正字, ホップ数 1
U+6CC5	汓	泅	reduction	mj-shrink-map	merge	MJ015068: 法務省戸籍法関連通達・通知, 種別 戸籍統一文字情報 親字・正字, ホップ数 1
U+6CC9	㟫	泉	reduction	mj-shrink-map	merge	MJ000884: 法務省戸籍法関連通達・通知, 種別 戸籍統一文字情報 親字・正字, ホップ数 1
U+6CC9	洤	泉	reduction	mj-shrink-map	merge	MJ015295: 法務省戸籍法関連通達・通知, 種別 戸籍統一文字情報 親字・正字, ホップ数 1
U+6CC9	湶	泉	reduction	mj-shrink-map	merge	MJ015652: 法務省戸籍法関連通達・通知, 種別 戸籍統一文字情報 親字・正字, ホップ数 1
U+6CC9	泉	湶	variant	cjkvi-variants	corroborates	泉→湶 hydzd/variant | 泉→湶 twedu/variant
U+6CC9	泉	湶	variant	wikidata	corroborates	Q109752622; P248 Q10427532 | Q54911968; P248 Q10427532
U+6CC9	𣹻	泉	reduction	mj-shrink-map	merge	MJ039482: 法務省戸籍法関連通達・通知, 種別 戸籍統一文字情報 親字・正字, ホップ数 1
U+6CC9	𤽇	泉	reduction	mj-shrink-map	merge	MJ041887: 法務省戸籍法関連通達・通知, 種別 戸籍統一文字情報 親字・正字, ホップ数 1
U+6CCC	泌	泌	compatibility	unicode-ucd	merge	6CCC
U+6CCD	泍	泍	compatibility	unicode-ucd	merge	6CCD
U+6CD3	𣴦	泓	reduction	mj-shrink-map	merge	MJ039291: 法務省戸籍法関連通達・通知, 種別 戸籍統一文字情報 親字・正字, ホップ数 1
U+6CD4	粓	泔	reduction	mj-shrink-map	merge	MJ019831: 法務省戸籍法関連通達・通知, 種別 戸籍統一文字情報 親字・正字, ホップ数 1
U+6CD5	佱	法	reduction	mj-shrink-map	merge	MJ006668: 法務省戸籍法関連通達・通知, 種別 戸籍統一文字情報 親字・正字, ホップ数 1
U+6CD5	𣳴	法	reduction	mj-shrink-map	merge	MJ039269: 法務省戸籍法関連通達・通知, 種別 戸籍統一文字情報 親字・正字, ホップ数 1
U+6CDB	𣳋	泛	reduction	mj-shrink-map	merge	MJ039240: 法務省戸籍法関連通達・通知, 種別 戸籍統一文字情報 親字・正字, ホップ数 1
U+6CDD	𣳙	泝	reduction	mj-shrink-map	merge	MJ039243: 法務省戸籍法関連通達・通知, 種別 戸籍統一文字情報 親字・正字, ホップ数 1
U+6CDD	𣴔	泝	reduction	mj-shrink-map	merge	MJ039280: 法務省戸籍法関連通達・通知, 種別 戸籍統一文字情報 親字・正字, ホップ数 1
U+6CE2	𣴫	波	reduction	mj-shrink-map	merge	MJ039295: 法務省戸籍法関連通達・通知, 種別 戸籍統一文字情報 親字・正字, ホップ数 1
U+6CE3	𣲔	泣	reduction	mj-shrink-map	merge	MJ039208: 法務省戸籍法関連通達・通知, 種別 戸籍統一文字情報 親字・正字, ホップ数 1
U+6CE5	泥	泥	compatibility	unicode-ucd	merge	6CE5
U+6CE5	埿	泥	reduction	mj-shrink-map	merge	MJ009120: 法務省戸籍法関連通達・通知, 種別 戸籍統一文字情報 親字・正字, ホップ数 1
U+6CE5	𡊴	泥	reduction	mj-shrink-map	merge	MJ032995: 法務省戸籍法関連通達・通知, 種別 戸籍統一文字情報 親字・正字, ホップ数 1
U+6CE5	𡌰	泥	reduction	mj-shrink-map	merge	MJ033060: 法務省戸籍法関連通達・通知, 種別 戸籍統一文字情報 親字・正字, ホップ数 1
U+6CED	𣻜	泭	reduction	mj-shrink-map	merge	MJ039518: 法務省戸籍法関連通達・通知, 種別 戸籍統一文字情報 親字・正字, ホップ数 1
U+6CEE	沜	泮	reduction	mj-shrink-map	merge	MJ015154: 法務省戸籍法関連通達・通知, 種別 戸籍統一文字情報 親字・正字, ホップ数 1
U+6CEE	頖	泮	reduction	mj-shrink-map	merge	MJ028178: 法務省戸籍法関連通達・通知, 種別 戸籍統一文字情報 親字・正字, ホップ数 1
U+6CEE	𣳝	泮	reduction	mj-shrink-map	merge	MJ039246: 法務省戸籍法関連通達・通知, 種別 戸籍統一文字情報 親字・正字, ホップ数 1
U+6CF0	㤗	泰	reduction	mj-shrink-map	merge	MJ001164: 法務省戸籍法関連通達・通知, 種別 戸籍統一文字情報 親字・正字, ホップ数 1
U+6CF0	𡙌	泰	reduction	mj-shrink-map	merge	MJ033480: 法務省戸籍法関連通達・通知, 種別 戸籍統一文字情報 親字・正字, ホップ数 1
U+6CF0	𣳾	泰	reduction	mj-shrink-map	merge	MJ039272: 法務省戸籍法関連通達・通知, 種別 戸籍統一文字情報 親字・正字, ホップ数 1
U+6D04	𭰁	洄	reduction	mj-shrink-map	merge	MJ057941: 法務省戸籍法関連通達・通知, 種別 戸籍統一文字情報 親字・正字, ホップ数 1
U+6D0C	𣶄	洌	reduction	mj-shrink-map	merge	MJ039343: 法務省戸籍法関連通達・通知, 種別 戸籍統一文字情報 親字・正字, ホップ数 1
U+6D0C	𣸟	洌	reduction	mj-shrink-map	merge	MJ039437: 法務省戸籍法関連通達・通知, 種別 戸籍統一文字情報 親字・正字, ホップ数 1
U+6D12	𣶓	洒	reduction	mj-shrink-map	merge	MJ039358: 法務省戸籍法関連通達・通知, 種別 戸籍統一文字情報 親字・正字, ホップ数 1
U+6D12	𣹍	洒	reduction	mj-shrink-map	merge	MJ039450: 法務省戸籍法関連通達・通知, 種別 戸籍統一文字情報 親字・正字, ホップ数 1
U+6D16	洖	洖	compatibility	unicode-ucd	merge	6D16
U+6D1B	洛	洛	compatibility	unicode-ucd	merge	6D1B
U+6D1B	洜	洛	reduction	mj-shrink-map	merge	MJ015287: 法務省戸籍法関連通達・通知, 種別 戸籍統一文字情報 親字・正字, ホップ数 1
U+6D1E	洞	洞	compatibility	unicode-ucd	merge	6D1E
U+6D25	冿	津	reduction	mj-shrink-map	merge	MJ007381: 法務省戸籍法関連通達・通知, 種別 戸籍統一文字情報 親字・正字, ホップ数 1
U+6D25	𣸁	津	reduction	mj-shrink-map	merge	MJ039407: 法務省戸籍法関連通達・通知, 種別 戸籍統一文字情報 親字・正字, ホップ数 1
U+6D25	𦨱	津	reduction	mj-shrink-map	merge	MJ046134: 法務省戸籍法関連通達・通知, 種別 戸籍統一文字情報 親字・正字, ホップ数 1
U+6D25	𦩏	津	reduction	mj-shrink-map	merge	MJ046156: 法務省戸籍法関連通達・通知, 種別 戸籍統一文字情報 親字・正字, ホップ数 1
U+6D25	𦩦	津	reduction	mj-shrink-map	merge	MJ046170: 法務省戸籍法関連通達・通知, 種別 戸籍統一文字情報 親字・正字, ホップ数 1
U+6D25	𦩨	津	reduction	mj-shrink-map	merge	MJ046172: 法務省戸籍法関連通達・通知, 種別 戸籍統一文字情報 親字・正字, ホップ数 1
U+6D25	𨔥	津	reduction	mj-shrink-map	merge	MJ050971: 法務省戸籍法関連通達・通知, 種別 戸籍統一文字情報 親字・正字, ホップ数 1
U+6D26	湐	洦	reduction	mj-shrink-map	merge	MJ015603: 法務省戸籍法関連通達・通知, 種別 戸籍統一文字情報 親字・正字, ホップ数 1
U+6D26	𣶊	洦	reduction	mj-shrink-map	merge	MJ039349: 法務省戸籍法関連通達・通知, 種別 戸籍統一文字情報 親字・正字, ホップ数 1
U+6D2A	潂	洪	reduction	mj-shrink-map	merge	MJ015884: 法務省戸籍法関連通達・通知, 種別 戸籍統一文字情報 親字・正字, ホップ数 1
U+6D2E	𣴧	洮	reduction	mj-shrink-map	merge	MJ039292: 法務省戸籍法関連通達・通知, 種別 戸籍統一文字情報 親字・正字, ホップ数 1
U+6D32	𭰐	洲	reduction	mj-shrink-map	merge	MJ057946: 法務省戸籍法関連通達・通知, 種別 戸籍統一文字情報 親字・正字, ホップ数 1
U+6D34	洴	洴	compatibility	unicode-ucd	merge	6D34
U+6D36	𣶑	洶	reduction	mj-shrink-map	merge	MJ039356: 法務省戸籍法関連通達・通知, 種別 戸籍統一文字情報 親字・正字, ホップ数 1
U+6D38	𣴕	洸	reduction	mj-shrink-map	merge	MJ039281: 法務省戸籍法関連通達・通知, 種別 戸籍統一文字情報 親字・正字, ホップ数 1
U+6D39	𣵨	洹	reduction	mj-shrink-map	merge	MJ039327: 法務省戸籍法関連通達・通知, 種別 戸籍統一文字情報 親字・正字, ホップ数 1
U+6D3B	𣴠	活	reduction	mj-shrink-map	merge	MJ039285: 法務省戸籍法関連通達・通知, 種別 戸籍統一文字情報 親字・正字, ホップ数 1
U+6D3B	𣽅	活	reduction	mj-shrink-map	merge	MJ039552: 法務省戸籍法関連通達・通知, 種別 戸籍統一文字情報 親字・正字, ホップ数 1
U+6D3B	𣿛	活	reduction	mj-shrink-map	merge	MJ039634: 法務省戸籍法関連通達・通知, 種別 戸籍統一文字情報 親字・正字, ホップ数 1
U+6D3C	𣵾	洼	reduction	mj-shrink-map	merge	MJ039337: 法務省戸籍法関連通達・通知, 種別 戸籍統一文字情報 親字・正字, ホップ数 1
U+6D3E	派	派	compatibility	unicode-ucd	merge	6D3E
U+6D41	流	流	compatibility	unicode-ucd	merge	6D41
U+6D41	流	流	compatibility	unicode-ucd	merge	6D41
U+6D41	流	流	compatibility	unicode-ucd	merge	6D41
U+6D41	㳅	流	reduction	mj-shrink-map	merge	MJ002044: 法務省戸籍法関連通達・通知, 種別 戸籍統一文字情報 親字・正字, ホップ数 1
U+6D41	𡵰	流	reduction	mj-shrink-map	merge	MJ034511: 法務省戸籍法関連通達・通知, 種別 戸籍統一文字情報 親字・正字, ホップ数 1
U+6D41	𣴑	流	reduction	mj-shrink-map	merge	MJ039278: 法務省戸籍法関連通達・通知, 種別 戸籍統一文字情報 親字・正字, ホップ数 1
U+6D41	𣹭	流	reduction	mj-shrink-map	merge	MJ039469: 法務省戸籍法関連通達・通知, 種別 戸籍統一文字情報 親字・正字, ホップ数 1
U+6D41	𣹳	流	reduction	mj-shrink-map	merge	MJ039474: 法務省戸籍法関連通達・通知, 種別 戸籍統一文字情報 親字・正字, ホップ数 1
U+6D44	淨	浄	reduction	mj-shrink-map	merge	MJ015488: 法務省戸籍法関連通達・通知, 種別 戸籍統一文字情報 親字・正字, ホップ数 1
U+6D44	𤂅	淨	reduction	mj-shrink-map	merge	MJ039719: 法務省戸籍法関連通達・通知, 種別 戸籍統一文字情報 親字・正字, ホップ数 1
U+6D45	淺	浅	reduction	mj-shrink-map	merge	MJ015510: 法務省戸籍法関連通達・通知, 種別 戸籍統一文字情報 親字・正字, ホップ数 1
U+6D45	𣻝	淺	reduction	mj-shrink-map	merge	MJ039519: 法務省戸籍法関連通達・通知, 種別 戸籍統一文字情報 親字・正字, ホップ数 1
U+6D45	𤄻	淺	reduction	mj-shrink-map	merge	MJ039805: 法務省戸籍法関連通達・通知, 種別 戸籍統一文字情報 親字・正字, ホップ数 1
U+6D45	𭰦	淺	reduction	mj-shrink-map	merge	MJ057951: 法務省戸籍法関連通達・通知, 種別 戸籍統一文字情報 親字・正字, ホップ数 1
U+6D5B	澏	浛	reduction	mj-shrink-map	merge	MJ015981: 法務省戸籍法関連通達・通知, 種別 戸籍統一文字情報 親字・正字, ホップ数 1
U+6D5B	𣻦	浛	reduction	mj-shrink-map	merge	MJ039526: 法務省戸籍法関連通達・通知, 種別 戸籍統一文字情報 親字・正字, ホップ数 1
U+6D5C	濱	浜	reduction	mj-shrink-map	merge	MJ016101: 法務省戸籍法関連通達・通知, 種別 戸籍統一文字情報 親字・正字, ホップ数 1
U+6D5C	濵	浜	reduction	mj-shrink-map	merge	MJ016106: 法務省戸籍法関連通達・通知, 種別 戸籍統一文字情報 親字・正字, ホップ数 1
U+6D5C	𣴩	濱	reduction	mj-shrink-map	merge	MJ039293: 法務省戸籍法関連通達・通知, 種別 戸籍統一文字情報 親字・正字, ホップ数 1
U+6D5C	𨽗	濱	reduction	mj-shrink-map	merge	MJ052479: 法務省戸籍法関連通達・通知, 種別 戸籍統一文字情報 親字・正字, ホップ数 1
U+6D69	浩	浩	compatibility	unicode-ucd	merge	6D69
U+6D69	㬶	浩	reduction	mj-shrink-map	merge	MJ001677: 法務省戸籍法関連通達・通知, 種別 戸籍統一文字情報 親字・正字, ホップ数 1
U+6D69	洁	浩	reduction	mj-shrink-map	merge	MJ015257: 法務省戸籍法関連通達・通知, 種別 戸籍統一文字情報 親字・正字, ホップ数 1
U+6D69	𤅆	浩	reduction	mj-shrink-map	merge	MJ039808: 法務省戸籍法関連通達・通知, 種別 戸籍統一文字情報 親字・正字, ホップ数 1
U+6D6A	浪	浪	compatibility	unicode-ucd	merge	6D6A
U+6D74	𣴲	浴	reduction	mj-shrink-map	merge	MJ039302: 法務省戸籍法関連通達・通知, 種別 戸籍統一文字情報 親字・正字, ホップ数 1
U+6D77	海	海	compatibility	unicode-ucd	merge	6D77
U+6D77	海	海	compatibility	unicode-ucd	merge	6D77
U+6D78	浸	浸	compatibility	unicode-ucd	merge	6D78
U+6D78	㴆	浸	reduction	mj-shrink-map	merge	MJ002101: 法務省戸籍法関連通達・通知, 種別 戸籍統一文字情報 親字・正字, ホップ数 1
U+6D78	濅	浸	reduction	mj-shrink-map	merge	MJ016046: 法務省戸籍法関連通達・通知, 種別 戸籍統一文字情報 親字・正字, ホップ数 1
U+6D78	𣷽	浸	reduction	mj-shrink-map	merge	MJ039403: 法務省戸籍法関連通達・通知, 種別 戸籍統一文字情報 親字・正字, ホップ数 1
U+6D78	𣼡	浸	reduction	mj-shrink-map	merge	MJ039546: 法務省戸籍法関連通達・通知, 種別 戸籍統一文字情報 親字・正字, ホップ数 1
U+6D85	涅	涅	compatibility	unicode-ucd	merge	6D85
U+6D85	𣵀	涅	reduction	mj-shrink-map	merge	MJ039318: 法務省戸籍法関連通達・通知, 種別 戸籍統一文字情報 親字・正字, ホップ数 1
U+6D88	㴅	消	reduction	mj-shrink-map	merge	MJ002100: 法務省戸籍法関連通達・通知, 種別 戸籍統一文字情報 親字・正字, ホップ数 1
U+6D88	𣱩	消	reduction	mj-shrink-map	merge	MJ039181: 法務省戸籍法関連通達・通知, 種別 戸籍統一文字情報 親字・正字, ホップ数 1
U+6D8E	𣵤	涎	reduction	mj-shrink-map	merge	MJ039324: 法務省戸籍法関連通達・通知, 種別 戸籍統一文字情報 親字・正字, ホップ数 1
U+6D8E	𣵿	涎	reduction	mj-shrink-map	merge	MJ039338: 法務省戸籍法関連通達・通知, 種別 戸籍統一文字情報 親字・正字, ホップ数 1
U+6D8E	𣹺	涎	reduction	mj-shrink-map	merge	MJ039481: 法務省戸籍法関連通達・通知, 種別 戸籍統一文字情報 親字・正字, ホップ数 1
U+6D99	泪	涙	reduction	mj-shrink-map	merge	MJ015238: 法務省戸籍法関連通達・通知, 種別 戸籍統一文字情報 親字・正字, ホップ数 1
U+6D99	泪	涙	variant	cjkvi-variants	corroborates	涙→泪 jisx0212/variant | 涙→泪 jisx0213/variant
U+6DAA	𣷧	涪	reduction	mj-shrink-map	merge	MJ039392: 法務省戸籍法関連通達・通知, 種別 戸籍統一文字情報 親字・正字, ホップ数 1
U+6DAC	𣷟	涬	reduction	mj-shrink-map	merge	MJ039385: 法務省戸籍法関連通達・通知, 種別 戸籍統一文字情報 親字・正字, ホップ数 1
U+6DAC	𣸖	涬	reduction	mj-shrink-map	merge	MJ039428: 法務省戸籍法関連通達・通知, 種別 戸籍統一文字情報 親字・正字, ホップ数 1
U+6DAF	漄	涯	reduction	mj-shrink-map	merge	MJ015803: 法務省戸籍法関連通達・通知, 種別 戸籍統一文字情報 親字・正字, ホップ数 1
U+6DB2	洂	液	reduction	mj-shrink-map	merge	MJ015259: 法務省戸籍法関連通達・通知, 種別 戸籍統一文字情報 親字・正字, ホップ数 1
U+6DB4	𩣵	涴	reduction	mj-shrink-map	merge	MJ054350: 法務省戸籍法関連通達・通知, 種別 戸籍統一文字情報 親字・正字, ホップ数 1
U+6DB8	𤃯	涸	reduction	mj-shrink-map	merge	MJ039761: 法務省戸籍法関連通達・通知, 種別 戸籍統一文字情報 親字・正字, ホップ数 1
U+6DBF	涿	𣵠	itaiji	mj-kanji	merge	X0213 包摂
U+6DC0	𣵦	淀	reduction	mj-shrink-map	merge	MJ039325: 法務省戸籍法関連通達・通知, 種別 戸籍統一文字情報 親字・正字, ホップ数 1
U+6DC4	湽	淄	reduction	mj-shrink-map	merge	MJ015659: 法務省戸籍法関連通達・通知, 種別 戸籍統一文字情報 親字・正字, ホップ数 1
U+6DC4	𣻲	淄	reduction	mj-shrink-map	merge	MJ039537: 法務省戸籍法関連通達・通知, 種別 戸籍統一文字情報 親字・正字, ホップ数 1
U+6DC5	𣶁	淅	reduction	mj-shrink-map	merge	MJ039340: 法務省戸籍法関連通達・通知, 種別 戸籍統一文字情報 親字・正字, ホップ数 1
U+6DC5	𥺚	淅	reduction	mj-shrink-map	merge	MJ044246: 法務省戸籍法関連通達・通知, 種別 戸籍統一文字情報 親字・正字, ホップ数 1
U+6DC7	濝	淇	reduction	mj-shrink-map	merge	MJ016072: 法務省戸籍法関連通達・通知, 種別 戸籍統一文字情報 親字・正字, ホップ数 1
U+6DC8	𣽶	淈	reduction	mj-shrink-map	merge	MJ039598: 法務省戸籍法関連通達・通知, 種別 戸籍統一文字情報 親字・正字, ホップ数 1
U+6DC8	𣿲	淈	reduction	mj-shrink-map	merge	MJ039645: 法務省戸籍法関連通達・通知, 種別 戸籍統一文字情報 親字・正字, ホップ数 1
U+6DCB	淋	淋	compatibility	unicode-ucd	merge	6DCB
U+6DCB	𩱬	淋	reduction	mj-shrink-map	merge	MJ054917: 法務省戸籍法関連通達・通知, 種別 戸籍統一文字情報 親字・正字, ホップ数 1
U+6DD1	㳤	淑	reduction	mj-shrink-map	merge	MJ002067: 法務省戸籍法関連通達・通知, 種別 戸籍統一文字情報 親字・正字, ホップ数 1
U+6DD1	婌	淑	reduction	mj-shrink-map	merge	MJ009768: 法務省戸籍法関連通達・通知, 種別 戸籍統一文字情報 親字・正字, ホップ数 1
U+6DD2	𣹥	淒	reduction	mj-shrink-map	merge	MJ039461: 法務省戸籍法関連通達・通知, 種別 戸籍統一文字情報 親字・正字, ホップ数 1
U+6DDA	淚	淚	compatibility	unicode-ucd	merge	6DDA
U+6DDA	㴃	淚	reduction	mj-shrink-map	merge	MJ002097: 法務省戸籍法関連通達・通知, 種別 戸籍統一文字情報 親字・正字, ホップ数 1
U+6DDB	𣹨	淛	reduction	mj-shrink-map	merge	MJ039465: 法務省戸籍法関連通達・通知, 種別 戸籍統一文字情報 親字・正字, ホップ数 1
U+6DE4	𡌧	淤	reduction	mj-shrink-map	merge	MJ033051: 法務省戸籍法関連通達・通知, 種別 戸籍統一文字情報 親字・正字, ホップ数 1
U+6DEA	淪	淪	compatibility	unicode-ucd	merge	6DEA
U+6DEC	㳃	淬	reduction	mj-shrink-map	merge	MJ002042: 法務省戸籍法関連通達・通知, 種別 戸籍統一文字情報 親字・正字, ホップ数 1
U+6DF1	𦸂	深	reduction	mj-shrink-map	merge	MJ046758: 法務省戸籍法関連通達・通知, 種別 戸籍統一文字情報 親字・正字, ホップ数 1
U+6DF1	𭰹	深	reduction	mj-shrink-map	merge	MJ057955: 法務省戸籍法関連通達・通知, 種別 戸籍統一文字情報 親字・正字, ホップ数 1
U+6DF3	𠩭	淳	reduction	mj-shrink-map	merge	MJ031893: 法務省戸籍法関連通達・通知, 種別 戸籍統一文字情報 親字・正字, ホップ数 1
U+6DF3	𣹾	淳	reduction	mj-shrink-map	merge	MJ039485: 法務省戸籍法関連通達・通知, 種別 戸籍統一文字情報 親字・正字, ホップ数 1
U+6DF3	𤂸	淳	reduction	mj-shrink-map	merge	MJ039737: 法務省戸籍法関連通達・通知, 種別 戸籍統一文字情報 親字・正字, ホップ数 1
U+6DF5	㴊	淵	reduction	mj-shrink-map	merge	MJ002105: 法務省戸籍法関連通達・通知, 種別 戸籍統一文字情報 親字・正字, ホップ数 1
U+6DF5	㶜	淵	reduction	mj-shrink-map	merge	MJ002240: 法務省戸籍法関連通達・通知, 種別 戸籍統一文字情報 親字・正字, ホップ数 1
U+6DF5	囦	淵	reduction	mj-shrink-map	merge	MJ008829: 法務省戸籍法関連通達・通知, 種別 戸籍統一文字情報 親字・正字, ホップ数 1
U+6DF5	渁	淵	reduction	mj-shrink-map	merge	MJ015518: 法務省戸籍法関連通達・通知, 種別 戸籍統一文字情報 親字・正字, ホップ数 1
U+6DF5	渆	淵	reduction	mj-shrink-map	merge	MJ015524: 法務省戸籍法関連通達・通知, 種別 戸籍統一文字情報 親字・正字, ホップ数 1
U+6DF5	渕	淵	reduction	mj-shrink-map	merge	MJ015534: 法務省戸籍法関連通達・通知, 種別 戸籍統一文字情報 親字・正字, ホップ数 1
U+6DF5	淵	渕	variant	cjkvi-variants	corroborates	淵→渕 jisx0212/variant | 淵→渕 jisx0213/variant
U+6DF5	淵	渕	variant	hng-basic-data	corroborates	06310 | 06310b | 06310c | 06310d | 06310e
U+6DF5	淵	渕	variant	wikidata	corroborates	Q109752480; P248 Q10427532 | Q109752518; P248 Q10427532
U+6DF5	淵	渕	equivalent	yitizi	corroborates	ytenx/JihThex.csv
U+6DF5	𠝃	淵	reduction	mj-shrink-map	merge	MJ031349: 法務省戸籍法関連通達・通知, 種別 戸籍統一文字情報 親字・正字, ホップ数 1
U+6DF5	𡆼	淵	reduction	mj-shrink-map	merge	MJ032824: 法務省戸籍法関連通達・通知, 種別 戸籍統一文字情報 親字・正字, ホップ数 1
U+6DF5	𡇋	淵	reduction	mj-shrink-map	merge	MJ032838: 法務省戸籍法関連通達・通知, 種別 戸籍統一文字情報 親字・正字, ホップ数 1
U+6DF5	𣴸	淵	reduction	mj-shrink-map	merge	MJ039310: 法務省戸籍法関連通達・通知, 種別 戸籍統一文字情報 親字・正字, ホップ数 1
U+6DF5	𣴺	淵	reduction	mj-shrink-map	merge	MJ039312: 法務省戸籍法関連通達・通知, 種別 戸籍統一文字情報 親字・正字, ホップ数 1
U+6DF5	𣶒	淵	reduction	mj-shrink-map	merge	MJ039357: 法務省戸籍法関連通達・通知, 種別 戸籍統一文字情報 親字・正字, ホップ数 1
U+6DF5	𣾬	淵	reduction	mj-shrink-map	merge	MJ039610: 法務省戸籍法関連通達・通知, 種別 戸籍統一文字情報 親字・正字, ホップ数 1
U+6DF7	掍	混	reduction	mj-shrink-map	merge	MJ012466: 法務省戸籍法関連通達・通知, 種別 戸籍統一文字情報 親字・正字, ホップ数 1
U+6DF9	淹	淹	compatibility	unicode-ucd	merge	6DF9
U+6DF9	𣼜	淹	reduction	mj-shrink-map	merge	MJ039541: 法務省戸籍法関連通達・通知, 種別 戸籍統一文字情報 親字・正字, ホップ数 1
U+6DFB	𣸸	添	reduction	mj-shrink-map	merge	MJ039397: 法務省戸籍法関連通達・通知, 種別 戸籍統一文字情報 親字・正字, ホップ数 1
U+6E05	淸	清	itaiji	mj-kanji	merge	X0213 包摂
U+6E05	淸	清	reduction	mj-shrink-map	merge	MJ015507: 法務省戸籍法関連通達・通知, 種別 戸籍統一文字情報 親字・正字, ホップ数 1
U+6E05	𠗜	清	reduction	mj-shrink-map	merge	MJ031116: 法務省戸籍法関連通達・通知, 種別 戸籍統一文字情報 親字・正字, ホップ数 1
U+6E05	𨓽	清	reduction	mj-shrink-map	merge	MJ050916: 法務省戸籍法関連通達・通知, 種別 戸籍統一文字情報 親字・正字, ホップ数 1
U+6E07	渴	渇	reduction	mj-shrink-map	merge	MJ015573: 法務省戸籍法関連通達・通知, 種別 戸籍統一文字情報 親字・正字, ホップ数 1
U+6E07	𣊅	渴	reduction	mj-shrink-map	merge	MJ037783: 法務省戸籍法関連通達・通知, 種別 戸籍統一文字情報 親字・正字, ホップ数 1
U+6E08	㴉	濟	reduction	mj-shrink-map	merge	MJ002104: 法務省戸籍法関連通達・通知, 種別 戸籍統一文字情報 親字・正字, ホップ数 1
U+6E08	濟	済	reduction	mj-shrink-map	merge	MJ016074: 法務省戸籍法関連通達・通知, 種別 戸籍統一文字情報 親字・正字, ホップ数 1
U+6E08	𣺴	濟	reduction	mj-shrink-map	merge	MJ039500: 法務省戸籍法関連通達・通知, 種別 戸籍統一文字情報 親字・正字, ホップ数 1
U+6E08	𣽱	濟	reduction	mj-shrink-map	merge	MJ039593: 法務省戸籍法関連通達・通知, 種別 戸籍統一文字情報 親字・正字, ホップ数 1
U+6E09	㴇	涉	reduction	mj-shrink-map	merge	MJ002102: 法務省戸籍法関連通達・通知, 種別 戸籍統一文字情報 親字・正字, ホップ数 1
U+6E09	涉	渉	reduction	mj-shrink-map	merge	MJ015392: 法務省戸籍法関連通達・通知, 種別 戸籍統一文字情報 親字・正字, ホップ数 1
U+6E09	𣥩	涉	reduction	mj-shrink-map	merge	MJ057892: 法務省戸籍法関連通達・通知, 種別 戸籍統一文字情報 親字・正字, ホップ数 1
U+6E09	𣥿	涉	reduction	mj-shrink-map	merge	MJ038694: 法務省戸籍法関連通達・通知, 種別 戸籍統一文字情報 親字・正字, ホップ数 1
U+6E09	𣻣	涉	reduction	mj-shrink-map	merge	MJ039524: 法務省戸籍法関連通達・通知, 種別 戸籍統一文字情報 親字・正字, ホップ数 1
U+6E0B	澁	渋	reduction	mj-shrink-map	merge	MJ015965: 法務省戸籍法関連通達・通知, 種別 戸籍統一文字情報 親字・正字, ホップ数 1
U+6E0B	𣾫	澁	reduction	mj-shrink-map	merge	MJ039609: 法務省戸籍法関連通達・通知, 種別 戸籍統一文字情報 親字・正字, ホップ数 1
U+6E13	溪	渓	reduction	mj-shrink-map	merge	MJ015703: 法務省戸籍法関連通達・通知, 種別 戸籍統一文字情報 親字・正字, ホップ数 1
U+6E19	𤁊	渙	reduction	mj-shrink-map	merge	MJ039677: 法務省戸籍法関連通達・通知, 種別 戸籍統一文字情報 親字・正字, ホップ数 1
U+6E1A	渚	渚	compatibility	unicode-ucd	merge	6E1A
U+6E21	𣳥	渡	reduction	mj-shrink-map	merge	MJ039252: 法務省戸籍法関連通達・通知, 種別 戸籍統一文字情報 親字・正字, ホップ数 1
U+6E24	㴾	渤	reduction	mj-shrink-map	merge	MJ002150: 法務省戸籍法関連通達・通知, 種別 戸籍統一文字情報 親字・正字, ホップ数 1
U+6E25	腛	渥	reduction	mj-shrink-map	merge	MJ021127: 法務省戸籍法関連通達・通知, 種別 戸籍統一文字情報 親字・正字, ホップ数 1
U+6E2C	𤂄	測	reduction	mj-shrink-map	merge	MJ039718: 法務省戸籍法関連通達・通知, 種別 戸籍統一文字情報 親字・正字, ホップ数 1
U+6E2F	港	港	compatibility	unicode-ucd	merge	6E2F
U+6E2F	𣽣	港	reduction	mj-shrink-map	merge	MJ039579: 法務省戸籍法関連通達・通知, 種別 戸籍統一文字情報 親字・正字, ホップ数 1
U+6E2F	𣿑	港	reduction	mj-shrink-map	merge	MJ039624: 法務省戸籍法関連通達・通知, 種別 戸籍統一文字情報 親字・正字, ホップ数 1
U+6E38	㳺	游	reduction	mj-shrink-map	merge	MJ002086: 法務省戸籍法関連通達・通知, 種別 戸籍統一文字情報 親字・正字, ホップ数 1
U+6E38	𠾈	游	reduction	mj-shrink-map	merge	MJ032577: 法務省戸籍法関連通達・通知, 種別 戸籍統一文字情報 親字・正字, ホップ数 1
U+6E44	𣽪	湄	reduction	mj-shrink-map	merge	MJ039586: 法務省戸籍法関連通達・通知, 種別 戸籍統一文字情報 親字・正字, ホップ数 1
U+6E44	𣾨	湄	reduction	mj-shrink-map	merge	MJ039606: 法務省戸籍法関連通達・通知, 種別 戸籍統一文字情報 親字・正字, ホップ数 1
U+6E44	𤃰	湄	reduction	mj-shrink-map	merge	MJ039762: 法務省戸籍法関連通達・通知, 種別 戸籍統一文字情報 親字・正字, ホップ数 1
U+6E44	𤃱	湄	reduction	mj-shrink-map	merge	MJ039763: 法務省戸籍法関連通達・通知, 種別 戸籍統一文字情報 親字・正字, ホップ数 1
U+6E48	𣨴	湈	reduction	mj-shrink-map	merge	MJ038837: 法務省戸籍法関連通達・通知, 種別 戸籍統一文字情報 親字・正字, ホップ数 1
U+6E4A	溙	湊	reduction	mj-shrink-map	merge	MJ015682: 法務省戸籍法関連通達・通知, 種別 戸籍統一文字情報 親字・正字, ホップ数 1
U+6E4A	𣽵	湊	reduction	mj-shrink-map	merge	MJ039597: 法務省戸籍法関連通達・通知, 種別 戸籍統一文字情報 親字・正字, ホップ数 1
U+6E4E	䤄	湎	reduction	mj-shrink-map	merge	MJ005120: 法務省戸籍法関連通達・通知, 種別 戸籍統一文字情報 親字・正字, ホップ数 1
U+6E4E	𨟺	湎	reduction	mj-shrink-map	merge	MJ051485: 法務省戸籍法関連通達・通知, 種別 戸籍統一文字情報 親字・正字, ホップ数 1
U+6E51	𣷢	湑	reduction	mj-shrink-map	merge	MJ039387: 法務省戸籍法関連通達・通知, 種別 戸籍統一文字情報 親字・正字, ホップ数 1
U+6E54	𣾅	湔	reduction	mj-shrink-map	merge	MJ039602: 法務省戸籍法関連通達・通知, 種別 戸籍統一文字情報 親字・正字, ホップ数 1
U+6E5B	㴴	湛	reduction	mj-shrink-map	merge	MJ002143: 法務省戸籍法関連通達・通知, 種別 戸籍統一文字情報 親字・正字, ホップ数 1
U+6E5C	㵓	湜	reduction	mj-shrink-map	merge	MJ002169: 法務省戸籍法関連通達・通知, 種別 戸籍統一文字情報 親字・正字, ホップ数 1
U+6E6B	湬	湫	reduction	mj-shrink-map	merge	MJ015636: 法務省戸籍法関連通達・通知, 種別 戸籍統一文字情報 親字・正字, ホップ数 1
U+6E6B	𣹌	湫	reduction	mj-shrink-map	merge	MJ039449: 法務省戸籍法関連通達・通知, 種別 戸籍統一文字情報 親字・正字, ホップ数 1
U+6E6E	湮	湮	compatibility	unicode-ucd	merge	6E6E
U+6E6E	𣽔	湮	reduction	mj-shrink-map	merge	MJ039565: 法務省戸籍法関連通達・通知, 種別 戸籍統一文字情報 親字・正字, ホップ数 1
U+6E7E	灣	湾	reduction	mj-shrink-map	merge	MJ016251: 法務省戸籍法関連通達・通知, 種別 戸籍統一文字情報 親字・正字, ホップ数 1
U+6E7F	濕	湿	reduction	mj-shrink-map	merge	MJ016061: 法務省戸籍法関連通達・通知, 種別 戸籍統一文字情報 親字・正字, ホップ数 1
U+6E7F	𤂽	濕	reduction	mj-shrink-map	merge	MJ039742: 法務省戸籍法関連通達・通知, 種別 戸籍統一文字情報 親字・正字, ホップ数 1
U+6E7F	𦒣	濕	reduction	mj-shrink-map	merge	MJ045222: 法務省戸籍法関連通達・通知, 種別 戸籍統一文字情報 親字・正字, ホップ数 1
U+6E80	滿	満	reduction	mj-shrink-map	merge	MJ015796: 法務省戸籍法関連通達・通知, 種別 戸籍統一文字情報 親字・正字, ホップ数 1
U+6E80	𠐎	滿	reduction	mj-shrink-map	merge	MJ030858: 法務省戸籍法関連通達・通知, 種別 戸籍統一文字情報 親字・正字, ホップ数 1
U+6E80	𡈪	滿	reduction	mj-shrink-map	merge	MJ032917: 法務省戸籍法関連通達・通知, 種別 戸籍統一文字情報 親字・正字, ホップ数 1
U+6E80	𫞜	滿	reduction	mj-shrink-map	merge	MJ057968: 法務省戸籍法関連通達・通知, 種別 戸籍統一文字情報 親字・正字, ホップ数 1
U+6E88	溈	潙	z	unihan	merge	溈→潙 kZVariant | 潙→溈 kZVariant
U+6E96	凖	準	reduction	mj-shrink-map	merge	MJ007405: 法務省戸籍法関連通達・通知, 種別 戸籍統一文字情報 親字・正字, ホップ数 1
U+6E96	凖	準	variant	cjkvi-variants	corroborates	準→凖 hydzd/variant | 準→凖 jisx0212/variant | 準→凖 jisx0213/variant | 準→凖 twedu/variant
U+6E96	凖	準	variant	hng-basic-data	corroborates	06400
U+6E96	凖	準	variant	wikidata	corroborates	Q109738081; P248 Q10427532 | Q54901440; P248 Q10427532
U+6E96	凖	準	equivalent	yitizi	corroborates	ytenx/JihThex.csv
U+6E98	𣹆	溘	reduction	mj-shrink-map	merge	MJ039445: 法務省戸籍法関連通達・通知, 種別 戸籍統一文字情報 親字・正字, ホップ数 1
U+6E9C	溜	溜	compatibility	unicode-ucd	merge	6E9C
U+6E9C	澑	溜	reduction	mj-shrink-map	merge	MJ015983: 法務省戸籍法関連通達・通知, 種別 戸籍統一文字情報 親字・正字, ホップ数 1
U+6E9C	溜	澑	variant	cjkvi-variants	corroborates	溜→澑 hydzd/variant | 溜→澑 jisx0212/variant | 溜→澑 jisx0213/variant | 溜→澑 twedu/variant
U+6E9C	溜	澑	variant	wikidata	corroborates	Q109752664; P248 Q10427532 | Q109752965; P248 Q10427532
U+6E9C	溜	澑	equivalent	yitizi	corroborates	ytenx/JihThex.csv
U+6E9C	𤄐	溜	reduction	mj-shrink-map	merge	MJ039780: 法務省戸籍法関連通達・通知, 種別 戸籍統一文字情報 親字・正字, ホップ数 1
U+6E9F	𬈑	溟	reduction	mj-shrink-map	merge	MJ057959: 法務省戸籍法関連通達・通知, 種別 戸籍統一文字情報 親字・正字, ホップ数 1
U+6EA2	㳑	溢	reduction	mj-shrink-map	merge	MJ002054: 法務省戸籍法関連通達・通知, 種別 戸籍統一文字情報 親字・正字, ホップ数 1
U+6EA7	𣿚	溧	reduction	mj-shrink-map	merge	MJ039633: 法務省戸籍法関連通達・通知, 種別 戸籍統一文字情報 親字・正字, ホップ数 1
U+6EB2	𣸈	溲	reduction	mj-shrink-map	merge	MJ039415: 法務省戸籍法関連通達・通知, 種別 戸籍統一文字情報 親字・正字, ホップ数 1
U+6EB2	𦦼	溲	reduction	mj-shrink-map	merge	MJ046046: 法務省戸籍法関連通達・通知, 種別 戸籍統一文字情報 親字・正字, ホップ数 1
U+6EB7	𢒤	溷	reduction	mj-shrink-map	merge	MJ035775: 法務省戸籍法関連通達・通知, 種別 戸籍統一文字情報 親字・正字, ホップ数 1
U+6EBA	溺	溺	compatibility	unicode-ucd	merge	6EBA
U+6EC2	𣃪	滂	reduction	mj-shrink-map	merge	MJ037556: 法務省戸籍法関連通達・通知, 種別 戸籍統一文字情報 親字・正字, ホップ数 1
U+6EC2	𣶢	滂	reduction	mj-shrink-map	merge	MJ039371: 法務省戸籍法関連通達・通知, 種別 戸籍統一文字情報 親字・正字, ホップ数 1
U+6EC2	𣹿	滂	reduction	mj-shrink-map	merge	MJ039486: 法務省戸籍法関連通達・通知, 種別 戸籍統一文字情報 親字・正字, ホップ数 1
U+6EC4	𣳁	滄	reduction	mj-shrink-map	merge	MJ039235: 法務省戸籍法関連通達・通知, 種別 戸籍統一文字情報 親字・正字, ホップ数 1
U+6EC4	𣶟	滄	reduction	mj-shrink-map	merge	MJ039369: 法務省戸籍法関連通達・通知, 種別 戸籍統一文字情報 親字・正字, ホップ数 1
U+6EC4	𤀅	滄	reduction	mj-shrink-map	merge	MJ039649: 法務省戸籍法関連通達・通知, 種別 戸籍統一文字情報 親字・正字, ホップ数 1
U+6EC5	𢛣	滅	reduction	mj-shrink-map	merge	MJ036156: 法務省戸籍法関連通達・通知, 種別 戸籍統一文字情報 親字・正字, ホップ数 1
U+6EC5	𢦹	滅	reduction	mj-shrink-map	merge	MJ036571: 法務省戸籍法関連通達・通知, 種別 戸籍統一文字情報 親字・正字, ホップ数 1
U+6EC5	𣹹	滅	reduction	mj-shrink-map	merge	MJ039480: 法務省戸籍法関連通達・通知, 種別 戸籍統一文字情報 親字・正字, ホップ数 1
U+6EC7	滇	滇	compatibility	unicode-ucd	merge	6EC7
U+6ECB	滋	滋	compatibility	unicode-ucd	merge	6ECB
U+6ECB	滋	滋	compatibility	unicode-ucd	merge	6ECB
U+6ECB	𣳯	滋	reduction	mj-shrink-map	merge	MJ039263: 法務省戸籍法関連通達・通知, 種別 戸籍統一文字情報 親字・正字, ホップ数 1
U+6ECB	𤂇	滋	reduction	mj-shrink-map	merge	MJ039721: 法務省戸籍法関連通達・通知, 種別 戸籍統一文字情報 親字・正字, ホップ数 1
U+6ECC	𣼝	滌	reduction	mj-shrink-map	merge	MJ039542: 法務省戸籍法関連通達・通知, 種別 戸籍統一文字情報 親字・正字, ホップ数 1
U+6ECE	濙	滎	reduction	mj-shrink-map	merge	MJ016066: 法務省戸籍法関連通達・通知, 種別 戸籍統一文字情報 親字・正字, ホップ数 1
U+6ED1	滑	滑	compatibility	unicode-ucd	merge	6ED1
U+6ED4	㴞	滔	reduction	mj-shrink-map	merge	MJ002123: 法務省戸籍法関連通達・通知, 種別 戸籍統一文字情報 親字・正字, ホップ数 1
U+6ED5	𣎌	滕	reduction	mj-shrink-map	merge	MJ037899: 法務省戸籍法関連通達・通知, 種別 戸籍統一文字情報 親字・正字, ホップ数 1
U+6ED5	𣹸	滕	reduction	mj-shrink-map	merge	MJ039479: 法務省戸籍法関連通達・通知, 種別 戸籍統一文字情報 親字・正字, ホップ数 1
U+6ED5	𣽨	滕	reduction	mj-shrink-map	merge	MJ039584: 法務省戸籍法関連通達・通知, 種別 戸籍統一文字情報 親字・正字, ホップ数 1
U+6ED5	𤂵	滕	reduction	mj-shrink-map	merge	MJ039734: 法務省戸籍法関連通達・通知, 種別 戸籍統一文字情報 親字・正字, ホップ数 1
U+6EDB	滛	滛	compatibility	unicode-ucd	merge	6EDB
U+6EDD	瀧	滝	reduction	mj-shrink-map	merge	MJ016177: 法務省戸籍法関連通達・通知, 種別 戸籍統一文字情報 親字・正字, ホップ数 1
U+6EDE	滯	滞	reduction	mj-shrink-map	merge	MJ015778: 法務省戸籍法関連通達・通知, 種別 戸籍統一文字情報 親字・正字, ホップ数 1
U+6EDE	𨘛	滯	reduction	mj-shrink-map	merge	MJ051116: 法務省戸籍法関連通達・通知, 種別 戸籍統一文字情報 親字・正字, ホップ数 1
U+6EF2	㵕	滲	reduction	mj-shrink-map	merge	MJ002171: 法務省戸籍法関連通達・通知, 種別 戸籍統一文字情報 親字・正字, ホップ数 1
U+6EF2	涁	滲	reduction	mj-shrink-map	merge	MJ015382: 法務省戸籍法関連通達・通知, 種別 戸籍統一文字情報 親字・正字, ホップ数 1
U+6EF4	𣾪	滴	reduction	mj-shrink-map	merge	MJ039608: 法務省戸籍法関連通達・通知, 種別 戸籍統一文字情報 親字・正字, ホップ数 1
U+6EF4	𤁷	滴	reduction	mj-shrink-map	merge	MJ039704: 法務省戸籍法関連通達・通知, 種別 戸籍統一文字情報 親字・正字, ホップ数 1
U+6EF7	瀂	滷	reduction	mj-shrink-map	merge	MJ016121: 法務省戸籍法関連通達・通知, 種別 戸籍統一文字情報 親字・正字, ホップ数 1
U+6EF9	𣼻	滹	reduction	mj-shrink-map	merge	MJ039549: 法務省戸籍法関連通達・通知, 種別 戸籍統一文字情報 親字・正字, ホップ数 1
U+6EF9	𣿋	滹	reduction	mj-shrink-map	merge	MJ039619: 法務省戸籍法関連通達・通知, 種別 戸籍統一文字情報 親字・正字, ホップ数 1
U+6EF9	𤀶	滹	reduction	mj-shrink-map	merge	MJ039674: 法務省戸籍法関連通達・通知, 種別 戸籍統一文字情報 親字・正字, ホップ数 1
U+6F01	䰻	漁	reduction	mj-shrink-map	merge	MJ005936: 法務省戸籍法関連通達・通知, 種別 戸籍統一文字情報 親字・正字, ホップ数 1
U+6F01	䱷	漁	reduction	mj-shrink-map	merge	MJ005992: 法務省戸籍法関連通達・通知, 種別 戸籍統一文字情報 親字・正字, ホップ数 1
U+6F01	𣿡	漁	reduction	mj-shrink-map	merge	MJ039640: 法務省戸籍法関連通達・通知, 種別 戸籍統一文字情報 親字・正字, ホップ数 1
U+6F01	𤀯	漁	reduction	mj-shrink-map	merge	MJ039667: 法務省戸籍法関連通達・通知, 種別 戸籍統一文字情報 親字・正字, ホップ数 1
U+6F01	𩼪	漁	reduction	mj-shrink-map	merge	MJ055352: 法務省戸籍法関連通達・通知, 種別 戸籍統一文字情報 親字・正字, ホップ数 1
U+6F02	𣻔	漂	reduction	mj-shrink-map	merge	MJ039510: 法務省戸籍法関連通達・通知, 種別 戸籍統一文字情報 親字・正字, ホップ数 1
U+6F02	𣿖	漂	reduction	mj-shrink-map	merge	MJ039629: 法務省戸籍法関連通達・通知, 種別 戸籍統一文字情報 親字・正字, ホップ数 1
U+6F06	𣴶	漆	reduction	mj-shrink-map	merge	MJ039308: 法務省戸籍法関連通達・通知, 種別 戸籍統一文字情報 親字・正字, ホップ数 1
U+6F06	𣷦	漆	reduction	mj-shrink-map	merge	MJ039391: 法務省戸籍法関連通達・通知, 種別 戸籍統一文字情報 親字・正字, ホップ数 1
U+6F06	𣸡	漆	reduction	mj-shrink-map	merge	MJ039439: 法務省戸籍法関連通達・通知, 種別 戸籍統一文字情報 親字・正字, ホップ数 1
U+6F06	𣾰	漆	reduction	mj-shrink-map	merge	MJ057971: 法務省戸籍法関連通達・通知, 種別 戸籍統一文字情報 親字・正字, ホップ数 1
U+6F09	𣼟	漉	reduction	mj-shrink-map	merge	MJ039544: 法務省戸籍法関連通達・通知, 種別 戸籍統一文字情報 親字・正字, ホップ数 1
U+6F0F	漏	漏	compatibility	unicode-ucd	merge	6F0F
U+6F0F	𢉀	漏	reduction	mj-shrink-map	merge	MJ035341: 法務省戸籍法関連通達・通知, 種別 戸籍統一文字情報 親字・正字, ホップ数 1
U+6F0F	𣼣	漏	reduction	mj-shrink-map	merge	MJ039548: 法務省戸籍法関連通達・通知, 種別 戸籍統一文字情報 親字・正字, ホップ数 1
U+6F14	𤀋	演	reduction	mj-shrink-map	merge	MJ039653: 法務省戸籍法関連通達・通知, 種別 戸籍統一文字情報 親字・正字, ホップ数 1
U+6F15	𤅍	漕	reduction	mj-shrink-map	merge	MJ039813: 法務省戸籍法関連通達・通知, 種別 戸籍統一文字情報 親字・正字, ホップ数 1
U+6F18	浱	漘	reduction	mj-shrink-map	merge	MJ015365: 法務省戸籍法関連通達・通知, 種別 戸籍統一文字情報 親字・正字, ホップ数 1
U+6F18	滣	漘	reduction	mj-shrink-map	merge	MJ015771: 法務省戸籍法関連通達・通知, 種別 戸籍統一文字情報 親字・正字, ホップ数 1
U+6F22	漢	漢	compatibility	unicode-ucd	merge	6F22
U+6F22	漢	漢	compatibility	unicode-ucd	merge	6F22
U+6F22	㵄	漢	reduction	mj-shrink-map	merge	MJ002157: 法務省戸籍法関連通達・通知, 種別 戸籍統一文字情報 親字・正字, ホップ数 1
U+6F22	𣶔	漢	reduction	mj-shrink-map	merge	MJ039359: 法務省戸籍法関連通達・通知, 種別 戸籍統一文字情報 親字・正字, ホップ数 1
U+6F23	漣	漣	compatibility	unicode-ucd	merge	6F23
U+6F2B	澷	漫	reduction	mj-shrink-map	merge	MJ016028: 法務省戸籍法関連通達・通知, 種別 戸籍統一文字情報 親字・正字, ホップ数 1
U+6F2B	𣸞	漫	reduction	mj-shrink-map	merge	MJ039436: 法務省戸籍法関連通達・通知, 種別 戸籍統一文字情報 親字・正字, ホップ数 1
U+6F2C	𣿙	漬	reduction	mj-shrink-map	merge	MJ039632: 法務省戸籍法関連通達・通知, 種別 戸籍統一文字情報 親字・正字, ホップ数 1
U+6F32	涱	漲	reduction	mj-shrink-map	merge	MJ015421: 法務省戸籍法関連通達・通知, 種別 戸籍統一文字情報 親字・正字, ホップ数 1
U+6F35	㵰	漵	reduction	mj-shrink-map	merge	MJ002199: 法務省戸籍法関連通達・通知, 種別 戸籍統一文字情報 親字・正字, ホップ数 1
U+6F3C	㵏	漼	reduction	mj-shrink-map	merge	MJ002165: 法務省戸籍法関連通達・通知, 種別 戸籍統一文字情報 親字・正字, ホップ数 1
U+6F3E	𣻌	漾	reduction	mj-shrink-map	merge	MJ039501: 法務省戸籍法関連通達・通知, 種別 戸籍統一文字情報 親字・正字, ホップ数 1
U+6F3F	䊢	漿	reduction	mj-shrink-map	merge	MJ003472: 法務省戸籍法関連通達・通知, 種別 戸籍統一文字情報 親字・正字, ホップ数 1
U+6F3F	𤕯	漿	reduction	mj-shrink-map	merge	MJ040294: 法務省戸籍法関連通達・通知, 種別 戸籍統一文字情報 親字・正字, ホップ数 1
U+6F3F	𤖅	漿	reduction	mj-shrink-map	merge	MJ040309: 法務省戸籍法関連通達・通知, 種別 戸籍統一文字情報 親字・正字, ホップ数 1
U+6F3F	𩝫	漿	reduction	mj-shrink-map	merge	MJ054059: 法務省戸籍法関連通達・通知, 種別 戸籍統一文字情報 親字・正字, ホップ数 1
U+6F41	𣻯	潁	reduction	mj-shrink-map	merge	MJ039535: 法務省戸籍法関連通達・通知, 種別 戸籍統一文字情報 親字・正字, ホップ数 1
U+6F52	𣻍	潒	reduction	mj-shrink-map	merge	MJ039503: 法務省戸籍法関連通達・通知, 種別 戸籍統一文字情報 親字・正字, ホップ数 1
U+6F54	𣳱	潔	reduction	mj-shrink-map	merge	MJ039265: 法務省戸籍法関連通達・通知, 種別 戸籍統一文字情報 親字・正字, ホップ数 1
U+6F57	㴕	潗	reduction	mj-shrink-map	merge	MJ002112: 法務省戸籍法関連通達・通知, 種別 戸籍統一文字情報 親字・正字, ホップ数 1
U+6F58	𤄜	潘	reduction	mj-shrink-map	merge	MJ039791: 法務省戸籍法関連通達・通知, 種別 戸籍統一文字情報 親字・正字, ホップ数 1
U+6F5C	潛	潜	reduction	mj-shrink-map	merge	MJ015907: 法務省戸籍法関連通達・通知, 種別 戸籍統一文字情報 親字・正字, ホップ数 1
U+6F60	𣹎	潠	reduction	mj-shrink-map	merge	MJ039451: 法務省戸籍法関連通達・通知, 種別 戸籍統一文字情報 親字・正字, ホップ数 1
U+6F60	𤂿	潠	reduction	mj-shrink-map	merge	MJ039744: 法務省戸籍法関連通達・通知, 種別 戸籍統一文字情報 親字・正字, ホップ数 1
U+6F66	𣿳	潦	reduction	mj-shrink-map	merge	MJ039646: 法務省戸籍法関連通達・通知, 種別 戸籍統一文字情報 親字・正字, ホップ数 1
U+6F68	𣽇	潨	reduction	mj-shrink-map	merge	MJ039554: 法務省戸籍法関連通達・通知, 種別 戸籍統一文字情報 親字・正字, ホップ数 1
U+6F6E	潮	潮	compatibility	unicode-ucd	merge	6F6E
U+6F6E	𡼼	潮	reduction	mj-shrink-map	merge	MJ034785: 法務省戸籍法関連通達・通知, 種別 戸籍統一文字情報 親字・正字, ホップ数 1
U+6F6E	𣶃	潮	reduction	mj-shrink-map	merge	MJ039342: 法務省戸籍法関連通達・通知, 種別 戸籍統一文字情報 親字・正字, ホップ数 1
U+6F6E	𣾭	潮	reduction	mj-shrink-map	merge	MJ039611: 法務省戸籍法関連通達・通知, 種別 戸籍統一文字情報 親字・正字, ホップ数 1
U+6F6F	𤃂	潯	reduction	mj-shrink-map	merge	MJ039747: 法務省戸籍法関連通達・通知, 種別 戸籍統一文字情報 親字・正字, ホップ数 1
U+6F70	𤃘	潰	reduction	mj-shrink-map	merge	MJ039753: 法務省戸籍法関連通達・通知, 種別 戸籍統一文字情報 親字・正字, ホップ数 1
U+6F7A	潹	潺	reduction	mj-shrink-map	merge	MJ015951: 法務省戸籍法関連通達・通知, 種別 戸籍統一文字情報 親字・正字, ホップ数 1
U+6F80	歮	澀	reduction	mj-shrink-map	merge	MJ014836: 法務省戸籍法関連通達・通知, 種別 戸籍統一文字情報 親字・正字, ホップ数 1
U+6F80	𣴻	澀	reduction	mj-shrink-map	merge	MJ039313: 法務省戸籍法関連通達・通知, 種別 戸籍統一文字情報 親字・正字, ホップ数 1
U+6F80	𣹣	澀	reduction	mj-shrink-map	merge	MJ039459: 法務省戸籍法関連通達・通知, 種別 戸籍統一文字情報 親字・正字, ホップ数 1
U+6F80	𣿠	澀	reduction	mj-shrink-map	merge	MJ039639: 法務省戸籍法関連通達・通知, 種別 戸籍統一文字情報 親字・正字, ホップ数 1
U+6F80	𤁍	澀	reduction	mj-shrink-map	merge	MJ039681: 法務省戸籍法関連通達・通知, 種別 戸籍統一文字情報 親字・正字, ホップ数 1
U+6F86	𣴹	澆	reduction	mj-shrink-map	merge	MJ039311: 法務省戸籍法関連通達・通知, 種別 戸籍統一文字情報 親字・正字, ホップ数 1
U+6F86	𣷝	澆	reduction	mj-shrink-map	merge	MJ039384: 法務省戸籍法関連通達・通知, 種別 戸籍統一文字情報 親字・正字, ホップ数 1
U+6F86	𤀴	澆	reduction	mj-shrink-map	merge	MJ039672: 法務省戸籍法関連通達・通知, 種別 戸籍統一文字情報 親字・正字, ホップ数 1
U+6F88	𤁲	澈	reduction	mj-shrink-map	merge	MJ039699: 法務省戸籍法関連通達・通知, 種別 戸籍統一文字情報 親字・正字, ホップ数 1
U+6F8C	儩	澌	reduction	mj-shrink-map	merge	MJ007177: 法務省戸籍法関連通達・通知, 種別 戸籍統一文字情報 親字・正字, ホップ数 1
U+6F94	㵆	澔	reduction	mj-shrink-map	merge	MJ002159: 法務省戸籍法関連通達・通知, 種別 戸籍統一文字情報 親字・正字, ホップ数 1
U+6F97	㵎	澗	itaiji	mj-kanji	merge	X0213 包摂
U+6F97	𡼥	澗	reduction	mj-shrink-map	merge	MJ034780: 法務省戸籍法関連通達・通知, 種別 戸籍統一文字情報 親字・正字, ホップ数 1
U+6F97	𧯎	澗	reduction	mj-shrink-map	merge	MJ049303: 法務省戸籍法関連通達・通知, 種別 戸籍統一文字情報 親字・正字, ホップ数 1
U+6F97	𧯑	澗	reduction	mj-shrink-map	merge	MJ049306: 法務省戸籍法関連通達・通知, 種別 戸籍統一文字情報 親字・正字, ホップ数 1
U+6FB1	𣾮	澱	reduction	mj-shrink-map	merge	MJ039612: 法務省戸籍法関連通達・通知, 種別 戸籍統一文字情報 親字・正字, ホップ数 1
U+6FB1	𪑩	澱	reduction	mj-shrink-map	merge	MJ056307: 法務省戸籍法関連通達・通知, 種別 戸籍統一文字情報 親字・正字, ホップ数 1
U+6FB3	澚	澳	reduction	mj-shrink-map	merge	MJ015993: 法務省戸籍法関連通達・通知, 種別 戸籍統一文字情報 親字・正字, ホップ数 1
U+6FB3	𤀈	澳	reduction	mj-shrink-map	merge	MJ039652: 法務省戸籍法関連通達・通知, 種別 戸籍統一文字情報 親字・正字, ホップ数 1
U+6FB3	𤁌	澳	reduction	mj-shrink-map	merge	MJ039680: 法務省戸籍法関連通達・通知, 種別 戸籍統一文字情報 親字・正字, ホップ数 1
U+6FB9	𣽃	澹	reduction	mj-shrink-map	merge	MJ039550: 法務省戸籍法関連通達・通知, 種別 戸籍統一文字情報 親字・正字, ホップ数 1
U+6FBE	𣾣	澾	reduction	mj-shrink-map	merge	MJ039603: 法務省戸籍法関連通達・通知, 種別 戸籍統一文字情報 親字・正字, ホップ数 1
U+6FBE	𣿔	澾	reduction	mj-shrink-map	merge	MJ039627: 法務省戸籍法関連通達・通知, 種別 戸籍統一文字情報 親字・正字, ホップ数 1
U+6FBE	𤀱	澾	reduction	mj-shrink-map	merge	MJ039669: 法務省戸籍法関連通達・通知, 種別 戸籍統一文字情報 親字・正字, ホップ数 1
U+6FC3	𤅌	濃	reduction	mj-shrink-map	merge	MJ039812: 法務省戸籍法関連通達・通知, 種別 戸籍統一文字情報 親字・正字, ホップ数 1
U+6FC3	𤅛	濃	reduction	mj-shrink-map	merge	MJ039820: 法務省戸籍法関連通達・通知, 種別 戸籍統一文字情報 親字・正字, ホップ数 1
U+6FC6	濆	濆	compatibility	unicode-ucd	merge	6FC6
U+6FC7	瀒	濇	reduction	mj-shrink-map	merge	MJ016140: 法務省戸籍法関連通達・通知, 種別 戸籍統一文字情報 親字・正字, ホップ数 1
U+6FCA	𤂾	濊	reduction	mj-shrink-map	merge	MJ039743: 法務省戸籍法関連通達・通知, 種別 戸籍統一文字情報 親字・正字, ホップ数 1
U+6FD4	𤁶	濔	reduction	mj-shrink-map	merge	MJ039703: 法務省戸籍法関連通達・通知, 種別 戸籍統一文字情報 親字・正字, ホップ数 1
U+6FD4	𤅤	濔	reduction	mj-shrink-map	merge	MJ039825: 法務省戸籍法関連通達・通知, 種別 戸籍統一文字情報 親字・正字, ホップ数 1
U+6FE1	渪	濡	reduction	mj-shrink-map	merge	MJ015558: 法務省戸籍法関連通達・通知, 種別 戸籍統一文字情報 親字・正字, ホップ数 1
U+6FE1	𠠐	濡	reduction	mj-shrink-map	merge	MJ031479: 法務省戸籍法関連通達・通知, 種別 戸籍統一文字情報 親字・正字, ホップ数 1
U+6FE1	𠤥	濡	reduction	mj-shrink-map	merge	MJ031663: 法務省戸籍法関連通達・通知, 種別 戸籍統一文字情報 親字・正字, ホップ数 1
U+6FE1	𣽈	濡	reduction	mj-shrink-map	merge	MJ039555: 法務省戸籍法関連通達・通知, 種別 戸籍統一文字情報 親字・正字, ホップ数 1
U+6FE1	𣽉	濡	reduction	mj-shrink-map	merge	MJ039556: 法務省戸籍法関連通達・通知, 種別 戸籍統一文字情報 親字・正字, ホップ数 1
U+6FE4	𣵬	濤	reduction	mj-shrink-map	merge	MJ039329: 法務省戸籍法関連通達・通知, 種別 戸籍統一文字情報 親字・正字, ホップ数 1
U+6FE4	𤁟	濤	reduction	mj-shrink-map	merge	MJ039683: 法務省戸籍法関連通達・通知, 種別 戸籍統一文字情報 親字・正字, ホップ数 1
U+6FE4	𤃕	濤	reduction	mj-shrink-map	merge	MJ039751: 法務省戸籍法関連通達・通知, 種別 戸籍統一文字情報 親字・正字, ホップ数 1
U+6FE4	𭳍	濤	reduction	mj-shrink-map	merge	MJ057974: 法務省戸籍法関連通達・通知, 種別 戸籍統一文字情報 親字・正字, ホップ数 1
U+6FEB	濫	濫	compatibility	unicode-ucd	merge	6FEB
U+6FEB	𣽦	濫	reduction	mj-shrink-map	merge	MJ039582: 法務省戸籍法関連通達・通知, 種別 戸籍統一文字情報 親字・正字, ホップ数 1
U+6FEC	𣽊	濬	reduction	mj-shrink-map	merge	MJ039557: 法務省戸籍法関連通達・通知, 種別 戸籍統一文字情報 親字・正字, ホップ数 1
U+6FEE	𤃊	濮	reduction	mj-shrink-map	merge	MJ039750: 法務省戸籍法関連通達・通知, 種別 戸籍統一文字情報 親字・正字, ホップ数 1
U+6FEE	𤃙	濮	reduction	mj-shrink-map	merge	MJ039754: 法務省戸籍法関連通達・通知, 種別 戸籍統一文字情報 親字・正字, ホップ数 1
U+6FFA	𣽖	濺	reduction	mj-shrink-map	merge	MJ039567: 法務省戸籍法関連通達・通知, 種別 戸籍統一文字情報 親字・正字, ホップ数 1
U+6FFC	㴖	濼	reduction	mj-shrink-map	merge	MJ002113: 法務省戸籍法関連通達・通知, 種別 戸籍統一文字情報 親字・正字, ホップ数 1
U+6FFC	𤃸	濼	reduction	mj-shrink-map	merge	MJ039769: 法務省戸籍法関連通達・通知, 種別 戸籍統一文字情報 親字・正字, ホップ数 1
U+6FFE	濾	濾	compatibility	unicode-ucd	merge	6FFE
U+6FFE	𤄦	濾	reduction	mj-shrink-map	merge	MJ039793: 法務省戸籍法関連通達・通知, 種別 戸籍統一文字情報 親字・正字, ホップ数 1
U+7001	𤂡	瀁	reduction	mj-shrink-map	merge	MJ039725: 法務省戸籍法関連通達・通知, 種別 戸籍統一文字情報 親字・正字, ホップ数 1
U+7006	涜	瀆	reduction	mj-shrink-map	merge	MJ015411: 法務省戸籍法関連通達・通知, 種別 戸籍統一文字情報 親字・正字, ホップ数 1
U+7006	𤄴	瀆	reduction	mj-shrink-map	merge	MJ039799: 法務省戸籍法関連通達・通知, 種別 戸籍統一文字情報 親字・正字, ホップ数 1
U+7009	㾝	瀉	reduction	mj-shrink-map	merge	MJ002690: 法務省戸籍法関連通達・通知, 種別 戸籍統一文字情報 親字・正字, ホップ数 1
U+700F	嚠	瀏	reduction	mj-shrink-map	merge	MJ008749: 法務省戸籍法関連通達・通知, 種別 戸籍統一文字情報 親字・正字, ホップ数 1
U+700F	嚠	瀏	variant	cjkvi-variants	corroborates	瀏→嚠 twedu/variant
U+700F	嚠	瀏	variant	wikidata	corroborates	Q109739602; P248 Q10427532 | Q109753111; P248 Q10427532
U+700F	嚠	瀏	equivalent	yitizi	corroborates	ytenx/JihThex.csv
U+700F	𤄉	瀏	reduction	mj-shrink-map	merge	MJ039777: 法務省戸籍法関連通達・通知, 種別 戸籍統一文字情報 親字・正字, ホップ数 1
U+7011	𤃵	瀑	reduction	mj-shrink-map	merge	MJ039766: 法務省戸籍法関連通達・通知, 種別 戸籍統一文字情報 親字・正字, ホップ数 1
U+7011	𤄗	瀑	reduction	mj-shrink-map	merge	MJ039786: 法務省戸籍法関連通達・通知, 種別 戸籍統一文字情報 親字・正字, ホップ数 1
U+701B	瀛	瀛	compatibility	unicode-ucd	merge	701B
U+701D	瀝	𤁋	itaiji	mj-kanji	merge	X0213 包摂
U+701D	𤃹	瀝	reduction	mj-shrink-map	merge	MJ039770: 法務省戸籍法関連通達・通知, 種別 戸籍統一文字情報 親字・正字, ホップ数 1
U+701E	瀞	瀞	compatibility	unicode-ucd	merge	701E
U+701E	瀞	瀞	compatibility	unicode-ucd	merge	701E
U+702C	瀨	瀬	reduction	mj-shrink-map	merge	MJ016185: 法務省戸籍法関連通達・通知, 種別 戸籍統一文字情報 親字・正字, ホップ数 1
U+7039	瀹	瀹	compatibility	unicode-ucd	merge	7039
U+7039	𤅢	瀹	reduction	mj-shrink-map	merge	MJ039823: 法務省戸籍法関連通達・通知, 種別 戸籍統一文字情報 親字・正字, ホップ数 1
U+7039	𤅰	瀹	reduction	mj-shrink-map	merge	MJ039832: 法務省戸籍法関連通達・通知, 種別 戸籍統一文字情報 親字・正字, ホップ数 1
U+7039	𩱲	瀹	reduction	mj-shrink-map	merge	MJ054922: 法務省戸籍法関連通達・通知, 種別 戸籍統一文字情報 親字・正字, ホップ数 1
U+703A	𤀧	瀺	reduction	mj-shrink-map	merge	MJ039660: 法務省戸籍法関連通達・通知, 種別 戸籍統一文字情報 親字・正字, ホップ数 1
U+703C	𤅑	瀼	reduction	mj-shrink-map	merge	MJ039817: 法務省戸籍法関連通達・通知, 種別 戸籍統一文字情報 親字・正字, ホップ数 1
U+703C	𤅭	瀼	reduction	mj-shrink-map	merge	MJ039831: 法務省戸籍法関連通達・通知, 種別 戸籍統一文字情報 親字・正字, ホップ数 1
U+704A	灊	灊	compatibility	unicode-ucd	merge	704A
U+704A	𤄵	灊	reduction	mj-shrink-map	merge	MJ039800: 法務省戸籍法関連通達・通知, 種別 戸籍統一文字情報 親字・正字, ホップ数 1
U+704C	𤂦	灌	reduction	mj-shrink-map	merge	MJ039731: 法務省戸籍法関連通達・通知, 種別 戸籍統一文字情報 親字・正字, ホップ数 1
U+704C	𫞞	灌	reduction	mj-shrink-map	merge	MJ057977: 法務省戸籍法関連通達・通知, 種別 戸籍統一文字情報 親字・正字, ホップ数 1
U+7051	𤂢	灑	reduction	mj-shrink-map	merge	MJ039726: 法務省戸籍法関連通達・通知, 種別 戸籍統一文字情報 親字・正字, ホップ数 1
U+7058	𤁤	灘	reduction	mj-shrink-map	merge	MJ039687: 法務省戸籍法関連通達・通知, 種別 戸籍統一文字情報 親字・正字, ホップ数 1
U+7058	𤅩	灘	reduction	mj-shrink-map	merge	MJ039828: 法務省戸籍法関連通達・通知, 種別 戸籍統一文字情報 親字・正字, ホップ数 1
U+7058	𤅼	灘	reduction	mj-shrink-map	merge	MJ039841: 法務省戸籍法関連通達・通知, 種別 戸籍統一文字情報 親字・正字, ホップ数 1
U+7058	𤅽	灘	reduction	mj-shrink-map	merge	MJ039842: 法務省戸籍法関連通達・通知, 種別 戸籍統一文字情報 親字・正字, ホップ数 1
U+7069	灎	灩	reduction	mj-shrink-map	merge	MJ016229: 法務省戸籍法関連通達・通知, 種別 戸籍統一文字情報 親字・正字, ホップ数 1
U+7069	灔	灎	reduction	mj-shrink-map	merge	MJ016233: 法務省戸籍法関連通達・通知, 種別 戸籍統一文字情報 親字・正字, ホップ数 1
U+7069	灧	灩	reduction	mj-shrink-map	merge	MJ016255: 法務省戸籍法関連通達・通知, 種別 戸籍統一文字情報 親字・正字, ホップ数 1
U+7069	𤄝	灎	reduction	mj-shrink-map	merge	MJ039792: 法務省戸籍法関連通達・通知, 種別 戸籍統一文字情報 親字・正字, ホップ数 1
U+7069	𤅿	灩	reduction	mj-shrink-map	merge	MJ039843: 法務省戸籍法関連通達・通知, 種別 戸籍統一文字情報 親字・正字, ホップ数 1
U+706B	伙	火	reduction	mj-shrink-map	merge	MJ006585: 法務省戸籍法関連通達・通知, 種別 戸籍統一文字情報 親字・正字, ホップ数 1
U+706F	燈	灯	reduction	mj-shrink-map	merge	MJ016622: 法務省戸籍法関連通達・通知, 種別 戸籍統一文字情報 親字・正字, ホップ数 1
U+706F	𧺄	燈	reduction	mj-shrink-map	merge	MJ049796: 法務省戸籍法関連通達・通知, 種別 戸籍統一文字情報 親字・正字, ホップ数 1
U+7070	灰	灰	compatibility	unicode-ucd	merge	7070
U+7070	𤆆	灰	reduction	mj-shrink-map	merge	MJ039850: 法務省戸籍法関連通達・通知, 種別 戸籍統一文字情報 親字・正字, ホップ数 1
U+7077	灷	灷	compatibility	unicode-ucd	merge	7077
U+707C	烵	灼	reduction	mj-shrink-map	merge	MJ016394: 法務省戸籍法関連通達・通知, 種別 戸籍統一文字情報 親字・正字, ホップ数 1
U+707D	災	災	compatibility	unicode-ucd	merge	707D
U+707D	𤆎	災	reduction	mj-shrink-map	merge	MJ039853: 法務省戸籍法関連通達・通知, 種別 戸籍統一文字情報 親字・正字, ホップ数 1
U+707E	𢎇	灾	reduction	mj-shrink-map	merge	MJ035554: 法務省戸籍法関連通達・通知, 種別 戸籍統一文字情報 親字・正字, ホップ数 1
U+707E	𤆋	灾	reduction	mj-shrink-map	merge	MJ039851: 法務省戸籍法関連通達・通知, 種別 戸籍統一文字情報 親字・正字, ホップ数 1
U+707E	𤆲	灾	reduction	mj-shrink-map	merge	MJ039867: 法務省戸籍法関連通達・通知, 種別 戸籍統一文字情報 親字・正字, ホップ数 1
U+7089	爐	爐	compatibility	unicode-ucd	merge	7210
U+7089	爐	炉	reduction	mj-shrink-map	merge	MJ016701: 法務省戸籍法関連通達・通知, 種別 戸籍統一文字情報 親字・正字, ホップ数 1
U+7089	𨈝	爐	reduction	mj-shrink-map	merge	MJ050385: 法務省戸籍法関連通達・通知, 種別 戸籍統一文字情報 親字・正字, ホップ数 1
U+7092	㶤	炒	reduction	mj-shrink-map	merge	MJ002246: 法務省戸籍法関連通達・通知, 種別 戸籍統一文字情報 親字・正字, ホップ数 1
U+7092	煼	炒	reduction	mj-shrink-map	merge	MJ016531: 法務省戸籍法関連通達・通知, 種別 戸籍統一文字情報 親字・正字, ホップ数 1
U+7092	𢐨	炒	reduction	mj-shrink-map	merge	MJ035677: 法務省戸籍法関連通達・通知, 種別 戸籍統一文字情報 親字・正字, ホップ数 1
U+7092	𢐺	炒	reduction	mj-shrink-map	merge	MJ035689: 法務省戸籍法関連通達・通知, 種別 戸籍統一文字情報 親字・正字, ホップ数 1
U+7092	𤊛	炒	reduction	mj-shrink-map	merge	MJ039951: 法務省戸籍法関連通達・通知, 種別 戸籍統一文字情報 親字・正字, ホップ数 1
U+7092	𭵇	炒	reduction	mj-shrink-map	merge	MJ039953: 法務省戸籍法関連通達・通知, 種別 戸籍統一文字情報 親字・正字, ホップ数 1
U+7095	𤇛	炕	reduction	mj-shrink-map	merge	MJ039881: 法務省戸籍法関連通達・通知, 種別 戸籍統一文字情報 親字・正字, ホップ数 1
U+7099	炙	炙	compatibility	unicode-ucd	merge	7099
U+7099	䏑	炙	reduction	mj-shrink-map	merge	MJ003772: 法務省戸籍法関連通達・通知, 種別 戸籍統一文字情報 親字・正字, ホップ数 1
U+7099	熫	炙	reduction	mj-shrink-map	merge	MJ016587: 法務省戸籍法関連通達・通知, 種別 戸籍統一文字情報 親字・正字, ホップ数 1
U+7099	𤐬	炙	reduction	mj-shrink-map	merge	MJ040112: 法務省戸籍法関連通達・通知, 種別 戸籍統一文字情報 親字・正字, ホップ数 1
U+7099	𤒗	炙	reduction	mj-shrink-map	merge	MJ040165: 法務省戸籍法関連通達・通知, 種別 戸籍統一文字情報 親字・正字, ホップ数 1
U+7099	𦛧	炙	reduction	mj-shrink-map	merge	MJ045592: 法務省戸籍法関連通達・通知, 種別 戸籍統一文字情報 親字・正字, ホップ数 1
U+7099	𦜡	炙	reduction	mj-shrink-map	merge	MJ045631: 法務省戸籍法関連通達・通知, 種別 戸籍統一文字情報 親字・正字, ホップ数 1
U+7099	𬉹	炙	reduction	mj-shrink-map	merge	MJ057984: 法務省戸籍法関連通達・通知, 種別 戸籍統一文字情報 親字・正字, ホップ数 1
U+709F	𤉊	炟	reduction	mj-shrink-map	merge	MJ039921: 法務省戸籍法関連通達・通知, 種別 戸籍統一文字情報 親字・正字, ホップ数 1
U+70AD	炭	炭	compatibility	unicode-ucd	merge	70AD
U+70AD	𡵼	炭	reduction	mj-shrink-map	merge	MJ034520: 法務省戸籍法関連通達・通知, 種別 戸籍統一文字情報 親字・正字, ホップ数 1
U+70B1	㸀	炱	reduction	mj-shrink-map	merge	MJ002322: 法務省戸籍法関連通達・通知, 種別 戸籍統一文字情報 親字・正字, ホップ数 1
U+70B1	炲	炱	reduction	mj-shrink-map	merge	MJ016340: 法務省戸籍法関連通達・通知, 種別 戸籍統一文字情報 親字・正字, ホップ数 1
U+70B1	𤆃	炱	reduction	mj-shrink-map	merge	MJ039847: 法務省戸籍法関連通達・通知, 種別 戸籍統一文字情報 親字・正字, ホップ数 1
U+70B8	𭳿	炸	reduction	mj-shrink-map	merge	MJ057982: 法務省戸籍法関連通達・通知, 種別 戸籍統一文字情報 親字・正字, ホップ数 1
U+70B9	㸃	點	reduction	mj-shrink-map	merge	MJ002326: 法務省戸籍法関連通達・通知, 種別 戸籍統一文字情報 親字・正字, ホップ数 1
U+70B9	點	点	reduction	mj-shrink-map	merge	MJ029911: 法務省戸籍法関連通達・通知, 種別 戸籍統一文字情報 親字・正字, ホップ数 1
U+70B9	𭴙	點	reduction	mj-shrink-map	merge	MJ057988: 法務省戸籍法関連通達・通知, 種別 戸籍統一文字情報 親字・正字, ホップ数 1
U+70BA	爲	為	reduction	mj-shrink-map	merge	MJ016743: 法務省戸籍法関連通達・通知, 種別 戸籍統一文字情報 親字・正字, ホップ数 1
U+70BA	𢏽	爲	reduction	mj-shrink-map	merge	MJ035644: 法務省戸籍法関連通達・通知, 種別 戸籍統一文字情報 親字・正字, ホップ数 1
U+70BA	𤓸	爲	reduction	mj-shrink-map	merge	MJ040216: 法務省戸籍法関連通達・通知, 種別 戸籍統一文字情報 親字・正字, ホップ数 1
U+70BA	𦥮	爲	reduction	mj-shrink-map	merge	MJ045987: 法務省戸籍法関連通達・通知, 種別 戸籍統一文字情報 親字・正字, ホップ数 1
U+70BA	𨤒	爲	reduction	mj-shrink-map	merge	MJ051670: 法務省戸籍法関連通達・通知, 種別 戸籍統一文字情報 親字・正字, ホップ数 1
U+70BA	𫞟	為	reduction	mj-shrink-map	merge	MJ057990: 法務省戸籍法関連通達・通知, 種別 戸籍統一文字情報 親字・正字, ホップ数 1
U+70C8	烈	烈	compatibility	unicode-ucd	merge	70C8
U+70C8	煭	烈	reduction	mj-shrink-map	merge	MJ016519: 法務省戸籍法関連通達・通知, 種別 戸籍統一文字情報 親字・正字, ホップ数 1
U+70C8	𤉩	烈	reduction	mj-shrink-map	merge	MJ039937: 法務省戸籍法関連通達・通知, 種別 戸籍統一文字情報 親字・正字, ホップ数 1
U+70C8	𤎁	烈	reduction	mj-shrink-map	merge	MJ040068: 法務省戸籍法関連通達・通知, 種別 戸籍統一文字情報 親字・正字, ホップ数 1
U+70CB	𠹎	烋	reduction	mj-shrink-map	merge	MJ032457: 法務省戸籍法関連通達・通知, 種別 戸籍統一文字情報 親字・正字, ホップ数 1
U+70CB	𤈢	烋	reduction	mj-shrink-map	merge	MJ039905: 法務省戸籍法関連通達・通知, 種別 戸籍統一文字情報 親字・正字, ホップ数 1
U+70CF	𠂶	烏	reduction	mj-shrink-map	merge	MJ030401: 法務省戸籍法関連通達・通知, 種別 戸籍統一文字情報 親字・正字, ホップ数 1
U+70CF	𡖗	烏	reduction	mj-shrink-map	merge	MJ033373: 法務省戸籍法関連通達・通知, 種別 戸籍統一文字情報 親字・正字, ホップ数 1
U+70CF	𡗃	烏	reduction	mj-shrink-map	merge	MJ033402: 法務省戸籍法関連通達・通知, 種別 戸籍統一文字情報 親字・正字, ホップ数 1
U+70CF	𤚶	烏	reduction	mj-shrink-map	merge	MJ040534: 法務省戸籍法関連通達・通知, 種別 戸籍統一文字情報 親字・正字, ホップ数 1
U+70CF	𥾪	烏	reduction	mj-shrink-map	merge	MJ044424: 法務省戸籍法関連通達・通知, 種別 戸籍統一文字情報 親字・正字, ホップ数 1
U+70CF	𬻆	烏	reduction	mj-shrink-map	merge	MJ056832: 法務省戸籍法関連通達・通知, 種別 戸籍統一文字情報 親字・正字, ホップ数 1
U+70CF	𭴚	烏	reduction	mj-shrink-map	merge	MJ057987: 法務省戸籍法関連通達・通知, 種別 戸籍統一文字情報 親字・正字, ホップ数 1
U+70D3	𤌒	烓	reduction	mj-shrink-map	merge	MJ040000: 法務省戸籍法関連通達・通知, 種別 戸籍統一文字情報 親字・正字, ホップ数 1
U+70D3	𧟼	烓	reduction	mj-shrink-map	merge	MJ048533: 法務省戸籍法関連通達・通知, 種別 戸籍統一文字情報 親字・正字, ホップ数 1
U+70D4	燑	烔	reduction	mj-shrink-map	merge	MJ016633: 法務省戸籍法関連通達・通知, 種別 戸籍統一文字情報 親字・正字, ホップ数 1
U+70D8	𤉻	烘	reduction	mj-shrink-map	merge	MJ039946: 法務省戸籍法関連通達・通知, 種別 戸籍統一文字情報 親字・正字, ホップ数 1
U+70D8	𧇲	烘	reduction	mj-shrink-map	merge	MJ047429: 法務省戸籍法関連通達・通知, 種別 戸籍統一文字情報 親字・正字, ホップ数 1
U+70D9	烙	烙	compatibility	unicode-ucd	merge	70D9
U+70DC	𤉑	烜	reduction	mj-shrink-map	merge	MJ039926: 法務省戸籍法関連通達・通知, 種別 戸籍統一文字情報 親字・正字, ホップ数 1
U+70DD	㷥	烝	reduction	mj-shrink-map	merge	MJ002300: 法務省戸籍法関連通達・通知, 種別 戸籍統一文字情報 親字・正字, ホップ数 1
U+70DD	𤇶	烝	reduction	mj-shrink-map	merge	MJ039895: 法務省戸籍法関連通達・通知, 種別 戸籍統一文字情報 親字・正字, ホップ数 1
U+70DF	𤊗	烟	reduction	mj-shrink-map	merge	MJ039948: 法務省戸籍法関連通達・通知, 種別 戸籍統一文字情報 親字・正字, ホップ数 1
U+70F9	𨢶	烹	reduction	mj-shrink-map	merge	MJ051600: 法務省戸籍法関連通達・通知, 種別 戸籍統一文字情報 親字・正字, ホップ数 1
U+70F9	𩱋	烹	reduction	mj-shrink-map	merge	MJ054887: 法務省戸籍法関連通達・通知, 種別 戸籍統一文字情報 親字・正字, ホップ数 1
U+70FD	㶻	烽	reduction	mj-shrink-map	merge	MJ002264: 法務省戸籍法関連通達・通知, 種別 戸籍統一文字情報 親字・正字, ホップ数 1
U+70FD	熢	烽	reduction	mj-shrink-map	merge	MJ016577: 法務省戸籍法関連通達・通知, 種別 戸籍統一文字情報 親字・正字, ホップ数 1
U+70FD	𤑊	烽	reduction	mj-shrink-map	merge	MJ040126: 法務省戸籍法関連通達・通知, 種別 戸籍統一文字情報 親字・正字, ホップ数 1
U+7103	𧹘	焃	reduction	mj-shrink-map	merge	MJ049771: 法務省戸籍法関連通達・通知, 種別 戸籍統一文字情報 親字・正字, ホップ数 1
U+7109	𤇟	焉	reduction	mj-shrink-map	merge	MJ039885: 法務省戸籍法関連通達・通知, 種別 戸籍統一文字情報 親字・正字, ホップ数 1
U+7109	𩾏	焉	reduction	mj-shrink-map	merge	MJ055395: 法務省戸籍法関連通達・通知, 種別 戸籍統一文字情報 親字・正字, ホップ数 1
U+711A	㷊	焚	reduction	mj-shrink-map	merge	MJ002278: 法務省戸籍法関連通達・通知, 種別 戸籍統一文字情報 親字・正字, ホップ数 1
U+711E	𤑴	焞	reduction	mj-shrink-map	merge	MJ040146: 法務省戸籍法関連通達・通知, 種別 戸籍統一文字情報 親字・正字, ホップ数 1
U+7121	𠘩	無	reduction	mj-shrink-map	merge	MJ031157: 法務省戸籍法関連通達・通知, 種別 戸籍統一文字情報 親字・正字, ホップ数 1
U+7121	𡙻	無	reduction	mj-shrink-map	merge	MJ033509: 法務省戸籍法関連通達・通知, 種別 戸籍統一文字情報 親字・正字, ホップ数 1
U+7121	𣑨	無	reduction	mj-shrink-map	merge	MJ038008: 法務省戸籍法関連通達・通知, 種別 戸籍統一文字情報 親字・正字, ホップ数 1
U+7121	𣚨	無	reduction	mj-shrink-map	merge	MJ038284: 法務省戸籍法関連通達・通知, 種別 戸籍統一文字情報 親字・正字, ホップ数 1
U+7121	𣠮	無	reduction	mj-shrink-map	merge	MJ038452: 法務省戸籍法関連通達・通知, 種別 戸籍統一文字情報 親字・正字, ホップ数 1
U+7121	𤍍	無	reduction	mj-shrink-map	merge	MJ040017: 法務省戸籍法関連通達・通知, 種別 戸籍統一文字情報 親字・正字, ホップ数 1
U+7121	𬻜	無	reduction	mj-shrink-map	merge	MJ056843: 法務省戸籍法関連通達・通知, 種別 戸籍統一文字情報 親字・正字, ホップ数 1
U+7121	𬻝	無	reduction	mj-shrink-map	merge	MJ056842: 法務省戸籍法関連通達・通知, 種別 戸籍統一文字情報 親字・正字, ホップ数 1
U+7121	𭴾	無	reduction	mj-shrink-map	merge	MJ057996: 法務省戸籍法関連通達・通知, 種別 戸籍統一文字情報 親字・正字, ホップ数 1
U+7126	𤊙	焦	reduction	mj-shrink-map	merge	MJ039949: 法務省戸籍法関連通達・通知, 種別 戸籍統一文字情報 親字・正字, ホップ数 1
U+7126	𤓪	焦	reduction	mj-shrink-map	merge	MJ040203: 法務省戸籍法関連通達・通知, 種別 戸籍統一文字情報 親字・正字, ホップ数 1
U+7126	𤓬	焦	reduction	mj-shrink-map	merge	MJ040205: 法務省戸籍法関連通達・通知, 種別 戸籍統一文字情報 親字・正字, ホップ数 1
U+712F	𤎙	焯	reduction	mj-shrink-map	merge	MJ040037: 法務省戸籍法関連通達・通知, 種別 戸籍統一文字情報 親字・正字, ホップ数 1
U+7130	焔	焰	reduction	mj-shrink-map	merge	MJ016423: 法務省戸籍法関連通達・通知, 種別 戸籍統一文字情報 親字・正字, ホップ数 1
U+7130	熖	焰	reduction	mj-shrink-map	merge	MJ016564: 法務省戸籍法関連通達・通知, 種別 戸籍統一文字情報 親字・正字, ホップ数 1
U+7130	𦥿	焰	reduction	mj-shrink-map	merge	MJ046004: 法務省戸籍法関連通達・通知, 種別 戸籍統一文字情報 親字・正字, ホップ数 1
U+7131	𭴑	焱	reduction	mj-shrink-map	merge	MJ057985: 法務省戸籍法関連通達・通知, 種別 戸籍統一文字情報 親字・正字, ホップ数 1
U+7136	𤟙	然	reduction	mj-shrink-map	merge	MJ040745: 法務省戸籍法関連通達・通知, 種別 戸籍統一文字情報 親字・正字, ホップ数 1
U+7136	𧆋	然	reduction	mj-shrink-map	merge	MJ047357: 法務省戸籍法関連通達・通知, 種別 戸籍統一文字情報 親字・正字, ホップ数 1
U+713C	燒	焼	reduction	mj-shrink-map	merge	MJ016634: 法務省戸籍法関連通達・通知, 種別 戸籍統一文字情報 親字・正字, ホップ数 1
U+713C	𤌸	燒	reduction	mj-shrink-map	merge	MJ040009: 法務省戸籍法関連通達・通知, 種別 戸籍統一文字情報 親字・正字, ホップ数 1
U+713C	𧄣	燒	reduction	mj-shrink-map	merge	MJ047287: 法務省戸籍法関連通達・通知, 種別 戸籍統一文字情報 親字・正字, ホップ数 1
U+7147	𤑱	煇	reduction	mj-shrink-map	merge	MJ040144: 法務省戸籍法関連通達・通知, 種別 戸籍統一文字情報 親字・正字, ホップ数 1
U+7149	煉	煉	compatibility	unicode-ucd	merge	7149
U+7149	𥒯	煉	reduction	mj-shrink-map	merge	MJ042793: 法務省戸籍法関連通達・通知, 種別 戸籍統一文字情報 親字・正字, ホップ数 1
U+7149	𧹯	煉	reduction	mj-shrink-map	merge	MJ049784: 法務省戸籍法関連通達・通知, 種別 戸籍統一文字情報 親字・正字, ホップ数 1
U+714C	䪄	煌	reduction	mj-shrink-map	merge	MJ005482: 法務省戸籍法関連通達・通知, 種別 戸籍統一文字情報 親字・正字, ホップ数 1
U+714C	𤌼	煌	reduction	mj-shrink-map	merge	MJ040012: 法務省戸籍法関連通達・通知, 種別 戸籍統一文字情報 親字・正字, ホップ数 1
U+714C	𪏥	煌	reduction	mj-shrink-map	merge	MJ056201: 法務省戸籍法関連通達・通知, 種別 戸籍統一文字情報 親字・正字, ホップ数 1
U+714E	㷙	煎	reduction	mj-shrink-map	merge	MJ002292: 法務省戸籍法関連通達・通知, 種別 戸籍統一文字情報 親字・正字, ホップ数 1
U+714E	𤌺	煎	reduction	mj-shrink-map	merge	MJ040010: 法務省戸籍法関連通達・通知, 種別 戸籍統一文字情報 親字・正字, ホップ数 1
U+714E	𤎴	煎	reduction	mj-shrink-map	merge	MJ040061: 法務省戸籍法関連通達・通知, 種別 戸籍統一文字情報 親字・正字, ホップ数 1
U+714E	𤎵	煎	reduction	mj-shrink-map	merge	MJ040062: 法務省戸籍法関連通達・通知, 種別 戸籍統一文字情報 親字・正字, ホップ数 1
U+7151	𢐼	煑	reduction	mj-shrink-map	merge	MJ035691: 法務省戸籍法関連通達・通知, 種別 戸籍統一文字情報 親字・正字, ホップ数 1
U+7151	𤋯	煑	reduction	mj-shrink-map	merge	MJ039983: 法務省戸籍法関連通達・通知, 種別 戸籍統一文字情報 親字・正字, ホップ数 1
U+7151	𤑨	煑	reduction	mj-shrink-map	merge	MJ040134: 法務省戸籍法関連通達・通知, 種別 戸籍統一文字情報 親字・正字, ホップ数 1
U+7155	𤋮	𤋮	compatibility	unicode-ucd	merge	242EE
U+7155	煕	𤋮	itaiji	mj-kanji	merge	X0213 包摂
U+7155	焈	煕	reduction	mj-shrink-map	merge	MJ016413: 法務省戸籍法関連通達・通知, 種別 戸籍統一文字情報 親字・正字, ホップ数 1
U+7155	熈	煕	reduction	mj-shrink-map	merge	MJ016545: 法務省戸籍法関連通達・通知, 種別 戸籍統一文字情報 親字・正字, ホップ数 1
U+7155	煕	熈	variant	cjkvi-variants	corroborates	煕→熈 jisx0212/variant | 煕→熈 jisx0213/variant
U+7155	煕	熈	variant	hng-basic-data	corroborates	06898
U+7155	煕	熈	equivalent	yitizi	corroborates	ytenx/JihThex.csv
U+7159	㷑	煙	reduction	mj-shrink-map	merge	MJ002283: 法務省戸籍法関連通達・通知, 種別 戸籍統一文字情報 親字・正字, ホップ数 1
U+7159	𠖜	煙	reduction	mj-shrink-map	merge	MJ031081: 法務省戸籍法関連通達・通知, 種別 戸籍統一文字情報 親字・正字, ホップ数 1
U+7159	𠖣	煙	reduction	mj-shrink-map	merge	MJ031084: 法務省戸籍法関連通達・通知, 種別 戸籍統一文字情報 親字・正字, ホップ数 1
U+7159	𡇽	煙	reduction	mj-shrink-map	merge	MJ032883: 法務省戸籍法関連通達・通知, 種別 戸籍統一文字情報 親字・正字, ホップ数 1
U+7159	𡨾	煙	reduction	mj-shrink-map	merge	MJ034020: 法務省戸籍法関連通達・通知, 種別 戸籍統一文字情報 親字・正字, ホップ数 1
U+7159	𤎟	煙	reduction	mj-shrink-map	merge	MJ040041: 法務省戸籍法関連通達・通知, 種別 戸籍統一文字情報 親字・正字, ホップ数 1
U+7159	𤏯	煙	reduction	mj-shrink-map	merge	MJ040085: 法務省戸籍法関連通達・通知, 種別 戸籍統一文字情報 親字・正字, ホップ数 1
U+715C	焴	煜	reduction	mj-shrink-map	merge	MJ016456: 法務省戸籍法関連通達・通知, 種別 戸籍統一文字情報 親字・正字, ホップ数 1
U+715E	㬠	煞	reduction	mj-shrink-map	merge	MJ001652: 法務省戸籍法関連通達・通知, 種別 戸籍統一文字情報 親字・正字, ホップ数 1
U+7160	𤉬	煠	reduction	mj-shrink-map	merge	MJ039940: 法務省戸籍法関連通達・通知, 種別 戸籍統一文字情報 親字・正字, ホップ数 1
U+7162	㷀	煢	z	cjkvi-variants	merge	煢→㷀 cjkvi/duplicate
U+7162	㒌	㷀	reduction	mj-shrink-map	merge	MJ000108: 法務省戸籍法関連通達・通知, 種別 戸籍統一文字情報 親字・正字, ホップ数 1
U+7162	𣜧	煢	reduction	mj-shrink-map	merge	MJ038327: 法務省戸籍法関連通達・通知, 種別 戸籍統一文字情報 親字・正字, ホップ数 1
U+7165	烉	煥	reduction	mj-shrink-map	merge	MJ016357: 法務省戸籍法関連通達・通知, 種別 戸籍統一文字情報 親字・正字, ホップ数 1
U+7167	㷖	照	reduction	mj-shrink-map	merge	MJ002289: 法務省戸籍法関連通達・通知, 種別 戸籍統一文字情報 親字・正字, ホップ数 1
U+7167	燳	照	reduction	mj-shrink-map	merge	MJ016670: 法務省戸籍法関連通達・通知, 種別 戸籍統一文字情報 親字・正字, ホップ数 1
U+7167	瞾	照	reduction	mj-shrink-map	merge	MJ018352: 法務省戸籍法関連通達・通知, 種別 戸籍統一文字情報 親字・正字, ホップ数 1
U+7167	𣉬	照	reduction	mj-shrink-map	merge	MJ037771: 法務省戸籍法関連通達・通知, 種別 戸籍統一文字情報 親字・正字, ホップ数 1
U+7167	𣊕	照	reduction	mj-shrink-map	merge	MJ037785: 法務省戸籍法関連通達・通知, 種別 戸籍統一文字情報 親字・正字, ホップ数 1
U+7167	𥊐	照	reduction	mj-shrink-map	merge	MJ042454: 法務省戸籍法関連通達・通知, 種別 戸籍統一文字情報 親字・正字, ホップ数 1
U+7167	𥋫	照	reduction	mj-shrink-map	merge	MJ042500: 法務省戸籍法関連通達・通知, 種別 戸籍統一文字情報 親字・正字, ホップ数 1
U+716C	𤋁	煬	reduction	mj-shrink-map	merge	MJ039969: 法務省戸籍法関連通達・通知, 種別 戸籍統一文字情報 親字・正字, ホップ数 1
U+716E	煮	煮	compatibility	unicode-ucd	merge	716E
U+716E	煮	煮	compatibility	unicode-ucd	merge	716E
U+716E	䰞	煮	reduction	mj-shrink-map	merge	MJ005910: 法務省戸籍法関連通達・通知, 種別 戸籍統一文字情報 親字・正字, ホップ数 1
U+716E	𤆯	煮	reduction	mj-shrink-map	merge	MJ039864: 法務省戸籍法関連通達・通知, 種別 戸籍統一文字情報 親字・正字, ホップ数 1
U+7187	燺	熇	reduction	mj-shrink-map	merge	MJ016676: 法務省戸籍法関連通達・通知, 種別 戸籍統一文字情報 親字・正字, ホップ数 1
U+7187	𤐟	熇	reduction	mj-shrink-map	merge	MJ040105: 法務省戸籍法関連通達・通知, 種別 戸籍統一文字情報 親字・正字, ホップ数 1
U+718A	𤠗	熊	reduction	mj-shrink-map	merge	MJ040793: 法務省戸籍法関連通達・通知, 種別 戸籍統一文字情報 親字・正字, ホップ数 1
U+718A	𧰯	熊	reduction	mj-shrink-map	merge	MJ049380: 法務省戸籍法関連通達・通知, 種別 戸籍統一文字情報 親字・正字, ホップ数 1
U+718A	𪏛	熊	reduction	mj-shrink-map	merge	MJ056192: 法務省戸籍法関連通達・通知, 種別 戸籍統一文字情報 親字・正字, ホップ数 1
U+718F	爋	熏	reduction	mj-shrink-map	merge	MJ016697: 法務省戸籍法関連通達・通知, 種別 戸籍統一文字情報 親字・正字, ホップ数 1
U+718F	𡴦	熏	reduction	mj-shrink-map	merge	MJ034466: 法務省戸籍法関連通達・通知, 種別 戸籍統一文字情報 親字・正字, ホップ数 1
U+718F	𡽽	熏	reduction	mj-shrink-map	merge	MJ034832: 法務省戸籍法関連通達・通知, 種別 戸籍統一文字情報 親字・正字, ホップ数 1
U+718F	𭵜	熏	reduction	mj-shrink-map	merge	MJ058002: 法務省戸籍法関連通達・通知, 種別 戸籍統一文字情報 親字・正字, ホップ数 1
U+719B	𤌑	熛	reduction	mj-shrink-map	merge	MJ039999: 法務省戸籍法関連通達・通知, 種別 戸籍統一文字情報 親字・正字, ホップ数 1
U+719B	𤒾	熛	reduction	mj-shrink-map	merge	MJ040180: 法務省戸籍法関連通達・通知, 種別 戸籍統一文字情報 親字・正字, ホップ数 1
U+719C	熜	熜	compatibility	unicode-ucd	merge	719C
U+719F	𡒒	熟	reduction	mj-shrink-map	merge	MJ033225: 法務省戸籍法関連通達・通知, 種別 戸籍統一文字情報 親字・正字, ホップ数 1
U+719F	𤒆	熟	reduction	mj-shrink-map	merge	MJ040160: 法務省戸籍法関連通達・通知, 種別 戸籍統一文字情報 親字・正字, ホップ数 1
U+719F	𦏧	熟	reduction	mj-shrink-map	merge	MJ045081: 法務省戸籍法関連通達・通知, 種別 戸籍統一文字情報 親字・正字, ホップ数 1
U+71A8	𣂊	熨	reduction	mj-shrink-map	merge	MJ037483: 法務省戸籍法関連通達・通知, 種別 戸籍統一文字情報 親字・正字, ホップ数 1
U+71A8	𤓮	熨	reduction	mj-shrink-map	merge	MJ040207: 法務省戸籍法関連通達・通知, 種別 戸籍統一文字情報 親字・正字, ホップ数 1
U+71AC	䵅	熬	reduction	mj-shrink-map	merge	MJ006184: 法務省戸籍法関連通達・通知, 種別 戸籍統一文字情報 親字・正字, ホップ数 1
U+71AC	𤏺	熬	reduction	mj-shrink-map	merge	MJ040093: 法務省戸籍法関連通達・通知, 種別 戸籍統一文字情報 親字・正字, ホップ数 1
U+71AC	𩱏	熬	reduction	mj-shrink-map	merge	MJ054890: 法務省戸籍法関連通達・通知, 種別 戸籍統一文字情報 親字・正字, ホップ数 1
U+71AC	𪌑	熬	reduction	mj-shrink-map	merge	MJ056027: 法務省戸籍法関連通達・通知, 種別 戸籍統一文字情報 親字・正字, ホップ数 1
U+71AF	㸁	熯	reduction	mj-shrink-map	merge	MJ002323: 法務省戸籍法関連通達・通知, 種別 戸籍統一文字情報 親字・正字, ホップ数 1
U+71AF	𤑆	熯	reduction	mj-shrink-map	merge	MJ040125: 法務省戸籍法関連通達・通知, 種別 戸籍統一文字情報 親字・正字, ホップ数 1
U+71B1	𤎮	熱	reduction	mj-shrink-map	merge	MJ040055: 法務省戸籍法関連通達・通知, 種別 戸籍統一文字情報 親字・正字, ホップ数 1
U+71B1	𪌌	熱	reduction	mj-shrink-map	merge	MJ056024: 法務省戸籍法関連通達・通知, 種別 戸籍統一文字情報 親字・正字, ホップ数 1
U+71B9	熺	熹	reduction	mj-shrink-map	merge	MJ016601: 法務省戸籍法関連通達・通知, 種別 戸籍統一文字情報 親字・正字, ホップ数 1
U+71B9	𤏴	熹	reduction	mj-shrink-map	merge	MJ040087: 法務省戸籍法関連通達・通知, 種別 戸籍統一文字情報 親字・正字, ホップ数 1
U+71BE	𢧾	熾	reduction	mj-shrink-map	merge	MJ036622: 法務省戸籍法関連通達・通知, 種別 戸籍統一文字情報 親字・正字, ホップ数 1
U+71BE	𢨙	熾	reduction	mj-shrink-map	merge	MJ036641: 法務省戸籍法関連通達・通知, 種別 戸籍統一文字情報 親字・正字, ホップ数 1
U+71BE	𤎷	熾	reduction	mj-shrink-map	merge	MJ040064: 法務省戸籍法関連通達・通知, 種別 戸籍統一文字情報 親字・正字, ホップ数 1
U+71BE	𤐦	熾	reduction	mj-shrink-map	merge	MJ040106: 法務省戸籍法関連通達・通知, 種別 戸籍統一文字情報 親字・正字, ホップ数 1
U+71C1	㒯	燁	reduction	mj-shrink-map	merge	MJ000136: 法務省戸籍法関連通達・通知, 種別 戸籍統一文字情報 親字・正字, ホップ数 1
U+71C1	㷸	燁	reduction	mj-shrink-map	merge	MJ002316: 法務省戸籍法関連通達・通知, 種別 戸籍統一文字情報 親字・正字, ホップ数 1
U+71C1	𤑼	燁	reduction	mj-shrink-map	merge	MJ040153: 法務省戸籍法関連通達・通知, 種別 戸籍統一文字情報 親字・正字, ホップ数 1
U+71CE	燎	燎	compatibility	unicode-ucd	merge	71CE
U+71CE	尞	燎	reduction	mj-shrink-map	merge	MJ010299: 法務省戸籍法関連通達・通知, 種別 戸籍統一文字情報 親字・正字, ホップ数 1
U+71CE	𤉞	燎	reduction	mj-shrink-map	merge	MJ039920: 法務省戸籍法関連通達・通知, 種別 戸籍統一文字情報 親字・正字, ホップ数 1
U+71CE	𤊽	燎	reduction	mj-shrink-map	merge	MJ039965: 法務省戸籍法関連通達・通知, 種別 戸籍統一文字情報 親字・正字, ホップ数 1
U+71CE	𤐗	燎	reduction	mj-shrink-map	merge	MJ040103: 法務省戸籍法関連通達・通知, 種別 戸籍統一文字情報 親字・正字, ホップ数 1
U+71CE	𥛰	尞	reduction	mj-shrink-map	merge	MJ043061: 法務省戸籍法関連通達・通知, 種別 戸籍統一文字情報 親字・正字, ホップ数 1
U+71D0	燐	燐	compatibility	unicode-ucd	merge	71D0
U+71D0	㷠	燐	reduction	mj-shrink-map	merge	MJ002295: 法務省戸籍法関連通達・通知, 種別 戸籍統一文字情報 親字・正字, ホップ数 1
U+71D5	㷼	燕	reduction	mj-shrink-map	merge	MJ002319: 法務省戸籍法関連通達・通知, 種別 戸籍統一文字情報 親字・正字, ホップ数 1
U+71D5	䴏	燕	reduction	mj-shrink-map	merge	MJ006134: 法務省戸籍法関連通達・通知, 種別 戸籍統一文字情報 親字・正字, ホップ数 1
U+71D5	觾	燕	reduction	mj-shrink-map	merge	MJ024329: 法務省戸籍法関連通達・通知, 種別 戸籍統一文字情報 親字・正字, ホップ数 1
U+71D7	燗	𤏐	itaiji	mj-kanji	merge	X0213 包摂
U+71E0	𣋉	燠	reduction	mj-shrink-map	merge	MJ037810: 法務省戸籍法関連通達・通知, 種別 戸籍統一文字情報 親字・正字, ホップ数 1
U+71E0	𤈯	燠	reduction	mj-shrink-map	merge	MJ039916: 法務省戸籍法関連通達・通知, 種別 戸籍統一文字情報 親字・正字, ホップ数 1
U+71E0	𤈰	燠	reduction	mj-shrink-map	merge	MJ039917: 法務省戸籍法関連通達・通知, 種別 戸籍統一文字情報 親字・正字, ホップ数 1
U+71E5	𤍜	燥	reduction	mj-shrink-map	merge	MJ040029: 法務省戸籍法関連通達・通知, 種別 戸籍統一文字情報 親字・正字, ホップ数 1
U+71E5	𤏟	燥	reduction	mj-shrink-map	merge	MJ040081: 法務省戸籍法関連通達・通知, 種別 戸籍統一文字情報 親字・正字, ホップ数 1
U+71E7	煫	燧	reduction	mj-shrink-map	merge	MJ016517: 法務省戸籍法関連通達・通知, 種別 戸籍統一文字情報 親字・正字, ホップ数 1
U+71E7	𤎩	燧	reduction	mj-shrink-map	merge	MJ040051: 法務省戸籍法関連通達・通知, 種別 戸籍統一文字情報 親字・正字, ホップ数 1
U+71E7	𤑾	燧	reduction	mj-shrink-map	merge	MJ040155: 法務省戸籍法関連通達・通知, 種別 戸籍統一文字情報 親字・正字, ホップ数 1
U+71E7	𤒮	燧	reduction	mj-shrink-map	merge	MJ040175: 法務省戸籍法関連通達・通知, 種別 戸籍統一文字情報 親字・正字, ホップ数 1
U+71E7	𤓫	燧	reduction	mj-shrink-map	merge	MJ040204: 法務省戸籍法関連通達・通知, 種別 戸籍統一文字情報 親字・正字, ホップ数 1
U+71E7	𨽵	燧	reduction	mj-shrink-map	merge	MJ052498: 法務省戸籍法関連通達・通知, 種別 戸籍統一文字情報 親字・正字, ホップ数 1
U+71F9	𤐨	燹	reduction	mj-shrink-map	merge	MJ040108: 法務省戸籍法関連通達・通知, 種別 戸籍統一文字情報 親字・正字, ホップ数 1
U+7206	烞	爆	reduction	mj-shrink-map	merge	MJ016378: 法務省戸籍法関連通達・通知, 種別 戸籍統一文字情報 親字・正字, ホップ数 1
U+7206	煿	爆	reduction	mj-shrink-map	merge	MJ016536: 法務省戸籍法関連通達・通知, 種別 戸籍統一文字情報 親字・正字, ホップ数 1
U+7206	𤋪	爆	reduction	mj-shrink-map	merge	MJ039978: 法務省戸籍法関連通達・通知, 種別 戸籍統一文字情報 親字・正字, ホップ数 1
U+7206	𤒁	爆	reduction	mj-shrink-map	merge	MJ040158: 法務省戸籍法関連通達・通知, 種別 戸籍統一文字情報 親字・正字, ホップ数 1
U+7206	𤒺	爆	reduction	mj-shrink-map	merge	MJ040176: 法務省戸籍法関連通達・通知, 種別 戸籍統一文字情報 親字・正字, ホップ数 1
U+7206	𤓊	爆	reduction	mj-shrink-map	merge	MJ040185: 法務省戸籍法関連通達・通知, 種別 戸籍統一文字情報 親字・正字, ホップ数 1
U+7207	𤑔	爇	reduction	mj-shrink-map	merge	MJ040131: 法務省戸籍法関連通達・通知, 種別 戸籍統一文字情報 親字・正字, ホップ数 1
U+7207	𦳼	爇	reduction	mj-shrink-map	merge	MJ046615: 法務省戸籍法関連通達・通知, 種別 戸籍統一文字情報 親字・正字, ホップ数 1
U+7207	𮒫	爇	reduction	mj-shrink-map	merge	MJ058563: 法務省戸籍法関連通達・通知, 種別 戸籍統一文字情報 親字・正字, ホップ数 1
U+721B	爛	爛	compatibility	unicode-ucd	merge	721B
U+7228	爨	爨	compatibility	unicode-ucd	merge	7228
U+7228	𤍾	爨	reduction	mj-shrink-map	merge	MJ040033: 法務省戸籍法関連通達・通知, 種別 戸籍統一文字情報 親字・正字, ホップ数 1
U+7228	𤏷	爨	reduction	mj-shrink-map	merge	MJ040090: 法務省戸籍法関連通達・通知, 種別 戸籍統一文字情報 親字・正字, ホップ数 1
U+7228	𤑖	爨	reduction	mj-shrink-map	merge	MJ040132: 法務省戸籍法関連通達・通知, 種別 戸籍統一文字情報 親字・正字, ホップ数 1
U+7228	𤓟	爨	reduction	mj-shrink-map	merge	MJ040197: 法務省戸籍法関連通達・通知, 種別 戸籍統一文字情報 親字・正字, ホップ数 1
U+7228	𤓥	爨	reduction	mj-shrink-map	merge	MJ040201: 法務省戸籍法関連通達・通知, 種別 戸籍統一文字情報 親字・正字, ホップ数 1
U+722B	爫	爫	compatibility	unicode-ucd	merge	722B
U+722C	趴	爬	reduction	mj-shrink-map	merge	MJ025241: 法務省戸籍法関連通達・通知, 種別 戸籍統一文字情報 親字・正字, ホップ数 1
U+7235	爵	爵	compatibility	unicode-ucd	merge	7235
U+7235	爵	爵	compatibility	unicode-ucd	merge	7235
U+7235	𠕢	爵	reduction	mj-shrink-map	merge	MJ031051: 法務省戸籍法関連通達・通知, 種別 戸籍統一文字情報 親字・正字, ホップ数 1
U+7235	𠙘	爵	reduction	mj-shrink-map	merge	MJ031189: 法務省戸籍法関連通達・通知, 種別 戸籍統一文字情報 親字・正字, ホップ数 1
U+7235	𡬠	爵	reduction	mj-shrink-map	merge	MJ034157: 法務省戸籍法関連通達・通知, 種別 戸籍統一文字情報 親字・正字, ホップ数 1
U+7235	𣡫	爵	reduction	mj-shrink-map	merge	MJ038483: 法務省戸籍法関連通達・通知, 種別 戸籍統一文字情報 親字・正字, ホップ数 1
U+7235	𥥼	𥥼	compatibility	unicode-ucd	merge	2597C
U+7235	𥥼	爵	reduction	mj-shrink-map	merge	MJ043440: 法務省戸籍法関連通達・通知, 種別 戸籍統一文字情報 親字・正字, ホップ数 1
U+7235	𥧀	爵	reduction	mj-shrink-map	merge	MJ043441: 法務省戸籍法関連通達・通知, 種別 戸籍統一文字情報 親字・正字, ホップ数 1
U+7235	𩰣	爵	reduction	mj-shrink-map	merge	MJ054857: 法務省戸籍法関連通達・通知, 種別 戸籍統一文字情報 親字・正字, ホップ数 1
U+7235	𩰥	爵	reduction	mj-shrink-map	merge	MJ054859: 法務省戸籍法関連通達・通知, 種別 戸籍統一文字情報 親字・正字, ホップ数 1
U+7235	𩰦	爵	reduction	mj-shrink-map	merge	MJ054861: 法務省戸籍法関連通達・通知, 種別 戸籍統一文字情報 親字・正字, ホップ数 1
U+7235	𩰧	爵	reduction	mj-shrink-map	merge	MJ054862: 法務省戸籍法関連通達・通知, 種別 戸籍統一文字情報 親字・正字, ホップ数 1
U+7235	𩰨	爵	reduction	mj-shrink-map	merge	MJ054863: 法務省戸籍法関連通達・通知, 種別 戸籍統一文字情報 親字・正字, ホップ数 1
U+7235	𮫗	爵	reduction	mj-shrink-map	merge	MJ054860: 法務省戸籍法関連通達・通知, 種別 戸籍統一文字情報 親字・正字, ホップ数 1
U+7238	𤕕	爸	reduction	mj-shrink-map	merge	MJ040273: 法務省戸籍法関連通達・通知, 種別 戸籍統一文字情報 親字・正字, ホップ数 1
U+723A	𤕓	爺	reduction	mj-shrink-map	merge	MJ040272: 法務省戸籍法関連通達・通知, 種別 戸籍統一文字情報 親字・正字, ホップ数 1
U+723D	𡙁	爽	reduction	mj-shrink-map	merge	MJ033472: 法務省戸籍法関連通達・通知, 種別 戸籍統一文字情報 親字・正字, ホップ数 1
U+723D	𭑘	爽	reduction	mj-shrink-map	merge	MJ057286: 法務省戸籍法関連通達・通知, 種別 戸籍統一文字情報 親字・正字, ホップ数 1
U+723E	儞	爾	reduction	mj-shrink-map	merge	MJ007164: 法務省戸籍法関連通達・通知, 種別 戸籍統一文字情報 親字・正字, ホップ数 1
U+723E	𠑂	爾	reduction	mj-shrink-map	merge	MJ030880: 法務省戸籍法関連通達・通知, 種別 戸籍統一文字情報 親字・正字, ホップ数 1
U+723E	𣙡	爾	reduction	mj-shrink-map	merge	MJ038367: 法務省戸籍法関連通達・通知, 種別 戸籍統一文字情報 親字・正字, ホップ数 1
U+723E	𤕨	爾	reduction	mj-shrink-map	merge	MJ040288: 法務省戸籍法関連通達・通知, 種別 戸籍統一文字情報 親字・正字, ホップ数 1
U+723E	𫝃	爾	reduction	mj-shrink-map	merge	MJ058020: 法務省戸籍法関連通達・通知, 種別 戸籍統一文字情報 親字・正字, ホップ数 1
U+723F	𤕪	爿	reduction	mj-shrink-map	merge	MJ040290: 法務省戸籍法関連通達・通知, 種別 戸籍統一文字情報 親字・正字, ホップ数 1
U+7242	䍧	牂	reduction	mj-shrink-map	merge	MJ003663: 法務省戸籍法関連通達・通知, 種別 戸籍統一文字情報 親字・正字, ホップ数 1
U+7242	䍭	牂	reduction	mj-shrink-map	merge	MJ003669: 法務省戸籍法関連通達・通知, 種別 戸籍統一文字情報 親字・正字, ホップ数 1
U+7242	𦎆	牂	reduction	mj-shrink-map	merge	MJ045011: 法務省戸籍法関連通達・通知, 種別 戸籍統一文字情報 親字・正字, ホップ数 1
U+7246	墻	牆	reduction	mj-shrink-map	merge	MJ009324: 法務省戸籍法関連通達・通知, 種別 戸籍統一文字情報 親字・正字, ホップ数 1
U+7246	墻	牆	variant	cjkvi-variants	corroborates	墻→牆 dypytz/variant | 墻→牆 jisx0213/variant | 牆→墻 hydzd/variant | 牆→墻 twedu/variant
U+7246	墻	牆	variant	hng-basic-data	corroborates	07047 | 07047b
U+7246	墻	牆	variant	wikidata	corroborates	Q109740380; P248 Q10427532; P282 Q906019 | Q109753723; P248 Q10427532
U+7246	墻	牆	equivalent	yitizi	corroborates	ytenx/JihThex.csv
U+7246	𡫆	牆	reduction	mj-shrink-map	merge	MJ034101: 法務省戸籍法関連通達・通知, 種別 戸籍統一文字情報 親字・正字, ホップ数 1
U+7246	𢉈	牆	reduction	mj-shrink-map	merge	MJ035349: 法務省戸籍法関連通達・通知, 種別 戸籍統一文字情報 親字・正字, ホップ数 1
U+7246	𤖠	牆	reduction	mj-shrink-map	merge	MJ040335: 法務省戸籍法関連通達・通知, 種別 戸籍統一文字情報 親字・正字, ホップ数 1
U+7246	𤖣	牆	reduction	mj-shrink-map	merge	MJ040337: 法務省戸籍法関連通達・通知, 種別 戸籍統一文字情報 親字・正字, ホップ数 1
U+7246	𤖧	牆	reduction	mj-shrink-map	merge	MJ040340: 法務省戸籍法関連通達・通知, 種別 戸籍統一文字情報 親字・正字, ホップ数 1
U+7247	𬽣	片	reduction	mj-shrink-map	merge	MJ056906: 法務省戸籍法関連通達・通知, 種別 戸籍統一文字情報 親字・正字, ホップ数 1
U+724C	𤗋	牌	reduction	mj-shrink-map	merge	MJ040370: 法務省戸籍法関連通達・通知, 種別 戸籍統一文字情報 親字・正字, ホップ数 1
U+7250	牐	牐	compatibility	unicode-ucd	merge	7250
U+7252	𤗊	牒	reduction	mj-shrink-map	merge	MJ040369: 法務省戸籍法関連通達・通知, 種別 戸籍統一文字情報 親字・正字, ホップ数 1
U+7252	𤗣	牒	reduction	mj-shrink-map	merge	MJ040386: 法務省戸籍法関連通達・通知, 種別 戸籍統一文字情報 親字・正字, ホップ数 1
U+7256	𤗱	牖	reduction	mj-shrink-map	merge	MJ040397: 法務省戸籍法関連通達・通知, 種別 戸籍統一文字情報 親字・正字, ホップ数 1
U+7258	𤘄	牘	reduction	mj-shrink-map	merge	MJ040409: 法務省戸籍法関連通達・通知, 種別 戸籍統一文字情報 親字・正字, ホップ数 1
U+7259	𤘈	𤘈	compatibility	unicode-ucd	merge	24608
U+7259	𤘈	牙	reduction	mj-shrink-map	merge	MJ040413: 法務省戸籍法関連通達・通知, 種別 戸籍統一文字情報 親字・正字, ホップ数 1
U+7259	𤘉	牙	reduction	mj-shrink-map	merge	MJ040414: 法務省戸籍法関連通達・通知, 種別 戸籍統一文字情報 親字・正字, ホップ数 1
U+7259	𨈏	牙	reduction	mj-shrink-map	merge	MJ050372: 法務省戸籍法関連通達・通知, 種別 戸籍統一文字情報 親字・正字, ホップ数 1
U+725D	𤘥	牝	reduction	mj-shrink-map	merge	MJ040432: 法務省戸籍法関連通達・通知, 種別 戸籍統一文字情報 親字・正字, ホップ数 1
U+725D	𪊯	牝	reduction	mj-shrink-map	merge	MJ055951: 法務省戸籍法関連通達・通知, 種別 戸籍統一文字情報 親字・正字, ホップ数 1
U+725F	𠫚	牟	reduction	mj-shrink-map	merge	MJ058023: 法務省戸籍法関連通達・通知, 種別 戸籍統一文字情報 親字・正字, ホップ数 1
U+725F	𢃷	牟	reduction	mj-shrink-map	merge	MJ035107: 法務省戸籍法関連通達・通知, 種別 戸籍統一文字情報 親字・正字, ホップ数 1
U+7261	𤚴	牡	reduction	mj-shrink-map	merge	MJ040532: 法務省戸籍法関連通達・通知, 種別 戸籍統一文字情報 親字・正字, ホップ数 1
U+7262	牢	牢	compatibility	unicode-ucd	merge	7262
U+7262	𡕘	牢	reduction	mj-shrink-map	merge	MJ033323: 法務省戸籍法関連通達・通知, 種別 戸籍統一文字情報 親字・正字, ホップ数 1
U+7262	𡘠	牢	reduction	mj-shrink-map	merge	MJ033454: 法務省戸籍法関連通達・通知, 種別 戸籍統一文字情報 親字・正字, ホップ数 1
U+7263	㸾	牣	reduction	mj-shrink-map	merge	MJ002382: 法務省戸籍法関連通達・通知, 種別 戸籍統一文字情報 親字・正字, ホップ数 1
U+7267	𤘴	牧	reduction	mj-shrink-map	merge	MJ040440: 法務省戸籍法関連通達・通知, 種別 戸籍統一文字情報 親字・正字, ホップ数 1
U+7274	羝	牴	reduction	mj-shrink-map	merge	MJ020614: 法務省戸籍法関連通達・通知, 種別 戸籍統一文字情報 親字・正字, ホップ数 1
U+7274	牴	羝	variant	cjkvi-variants	corroborates	羝→牴 hydzd/variant
U+7274	牴	羝	equivalent	yitizi	corroborates	ytenx/JihThex.csv
U+7274	𤘳	牴	reduction	mj-shrink-map	merge	MJ040439: 法務省戸籍法関連通達・通知, 種別 戸籍統一文字情報 親字・正字, ホップ数 1
U+7274	𤙊	牴	reduction	mj-shrink-map	merge	MJ040455: 法務省戸籍法関連通達・通知, 種別 戸籍統一文字情報 親字・正字, ホップ数 1
U+7274	𤚃	牴	reduction	mj-shrink-map	merge	MJ040495: 法務省戸籍法関連通達・通知, 種別 戸籍統一文字情報 親字・正字, ホップ数 1
U+7274	𦍝	羝	reduction	mj-shrink-map	merge	MJ044983: 法務省戸籍法関連通達・通知, 種別 戸籍統一文字情報 親字・正字, ホップ数 1
U+7274	𦍞	羝	reduction	mj-shrink-map	merge	MJ044984: 法務省戸籍法関連通達・通知, 種別 戸籍統一文字情報 親字・正字, ホップ数 1
U+7274	𦍿	羝	reduction	mj-shrink-map	merge	MJ045007: 法務省戸籍法関連通達・通知, 種別 戸籍統一文字情報 親字・正字, ホップ数 1
U+7279	𤙰	特	reduction	mj-shrink-map	merge	MJ040482: 法務省戸籍法関連通達・通知, 種別 戸籍統一文字情報 親字・正字, ホップ数 1
U+727D	撁	牽	reduction	mj-shrink-map	merge	MJ012740: 法務省戸籍法関連通達・通知, 種別 戸籍統一文字情報 親字・正字, ホップ数 1
U+727D	𢫀	牽	reduction	mj-shrink-map	merge	MJ036745: 法務省戸籍法関連通達・通知, 種別 戸籍統一文字情報 親字・正字, ホップ数 1
U+727D	𭷣	牽	reduction	mj-shrink-map	merge	MJ058024: 法務省戸籍法関連通達・通知, 種別 戸籍統一文字情報 親字・正字, ホップ数 1
U+7280	犀	犀	compatibility	unicode-ucd	merge	7280
U+7280	𡥷	犀	reduction	mj-shrink-map	merge	MJ033896: 法務省戸籍法関連通達・通知, 種別 戸籍統一文字情報 親字・正字, ホップ数 1
U+7280	𡱝	犀	reduction	mj-shrink-map	merge	MJ034345: 法務省戸籍法関連通達・通知, 種別 戸籍統一文字情報 親字・正字, ホップ数 1
U+7280	𤚌	犀	reduction	mj-shrink-map	merge	MJ040501: 法務省戸籍法関連通達・通知, 種別 戸籍統一文字情報 親字・正字, ホップ数 1
U+7280	𭕝	犀	reduction	mj-shrink-map	merge	MJ057370: 法務省戸籍法関連通達・通知, 種別 戸籍統一文字情報 親字・正字, ホップ数 1
U+7282	䵓	犂	reduction	mj-shrink-map	merge	MJ006197: 法務省戸籍法関連通達・通知, 種別 戸籍統一文字情報 親字・正字, ホップ数 1
U+7282	𤛺	犂	reduction	mj-shrink-map	merge	MJ068082: 法務省戸籍法関連通達・通知, 種別 戸籍統一文字情報 親字・正字, ホップ数 1
U+7282	𤛿	犂	reduction	mj-shrink-map	merge	MJ040583: 法務省戸籍法関連通達・通知, 種別 戸籍統一文字情報 親字・正字, ホップ数 1
U+7282	𥝫	犂	reduction	mj-shrink-map	merge	MJ043142: 法務省戸籍法関連通達・通知, 種別 戸籍統一文字情報 親字・正字, ホップ数 1
U+728D	㸫	犍	reduction	mj-shrink-map	merge	MJ002362: 法務省戸籍法関連通達・通知, 種別 戸籍統一文字情報 親字・正字, ホップ数 1
U+728D	𤚳	犍	reduction	mj-shrink-map	merge	MJ040531: 法務省戸籍法関連通達・通知, 種別 戸籍統一文字情報 親字・正字, ホップ数 1
U+728E	㸼	犎	reduction	mj-shrink-map	merge	MJ002380: 法務省戸籍法関連通達・通知, 種別 戸籍統一文字情報 親字・正字, ホップ数 1
U+7295	犕	犕	compatibility	unicode-ucd	merge	7295
U+72A0	犧	犠	reduction	mj-shrink-map	merge	MJ016879: 法務省戸籍法関連通達・通知, 種別 戸籍統一文字情報 親字・正字, ホップ数 1
U+72A2	𤙸	犢	reduction	mj-shrink-map	merge	MJ040488: 法務省戸籍法関連通達・通知, 種別 戸籍統一文字情報 親字・正字, ホップ数 1
U+72A2	𤛯	犢	reduction	mj-shrink-map	merge	MJ040568: 法務省戸籍法関連通達・通知, 種別 戸籍統一文字情報 親字・正字, ホップ数 1
U+72AC	𣴒	犬	reduction	mj-shrink-map	merge	MJ039279: 法務省戸籍法関連通達・通知, 種別 戸籍統一文字情報 親字・正字, ホップ数 1
U+72AF	犯	犯	compatibility	unicode-ucd	merge	72AF
U+72AF	𢒿	犯	reduction	mj-shrink-map	merge	MJ035797: 法務省戸籍法関連通達・通知, 種別 戸籍統一文字情報 親字・正字, ホップ数 1
U+72AF	𤜛	犯	reduction	mj-shrink-map	merge	MJ040605: 法務省戸籍法関連通達・通知, 種別 戸籍統一文字情報 親字・正字, ホップ数 1
U+72AF	𤝑	犯	reduction	mj-shrink-map	merge	MJ040648: 法務省戸籍法関連通達・通知, 種別 戸籍統一文字情報 親字・正字, ホップ数 1
U+72C0	狀	狀	compatibility	unicode-ucd	merge	72C0
U+72C2	𢙌	狂	reduction	mj-shrink-map	merge	MJ036067: 法務省戸籍法関連通達・通知, 種別 戸籍統一文字情報 親字・正字, ホップ数 1
U+72C2	𢚇	狂	reduction	mj-shrink-map	merge	MJ036100: 法務省戸籍法関連通達・通知, 種別 戸籍統一文字情報 親字・正字, ホップ数 1
U+72C2	𤝵	狂	reduction	mj-shrink-map	merge	MJ040680: 法務省戸籍法関連通達・通知, 種別 戸籍統一文字情報 親字・正字, ホップ数 1
U+72D0	𧲲	狐	reduction	mj-shrink-map	merge	MJ049495: 法務省戸籍法関連通達・通知, 種別 戸籍統一文字情報 親字・正字, ホップ数 1
U+72D7	𢑪	狗	reduction	mj-shrink-map	merge	MJ035733: 法務省戸籍法関連通達・通知, 種別 戸籍統一文字情報 親字・正字, ホップ数 1
U+72D7	𧲿	狗	reduction	mj-shrink-map	merge	MJ049505: 法務省戸籍法関連通達・通知, 種別 戸籍統一文字情報 親字・正字, ホップ数 1
U+72DB	𤝡	狛	reduction	mj-shrink-map	merge	MJ040664: 法務省戸籍法関連通達・通知, 種別 戸籍統一文字情報 親字・正字, ホップ数 1
U+72E1	𤟋	狡	reduction	mj-shrink-map	merge	MJ040731: 法務省戸籍法関連通達・通知, 種別 戸籍統一文字情報 親字・正字, ホップ数 1
U+72E9	𩊦	狩	reduction	mj-shrink-map	merge	MJ053115: 法務省戸籍法関連通達・通知, 種別 戸籍統一文字情報 親字・正字, ホップ数 1
U+72EC	獨	独	reduction	mj-shrink-map	merge	MJ017081: 法務省戸籍法関連通達・通知, 種別 戸籍統一文字情報 親字・正字, ホップ数 1
U+72EC	𤢜	獨	reduction	mj-shrink-map	merge	MJ040886: 法務省戸籍法関連通達・通知, 種別 戸籍統一文字情報 親字・正字, ホップ数 1
U+72EC	𨊒	獨	reduction	mj-shrink-map	merge	MJ050457: 法務省戸籍法関連通達・通知, 種別 戸籍統一文字情報 親字・正字, ホップ数 1
U+72ED	狹	狭	reduction	mj-shrink-map	merge	MJ016960: 法務省戸籍法関連通達・通知, 種別 戸籍統一文字情報 親字・正字, ホップ数 1
U+72F7	㹡	狷	reduction	mj-shrink-map	merge	MJ002416: 法務省戸籍法関連通達・通知, 種別 戸籍統一文字情報 親字・正字, ホップ数 1
U+72FC	狼	狼	compatibility	unicode-ucd	merge	72FC
U+730A	貎	猊	reduction	mj-shrink-map	merge	MJ024977: 法務省戸籍法関連通達・通知, 種別 戸籍統一文字情報 親字・正字, ホップ数 1
U+730A	猊	貎	variant	cjkvi-variants	corroborates	猊→貎 hydzd/variant | 猊→貎 jisx0212/variant | 猊→貎 jisx0213/variant | 猊→貎 twedu/variant
U+730A	猊	貎	variant	wikidata	corroborates	Q109753937; P248 Q10427532 | Q109763227; P248 Q10427532
U+7312	𤞣	猒	reduction	mj-shrink-map	merge	MJ040712: 法務省戸籍法関連通達・通知, 種別 戸籍統一文字情報 親字・正字, ホップ数 1
U+7312	𤟶	猒	reduction	mj-shrink-map	merge	MJ040768: 法務省戸籍法関連通達・通知, 種別 戸籍統一文字情報 親字・正字, ホップ数 1
U+7312	𤡜	猒	reduction	mj-shrink-map	merge	MJ040838: 法務省戸籍法関連通達・通知, 種別 戸籍統一文字情報 親字・正字, ホップ数 1
U+7317	䝝	猗	reduction	mj-shrink-map	merge	MJ004709: 法務省戸籍法関連通達・通知, 種別 戸籍統一文字情報 親字・正字, ホップ数 1
U+7318	𤟐	猘	reduction	mj-shrink-map	merge	MJ040736: 法務省戸籍法関連通達・通知, 種別 戸籍統一文字情報 親字・正字, ホップ数 1
U+731B	勐	猛	reduction	mj-shrink-map	merge	MJ007685: 法務省戸籍法関連通達・通知, 種別 戸籍統一文字情報 親字・正字, ホップ数 1
U+731B	𠩜	猛	reduction	mj-shrink-map	merge	MJ031878: 法務省戸籍法関連通達・通知, 種別 戸籍統一文字情報 親字・正字, ホップ数 1
U+731F	獵	獵	compatibility	unicode-ucd	merge	7375
U+731F	獵	𤢪	itaiji	mj-kanji	merge	X0213 包摂
U+731F	獵	猟	reduction	mj-shrink-map	merge	MJ017095: 法務省戸籍法関連通達・通知, 種別 戸籍統一文字情報 親字・正字, ホップ数 1
U+731F	𤢪	獵	reduction	mj-shrink-map	merge	MJ040896: 法務省戸籍法関連通達・通知, 種別 戸籍統一文字情報 親字・正字, ホップ数 1
U+7328	𤟗	猨	reduction	mj-shrink-map	merge	MJ040743: 法務省戸籍法関連通達・通知, 種別 戸籍統一文字情報 親字・正字, ホップ数 1
U+7328	𪻅	猨	reduction	mj-shrink-map	merge	MJ040788: 法務省戸籍法関連通達・通知, 種別 戸籍統一文字情報 親字・正字, ホップ数 1
U+732A	猪	猪	compatibility	unicode-ucd	merge	732A
U+732A	猪	猪	compatibility	unicode-ucd	merge	732A
U+732A	𢑳	猪	reduction	mj-shrink-map	merge	MJ035741: 法務省戸籍法関連通達・通知, 種別 戸籍統一文字情報 親字・正字, ホップ数 1
U+732E	獻	献	reduction	mj-shrink-map	merge	MJ017102: 法務省戸籍法関連通達・通知, 種別 戸籍統一文字情報 親字・正字, ホップ数 1
U+732E	𤟜	獻	reduction	mj-shrink-map	merge	MJ040747: 法務省戸籍法関連通達・通知, 種別 戸籍統一文字情報 親字・正字, ホップ数 1
U+732E	𤡎	獻	reduction	mj-shrink-map	merge	MJ040827: 法務省戸籍法関連通達・通知, 種別 戸籍統一文字情報 親字・正字, ホップ数 1
U+732E	𭸣	獻	reduction	mj-shrink-map	merge	MJ058034: 法務省戸籍法関連通達・通知, 種別 戸籍統一文字情報 親字・正字, ホップ数 1
U+732E	𭸮	獻	reduction	mj-shrink-map	merge	MJ058036: 法務省戸籍法関連通達・通知, 種別 戸籍統一文字情報 親字・正字, ホップ数 1
U+7331	狨	猱	reduction	mj-shrink-map	merge	MJ016948: 法務省戸籍法関連通達・通知, 種別 戸籍統一文字情報 親字・正字, ホップ数 1
U+7334	㺅	猴	reduction	mj-shrink-map	merge	MJ002450: 法務省戸籍法関連通達・通知, 種別 戸籍統一文字情報 親字・正字, ホップ数 1
U+733F	𤠔	𤠔	compatibility	unicode-ucd	merge	24814
U+733F	𤠔	猿	reduction	mj-shrink-map	merge	MJ040789: 法務省戸籍法関連通達・通知, 種別 戸籍統一文字情報 親字・正字, ホップ数 1
U+733F	𫞤	猿	reduction	mj-shrink-map	merge	MJ058031: 法務省戸籍法関連通達・通知, 種別 戸籍統一文字情報 親字・正字, ホップ数 1
U+7344	𡈭	獄	reduction	mj-shrink-map	merge	MJ032918: 法務省戸籍法関連通達・通知, 種別 戸籍統一文字情報 親字・正字, ホップ数 1
U+7345	𤜳	獅	reduction	mj-shrink-map	merge	MJ040621: 法務省戸籍法関連通達・通知, 種別 戸籍統一文字情報 親字・正字, ホップ数 1
U+734E	𤟌	獎	reduction	mj-shrink-map	merge	MJ040732: 法務省戸籍法関連通達・通知, 種別 戸籍統一文字情報 親字・正字, ホップ数 1
U+734E	𤟒	獎	reduction	mj-shrink-map	merge	MJ040738: 法務省戸籍法関連通達・通知, 種別 戸籍統一文字情報 親字・正字, ホップ数 1
U+7352	獓	獒	reduction	mj-shrink-map	merge	MJ017059: 法務省戸籍法関連通達・通知, 種別 戸籍統一文字情報 親字・正字, ホップ数 1
U+7352	𤢝	獒	reduction	mj-shrink-map	merge	MJ040887: 法務省戸籍法関連通達・通知, 種別 戸籍統一文字情報 親字・正字, ホップ数 1
U+7363	獸	獣	reduction	mj-shrink-map	merge	MJ017098: 法務省戸籍法関連通達・通知, 種別 戸籍統一文字情報 親字・正字, ホップ数 1
U+7363	𤢚	獸	reduction	mj-shrink-map	merge	MJ040885: 法務省戸籍法関連通達・通知, 種別 戸籍統一文字情報 親字・正字, ホップ数 1
U+736B	玁	獫	reduction	mj-shrink-map	merge	MJ017108: 法務省戸籍法関連通達・通知, 種別 戸籍統一文字情報 親字・正字, ホップ数 1
U+736C	𠎿	獬	reduction	mj-shrink-map	merge	MJ030819: 法務省戸籍法関連通達・通知, 種別 戸籍統一文字情報 親字・正字, ホップ数 1
U+736C	𤛳	獬	reduction	mj-shrink-map	merge	MJ040572: 法務省戸籍法関連通達・通知, 種別 戸籍統一文字情報 親字・正字, ホップ数 1
U+736C	𦎈	獬	reduction	mj-shrink-map	merge	MJ045013: 法務省戸籍法関連通達・通知, 種別 戸籍統一文字情報 親字・正字, ホップ数 1
U+736C	𦏘	獬	reduction	mj-shrink-map	merge	MJ045067: 法務省戸籍法関連通達・通知, 種別 戸籍統一文字情報 親字・正字, ホップ数 1
U+736C	𧳊	獬	reduction	mj-shrink-map	merge	MJ049514: 法務省戸籍法関連通達・通知, 種別 戸籍統一文字情報 親字・正字, ホップ数 1
U+736E	𤣔	獮	reduction	mj-shrink-map	merge	MJ040920: 法務省戸籍法関連通達・通知, 種別 戸籍統一文字情報 親字・正字, ホップ数 1
U+7372	𫉬	獲	reduction	mj-shrink-map	merge	MJ058546: 法務省戸籍法関連通達・通知, 種別 戸籍統一文字情報 親字・正字, ホップ数 1
U+7377	𤣊	獷	reduction	mj-shrink-map	merge	MJ040912: 法務省戸籍法関連通達・通知, 種別 戸籍統一文字情報 親字・正字, ホップ数 1
U+737A	獺	獺	compatibility	unicode-ucd	merge	737A
U+737A	𧴡	獺	reduction	mj-shrink-map	merge	MJ049582: 法務省戸籍法関連通達・通知, 種別 戸籍統一文字情報 親字・正字, ホップ数 1
U+7384	𠵓	玄	reduction	mj-shrink-map	merge	MJ032341: 法務省戸籍法関連通達・通知, 種別 戸籍統一文字情報 親字・正字, ホップ数 1
U+7384	𤇡	玄	reduction	mj-shrink-map	merge	MJ039887: 法務省戸籍法関連通達・通知, 種別 戸籍統一文字情報 親字・正字, ホップ数 1
U+7387	率	率	compatibility	unicode-ucd	merge	7387
U+7387	率	率	compatibility	unicode-ucd	merge	7387
U+7387	卛	率	reduction	mj-shrink-map	merge	MJ007865: 法務省戸籍法関連通達・通知, 種別 戸籍統一文字情報 親字・正字, ホップ数 1
U+7387	𠦸	率	reduction	mj-shrink-map	merge	MJ057100: 法務省戸籍法関連通達・通知, 種別 戸籍統一文字情報 親字・正字, ホップ数 1
U+7387	𭅩	率	reduction	mj-shrink-map	merge	MJ057102: 法務省戸籍法関連通達・通知, 種別 戸籍統一文字情報 親字・正字, ホップ数 1
U+7389	𤣪	玉	reduction	mj-shrink-map	merge	MJ040932: 法務省戸籍法関連通達・通知, 種別 戸籍統一文字情報 親字・正字, ホップ数 1
U+738A	𤥔	玊	reduction	mj-shrink-map	merge	MJ040982: 法務省戸籍法関連通達・通知, 種別 戸籍統一文字情報 親字・正字, ホップ数 1
U+738B	王	王	compatibility	unicode-ucd	merge	738B
U+738B	𠙻	王	reduction	mj-shrink-map	merge	MJ031206: 法務省戸籍法関連通達・通知, 種別 戸籍統一文字情報 親字・正字, ホップ数 1
U+7395	𤥚	玕	reduction	mj-shrink-map	merge	MJ040987: 法務省戸籍法関連通達・通知, 種別 戸籍統一文字情報 親字・正字, ホップ数 1
U+73A0	琾	玠	reduction	mj-shrink-map	merge	MJ017318: 法務省戸籍法関連通達・通知, 種別 戸籍統一文字情報 親字・正字, ホップ数 1
U+73A0	𤦠	玠	reduction	mj-shrink-map	merge	MJ041007: 法務省戸籍法関連通達・通知, 種別 戸籍統一文字情報 親字・正字, ホップ数 1
U+73A5	玥	玥	compatibility	unicode-ucd	merge	73A5
U+73A6	𤤏	玦	reduction	mj-shrink-map	merge	MJ040952: 法務省戸籍法関連通達・通知, 種別 戸籍統一文字情報 親字・正字, ホップ数 1
U+73A9	貦	玩	reduction	mj-shrink-map	merge	MJ025006: 法務省戸籍法関連通達・通知, 種別 戸籍統一文字情報 親字・正字, ホップ数 1
U+73AB	㺳	玫	reduction	mj-shrink-map	merge	MJ002490: 法務省戸籍法関連通達・通知, 種別 戸籍統一文字情報 親字・正字, ホップ数 1
U+73B2	玲	玲	compatibility	unicode-ucd	merge	73B2
U+73B2	𤫩	玲	reduction	mj-shrink-map	merge	MJ041134: 法務省戸籍法関連通達・通知, 種別 戸籍統一文字情報 親字・正字, ホップ数 1
U+73C0	砶	珀	reduction	mj-shrink-map	merge	MJ018475: 法務省戸籍法関連通達・通知, 種別 戸籍統一文字情報 親字・正字, ホップ数 1
U+73C9	䂥	珉	reduction	mj-shrink-map	merge	MJ002951: 法務省戸籍法関連通達・通知, 種別 戸籍統一文字情報 親字・正字, ホップ数 1
U+73C9	䃉	珉	reduction	mj-shrink-map	merge	MJ002981: 法務省戸籍法関連通達・通知, 種別 戸籍統一文字情報 親字・正字, ホップ数 1
U+73C9	琘	珉	reduction	mj-shrink-map	merge	MJ017272: 法務省戸籍法関連通達・通知, 種別 戸籍統一文字情報 親字・正字, ホップ数 1
U+73C9	瑉	珉	reduction	mj-shrink-map	merge	MJ017331: 法務省戸籍法関連通達・通知, 種別 戸籍統一文字情報 親字・正字, ホップ数 1
U+73C9	砇	珉	reduction	mj-shrink-map	merge	MJ018429: 法務省戸籍法関連通達・通知, 種別 戸籍統一文字情報 親字・正字, ホップ数 1
U+73CA	𤤪	珊	reduction	mj-shrink-map	merge	MJ040963: 法務省戸籍法関連通達・通知, 種別 戸籍統一文字情報 親字・正字, ホップ数 1
U+73CA	𤩀	珊	reduction	mj-shrink-map	merge	MJ041061: 法務省戸籍法関連通達・通知, 種別 戸籍統一文字情報 親字・正字, ホップ数 1
U+73CD	鉁	珍	reduction	mj-shrink-map	merge	MJ026727: 法務省戸籍法関連通達・通知, 種別 戸籍統一文字情報 親字・正字, ホップ数 1
U+73CD	錱	珍	reduction	mj-shrink-map	merge	MJ026998: 法務省戸籍法関連通達・通知, 種別 戸籍統一文字情報 親字・正字, ホップ数 1
U+73CD	𤤽	珍	reduction	mj-shrink-map	merge	MJ058042: 法務省戸籍法関連通達・通知, 種別 戸籍統一文字情報 親字・正字, ホップ数 1
U+73CD	𧟪	珍	reduction	mj-shrink-map	merge	MJ048525: 法務省戸籍法関連通達・通知, 種別 戸籍統一文字情報 親字・正字, ホップ数 1
U+73CF	玨	珏	reduction	mj-shrink-map	merge	MJ017150: 法務省戸籍法関連通達・通知, 種別 戸籍統一文字情報 親字・正字, ホップ数 1
U+73CF	瑴	珏	reduction	mj-shrink-map	merge	MJ017389: 法務省戸籍法関連通達・通知, 種別 戸籍統一文字情報 親字・正字, ホップ数 1
U+73DE	珞	珞	compatibility	unicode-ucd	merge	73DE
U+73ED	𤤻	班	reduction	mj-shrink-map	merge	MJ040976: 法務省戸籍法関連通達・通知, 種別 戸籍統一文字情報 親字・正字, ホップ数 1
U+73ED	𤦦	班	reduction	mj-shrink-map	merge	MJ041011: 法務省戸籍法関連通達・通知, 種別 戸籍統一文字情報 親字・正字, ホップ数 1
U+7401	𤥕	琁	reduction	mj-shrink-map	merge	MJ040983: 法務省戸籍法関連通達・通知, 種別 戸籍統一文字情報 親字・正字, ホップ数 1
U+7405	𤦴	琅	reduction	mj-shrink-map	merge	MJ041020: 法務省戸籍法関連通達・通知, 種別 戸籍統一文字情報 親字・正字, ホップ数 1
U+7405	𤨜	琅	reduction	mj-shrink-map	merge	MJ041054: 法務省戸籍法関連通達・通知, 種別 戸籍統一文字情報 親字・正字, ホップ数 1
U+7406	理	理	compatibility	unicode-ucd	merge	7406
U+7409	琉	琉	compatibility	unicode-ucd	merge	7409
U+7409	𤥗	琉	reduction	mj-shrink-map	merge	MJ040985: 法務省戸籍法関連通達・通知, 種別 戸籍統一文字情報 親字・正字, ホップ数 1
U+740A	瑘	琊	reduction	mj-shrink-map	merge	MJ017349: 法務省戸籍法関連通達・通知, 種別 戸籍統一文字情報 親字・正字, ホップ数 1
U+741A	𤩵	琚	reduction	mj-shrink-map	merge	MJ041092: 法務省戸籍法関連通達・通知, 種別 戸籍統一文字情報 親字・正字, ホップ数 1
U+741A	𤪬	琚	reduction	mj-shrink-map	merge	MJ041110: 法務省戸籍法関連通達・通知, 種別 戸籍統一文字情報 親字・正字, ホップ数 1
U+741B	賝	琛	reduction	mj-shrink-map	merge	MJ025071: 法務省戸籍法関連通達・通知, 種別 戸籍統一文字情報 親字・正字, ホップ数 1
U+741B	𤧪	琛	reduction	mj-shrink-map	merge	MJ041032: 法務省戸籍法関連通達・通知, 種別 戸籍統一文字情報 親字・正字, ホップ数 1
U+741B	𤨺	琛	reduction	mj-shrink-map	merge	MJ041059: 法務省戸籍法関連通達・通知, 種別 戸籍統一文字情報 親字・正字, ホップ数 1
U+7422	琢	琢	compatibility	unicode-ucd	merge	7422
U+7428	瑻	琨	reduction	mj-shrink-map	merge	MJ017396: 法務省戸籍法関連通達・通知, 種別 戸籍統一文字情報 親字・正字, ホップ数 1
U+742B	鞛	琫	reduction	mj-shrink-map	merge	MJ027996: 法務省戸籍法関連通達・通知, 種別 戸籍統一文字情報 親字・正字, ホップ数 1
U+7430	𤥎	琰	reduction	mj-shrink-map	merge	MJ040979: 法務省戸籍法関連通達・通知, 種別 戸籍統一文字情報 親字・正字, ホップ数 1
U+7434	䥅	琴	reduction	mj-shrink-map	merge	MJ005189: 法務省戸籍法関連通達・通知, 種別 戸籍統一文字情報 親字・正字, ホップ数 1
U+7434	䥆	琴	reduction	mj-shrink-map	merge	MJ005190: 法務省戸籍法関連通達・通知, 種別 戸籍統一文字情報 親字・正字, ホップ数 1
U+7434	䦦	琴	reduction	mj-shrink-map	merge	MJ005270: 法務省戸籍法関連通達・通知, 種別 戸籍統一文字情報 親字・正字, ホップ数 1
U+7434	珡	琴	reduction	mj-shrink-map	merge	MJ017213: 法務省戸籍法関連通達・通知, 種別 戸籍統一文字情報 親字・正字, ホップ数 1
U+7434	𤦡	琴	reduction	mj-shrink-map	merge	MJ041008: 法務省戸籍法関連通達・通知, 種別 戸籍統一文字情報 親字・正字, ホップ数 1
U+7434	𤩟	琴	reduction	mj-shrink-map	merge	MJ041076: 法務省戸籍法関連通達・通知, 種別 戸籍統一文字情報 親字・正字, ホップ数 1
U+7434	𤫍	琴	reduction	mj-shrink-map	merge	MJ041123: 法務省戸籍法関連通達・通知, 種別 戸籍統一文字情報 親字・正字, ホップ数 1
U+7434	𨪖	琴	reduction	mj-shrink-map	merge	MJ051853: 法務省戸籍法関連通達・通知, 種別 戸籍統一文字情報 親字・正字, ホップ数 1
U+7434	𨫹	琴	reduction	mj-shrink-map	merge	MJ051877: 法務省戸籍法関連通達・通知, 種別 戸籍統一文字情報 親字・正字, ホップ数 1
U+7434	𩰔	琴	reduction	mj-shrink-map	merge	MJ054847: 法務省戸籍法関連通達・通知, 種別 戸籍統一文字情報 親字・正字, ホップ数 1
U+7435	𤧰	琵	reduction	mj-shrink-map	merge	MJ041038: 法務省戸籍法関連通達・通知, 種別 戸籍統一文字情報 親字・正字, ホップ数 1
U+7436	𤧲	琶	reduction	mj-shrink-map	merge	MJ041040: 法務省戸籍法関連通達・通知, 種別 戸籍統一文字情報 親字・正字, ホップ数 1
U+743F	𤦳	琿	reduction	mj-shrink-map	merge	MJ041019: 法務省戸籍法関連通達・通知, 種別 戸籍統一文字情報 親字・正字, ホップ数 1
U+7441	㺺	瑁	reduction	mj-shrink-map	merge	MJ002495: 法務省戸籍法関連通達・通知, 種別 戸籍統一文字情報 親字・正字, ホップ数 1
U+7441	𤣽	瑁	reduction	mj-shrink-map	merge	MJ017147: 法務省戸籍法関連通達・通知, 種別 戸籍統一文字情報 親字・正字, ホップ数 1
U+7441	𤲰	瑁	reduction	mj-shrink-map	merge	MJ041441: 法務省戸籍法関連通達・通知, 種別 戸籍統一文字情報 親字・正字, ホップ数 1
U+7441	𭹕	瑁	reduction	mj-shrink-map	merge	MJ058045: 法務省戸籍法関連通達・通知, 種別 戸籍統一文字情報 親字・正字, ホップ数 1
U+7444	𤧺	瑄	reduction	mj-shrink-map	merge	MJ041041: 法務省戸籍法関連通達・通知, 種別 戸籍統一文字情報 親字・正字, ホップ数 1
U+7447	瑇	瑇	compatibility	unicode-ucd	merge	7447
U+7447	𣫹	瑇	reduction	mj-shrink-map	merge	MJ038968: 法務省戸籍法関連通達・通知, 種別 戸籍統一文字情報 親字・正字, ホップ数 1
U+744D	𤩆	瑍	reduction	mj-shrink-map	merge	MJ041067: 法務省戸籍法関連通達・通知, 種別 戸籍統一文字情報 親字・正字, ホップ数 1
U+745A	𤤈	瑚	reduction	mj-shrink-map	merge	MJ040947: 法務省戸籍法関連通達・通知, 種別 戸籍統一文字情報 親字・正字, ホップ数 1
U+745C	瑜	瑜	compatibility	unicode-ucd	merge	745C
U+745F	㻎	瑟	reduction	mj-shrink-map	merge	MJ002510: 法務省戸籍法関連通達・通知, 種別 戸籍統一文字情報 親字・正字, ホップ数 1
U+745F	𡘼	瑟	reduction	mj-shrink-map	merge	MJ033471: 法務省戸籍法関連通達・通知, 種別 戸籍統一文字情報 親字・正字, ホップ数 1
U+745F	𡚉	瑟	reduction	mj-shrink-map	merge	MJ033516: 法務省戸籍法関連通達・通知, 種別 戸籍統一文字情報 親字・正字, ホップ数 1
U+745F	𢊎	瑟	reduction	mj-shrink-map	merge	MJ035392: 法務省戸籍法関連通達・通知, 種別 戸籍統一文字情報 親字・正字, ホップ数 1
U+745F	𤨝	瑟	reduction	mj-shrink-map	merge	MJ041055: 法務省戸籍法関連通達・通知, 種別 戸籍統一文字情報 親字・正字, ホップ数 1
U+745F	𩇰	瑟	reduction	mj-shrink-map	merge	MJ052965: 法務省戸籍法関連通達・通知, 種別 戸籍統一文字情報 親字・正字, ホップ数 1
U+7460	璢	瑠	reduction	mj-shrink-map	merge	MJ017445: 法務省戸籍法関連通達・通知, 種別 戸籍統一文字情報 親字・正字, ホップ数 1
U+7460	瑠	璢	variant	cjkvi-variants	corroborates	瑠→璢 jisx0212/variant | 瑠→璢 jisx0213/variant
U+7460	瑠	璢	variant	hng-basic-data	corroborates	07348 | 07348b
U+7463	𤨏	瑣	reduction	mj-shrink-map	merge	MJ041046: 法務省戸籍法関連通達・通知, 種別 戸籍統一文字情報 親字・正字, ホップ数 1
U+7464	𤪅	瑤	reduction	mj-shrink-map	merge	MJ041096: 法務省戸籍法関連通達・通知, 種別 戸籍統一文字情報 親字・正字, ホップ数 1
U+7469	瑩	瑩	compatibility	unicode-ucd	merge	7469
U+7471	瑱	瑱	compatibility	unicode-ucd	merge	7471
U+7471	瑱	瑱	compatibility	unicode-ucd	merge	7471
U+7471	𦔿	瑱	reduction	mj-shrink-map	merge	MJ045331: 法務省戸籍法関連通達・通知, 種別 戸籍統一文字情報 親字・正字, ホップ数 1
U+7471	𦗁	瑱	reduction	mj-shrink-map	merge	MJ045401: 法務省戸籍法関連通達・通知, 種別 戸籍統一文字情報 親字・正字, ホップ数 1
U+7473	𤪩	瑳	reduction	mj-shrink-map	merge	MJ041107: 法務省戸籍法関連通達・通知, 種別 戸籍統一文字情報 親字・正字, ホップ数 1
U+747E	𤪣	瑾	reduction	mj-shrink-map	merge	MJ041106: 法務省戸籍法関連通達・通知, 種別 戸籍統一文字情報 親字・正字, ホップ数 1
U+7481	𤥼	璁	reduction	mj-shrink-map	merge	MJ040999: 法務省戸籍法関連通達・通知, 種別 戸籍統一文字情報 親字・正字, ホップ数 1
U+7485	璅	璅	compatibility	unicode-ucd	merge	7485
U+7489	璉	璉	compatibility	unicode-ucd	merge	7489
U+7498	璘	璘	compatibility	unicode-ucd	merge	7498
U+7498	𤥸	璘	reduction	mj-shrink-map	merge	MJ040996: 法務省戸籍法関連通達・通知, 種別 戸籍統一文字情報 親字・正字, ホップ数 1
U+7498	𤧢	璘	reduction	mj-shrink-map	merge	MJ041030: 法務省戸籍法関連通達・通知, 種別 戸籍統一文字情報 親字・正字, ホップ数 1
U+7498	𤪏	璘	reduction	mj-shrink-map	merge	MJ041102: 法務省戸籍法関連通達・通知, 種別 戸籍統一文字情報 親字・正字, ホップ数 1
U+749E	㺪	璞	reduction	mj-shrink-map	merge	MJ002482: 法務省戸籍法関連通達・通知, 種別 戸籍統一文字情報 親字・正字, ホップ数 1
U+749F	璄	璟	reduction	mj-shrink-map	merge	MJ017410: 法務省戸籍法関連通達・通知, 種別 戸籍統一文字情報 親字・正字, ホップ数 1
U+74A1	瑨	璡	reduction	mj-shrink-map	merge	MJ017371: 法務省戸籍法関連通達・通知, 種別 戸籍統一文字情報 親字・正字, ホップ数 1
U+74A3	㼄	璣	reduction	mj-shrink-map	merge	MJ002546: 法務省戸籍法関連通達・通知, 種別 戸籍統一文字情報 親字・正字, ホップ数 1
U+74A9	璖	璩	reduction	mj-shrink-map	merge	MJ017430: 法務省戸籍法関連通達・通知, 種別 戸籍統一文字情報 親字・正字, ホップ数 1
U+74A9	𤩁	璩	reduction	mj-shrink-map	merge	MJ041062: 法務省戸籍法関連通達・通知, 種別 戸籍統一文字情報 親字・正字, ホップ数 1
U+74B0	𤧖	環	reduction	mj-shrink-map	merge	MJ041024: 法務省戸籍法関連通達・通知, 種別 戸籍統一文字情報 親字・正字, ホップ数 1
U+74B0	𤨔	環	reduction	mj-shrink-map	merge	MJ041048: 法務省戸籍法関連通達・通知, 種別 戸籍統一文字情報 親字・正字, ホップ数 1
U+74B0	𤪹	環	reduction	mj-shrink-map	merge	MJ041114: 法務省戸籍法関連通達・通知, 種別 戸籍統一文字情報 親字・正字, ホップ数 1
U+74B5	𤪐	璵	reduction	mj-shrink-map	merge	MJ041103: 法務省戸籍法関連通達・通知, 種別 戸籍統一文字情報 親字・正字, ホップ数 1
U+74B5	𤫌	璵	reduction	mj-shrink-map	merge	MJ041122: 法務省戸籍法関連通達・通知, 種別 戸籍統一文字情報 親字・正字, ホップ数 1
U+74B9	琡	璹	reduction	mj-shrink-map	merge	MJ017281: 法務省戸籍法関連通達・通知, 種別 戸籍統一文字情報 親字・正字, ホップ数 1
U+74B9	𠩱	璹	reduction	mj-shrink-map	merge	MJ031897: 法務省戸籍法関連通達・通知, 種別 戸籍統一文字情報 親字・正字, ホップ数 1
U+74B9	𤩇	璹	reduction	mj-shrink-map	merge	MJ041068: 法務省戸籍法関連通達・通知, 種別 戸籍統一文字情報 親字・正字, ホップ数 1
U+74B9	𤩈	璹	reduction	mj-shrink-map	merge	MJ041069: 法務省戸籍法関連通達・通知, 種別 戸籍統一文字情報 親字・正字, ホップ数 1
U+74B9	𤩉	璹	reduction	mj-shrink-map	merge	MJ041070: 法務省戸籍法関連通達・通知, 種別 戸籍統一文字情報 親字・正字, ホップ数 1
U+74BD	壐	璽	reduction	mj-shrink-map	merge	MJ009347: 法務省戸籍法関連通達・通知, 種別 戸籍統一文字情報 親字・正字, ホップ数 1
U+74BD	𤨐	璽	reduction	mj-shrink-map	merge	MJ041047: 法務省戸籍法関連通達・通知, 種別 戸籍統一文字情報 親字・正字, ホップ数 1
U+74BD	𤫆	璽	reduction	mj-shrink-map	merge	MJ041118: 法務省戸籍法関連通達・通知, 種別 戸籍統一文字情報 親字・正字, ホップ数 1
U+74BF	䥧	璿	reduction	mj-shrink-map	merge	MJ005220: 法務省戸籍法関連通達・通知, 種別 戸籍統一文字情報 親字・正字, ホップ数 1
U+74BF	𤩅	璿	reduction	mj-shrink-map	merge	MJ041066: 法務省戸籍法関連通達・通知, 種別 戸籍統一文字情報 親字・正字, ホップ数 1
U+74BF	𤩋	璿	reduction	mj-shrink-map	merge	MJ041072: 法務省戸籍法関連通達・通知, 種別 戸籍統一文字情報 親字・正字, ホップ数 1
U+74BF	𤩡	璿	reduction	mj-shrink-map	merge	MJ041077: 法務省戸籍法関連通達・通知, 種別 戸籍統一文字情報 親字・正字, ホップ数 1
U+74BF	𤫀	璿	reduction	mj-shrink-map	merge	MJ041116: 法務省戸籍法関連通達・通知, 種別 戸籍統一文字情報 親字・正字, ホップ数 1
U+74CA	瓊	瓊	compatibility	unicode-ucd	merge	74CA
U+74CA	𤦱	瓊	reduction	mj-shrink-map	merge	MJ041017: 法務省戸籍法関連通達・通知, 種別 戸籍統一文字情報 親字・正字, ホップ数 1
U+74CF	𪚝	瓏	reduction	mj-shrink-map	merge	MJ056771: 法務省戸籍法関連通達・通知, 種別 戸籍統一文字情報 親字・正字, ホップ数 1
U+74D4	珱	瓔	reduction	mj-shrink-map	merge	MJ017231: 法務省戸籍法関連通達・通知, 種別 戸籍統一文字情報 親字・正字, ホップ数 1
U+74D4	珱	瓔	variant	cjkvi-variants	corroborates	珱→瓔 jisx0213/variant | 瓔→珱 jisx0212/variant
U+74D4	珱	瓔	variant	hng-basic-data	corroborates	07397
U+74D4	珱	瓔	variant	wikidata	corroborates	Q109754180; P248 Q115296982; P282 Q1147857 | Q109754432; P248 Q115296982; P282 Q1055887
U+74DA	瓉	瓚	reduction	mj-shrink-map	merge	MJ017494: 法務省戸籍法関連通達・通知, 種別 戸籍統一文字情報 親字・正字, ホップ数 1
U+74E2	𤬢	瓢	reduction	mj-shrink-map	merge	MJ041175: 法務省戸籍法関連通達・通知, 種別 戸籍統一文字情報 親字・正字, ホップ数 1
U+74E6	𤬦	瓦	reduction	mj-shrink-map	merge	MJ041179: 法務省戸籍法関連通達・通知, 種別 戸籍統一文字情報 親字・正字, ホップ数 1
U+74E6	𭀝	瓦	reduction	mj-shrink-map	merge	MJ058058: 法務省戸籍法関連通達・通知, 種別 戸籍統一文字情報 親字・正字, ホップ数 1
U+74E6	𭺛	瓦	reduction	mj-shrink-map	merge	MJ058056: 法務省戸籍法関連通達・通知, 種別 戸籍統一文字情報 親字・正字, ホップ数 1
U+74E6	𭺜	瓦	reduction	mj-shrink-map	merge	MJ058057: 法務省戸籍法関連通達・通知, 種別 戸籍統一文字情報 親字・正字, ホップ数 1
U+74F6	甁	瓶	reduction	mj-shrink-map	merge	MJ017572: 法務省戸籍法関連通達・通知, 種別 戸籍統一文字情報 親字・正字, ホップ数 1
U+74F7	珁	瓷	reduction	mj-shrink-map	merge	MJ017178: 法務省戸籍法関連通達・通知, 種別 戸籍統一文字情報 親字・正字, ホップ数 1
U+74F7	甆	甆	compatibility	unicode-ucd	merge	7506
U+74F7	甆	瓷	reduction	mj-shrink-map	merge	MJ017581: 法務省戸籍法関連通達・通知, 種別 戸籍統一文字情報 親字・正字, ホップ数 1
U+74F7	𤮀	瓷	reduction	mj-shrink-map	merge	MJ041244: 法務省戸籍法関連通達・通知, 種別 戸籍統一文字情報 親字・正字, ホップ数 1
U+74F7	𦈱	瓷	reduction	mj-shrink-map	merge	MJ044787: 法務省戸籍法関連通達・通知, 種別 戸籍統一文字情報 親字・正字, ホップ数 1
U+7503	㼙	甃	reduction	mj-shrink-map	merge	MJ002565: 法務省戸籍法関連通達・通知, 種別 戸籍統一文字情報 親字・正字, ホップ数 1
U+7503	𤭰	甃	reduction	mj-shrink-map	merge	MJ041235: 法務省戸籍法関連通達・通知, 種別 戸籍統一文字情報 親字・正字, ホップ数 1
U+7504	𤮔	甄	reduction	mj-shrink-map	merge	MJ041258: 法務省戸籍法関連通達・通知, 種別 戸籍統一文字情報 親字・正字, ホップ数 1
U+750D	𠪹	甍	reduction	mj-shrink-map	merge	MJ031947: 法務省戸籍法関連通達・通知, 種別 戸籍統一文字情報 親字・正字, ホップ数 1
U+750D	𣞑	甍	reduction	mj-shrink-map	merge	MJ038384: 法務省戸籍法関連通達・通知, 種別 戸籍統一文字情報 親字・正字, ホップ数 1
U+750E	㼷	甎	reduction	mj-shrink-map	merge	MJ002595: 法務省戸籍法関連通達・通知, 種別 戸籍統一文字情報 親字・正字, ホップ数 1
U+7511	䰝	甑	reduction	mj-shrink-map	merge	MJ005909: 法務省戸籍法関連通達・通知, 種別 戸籍統一文字情報 親字・正字, ホップ数 1
U+7511	𩱭	甑	reduction	mj-shrink-map	merge	MJ054918: 法務省戸籍法関連通達・通知, 種別 戸籍統一文字情報 親字・正字, ホップ数 1
U+7518	𠙿	甘	reduction	mj-shrink-map	merge	MJ031209: 法務省戸籍法関連通達・通知, 種別 戸籍統一文字情報 親字・正字, ホップ数 1
U+7518	𤮺	甘	reduction	mj-shrink-map	merge	MJ041285: 法務省戸籍法関連通達・通知, 種別 戸籍統一文字情報 親字・正字, ホップ数 1
U+7518	𭺪	甘	reduction	mj-shrink-map	merge	MJ058075: 法務省戸籍法関連通達・通知, 種別 戸籍統一文字情報 親字・正字, ホップ数 1
U+7518	𭺫	甘	reduction	mj-shrink-map	merge	MJ058074: 法務省戸籍法関連通達・通知, 種別 戸籍統一文字情報 親字・正字, ホップ数 1
U+751A	𠥄	甚	reduction	mj-shrink-map	merge	MJ031685: 法務省戸籍法関連通達・通知, 種別 戸籍統一文字情報 親字・正字, ホップ数 1
U+751A	𠯕	甚	reduction	mj-shrink-map	merge	MJ032149: 法務省戸籍法関連通達・通知, 種別 戸籍統一文字情報 親字・正字, ホップ数 1
U+751A	𥱅	甚	reduction	mj-shrink-map	merge	MJ043880: 法務省戸籍法関連通達・通知, 種別 戸籍統一文字情報 親字・正字, ホップ数 1
U+751A	𫞪	甚	reduction	mj-shrink-map	merge	MJ058076: 法務省戸籍法関連通達・通知, 種別 戸籍統一文字情報 親字・正字, ホップ数 1
U+751C	䑚	甜	reduction	mj-shrink-map	merge	MJ003911: 法務省戸籍法関連通達・通知, 種別 戸籍統一文字情報 親字・正字, ホップ数 1
U+751C	甛	甜	reduction	mj-shrink-map	merge	MJ017614: 法務省戸籍法関連通達・通知, 種別 戸籍統一文字情報 親字・正字, ホップ数 1
U+751F	𠤵	生	reduction	mj-shrink-map	merge	MJ031674: 法務省戸籍法関連通達・通知, 種別 戸籍統一文字情報 親字・正字, ホップ数 1
U+751F	𤯓	生	reduction	mj-shrink-map	merge	MJ041302: 法務省戸籍法関連通達・通知, 種別 戸籍統一文字情報 親字・正字, ホップ数 1
U+7523	產	産	itaiji	mj-kanji	merge	X0213 包摂
U+7523	產	産	reduction	mj-shrink-map	merge	MJ017621: 法務省戸籍法関連通達・通知, 種別 戸籍統一文字情報 親字・正字, ホップ数 1
U+7523	𨹞	産	reduction	mj-shrink-map	merge	MJ052338: 法務省戸籍法関連通達・通知, 種別 戸籍統一文字情報 親字・正字, ホップ数 1
U+7523	𩥮	産	reduction	mj-shrink-map	merge	MJ054429: 法務省戸籍法関連通達・通知, 種別 戸籍統一文字情報 親字・正字, ホップ数 1
U+7524	甤	甤	compatibility	unicode-ucd	merge	7524
U+7525	㽒	甥	reduction	mj-shrink-map	merge	MJ002619: 法務省戸籍法関連通達・通知, 種別 戸籍統一文字情報 親字・正字, ホップ数 1
U+7526	𤯳	甦	reduction	mj-shrink-map	merge	MJ041321: 法務省戸籍法関連通達・通知, 種別 戸籍統一文字情報 親字・正字, ホップ数 1
U+7528	𠂵	用	reduction	mj-shrink-map	merge	MJ030400: 法務省戸籍法関連通達・通知, 種別 戸籍統一文字情報 親字・正字, ホップ数 1
U+7528	𠛁	用	reduction	mj-shrink-map	merge	MJ031260: 法務省戸籍法関連通達・通知, 種別 戸籍統一文字情報 親字・正字, ホップ数 1
U+7528	𤰃	用	reduction	mj-shrink-map	merge	MJ041328: 法務省戸籍法関連通達・通知, 種別 戸籍統一文字情報 親字・正字, ホップ数 1
U+7528	𤰆	用	reduction	mj-shrink-map	merge	MJ041330: 法務省戸籍法関連通達・通知, 種別 戸籍統一文字情報 親字・正字, ホップ数 1
U+752C	𭺸	甬	reduction	mj-shrink-map	merge	MJ058081: 法務省戸籍法関連通達・通知, 種別 戸籍統一文字情報 親字・正字, ホップ数 1
U+7532	𠇚	甲	reduction	mj-shrink-map	merge	MJ030561: 法務省戸籍法関連通達・通知, 種別 戸籍統一文字情報 親字・正字, ホップ数 1
U+7532	𡴌	甲	reduction	mj-shrink-map	merge	MJ034445: 法務省戸籍法関連通達・通知, 種別 戸籍統一文字情報 親字・正字, ホップ数 1
U+7533	𢑚	申	reduction	mj-shrink-map	merge	MJ035718: 法務省戸籍法関連通達・通知, 種別 戸籍統一文字情報 親字・正字, ホップ数 1
U+7533	𤰶	𤰶	compatibility	unicode-ucd	merge	24C36
U+7533	𤰶	申	reduction	mj-shrink-map	merge	MJ041365: 法務省戸籍法関連通達・通知, 種別 戸籍統一文字情報 親字・正字, ホップ数 1
U+7533	𦥔	申	reduction	mj-shrink-map	merge	MJ045971: 法務省戸籍法関連通達・通知, 種別 戸籍統一文字情報 親字・正字, ホップ数 1
U+7533	𦦀	申	reduction	mj-shrink-map	merge	MJ046005: 法務省戸籍法関連通達・通知, 種別 戸籍統一文字情報 親字・正字, ホップ数 1
U+7533	𭽒	申	reduction	mj-shrink-map	merge	MJ058137: 法務省戸籍法関連通達・通知, 種別 戸籍統一文字情報 親字・正字, ホップ数 1
U+7537	侽	男	reduction	mj-shrink-map	merge	MJ006747: 法務省戸籍法関連通達・通知, 種別 戸籍統一文字情報 親字・正字, ホップ数 1
U+753A	甼	町	reduction	mj-shrink-map	merge	MJ017649: 法務省戸籍法関連通達・通知, 種別 戸籍統一文字情報 親字・正字, ホップ数 1
U+753A	町	甼	variant	cjkvi-variants	corroborates	町→甼 jisx0212/variant | 町→甼 jisx0213/variant
U+753A	町	甼	variant	hng-basic-data	corroborates	07487
U+753A	町	甼	variant	wikidata	corroborates	Q109754611; P248 Q10427532 | Q3595005; P248 Q10427532
U+753A	町	甼	equivalent	yitizi	corroborates	yitizi.txt 町甼
U+753B	画	画	compatibility	unicode-ucd	merge	753B
U+753B	畫	画	reduction	mj-shrink-map	merge	MJ017701: 法務省戸籍法関連通達・通知, 種別 戸籍統一文字情報 親字・正字, ホップ数 1
U+753B	𡇍	畫	reduction	mj-shrink-map	merge	MJ032840: 法務省戸籍法関連通達・通知, 種別 戸籍統一文字情報 親字・正字, ホップ数 1
U+753B	𤱪	畫	reduction	mj-shrink-map	merge	MJ041392: 法務省戸籍法関連通達・通知, 種別 戸籍統一文字情報 親字・正字, ホップ数 1
U+753B	𤲯	畫	reduction	mj-shrink-map	merge	MJ041440: 法務省戸籍法関連通達・通知, 種別 戸籍統一文字情報 親字・正字, ホップ数 1
U+753B	𤲿	畫	reduction	mj-shrink-map	merge	MJ041452: 法務省戸籍法関連通達・通知, 種別 戸籍統一文字情報 親字・正字, ホップ数 1
U+753B	𦘕	畫	reduction	mj-shrink-map	merge	MJ045449: 法務省戸籍法関連通達・通知, 種別 戸籍統一文字情報 親字・正字, ホップ数 1
U+753B	𨽶	畫	reduction	mj-shrink-map	merge	MJ052499: 法務省戸籍法関連通達・通知, 種別 戸籍統一文字情報 親字・正字, ホップ数 1
U+753D	圳	甽	reduction	mj-shrink-map	merge	MJ008915: 法務省戸籍法関連通達・通知, 種別 戸籍統一文字情報 親字・正字, ホップ数 1
U+753E	甾	甾	compatibility	unicode-ucd	merge	753E
U+7540	畁	畀	reduction	mj-shrink-map	merge	MJ017655: 法務省戸籍法関連通達・通知, 種別 戸籍統一文字情報 親字・正字, ホップ数 1
U+7540	𢮧	畀	reduction	mj-shrink-map	merge	MJ036857: 法務省戸籍法関連通達・通知, 種別 戸籍統一文字情報 親字・正字, ホップ数 1
U+754B	𢿊	畋	reduction	mj-shrink-map	merge	MJ037368: 法務省戸籍法関連通達・通知, 種別 戸籍統一文字情報 親字・正字, ホップ数 1
U+754B	𤝗	畋	reduction	mj-shrink-map	merge	MJ040654: 法務省戸籍法関連通達・通知, 種別 戸籍統一文字情報 親字・正字, ホップ数 1
U+754B	𤱞	畋	reduction	mj-shrink-map	merge	MJ041381: 法務省戸籍法関連通達・通知, 種別 戸籍統一文字情報 親字・正字, ホップ数 1
U+754C	畍	界	reduction	mj-shrink-map	merge	MJ017668: 法務省戸籍法関連通達・通知, 種別 戸籍統一文字情報 親字・正字, ホップ数 1
U+754C	界	畍	variant	cjkvi-variants	corroborates	界→畍 hydzd/variant | 界→畍 jisx0213/variant | 界→畍 twedu/variant
U+754C	界	畍	variant	hng-basic-data	corroborates	07501 | 07501b
U+754C	界	畍	variant	wikidata	corroborates	Q109754630; P248 Q10427532 | Q54872853; P248 Q10427532
U+754C	界	畍	equivalent	yitizi	corroborates	ytenx/JihThex.csv
U+754C	𢌯	界	reduction	mj-shrink-map	merge	MJ035482: 法務省戸籍法関連通達・通知, 種別 戸籍統一文字情報 親字・正字, ホップ数 1
U+754C	𨺬	界	reduction	mj-shrink-map	merge	MJ052382: 法務省戸籍法関連通達・通知, 種別 戸籍統一文字情報 親字・正字, ホップ数 1
U+754C	𭻊	界	reduction	mj-shrink-map	merge	MJ058091: 法務省戸籍法関連通達・通知, 種別 戸籍統一文字情報 親字・正字, ホップ数 1
U+754F	𠂽	畏	reduction	mj-shrink-map	merge	MJ030407: 法務省戸籍法関連通達・通知, 種別 戸籍統一文字情報 親字・正字, ホップ数 1
U+754F	𤰣	畏	reduction	mj-shrink-map	merge	MJ041349: 法務省戸籍法関連通達・通知, 種別 戸籍統一文字情報 親字・正字, ホップ数 1
U+754F	𤰰	畏	reduction	mj-shrink-map	merge	MJ041359: 法務省戸籍法関連通達・通知, 種別 戸籍統一文字情報 親字・正字, ホップ数 1
U+754F	𤰲	畏	reduction	mj-shrink-map	merge	MJ041361: 法務省戸籍法関連通達・通知, 種別 戸籍統一文字情報 親字・正字, ホップ数 1
U+754F	𤰵	畏	reduction	mj-shrink-map	merge	MJ041364: 法務省戸籍法関連通達・通知, 種別 戸籍統一文字情報 親字・正字, ホップ数 1
U+754F	𤱖	畏	reduction	mj-shrink-map	merge	MJ041378: 法務省戸籍法関連通達・通知, 種別 戸籍統一文字情報 親字・正字, ホップ数 1
U+7550	𭻉	畐	reduction	mj-shrink-map	merge	MJ058092: 法務省戸籍法関連通達・通知, 種別 戸籍統一文字情報 親字・正字, ホップ数 1
U+7559	留	留	compatibility	unicode-ucd	merge	7559
U+7559	备	留	reduction	mj-shrink-map	merge	MJ058084: 法務省戸籍法関連通達・通知, 種別 戸籍統一文字情報 親字・正字, ホップ数 1
U+7559	畄	留	reduction	mj-shrink-map	merge	MJ017659: 法務省戸籍法関連通達・通知, 種別 戸籍統一文字情報 親字・正字, ホップ数 1
U+7559	畄	留	variant	cjkvi-variants	corroborates	畄→留 jisx0213/variant | 留→畄 jisx0212/variant | 留→畄 twedu/variant
U+7559	畄	留	variant	hng-basic-data	corroborates	07508 | 07508b
U+7559	畄	留	variant	wikidata	corroborates	Q109754620; P248 Q10427532 | Q54901691; P248 Q10427532
U+7559	畄	留	equivalent	yitizi	corroborates	ytenx/JihThex.csv
U+7559	𤲢	留	reduction	mj-shrink-map	merge	MJ041429: 法務省戸籍法関連通達・通知, 種別 戸籍統一文字情報 親字・正字, ホップ数 1
U+755A	𠫻	畚	reduction	mj-shrink-map	merge	MJ031992: 法務省戸籍法関連通達・通知, 種別 戸籍統一文字情報 親字・正字, ホップ数 1
U+755A	𣓩	畚	reduction	mj-shrink-map	merge	MJ038083: 法務省戸籍法関連通達・通知, 種別 戸籍統一文字情報 親字・正字, ホップ数 1
U+755A	𤲙	畚	reduction	mj-shrink-map	merge	MJ041424: 法務省戸籍法関連通達・通知, 種別 戸籍統一文字情報 親字・正字, ホップ数 1
U+755A	𤲛	畚	reduction	mj-shrink-map	merge	MJ041426: 法務省戸籍法関連通達・通知, 種別 戸籍統一文字情報 親字・正字, ホップ数 1
U+755B	𤱏	畛	reduction	mj-shrink-map	merge	MJ041376: 法務省戸籍法関連通達・通知, 種別 戸籍統一文字情報 親字・正字, ホップ数 1
U+755B	𤱥	畛	reduction	mj-shrink-map	merge	MJ041387: 法務省戸籍法関連通達・通知, 種別 戸籍統一文字情報 親字・正字, ホップ数 1
U+755B	𤱼	畛	reduction	mj-shrink-map	merge	MJ041405: 法務省戸籍法関連通達・通知, 種別 戸籍統一文字情報 親字・正字, ホップ数 1
U+755C	嘼	畜	reduction	mj-shrink-map	merge	MJ008634: 法務省戸籍法関連通達・通知, 種別 戸籍統一文字情報 親字・正字, ホップ数 1
U+755C	𠬀	畜	reduction	mj-shrink-map	merge	MJ031995: 法務省戸籍法関連通達・通知, 種別 戸籍統一文字情報 親字・正字, ホップ数 1
U+755C	𤠕	畜	reduction	mj-shrink-map	merge	MJ040790: 法務省戸籍法関連通達・通知, 種別 戸籍統一文字情報 親字・正字, ホップ数 1
U+755D	畂	畝	reduction	mj-shrink-map	merge	MJ017656: 法務省戸籍法関連通達・通知, 種別 戸籍統一文字情報 親字・正字, ホップ数 1
U+755D	畆	畝	reduction	mj-shrink-map	merge	MJ017660: 法務省戸籍法関連通達・通知, 種別 戸籍統一文字情報 親字・正字, ホップ数 1
U+755D	畆	畝	variant	cjkvi-variants	corroborates	畝→畆 dypytz/variant | 畝→畆 hydzd/variant | 畝→畆 jisx0212/variant | 畝→畆 jisx0213/variant | 畝→畆 twedu/variant
U+755D	畆	畝	variant	hng-basic-data	corroborates	07514 | 07514b | 07514c
U+755D	畆	畝	variant	wikidata	corroborates	Q109754622; P248 Q10427532 | Q55765972; P248 Q10427532
U+755D	畆	畝	equivalent	yitizi	corroborates	ytenx/JihThex.csv
U+755D	畒	畝	reduction	mj-shrink-map	merge	MJ017673: 法務省戸籍法関連通達・通知, 種別 戸籍統一文字情報 親字・正字, ホップ数 1
U+755D	畞	畝	reduction	mj-shrink-map	merge	MJ017687: 法務省戸籍法関連通達・通知, 種別 戸籍統一文字情報 親字・正字, ホップ数 1
U+755D	畮	畝	reduction	mj-shrink-map	merge	MJ017704: 法務省戸籍法関連通達・通知, 種別 戸籍統一文字情報 親字・正字, ホップ数 1
U+755D	𤲧	畝	reduction	mj-shrink-map	merge	MJ041433: 法務省戸籍法関連通達・通知, 種別 戸籍統一文字情報 親字・正字, ホップ数 1
U+7562	罼	畢	reduction	mj-shrink-map	merge	MJ020575: 法務省戸籍法関連通達・通知, 種別 戸籍統一文字情報 親字・正字, ホップ数 1
U+7565	略	略	compatibility	unicode-ucd	merge	7565
U+7565	𤴂	略	reduction	mj-shrink-map	merge	MJ041493: 法務省戸籍法関連通達・通知, 種別 戸籍統一文字情報 親字・正字, ホップ数 1
U+7566	㽯	畦	reduction	mj-shrink-map	merge	MJ002646: 法務省戸籍法関連通達・通知, 種別 戸籍統一文字情報 親字・正字, ホップ数 1
U+7566	𤳬	畦	reduction	mj-shrink-map	merge	MJ041480: 法務省戸籍法関連通達・通知, 種別 戸籍統一文字情報 親字・正字, ホップ数 1
U+7569	𫞫	畩	reduction	mj-shrink-map	merge	MJ058095: 法務省戸籍法関連通達・通知, 種別 戸籍統一文字情報 親字・正字, ホップ数 1
U+756A	僠	番	reduction	mj-shrink-map	merge	MJ007086: 法務省戸籍法関連通達・通知, 種別 戸籍統一文字情報 親字・正字, ホップ数 1
U+756A	𢇪	番	reduction	mj-shrink-map	merge	MJ035279: 法務省戸籍法関連通達・通知, 種別 戸籍統一文字情報 親字・正字, ホップ数 1
U+756C	畭	畬	reduction	mj-shrink-map	merge	MJ017703: 法務省戸籍法関連通達・通知, 種別 戸籍統一文字情報 親字・正字, ホップ数 1
U+756C	畲	畬	reduction	mj-shrink-map	merge	MJ017709: 法務省戸籍法関連通達・通知, 種別 戸籍統一文字情報 親字・正字, ホップ数 1
U+756C	𡌆	畬	reduction	mj-shrink-map	merge	MJ033035: 法務省戸籍法関連通達・通知, 種別 戸籍統一文字情報 親字・正字, ホップ数 1
U+7570	異	異	compatibility	unicode-ucd	merge	7570
U+7570	異	異	compatibility	unicode-ucd	merge	7570
U+7570	𠔱	異	reduction	mj-shrink-map	merge	MJ031018: 法務省戸籍法関連通達・通知, 種別 戸籍統一文字情報 親字・正字, ホップ数 1
U+7570	𢄖	異	reduction	mj-shrink-map	merge	MJ035128: 法務省戸籍法関連通達・通知, 種別 戸籍統一文字情報 親字・正字, ホップ数 1
U+7571	𤰛	畱	reduction	mj-shrink-map	merge	MJ041341: 法務省戸籍法関連通達・通知, 種別 戸籍統一文字情報 親字・正字, ホップ数 1
U+7573	㬪	疊	reduction	mj-shrink-map	merge	MJ001664: 法務省戸籍法関連通達・通知, 種別 戸籍統一文字情報 親字・正字, ホップ数 1
U+7573	疂	畳	reduction	mj-shrink-map	merge	MJ017725: 法務省戸籍法関連通達・通知, 種別 戸籍統一文字情報 親字・正字, ホップ数 1
U+7573	畳	疂	variant	cjkvi-variants	corroborates	畳→疂 jisx0212/variant | 畳→疂 jisx0213/variant
U+7573	疂	疊	variant	cjkvi-variants	corroborates	疊→疂 jisx0212/variant | 疊→疂 jisx0213/variant
U+7573	疂	疊	variant	wikidata	corroborates	Q109754691; P248 Q1639000 | Q109754700; P248 Q1639000
U+7573	疉	畳	reduction	mj-shrink-map	merge	MJ017733: 法務省戸籍法関連通達・通知, 種別 戸籍統一文字情報 親字・正字, ホップ数 1
U+7573	畳	疉	variant	cjkvi-variants	corroborates	畳→疉 jisx0212/variant | 畳→疉 jisx0213/variant
U+7573	畳	疉	equivalent	yitizi	corroborates	ytenx/JihThex.csv
U+7573	疂	疉	variant	cjkvi-variants	corroborates	疂→疉 jisx0213/variant | 疉→疂 jisx0212/variant
U+7573	疉	疊	variant	cjkvi-variants	corroborates	疊→疉 jisx0212/variant | 疊→疉 jisx0213/variant | 疊→疉 twedu/variant
U+7573	疉	疊	variant	wikidata	corroborates	Q109754699; P248 Q10427532 | Q109754700; P248 Q10427532
U+7573	疉	疊	equivalent	yitizi	corroborates	ytenx/JihThex.csv
U+7573	疊	畳	reduction	mj-shrink-map	merge	MJ017734: 法務省戸籍法関連通達・通知, 種別 戸籍統一文字情報 親字・正字, ホップ数 1
U+7573	𣆹	疊	reduction	mj-shrink-map	merge	MJ037692: 法務省戸籍法関連通達・通知, 種別 戸籍統一文字情報 親字・正字, ホップ数 1
U+7573	𣈍	疊	reduction	mj-shrink-map	merge	MJ037732: 法務省戸籍法関連通達・通知, 種別 戸籍統一文字情報 親字・正字, ホップ数 1
U+7577	𤲹	畷	reduction	mj-shrink-map	merge	MJ041447: 法務省戸籍法関連通達・通知, 種別 戸籍統一文字情報 親字・正字, ホップ数 1
U+7579	㽜	畹	reduction	mj-shrink-map	merge	MJ002627: 法務省戸籍法関連通達・通知, 種別 戸籍統一文字情報 親字・正字, ホップ数 1
U+757E	𤳏	畾	reduction	mj-shrink-map	merge	MJ041462: 法務省戸籍法関連通達・通知, 種別 戸籍統一文字情報 親字・正字, ホップ数 1
U+757F	㙨	畿	reduction	mj-shrink-map	merge	MJ000531: 法務省戸籍法関連通達・通知, 種別 戸籍統一文字情報 親字・正字, ホップ数 1
U+7586	壃	疆	reduction	mj-shrink-map	merge	MJ009332: 法務省戸籍法関連通達・通知, 種別 戸籍統一文字情報 親字・正字, ホップ数 1
U+7586	畺	疆	reduction	mj-shrink-map	merge	MJ017717: 法務省戸籍法関連通達・通知, 種別 戸籍統一文字情報 親字・正字, ホップ数 1
U+7586	疅	畺	reduction	mj-shrink-map	merge	MJ017729: 法務省戸籍法関連通達・通知, 種別 戸籍統一文字情報 親字・正字, ホップ数 1
U+7586	𭻨	畺	reduction	mj-shrink-map	merge	MJ058105: 法務省戸籍法関連通達・通知, 種別 戸籍統一文字情報 親字・正字, ホップ数 1
U+7586	𭻩	畺	reduction	mj-shrink-map	merge	MJ058104: 法務省戸籍法関連通達・通知, 種別 戸籍統一文字情報 親字・正字, ホップ数 1
U+7586	𭻯	畺	reduction	mj-shrink-map	merge	MJ058107: 法務省戸籍法関連通達・通知, 種別 戸籍統一文字情報 親字・正字, ホップ数 1
U+7586	𭻴	畺	reduction	mj-shrink-map	merge	MJ058109: 法務省戸籍法関連通達・通知, 種別 戸籍統一文字情報 親字・正字, ホップ数 1
U+7587	𠝽	疇	reduction	mj-shrink-map	merge	MJ031377: 法務省戸籍法関連通達・通知, 種別 戸籍統一文字情報 親字・正字, ホップ数 1
U+7587	𢑔	疇	reduction	mj-shrink-map	merge	MJ035712: 法務省戸籍法関連通達・通知, 種別 戸籍統一文字情報 親字・正字, ホップ数 1
U+7587	𢑜	疇	reduction	mj-shrink-map	merge	MJ035720: 法務省戸籍法関連通達・通知, 種別 戸籍統一文字情報 親字・正字, ホップ数 1
U+7587	𤲮	疇	reduction	mj-shrink-map	merge	MJ041439: 法務省戸籍法関連通達・通知, 種別 戸籍統一文字情報 親字・正字, ホップ数 1
U+758C	𤴘	疌	reduction	mj-shrink-map	merge	MJ041509: 法務省戸籍法関連通達・通知, 種別 戸籍統一文字情報 親字・正字, ホップ数 1
U+758C	𭻿	疌	reduction	mj-shrink-map	merge	MJ058113: 法務省戸籍法関連通達・通知, 種別 戸籍統一文字情報 親字・正字, ホップ数 1
U+758E	踈	疎	reduction	mj-shrink-map	merge	MJ025330: 法務省戸籍法関連通達・通知, 種別 戸籍統一文字情報 親字・正字, ホップ数 1
U+758E	疎	踈	variant	cjkvi-variants	corroborates	疎→踈 jisx0212/variant | 疎→踈 jisx0213/variant
U+758F	䟽	疏	reduction	mj-shrink-map	merge	MJ004861: 法務省戸籍法関連通達・通知, 種別 戸籍統一文字情報 親字・正字, ホップ数 1
U+7591	𥎲	疑	reduction	mj-shrink-map	merge	MJ042646: 法務省戸籍法関連通達・通知, 種別 戸籍統一文字情報 親字・正字, ホップ数 1
U+7591	𦬦	疑	reduction	mj-shrink-map	merge	MJ046322: 法務省戸籍法関連通達・通知, 種別 戸籍統一文字情報 親字・正字, ホップ数 1
U+7591	𭼃	疑	reduction	mj-shrink-map	merge	MJ058115: 法務省戸籍法関連通達・通知, 種別 戸籍統一文字情報 親字・正字, ホップ数 1
U+7591	𭼅	疑	reduction	mj-shrink-map	merge	MJ058116: 法務省戸籍法関連通達・通知, 種別 戸籍統一文字情報 親字・正字, ホップ数 1
U+7592	𤕫	疒	reduction	mj-shrink-map	merge	MJ040291: 法務省戸籍法関連通達・通知, 種別 戸籍統一文字情報 親字・正字, ホップ数 1
U+7594	𤴫	疔	reduction	mj-shrink-map	merge	MJ041525: 法務省戸籍法関連通達・通知, 種別 戸籍統一文字情報 親字・正字, ホップ数 1
U+759A	𤶫	疚	reduction	mj-shrink-map	merge	MJ041610: 法務省戸籍法関連通達・通知, 種別 戸籍統一文字情報 親字・正字, ホップ数 1
U+75A5	㿍	疥	reduction	mj-shrink-map	merge	MJ002734: 法務省戸籍法関連通達・通知, 種別 戸籍統一文字情報 親字・正字, ホップ数 1
U+75A5	𤵇	疥	reduction	mj-shrink-map	merge	MJ041541: 法務省戸籍法関連通達・通知, 種別 戸籍統一文字情報 親字・正字, ホップ数 1
U+75A5	𤸋	疥	reduction	mj-shrink-map	merge	MJ041673: 法務省戸籍法関連通達・通知, 種別 戸籍統一文字情報 親字・正字, ホップ数 1
U+75AB	𤶣	疫	reduction	mj-shrink-map	merge	MJ041604: 法務省戸籍法関連通達・通知, 種別 戸籍統一文字情報 親字・正字, ホップ数 1
U+75B2	㔥	疲	reduction	mj-shrink-map	merge	MJ000252: 法務省戸籍法関連通達・通知, 種別 戸籍統一文字情報 親字・正字, ホップ数 1
U+75B9	𤺋	疹	reduction	mj-shrink-map	merge	MJ041762: 法務省戸籍法関連通達・通知, 種別 戸籍統一文字情報 親字・正字, ホップ数 1
U+75BE	𠥻	疾	reduction	mj-shrink-map	merge	MJ031720: 法務省戸籍法関連通達・通知, 種別 戸籍統一文字情報 親字・正字, ホップ数 1
U+75BE	𤕺	疾	reduction	mj-shrink-map	merge	MJ040302: 法務省戸籍法関連通達・通知, 種別 戸籍統一文字情報 親字・正字, ホップ数 1
U+75BE	𤕼	疾	reduction	mj-shrink-map	merge	MJ040303: 法務省戸籍法関連通達・通知, 種別 戸籍統一文字情報 親字・正字, ホップ数 1
U+75BE	𤖏	疾	reduction	mj-shrink-map	merge	MJ040318: 法務省戸籍法関連通達・通知, 種別 戸籍統一文字情報 親字・正字, ホップ数 1
U+75BE	𤶅	疾	reduction	mj-shrink-map	merge	MJ041583: 法務省戸籍法関連通達・通知, 種別 戸籍統一文字情報 親字・正字, ホップ数 1
U+75BE	𤶥	疾	reduction	mj-shrink-map	merge	MJ041606: 法務省戸籍法関連通達・通知, 種別 戸籍統一文字情報 親字・正字, ホップ数 1
U+75BE	𤻣	疾	reduction	mj-shrink-map	merge	MJ041817: 法務省戸籍法関連通達・通知, 種別 戸籍統一文字情報 親字・正字, ホップ数 1
U+75BE	𥏂	疾	reduction	mj-shrink-map	merge	MJ042659: 法務省戸籍法関連通達・通知, 種別 戸籍統一文字情報 親字・正字, ホップ数 1
U+75BE	𥏴	疾	reduction	mj-shrink-map	merge	MJ042689: 法務省戸籍法関連通達・通知, 種別 戸籍統一文字情報 親字・正字, ホップ数 1
U+75BE	𥐃	疾	reduction	mj-shrink-map	merge	MJ042700: 法務省戸籍法関連通達・通知, 種別 戸籍統一文字情報 親字・正字, ホップ数 1
U+75BE	𭼋	疾	reduction	mj-shrink-map	merge	MJ058119: 法務省戸籍法関連通達・通知, 種別 戸籍統一文字情報 親字・正字, ホップ数 1
U+75C2	𦙲	痂	reduction	mj-shrink-map	merge	MJ045510: 法務省戸籍法関連通達・通知, 種別 戸籍統一文字情報 親字・正字, ホップ数 1
U+75C3	𤵢	痃	reduction	mj-shrink-map	merge	MJ041560: 法務省戸籍法関連通達・通知, 種別 戸籍統一文字情報 親字・正字, ホップ数 1
U+75C5	𤖉	病	reduction	mj-shrink-map	merge	MJ040313: 法務省戸籍法関連通達・通知, 種別 戸籍統一文字情報 親字・正字, ホップ数 1
U+75C5	𤵣	病	reduction	mj-shrink-map	merge	MJ041561: 法務省戸籍法関連通達・通知, 種別 戸籍統一文字情報 親字・正字, ホップ数 1
U+75C6	𤸏	痆	reduction	mj-shrink-map	merge	MJ041676: 法務省戸籍法関連通達・通知, 種別 戸籍統一文字情報 親字・正字, ホップ数 1
U+75CE	㾬	痎	reduction	mj-shrink-map	merge	MJ002705: 法務省戸籍法関連通達・通知, 種別 戸籍統一文字情報 親字・正字, ホップ数 1
U+75D2	𤶪	痒	reduction	mj-shrink-map	merge	MJ041609: 法務省戸籍法関連通達・通知, 種別 戸籍統一文字情報 親字・正字, ホップ数 1
U+75D2	𦍲	痒	reduction	mj-shrink-map	merge	MJ044997: 法務省戸籍法関連通達・通知, 種別 戸籍統一文字情報 親字・正字, ホップ数 1
U+75D4	𤸟	痔	reduction	mj-shrink-map	merge	MJ041686: 法務省戸籍法関連通達・通知, 種別 戸籍統一文字情報 親字・正字, ホップ数 1
U+75D5	𤶨	痕	reduction	mj-shrink-map	merge	MJ041607: 法務省戸籍法関連通達・通知, 種別 戸籍統一文字情報 親字・正字, ホップ数 1
U+75DE	脴	痞	reduction	mj-shrink-map	merge	MJ021084: 法務省戸籍法関連通達・通知, 種別 戸籍統一文字情報 親字・正字, ホップ数 1
U+75DF	𡯩	痟	reduction	mj-shrink-map	merge	MJ034264: 法務省戸籍法関連通達・通知, 種別 戸籍統一文字情報 親字・正字, ホップ数 1
U+75E2	痢	痢	compatibility	unicode-ucd	merge	75E2
U+75E3	䏯	痣	reduction	mj-shrink-map	merge	MJ003805: 法務省戸籍法関連通達・通知, 種別 戸籍統一文字情報 親字・正字, ホップ数 1
U+75E9	痩	瘦	itaiji	mj-kanji	merge	X0213 包摂
U+75E9	瘦	痩	reduction	mj-shrink-map	merge	MJ017889: 法務省戸籍法関連通達・通知, 種別 戸籍統一文字情報 親字・正字, ホップ数 1
U+75E9	膄	瘦	reduction	mj-shrink-map	merge	MJ021175: 法務省戸籍法関連通達・通知, 種別 戸籍統一文字情報 親字・正字, ホップ数 1
U+75E9	𤶌	瘦	reduction	mj-shrink-map	merge	MJ041588: 法務省戸籍法関連通達・通知, 種別 戸籍統一文字情報 親字・正字, ホップ数 1
U+75E9	𤸂	瘦	reduction	mj-shrink-map	merge	MJ041664: 法務省戸籍法関連通達・通知, 種別 戸籍統一文字情報 親字・正字, ホップ数 1
U+75E9	𤸃	瘦	reduction	mj-shrink-map	merge	MJ041665: 法務省戸籍法関連通達・通知, 種別 戸籍統一文字情報 親字・正字, ホップ数 1
U+75E9	𤹶	瘦	reduction	mj-shrink-map	merge	MJ041746: 法務省戸籍法関連通達・通知, 種別 戸籍統一文字情報 親字・正字, ホップ数 1
U+75E9	𤺁	瘦	reduction	mj-shrink-map	merge	MJ041753: 法務省戸籍法関連通達・通知, 種別 戸籍統一文字情報 親字・正字, ホップ数 1
U+75E9	𤻺	瘦	reduction	mj-shrink-map	merge	MJ041833: 法務省戸籍法関連通達・通知, 種別 戸籍統一文字情報 親字・正字, ホップ数 1
U+75E9	𦢝	瘦	reduction	mj-shrink-map	merge	MJ045844: 法務省戸籍法関連通達・通知, 種別 戸籍統一文字情報 親字・正字, ホップ数 1
U+75F1	𤷂	痱	reduction	mj-shrink-map	merge	MJ041622: 法務省戸籍法関連通達・通知, 種別 戸籍統一文字情報 親字・正字, ホップ数 1
U+75F4	癡	痴	reduction	mj-shrink-map	merge	MJ017951: 法務省戸籍法関連通達・通知, 種別 戸籍統一文字情報 親字・正字, ホップ数 1
U+75F4	𠈴	癡	reduction	mj-shrink-map	merge	MJ030610: 法務省戸籍法関連通達・通知, 種別 戸籍統一文字情報 親字・正字, ホップ数 1
U+75F4	𤶢	癡	reduction	mj-shrink-map	merge	MJ041603: 法務省戸籍法関連通達・通知, 種別 戸籍統一文字情報 親字・正字, ホップ数 1
U+75FC	㽽	痼	reduction	mj-shrink-map	merge	MJ002658: 法務省戸籍法関連通達・通知, 種別 戸籍統一文字情報 親字・正字, ホップ数 1
U+75FF	𤸆	痿	reduction	mj-shrink-map	merge	MJ041668: 法務省戸籍法関連通達・通知, 種別 戸籍統一文字情報 親字・正字, ホップ数 1
U+7601	疩	瘁	reduction	mj-shrink-map	merge	MJ017760: 法務省戸籍法関連通達・通知, 種別 戸籍統一文字情報 親字・正字, ホップ数 1
U+7603	𤷚	瘃	reduction	mj-shrink-map	merge	MJ041644: 法務省戸籍法関連通達・通知, 種別 戸籍統一文字情報 親字・正字, ホップ数 1
U+760D	𤻈	瘍	reduction	mj-shrink-map	merge	MJ041802: 法務省戸籍法関連通達・通知, 種別 戸籍統一文字情報 親字・正字, ホップ数 1
U+760F	𤺈	瘏	reduction	mj-shrink-map	merge	MJ041759: 法務省戸籍法関連通達・通知, 種別 戸籍統一文字情報 親字・正字, ホップ数 1
U+7610	瘐	瘐	compatibility	unicode-ucd	merge	7610
U+7613	𤹹	瘓	reduction	mj-shrink-map	merge	MJ041749: 法務省戸籍法関連通達・通知, 種別 戸籍統一文字情報 親字・正字, ホップ数 1
U+7613	𤻨	瘓	reduction	mj-shrink-map	merge	MJ041820: 法務省戸籍法関連通達・通知, 種別 戸籍統一文字情報 親字・正字, ホップ数 1
U+7615	𤹱	瘕	reduction	mj-shrink-map	merge	MJ041741: 法務省戸籍法関連通達・通知, 種別 戸籍統一文字情報 親字・正字, ホップ数 1
U+7619	㿋	瘙	reduction	mj-shrink-map	merge	MJ002732: 法務省戸籍法関連通達・通知, 種別 戸籍統一文字情報 親字・正字, ホップ数 1
U+761B	𤺚	瘛	reduction	mj-shrink-map	merge	MJ041777: 法務省戸籍法関連通達・通知, 種別 戸籍統一文字情報 親字・正字, ホップ数 1
U+761C	𦞜	瘜	reduction	mj-shrink-map	merge	MJ045698: 法務省戸籍法関連通達・通知, 種別 戸籍統一文字情報 親字・正字, ホップ数 1
U+761D	瘝	瘝	compatibility	unicode-ucd	merge	761D
U+761E	𡎶	瘞	reduction	mj-shrink-map	merge	MJ033123: 法務省戸籍法関連通達・通知, 種別 戸籍統一文字情報 親字・正字, ホップ数 1
U+761E	𢊃	瘞	reduction	mj-shrink-map	merge	MJ035385: 法務省戸籍法関連通達・通知, 種別 戸籍統一文字情報 親字・正字, ホップ数 1
U+761E	𤺦	瘞	reduction	mj-shrink-map	merge	MJ041781: 法務省戸籍法関連通達・通知, 種別 戸籍統一文字情報 親字・正字, ホップ数 1
U+761E	𨻊	瘞	reduction	mj-shrink-map	merge	MJ052400: 法務省戸籍法関連通達・通知, 種別 戸籍統一文字情報 親字・正字, ホップ数 1
U+761F	瘟	瘟	compatibility	unicode-ucd	merge	761F
U+7620	𤹠	瘠	reduction	mj-shrink-map	merge	MJ041729: 法務省戸籍法関連通達・通知, 種別 戸籍統一文字情報 親字・正字, ホップ数 1
U+7621	𤶷	瘡	reduction	mj-shrink-map	merge	MJ041619: 法務省戸籍法関連通達・通知, 種別 戸籍統一文字情報 親字・正字, ホップ数 1
U+7621	𤺨	瘡	reduction	mj-shrink-map	merge	MJ041783: 法務省戸籍法関連通達・通知, 種別 戸籍統一文字情報 親字・正字, ホップ数 1
U+7624	𦞧	𦞧	compatibility	unicode-ucd	merge	267A7
U+7624	𦞧	瘤	reduction	mj-shrink-map	merge	MJ045709: 法務省戸籍法関連通達・通知, 種別 戸籍統一文字情報 親字・正字, ホップ数 1
U+7625	𤻸	瘥	reduction	mj-shrink-map	merge	MJ041831: 法務省戸籍法関連通達・通知, 種別 戸籍統一文字情報 親字・正字, ホップ数 1
U+7627	𤺝	瘧	reduction	mj-shrink-map	merge	MJ041780: 法務省戸籍法関連通達・通知, 種別 戸籍統一文字情報 親字・正字, ホップ数 1
U+762D	𤼄	瘭	reduction	mj-shrink-map	merge	MJ041838: 法務省戸籍法関連通達・通知, 種別 戸籍統一文字情報 親字・正字, ホップ数 1
U+7630	𤻳	瘰	reduction	mj-shrink-map	merge	MJ041826: 法務省戸籍法関連通達・通知, 種別 戸籍統一文字情報 親字・正字, ホップ数 1
U+7630	𤼠	瘰	reduction	mj-shrink-map	merge	MJ041856: 法務省戸籍法関連通達・通知, 種別 戸籍統一文字情報 親字・正字, ホップ数 1
U+7642	療	療	compatibility	unicode-ucd	merge	7642
U+7643	𤸇	癃	reduction	mj-shrink-map	merge	MJ041669: 法務省戸籍法関連通達・通知, 種別 戸籍統一文字情報 親字・正字, ホップ数 1
U+7647	癇	癎	itaiji	mj-kanji	merge	X0213 包摂
U+7647	癎	癇	reduction	mj-shrink-map	merge	MJ017930: 法務省戸籍法関連通達・通知, 種別 戸籍統一文字情報 親字・正字, ホップ数 1
U+7647	𣩝	癇	reduction	mj-shrink-map	merge	MJ038869: 法務省戸籍法関連通達・通知, 種別 戸籍統一文字情報 親字・正字, ホップ数 1
U+7647	𤺛	癇	reduction	mj-shrink-map	merge	MJ041778: 法務省戸籍法関連通達・通知, 種別 戸籍統一文字情報 親字・正字, ホップ数 1
U+7658	𤻹	癘	reduction	mj-shrink-map	merge	MJ041832: 法務省戸籍法関連通達・通知, 種別 戸籍統一文字情報 親字・正字, ホップ数 1
U+7658	𤼚	癘	reduction	mj-shrink-map	merge	MJ041851: 法務省戸籍法関連通達・通知, 種別 戸籍統一文字情報 親字・正字, ホップ数 1
U+7664	𤻛	癤	reduction	mj-shrink-map	merge	MJ041812: 法務省戸籍法関連通達・通知, 種別 戸籍統一文字情報 親字・正字, ホップ数 1
U+7664	𤻵	癤	reduction	mj-shrink-map	merge	MJ041828: 法務省戸籍法関連通達・通知, 種別 戸籍統一文字情報 親字・正字, ホップ数 1
U+7665	㿂	癥	reduction	mj-shrink-map	merge	MJ002721: 法務省戸籍法関連通達・通知, 種別 戸籍統一文字情報 親字・正字, ホップ数 1
U+7667	癧	𭼰	itaiji	mj-kanji	merge	X0213 包摂
U+7669	癩	癩	compatibility	unicode-ucd	merge	7669
U+766C	㾌	癬	reduction	mj-shrink-map	merge	MJ002673: 法務省戸籍法関連通達・通知, 種別 戸籍統一文字情報 親字・正字, ホップ数 1
U+766C	㿅	癬	reduction	mj-shrink-map	merge	MJ002725: 法務省戸籍法関連通達・通知, 種別 戸籍統一文字情報 親字・正字, ホップ数 1
U+766D	䑍	癭	reduction	mj-shrink-map	merge	MJ003900: 法務省戸籍法関連通達・通知, 種別 戸籍統一文字情報 親字・正字, ホップ数 1
U+766D	𦡺	癭	reduction	mj-shrink-map	merge	MJ045822: 法務省戸籍法関連通達・通知, 種別 戸籍統一文字情報 親字・正字, ホップ数 1
U+766D	𩖍	癭	reduction	mj-shrink-map	merge	MJ053679: 法務省戸籍法関連通達・通知, 種別 戸籍統一文字情報 親字・正字, ホップ数 1
U+766E	𤻘	癮	reduction	mj-shrink-map	merge	MJ041809: 法務省戸籍法関連通達・通知, 種別 戸籍統一文字情報 親字・正字, ホップ数 1
U+7670	㿈	癰	reduction	mj-shrink-map	merge	MJ002728: 法務省戸籍法関連通達・通知, 種別 戸籍統一文字情報 親字・正字, ホップ数 1
U+7670	癕	癰	reduction	mj-shrink-map	merge	MJ017940: 法務省戸籍法関連通達・通知, 種別 戸籍統一文字情報 親字・正字, ホップ数 1
U+7670	臃	癰	reduction	mj-shrink-map	merge	MJ021250: 法務省戸籍法関連通達・通知, 種別 戸籍統一文字情報 親字・正字, ホップ数 1
U+7670	𤻕	癰	reduction	mj-shrink-map	merge	MJ041806: 法務省戸籍法関連通達・通知, 種別 戸籍統一文字情報 親字・正字, ホップ数 1
U+7670	𦡈	癰	reduction	mj-shrink-map	merge	MJ045798: 法務省戸籍法関連通達・通知, 種別 戸籍統一文字情報 親字・正字, ホップ数 1
U+7676	𠇿	癶	reduction	mj-shrink-map	merge	MJ030574: 法務省戸籍法関連通達・通知, 種別 戸籍統一文字情報 親字・正字, ホップ数 1
U+7676	𣥠	癶	reduction	mj-shrink-map	merge	MJ038670: 法務省戸籍法関連通達・通知, 種別 戸籍統一文字情報 親字・正字, ホップ数 1
U+7678	𤼩	癸	reduction	mj-shrink-map	merge	MJ041864: 法務省戸籍法関連通達・通知, 種別 戸籍統一文字情報 親字・正字, ホップ数 1
U+7678	𭼾	癸	reduction	mj-shrink-map	merge	MJ058131: 法務省戸籍法関連通達・通知, 種別 戸籍統一文字情報 親字・正字, ホップ数 1
U+767A	發	発	reduction	mj-shrink-map	merge	MJ017982: 法務省戸籍法関連通達・通知, 種別 戸籍統一文字情報 親字・正字, ホップ数 1
U+767A	𤼲	發	reduction	mj-shrink-map	merge	MJ041871: 法務省戸籍法関連通達・通知, 種別 戸籍統一文字情報 親字・正字, ホップ数 1
U+767A	𭛁	發	reduction	mj-shrink-map	merge	MJ057470: 法務省戸籍法関連通達・通知, 種別 戸籍統一文字情報 親字・正字, ホップ数 1
U+767A	𭣵	發	reduction	mj-shrink-map	merge	MJ057596: 法務省戸籍法関連通達・通知, 種別 戸籍統一文字情報 親字・正字, ホップ数 1
U+767A	𭣺	發	reduction	mj-shrink-map	merge	MJ057602: 法務省戸籍法関連通達・通知, 種別 戸籍統一文字情報 親字・正字, ホップ数 1
U+767A	𭽂	發	reduction	mj-shrink-map	merge	MJ058134: 法務省戸籍法関連通達・通知, 種別 戸籍統一文字情報 親字・正字, ホップ数 1
U+767B	𤼪	登	reduction	mj-shrink-map	merge	MJ041865: 法務省戸籍法関連通達・通知, 種別 戸籍統一文字情報 親字・正字, ホップ数 1
U+767B	𤼷	登	reduction	mj-shrink-map	merge	MJ041875: 法務省戸籍法関連通達・通知, 種別 戸籍統一文字情報 親字・正字, ホップ数 1
U+767B	𤼼	登	reduction	mj-shrink-map	merge	MJ041878: 法務省戸籍法関連通達・通知, 種別 戸籍統一文字情報 親字・正字, ホップ数 1
U+767B	𭽁	登	reduction	mj-shrink-map	merge	MJ058133: 法務省戸籍法関連通達・通知, 種別 戸籍統一文字情報 親字・正字, ホップ数 1
U+767D	𤼽	白	reduction	mj-shrink-map	merge	MJ041879: 法務省戸籍法関連通達・通知, 種別 戸籍統一文字情報 親字・正字, ホップ数 1
U+767D	𦣺	白	reduction	mj-shrink-map	merge	MJ045905: 法務省戸籍法関連通達・通知, 種別 戸籍統一文字情報 親字・正字, ホップ数 1
U+7680	皀	皂	itaiji	mj-kanji	merge	X0213 包摂
U+7683	㒵	皃	reduction	mj-shrink-map	merge	MJ000141: 法務省戸籍法関連通達・通知, 種別 戸籍統一文字情報 親字・正字, ホップ数 1
U+7686	𣅜	皆	reduction	mj-shrink-map	merge	MJ037631: 法務省戸籍法関連通達・通知, 種別 戸籍統一文字情報 親字・正字, ホップ数 1
U+7687	𤽙	皇	reduction	mj-shrink-map	merge	MJ041900: 法務省戸籍法関連通達・通知, 種別 戸籍統一文字情報 親字・正字, ホップ数 1
U+7687	𤽚	皇	reduction	mj-shrink-map	merge	MJ041901: 法務省戸籍法関連通達・通知, 種別 戸籍統一文字情報 親字・正字, ホップ数 1
U+7687	𤽧	皇	reduction	mj-shrink-map	merge	MJ041908: 法務省戸籍法関連通達・通知, 種別 戸籍統一文字情報 親字・正字, ホップ数 1
U+7687	𦤃	皇	reduction	mj-shrink-map	merge	MJ045913: 法務省戸籍法関連通達・通知, 種別 戸籍統一文字情報 親字・正字, ホップ数 1
U+7687	𦤍	皇	reduction	mj-shrink-map	merge	MJ045922: 法務省戸籍法関連通達・通知, 種別 戸籍統一文字情報 親字・正字, ホップ数 1
U+7687	𦤐	皇	reduction	mj-shrink-map	merge	MJ045923: 法務省戸籍法関連通達・通知, 種別 戸籍統一文字情報 親字・正字, ホップ数 1
U+768C	皌	𤽜	z	unihan	merge	皌→𤽜 kZVariant | 𤽜→皌 kZVariant
U+768E	晈	皎	reduction	mj-shrink-map	merge	MJ013265: 法務省戸籍法関連通達・通知, 種別 戸籍統一文字情報 親字・正字, ホップ数 1
U+768E	𣎣	皎	reduction	mj-shrink-map	merge	MJ037912: 法務省戸籍法関連通達・通知, 種別 戸籍統一文字情報 親字・正字, ホップ数 1
U+7693	晧	皓	reduction	mj-shrink-map	merge	MJ013298: 法務省戸籍法関連通達・通知, 種別 戸籍統一文字情報 親字・正字, ホップ数 1
U+7693	晧	皓	variant	cjkvi-variants	corroborates	皓→晧 hydzd/variant | 皓→晧 twedu/variant
U+7693	晧	皓	variant	wikidata	corroborates	Q109749415; P248 Q10427532 | Q109754975; P248 Q10427532
U+769A	溰	皚	reduction	mj-shrink-map	merge	MJ015710: 法務省戸籍法関連通達・通知, 種別 戸籍統一文字情報 親字・正字, ホップ数 1
U+769A	𩄟	皚	reduction	mj-shrink-map	merge	MJ052827: 法務省戸籍法関連通達・通知, 種別 戸籍統一文字情報 親字・正字, ホップ数 1
U+769E	暤	皞	reduction	mj-shrink-map	merge	MJ013373: 法務省戸籍法関連通達・通知, 種別 戸籍統一文字情報 親字・正字, ホップ数 1
U+769E	曍	皞	reduction	mj-shrink-map	merge	MJ057679: 法務省戸籍法関連通達・通知, 種別 戸籍統一文字情報 親字・正字, ホップ数 1
U+769E	皡	皞	reduction	mj-shrink-map	merge	MJ018030: 法務省戸籍法関連通達・通知, 種別 戸籍統一文字情報 親字・正字, ホップ数 1
U+769E	皥	皞	reduction	mj-shrink-map	merge	MJ018036: 法務省戸籍法関連通達・通知, 種別 戸籍統一文字情報 親字・正字, ホップ数 1
U+76AA	㿨	皪	reduction	mj-shrink-map	merge	MJ002759: 法務省戸籍法関連通達・通知, 種別 戸籍統一文字情報 親字・正字, ホップ数 1
U+76AA	𤾾	皪	reduction	mj-shrink-map	merge	MJ041961: 法務省戸籍法関連通達・通知, 種別 戸籍統一文字情報 親字・正字, ホップ数 1
U+76AE	𠬱	皮	reduction	mj-shrink-map	merge	MJ032027: 法務省戸籍法関連通達・通知, 種別 戸籍統一文字情報 親字・正字, ホップ数 1
U+76AE	𠰎	皮	reduction	mj-shrink-map	merge	MJ032182: 法務省戸籍法関連通達・通知, 種別 戸籍統一文字情報 親字・正字, ホップ数 1
U+76AE	𡰻	皮	reduction	mj-shrink-map	merge	MJ034318: 法務省戸籍法関連通達・通知, 種別 戸籍統一文字情報 親字・正字, ホップ数 1
U+76AE	𥬖	皮	reduction	mj-shrink-map	merge	MJ043683: 法務省戸籍法関連通達・通知, 種別 戸籍統一文字情報 親字・正字, ホップ数 1
U+76AF	𤿊	皯	reduction	mj-shrink-map	merge	MJ041971: 法務省戸籍法関連通達・通知, 種別 戸籍統一文字情報 親字・正字, ホップ数 1
U+76AF	𩈅	皯	reduction	mj-shrink-map	merge	MJ052979: 法務省戸籍法関連通達・通知, 種別 戸籍統一文字情報 親字・正字, ホップ数 1
U+76B0	䶌	皰	reduction	mj-shrink-map	merge	MJ006254: 法務省戸籍法関連通達・通知, 種別 戸籍統一文字情報 親字・正字, ホップ数 1
U+76B0	靤	皰	reduction	mj-shrink-map	merge	MJ027931: 法務省戸籍法関連通達・通知, 種別 戸籍統一文字情報 親字・正字, ホップ数 1
U+76B0	皰	靤	variant	cjkvi-variants	corroborates	皰→靤 hydzd/variant | 皰→靤 jisx0213/variant | 皰→靤 twedu/variant
U+76B0	皰	靤	variant	wikidata	corroborates	Q109755005; P248 Q10427532 | Q109766234; P248 Q10427532
U+76B0	𦝐	皰	reduction	mj-shrink-map	merge	MJ045646: 法務省戸籍法関連通達・通知, 種別 戸籍統一文字情報 親字・正字, ホップ数 1
U+76B0	𦫗	皰	reduction	mj-shrink-map	merge	MJ046254: 法務省戸籍法関連通達・通知, 種別 戸籍統一文字情報 親字・正字, ホップ数 1
U+76B0	𦫱	皰	reduction	mj-shrink-map	merge	MJ046272: 法務省戸籍法関連通達・通知, 種別 戸籍統一文字情報 親字・正字, ホップ数 1
U+76B4	𦫝	皴	reduction	mj-shrink-map	merge	MJ046258: 法務省戸籍法関連通達・通知, 種別 戸籍統一文字情報 親字・正字, ホップ数 1
U+76B8	皹	皸	reduction	mj-shrink-map	merge	MJ018060: 法務省戸籍法関連通達・通知, 種別 戸籍統一文字情報 親字・正字, ホップ数 1
U+76B8	皸	皹	variant	cjkvi-variants	corroborates	皸→皹 hydzd/variant | 皸→皹 jisx0212/variant | 皸→皹 jisx0213/variant | 皸→皹 twedu/variant
U+76B8	皸	皹	variant	wikidata	corroborates	Q109755014; P248 Q10427532 | Q109755015; P248 Q10427532
U+76BA	𢑫	皺	reduction	mj-shrink-map	merge	MJ035734: 法務省戸籍法関連通達・通知, 種別 戸籍統一文字情報 親字・正字, ホップ数 1
U+76BA	𤿥	皺	reduction	mj-shrink-map	merge	MJ041995: 法務省戸籍法関連通達・通知, 種別 戸籍統一文字情報 親字・正字, ホップ数 1
U+76BA	𤿮	皺	reduction	mj-shrink-map	merge	MJ042001: 法務省戸籍法関連通達・通知, 種別 戸籍統一文字情報 親字・正字, ホップ数 1
U+76BA	𤿿	皺	reduction	mj-shrink-map	merge	MJ042012: 法務省戸籍法関連通達・通知, 種別 戸籍統一文字情報 親字・正字, ホップ数 1
U+76BA	𩈟	皺	reduction	mj-shrink-map	merge	MJ053002: 法務省戸籍法関連通達・通知, 種別 戸籍統一文字情報 親字・正字, ホップ数 1
U+76BA	𩊥	皺	reduction	mj-shrink-map	merge	MJ053114: 法務省戸籍法関連通達・通知, 種別 戸籍統一文字情報 親字・正字, ホップ数 1
U+76BA	𭽪	皺	reduction	mj-shrink-map	merge	MJ058141: 法務省戸籍法関連通達・通知, 種別 戸籍統一文字情報 親字・正字, ホップ数 1
U+76C2	𥁄	𥁄	compatibility	unicode-ucd	merge	25044
U+76C2	𥁄	盂	reduction	mj-shrink-map	merge	MJ042063: 法務省戸籍法関連通達・通知, 種別 戸籍統一文字情報 親字・正字, ホップ数 1
U+76C6	瓫	盆	reduction	mj-shrink-map	merge	MJ017545: 法務省戸籍法関連通達・通知, 種別 戸籍統一文字情報 親字・正字, ホップ数 1
U+76C8	盁	盈	reduction	mj-shrink-map	merge	MJ018067: 法務省戸籍法関連通達・通知, 種別 戸籍統一文字情報 親字・正字, ホップ数 1
U+76C8	𡺡	盈	reduction	mj-shrink-map	merge	MJ034694: 法務省戸籍法関連通達・通知, 種別 戸籍統一文字情報 親字・正字, ホップ数 1
U+76C8	𫞯	盈	reduction	mj-shrink-map	merge	MJ058142: 法務省戸籍法関連通達・通知, 種別 戸籍統一文字情報 親字・正字, ホップ数 1
U+76C8	𫞰	盈	reduction	mj-shrink-map	merge	MJ018077: 法務省戸籍法関連通達・通知, 種別 戸籍統一文字情報 親字・正字, ホップ数 1
U+76C9	𥃂	盉	reduction	mj-shrink-map	merge	MJ042142: 法務省戸籍法関連通達・通知, 種別 戸籍統一文字情報 親字・正字, ホップ数 1
U+76CA	益	益	compatibility	unicode-ucd	merge	76CA
U+76CA	益	益	compatibility	unicode-ucd	merge	76CA
U+76CC	㼝	盌	reduction	mj-shrink-map	merge	MJ002570: 法務省戸籍法関連通達・通知, 種別 戸籍統一文字情報 親字・正字, ホップ数 1
U+76CD	𥁋	盍	reduction	mj-shrink-map	merge	MJ018074: 法務省戸籍法関連通達・通知, 種別 戸籍統一文字情報 親字・正字, ホップ数 1
U+76CD	𥂊	盍	reduction	mj-shrink-map	merge	MJ042110: 法務省戸籍法関連通達・通知, 種別 戸籍統一文字情報 親字・正字, ホップ数 1
U+76CE	㼜	盎	reduction	mj-shrink-map	merge	MJ002569: 法務省戸籍法関連通達・通知, 種別 戸籍統一文字情報 親字・正字, ホップ数 1
U+76CE	𤭹	盎	reduction	mj-shrink-map	merge	MJ041239: 法務省戸籍法関連通達・通知, 種別 戸籍統一文字情報 親字・正字, ホップ数 1
U+76D7	盜	盗	reduction	mj-shrink-map	merge	MJ018095: 法務省戸籍法関連通達・通知, 種別 戸籍統一文字情報 親字・正字, ホップ数 1
U+76D7	𠉭	盜	reduction	mj-shrink-map	merge	MJ030646: 法務省戸籍法関連通達・通知, 種別 戸籍統一文字情報 親字・正字, ホップ数 1
U+76D7	𠩼	盜	reduction	mj-shrink-map	merge	MJ031903: 法務省戸籍法関連通達・通知, 種別 戸籍統一文字情報 親字・正字, ホップ数 1
U+76D7	𤋆	盜	reduction	mj-shrink-map	merge	MJ039973: 法務省戸籍法関連通達・通知, 種別 戸籍統一文字情報 親字・正字, ホップ数 1
U+76D7	𤑂	盜	reduction	mj-shrink-map	merge	MJ040121: 法務省戸籍法関連通達・通知, 種別 戸籍統一文字情報 親字・正字, ホップ数 1
U+76D7	𨹇	盜	reduction	mj-shrink-map	merge	MJ052324: 法務省戸籍法関連通達・通知, 種別 戸籍統一文字情報 親字・正字, ホップ数 1
U+76DB	盛	盛	compatibility	unicode-ucd	merge	76DB
U+76DE	醆	盞	reduction	mj-shrink-map	merge	MJ026502: 法務省戸籍法関連通達・通知, 種別 戸籍統一文字情報 親字・正字, ホップ数 1
U+76DE	𤐒	盞	reduction	mj-shrink-map	merge	MJ040100: 法務省戸籍法関連通達・通知, 種別 戸籍統一文字情報 親字・正字, ホップ数 1
U+76DE	𥁫	盞	reduction	mj-shrink-map	merge	MJ042089: 法務省戸籍法関連通達・通知, 種別 戸籍統一文字情報 親字・正字, ホップ数 1
U+76DE	𥂥	盞	reduction	mj-shrink-map	merge	MJ042123: 法務省戸籍法関連通達・通知, 種別 戸籍統一文字情報 親字・正字, ホップ数 1
U+76DF	𢄾	盟	reduction	mj-shrink-map	merge	MJ035157: 法務省戸籍法関連通達・通知, 種別 戸籍統一文字情報 親字・正字, ホップ数 1
U+76DF	𥁰	盟	reduction	mj-shrink-map	merge	MJ042094: 法務省戸籍法関連通達・通知, 種別 戸籍統一文字情報 親字・正字, ホップ数 1
U+76DF	𥂀	盟	reduction	mj-shrink-map	merge	MJ042104: 法務省戸籍法関連通達・通知, 種別 戸籍統一文字情報 親字・正字, ホップ数 1
U+76DF	𥂗	盟	reduction	mj-shrink-map	merge	MJ042116: 法務省戸籍法関連通達・通知, 種別 戸籍統一文字情報 親字・正字, ホップ数 1
U+76DF	𧖸	盟	reduction	mj-shrink-map	merge	MJ048102: 法務省戸籍法関連通達・通知, 種別 戸籍統一文字情報 親字・正字, ホップ数 1
U+76DF	𧖽	盟	reduction	mj-shrink-map	merge	MJ048106: 法務省戸籍法関連通達・通知, 種別 戸籍統一文字情報 親字・正字, ホップ数 1
U+76E3	譼	監	reduction	mj-shrink-map	merge	MJ024825: 法務省戸籍法関連通達・通知, 種別 戸籍統一文字情報 親字・正字, ホップ数 1
U+76E3	𧗄	監	reduction	mj-shrink-map	merge	MJ048113: 法務省戸籍法関連通達・通知, 種別 戸籍統一文字情報 親字・正字, ホップ数 1
U+76E3	𧨭	監	reduction	mj-shrink-map	merge	MJ048958: 法務省戸籍法関連通達・通知, 種別 戸籍統一文字情報 親字・正字, ホップ数 1
U+76E3	𧩾	監	reduction	mj-shrink-map	merge	MJ049032: 法務省戸籍法関連通達・通知, 種別 戸籍統一文字情報 親字・正字, ホップ数 1
U+76E3	𭾆	監	reduction	mj-shrink-map	merge	MJ058147: 法務省戸籍法関連通達・通知, 種別 戸籍統一文字情報 親字・正字, ホップ数 1
U+76E3	𭾋	監	reduction	mj-shrink-map	merge	MJ058148: 法務省戸籍法関連通達・通知, 種別 戸籍統一文字情報 親字・正字, ホップ数 1
U+76E4	鎜	盤	reduction	mj-shrink-map	merge	MJ027111: 法務省戸籍法関連通達・通知, 種別 戸籍統一文字情報 親字・正字, ホップ数 1
U+76E5	𣹉	盥	reduction	mj-shrink-map	merge	MJ039447: 法務省戸籍法関連通達・通知, 種別 戸籍統一文字情報 親字・正字, ホップ数 1
U+76E5	𥁉	盥	reduction	mj-shrink-map	merge	MJ042069: 法務省戸籍法関連通達・通知, 種別 戸籍統一文字情報 親字・正字, ホップ数 1
U+76E6	盫	盦	reduction	mj-shrink-map	merge	MJ018113: 法務省戸籍法関連通達・通知, 種別 戸籍統一文字情報 親字・正字, ホップ数 1
U+76E7	盧	盧	compatibility	unicode-ucd	merge	76E7
U+76E7	𥃈	盧	reduction	mj-shrink-map	merge	MJ042145: 法務省戸籍法関連通達・通知, 種別 戸籍統一文字情報 親字・正字, ホップ数 1
U+76E7	𭾊	盧	reduction	mj-shrink-map	merge	MJ058150: 法務省戸籍法関連通達・通知, 種別 戸籍統一文字情報 親字・正字, ホップ数 1
U+76E7	𭾐	盧	reduction	mj-shrink-map	merge	MJ058152: 法務省戸籍法関連通達・通知, 種別 戸籍統一文字情報 親字・正字, ホップ数 1
U+76EA	𣻭	盪	reduction	mj-shrink-map	merge	MJ039533: 法務省戸籍法関連通達・通知, 種別 戸籍統一文字情報 親字・正字, ホップ数 1
U+76EA	𥂳	盪	reduction	mj-shrink-map	merge	MJ042133: 法務省戸籍法関連通達・通知, 種別 戸籍統一文字情報 親字・正字, ホップ数 1
U+76EC	𭾏	盬	reduction	mj-shrink-map	merge	MJ058151: 法務省戸籍法関連通達・通知, 種別 戸籍統一文字情報 親字・正字, ホップ数 1
U+76EE	𡆲	目	reduction	mj-shrink-map	merge	MJ032816: 法務省戸籍法関連通達・通知, 種別 戸籍統一文字情報 親字・正字, ホップ数 1
U+76EE	𡇡	目	reduction	mj-shrink-map	merge	MJ032859: 法務省戸籍法関連通達・通知, 種別 戸籍統一文字情報 親字・正字, ホップ数 1
U+76EE	𥃦	目	reduction	mj-shrink-map	merge	MJ042162: 法務省戸籍法関連通達・通知, 種別 戸籍統一文字情報 親字・正字, ホップ数 1
U+76EE	𥆤	目	reduction	mj-shrink-map	merge	MJ042306: 法務省戸籍法関連通達・通知, 種別 戸籍統一文字情報 親字・正字, ホップ数 1
U+76EE	𭍞	目	reduction	mj-shrink-map	merge	MJ032858: 法務省戸籍法関連通達・通知, 種別 戸籍統一文字情報 親字・正字, ホップ数 1
U+76F1	𥃳	𥃳	compatibility	unicode-ucd	merge	250F3
U+76F1	𥃳	盱	reduction	mj-shrink-map	merge	MJ042172: 法務省戸籍法関連通達・通知, 種別 戸籍統一文字情報 親字・正字, ホップ数 1
U+76F1	𥅚	盱	reduction	mj-shrink-map	merge	MJ042249: 法務省戸籍法関連通達・通知, 種別 戸籍統一文字情報 親字・正字, ホップ数 1
U+76F2	𤷐	盲	reduction	mj-shrink-map	merge	MJ041635: 法務省戸籍法関連通達・通知, 種別 戸籍統一文字情報 親字・正字, ホップ数 1
U+76F2	𥇋	盲	reduction	mj-shrink-map	merge	MJ042324: 法務省戸籍法関連通達・通知, 種別 戸籍統一文字情報 親字・正字, ホップ数 1
U+76F4	直	直	compatibility	unicode-ucd	merge	76F4
U+76F4	直	直	compatibility	unicode-ucd	merge	76F4
U+76F4	𡇛	直	reduction	mj-shrink-map	merge	MJ032852: 法務省戸籍法関連通達・通知, 種別 戸籍統一文字情報 親字・正字, ホップ数 1
U+76F4	𣓟	直	reduction	mj-shrink-map	merge	MJ038078: 法務省戸籍法関連通達・通知, 種別 戸籍統一文字情報 親字・正字, ホップ数 1
U+76F4	𣖇	直	reduction	mj-shrink-map	merge	MJ038141: 法務省戸籍法関連通達・通知, 種別 戸籍統一文字情報 親字・正字, ホップ数 1
U+76F4	𣖴	直	reduction	mj-shrink-map	merge	MJ038158: 法務省戸籍法関連通達・通知, 種別 戸籍統一文字情報 親字・正字, ホップ数 1
U+76F4	𬽈	直	reduction	mj-shrink-map	merge	MJ056892: 法務省戸籍法関連通達・通知, 種別 戸籍統一文字情報 親字・正字, ホップ数 1
U+76FE	𠩮	盾	reduction	mj-shrink-map	merge	MJ031894: 法務省戸籍法関連通達・通知, 種別 戸籍統一文字情報 親字・正字, ホップ数 1
U+76FE	𥍿	盾	reduction	mj-shrink-map	merge	MJ042599: 法務省戸籍法関連通達・通知, 種別 戸籍統一文字情報 親字・正字, ホップ数 1
U+76FE	𭾜	盾	reduction	mj-shrink-map	merge	MJ058154: 法務省戸籍法関連通達・通知, 種別 戸籍統一文字情報 親字・正字, ホップ数 1
U+7701	省	省	compatibility	unicode-ucd	merge	7701
U+7701	䁞	省	reduction	mj-shrink-map	merge	MJ002880: 法務省戸籍法関連通達・通知, 種別 戸籍統一文字情報 親字・正字, ホップ数 1
U+7701	𡮀	省	reduction	mj-shrink-map	merge	MJ034219: 法務省戸籍法関連通達・通知, 種別 戸籍統一文字情報 親字・正字, ホップ数 1
U+7701	𥄾	省	reduction	mj-shrink-map	merge	MJ042233: 法務省戸籍法関連通達・通知, 種別 戸籍統一文字情報 親字・正字, ホップ数 1
U+7701	𥅱	省	reduction	mj-shrink-map	merge	MJ042266: 法務省戸籍法関連通達・通知, 種別 戸籍統一文字情報 親字・正字, ホップ数 1
U+7701	𨵥	省	reduction	mj-shrink-map	merge	MJ052196: 法務省戸籍法関連通達・通知, 種別 戸籍統一文字情報 親字・正字, ホップ数 1
U+7707	𢡸	眇	reduction	mj-shrink-map	merge	MJ036385: 法務省戸籍法関連通達・通知, 種別 戸籍統一文字情報 親字・正字, ホップ数 1
U+7707	𢡾	眇	reduction	mj-shrink-map	merge	MJ036388: 法務省戸籍法関連通達・通知, 種別 戸籍統一文字情報 親字・正字, ホップ数 1
U+7707	𥋐	眇	reduction	mj-shrink-map	merge	MJ042486: 法務省戸籍法関連通達・通知, 種別 戸籍統一文字情報 親字・正字, ホップ数 1
U+7709	睂	眉	reduction	mj-shrink-map	merge	MJ018215: 法務省戸籍法関連通達・通知, 種別 戸籍統一文字情報 親字・正字, ホップ数 1
U+7709	𣮮	眉	reduction	mj-shrink-map	merge	MJ039068: 法務省戸籍法関連通達・通知, 種別 戸籍統一文字情報 親字・正字, ホップ数 1
U+7709	𥅕	眉	reduction	mj-shrink-map	merge	MJ042239: 法務省戸籍法関連通達・通知, 種別 戸籍統一文字情報 親字・正字, ホップ数 1
U+7709	𥅮	眉	reduction	mj-shrink-map	merge	MJ042264: 法務省戸籍法関連通達・通知, 種別 戸籍統一文字情報 親字・正字, ホップ数 1
U+7709	𭕘	眉	reduction	mj-shrink-map	merge	MJ057369: 法務省戸籍法関連通達・通知, 種別 戸籍統一文字情報 親字・正字, ホップ数 1
U+770A	𥉗	眊	reduction	mj-shrink-map	merge	MJ042419: 法務省戸籍法関連通達・通知, 種別 戸籍統一文字情報 親字・正字, ホップ数 1
U+770B	㸔	看	reduction	mj-shrink-map	merge	MJ058161: 法務省戸籍法関連通達・通知, 種別 戸籍統一文字情報 親字・正字, ホップ数 1
U+770B	𡈟	看	reduction	mj-shrink-map	merge	MJ032909: 法務省戸籍法関連通達・通知, 種別 戸籍統一文字情報 親字・正字, ホップ数 1
U+770B	𡰶	看	reduction	mj-shrink-map	merge	MJ034315: 法務省戸籍法関連通達・通知, 種別 戸籍統一文字情報 親字・正字, ホップ数 1
U+770B	𥉏	看	reduction	mj-shrink-map	merge	MJ042411: 法務省戸籍法関連通達・通知, 種別 戸籍統一文字情報 親字・正字, ホップ数 1
U+770B	𭥬	看	reduction	mj-shrink-map	merge	MJ057660: 法務省戸籍法関連通達・通知, 種別 戸籍統一文字情報 親字・正字, ホップ数 1
U+770B	𭾩	看	reduction	mj-shrink-map	merge	MJ058162: 法務省戸籍法関連通達・通知, 種別 戸籍統一文字情報 親字・正字, ホップ数 1
U+770C	縣	県	reduction	mj-shrink-map	merge	MJ020333: 法務省戸籍法関連通達・通知, 種別 戸籍統一文字情報 親字・正字, ホップ数 1
U+770C	𮚄	縣	reduction	mj-shrink-map	merge	MJ058309: 法務省戸籍法関連通達・通知, 種別 戸籍統一文字情報 親字・正字, ホップ数 1
U+770C	𮚇	縣	reduction	mj-shrink-map	merge	MJ058315: 法務省戸籍法関連通達・通知, 種別 戸籍統一文字情報 親字・正字, ホップ数 1
U+7717	𥈈	眗	reduction	mj-shrink-map	merge	MJ042365: 法務省戸籍法関連通達・通知, 種別 戸籍統一文字情報 親字・正字, ホップ数 1
U+771F	眞	眞	compatibility	unicode-ucd	merge	771E
U+771F	真	真	compatibility	unicode-ucd	merge	771F
U+771F	真	真	compatibility	unicode-ucd	merge	771F
U+771F	眞	真	reduction	mj-shrink-map	merge	MJ018170: 法務省戸籍法関連通達・通知, 種別 戸籍統一文字情報 親字・正字, ホップ数 1
U+771F	𠤛	眞	reduction	mj-shrink-map	merge	MJ031656: 法務省戸籍法関連通達・通知, 種別 戸籍統一文字情報 親字・正字, ホップ数 1
U+771F	𡙊	眞	reduction	mj-shrink-map	merge	MJ033479: 法務省戸籍法関連通達・通知, 種別 戸籍統一文字情報 親字・正字, ホップ数 1
U+7720	𥉦	眠	reduction	mj-shrink-map	merge	MJ042429: 法務省戸籍法関連通達・通知, 種別 戸籍統一文字情報 親字・正字, ホップ数 1
U+7720	𥺠	眠	reduction	mj-shrink-map	merge	MJ044253: 法務省戸籍法関連通達・通知, 種別 戸籍統一文字情報 親字・正字, ホップ数 1
U+7726	𥈐	眦	reduction	mj-shrink-map	merge	MJ042370: 法務省戸籍法関連通達・通知, 種別 戸籍統一文字情報 親字・正字, ホップ数 1
U+7734	䀏	眴	reduction	mj-shrink-map	merge	MJ002799: 法務省戸籍法関連通達・通知, 種別 戸籍統一文字情報 親字・正字, ホップ数 1
U+7735	𥄏	眵	reduction	mj-shrink-map	merge	MJ042199: 法務省戸籍法関連通達・通知, 種別 戸籍統一文字情報 親字・正字, ホップ数 1
U+7735	𥉍	眵	reduction	mj-shrink-map	merge	MJ042410: 法務省戸籍法関連通達・通知, 種別 戸籍統一文字情報 親字・正字, ホップ数 1
U+7736	𩒑	眶	reduction	mj-shrink-map	merge	MJ053504: 法務省戸籍法関連通達・通知, 種別 戸籍統一文字情報 親字・正字, ホップ数 1
U+7737	𠝂	眷	reduction	mj-shrink-map	merge	MJ031348: 法務省戸籍法関連通達・通知, 種別 戸籍統一文字情報 親字・正字, ホップ数 1
U+7737	𨤓	眷	reduction	mj-shrink-map	merge	MJ051671: 法務省戸籍法関連通達・通知, 種別 戸籍統一文字情報 親字・正字, ホップ数 1
U+7737	𨤗	眷	reduction	mj-shrink-map	merge	MJ051674: 法務省戸籍法関連通達・通知, 種別 戸籍統一文字情報 親字・正字, ホップ数 1
U+7738	䏬	眸	reduction	mj-shrink-map	merge	MJ003802: 法務省戸籍法関連通達・通知, 種別 戸籍統一文字情報 親字・正字, ホップ数 1
U+773A	晀	眺	reduction	mj-shrink-map	merge	MJ013257: 法務省戸籍法関連通達・通知, 種別 戸籍統一文字情報 親字・正字, ホップ数 1
U+773C	𥆢	眼	reduction	mj-shrink-map	merge	MJ042304: 法務省戸籍法関連通達・通知, 種別 戸籍統一文字情報 親字・正字, ホップ数 1
U+7740	着	着	compatibility	unicode-ucd	merge	7740
U+774A	睊	睊	compatibility	unicode-ucd	merge	774A
U+774A	睊	睊	compatibility	unicode-ucd	merge	774A
U+7758	𭾪	睘	reduction	mj-shrink-map	merge	MJ058163: 法務省戸籍法関連通達・通知, 種別 戸籍統一文字情報 親字・正字, ホップ数 1
U+7758	𭾱	睘	reduction	mj-shrink-map	merge	MJ058169: 法務省戸籍法関連通達・通知, 種別 戸籍統一文字情報 親字・正字, ホップ数 1
U+775A	𥊅	睚	reduction	mj-shrink-map	merge	MJ042448: 法務省戸籍法関連通達・通知, 種別 戸籍統一文字情報 親字・正字, ホップ数 1
U+775F	𥄌	睟	reduction	mj-shrink-map	merge	MJ042196: 法務省戸籍法関連通達・通知, 種別 戸籍統一文字情報 親字・正字, ホップ数 1
U+7761	𥉚	睡	reduction	mj-shrink-map	merge	MJ042422: 法務省戸籍法関連通達・通知, 種別 戸籍統一文字情報 親字・正字, ホップ数 1
U+7761	𥋍	睡	reduction	mj-shrink-map	merge	MJ042485: 法務省戸籍法関連通達・通知, 種別 戸籍統一文字情報 親字・正字, ホップ数 1
U+7763	𥆳	督	reduction	mj-shrink-map	merge	MJ042313: 法務省戸籍法関連通達・通知, 種別 戸籍統一文字情報 親字・正字, ホップ数 1
U+7765	䁹	睥	reduction	mj-shrink-map	merge	MJ002905: 法務省戸籍法関連通達・通知, 種別 戸籍統一文字情報 親字・正字, ホップ数 1
U+7765	睤	睥	reduction	mj-shrink-map	merge	MJ018250: 法務省戸籍法関連通達・通知, 種別 戸籍統一文字情報 親字・正字, ホップ数 1
U+7766	晆	睦	reduction	mj-shrink-map	merge	MJ013263: 法務省戸籍法関連通達・通知, 種別 戸籍統一文字情報 親字・正字, ホップ数 1
U+7766	眭	睦	reduction	mj-shrink-map	merge	MJ018191: 法務省戸籍法関連通達・通知, 種別 戸籍統一文字情報 親字・正字, ホップ数 1
U+7766	𡍬	睦	reduction	mj-shrink-map	merge	MJ033086: 法務省戸籍法関連通達・通知, 種別 戸籍統一文字情報 親字・正字, ホップ数 1
U+7766	𡐑	睦	reduction	mj-shrink-map	merge	MJ033161: 法務省戸籍法関連通達・通知, 種別 戸籍統一文字情報 親字・正字, ホップ数 1
U+7766	𡻲	睦	reduction	mj-shrink-map	merge	MJ034750: 法務省戸籍法関連通達・通知, 種別 戸籍統一文字情報 親字・正字, ホップ数 1
U+7766	𥄈	睦	reduction	mj-shrink-map	merge	MJ042192: 法務省戸籍法関連通達・通知, 種別 戸籍統一文字情報 親字・正字, ホップ数 1
U+7768	𧡎	睨	reduction	mj-shrink-map	merge	MJ048590: 法務省戸籍法関連通達・通知, 種別 戸籍統一文字情報 親字・正字, ホップ数 1
U+776A	𥇝	睪	reduction	mj-shrink-map	merge	MJ042341: 法務省戸籍法関連通達・通知, 種別 戸籍統一文字情報 親字・正字, ホップ数 1
U+776A	𥇡	睪	reduction	mj-shrink-map	merge	MJ042345: 法務省戸籍法関連通達・通知, 種別 戸籍統一文字情報 親字・正字, ホップ数 1
U+776A	𦎝	睪	reduction	mj-shrink-map	merge	MJ045025: 法務省戸籍法関連通達・通知, 種別 戸籍統一文字情報 親字・正字, ホップ数 1
U+776B	𣭶	睫	reduction	mj-shrink-map	merge	MJ039036: 法務省戸籍法関連通達・通知, 種別 戸籍統一文字情報 親字・正字, ホップ数 1
U+776B	𣮑	睫	reduction	mj-shrink-map	merge	MJ039055: 法務省戸籍法関連通達・通知, 種別 戸籍統一文字情報 親字・正字, ホップ数 1
U+776B	𣮒	睫	reduction	mj-shrink-map	merge	MJ039056: 法務省戸籍法関連通達・通知, 種別 戸籍統一文字情報 親字・正字, ホップ数 1
U+776B	𣮣	睫	reduction	mj-shrink-map	merge	MJ039062: 法務省戸籍法関連通達・通知, 種別 戸籍統一文字情報 親字・正字, ホップ数 1
U+776B	𣯰	睫	reduction	mj-shrink-map	merge	MJ039109: 法務省戸籍法関連通達・通知, 種別 戸籍統一文字情報 親字・正字, ホップ数 1
U+776B	𣰍	睫	reduction	mj-shrink-map	merge	MJ039126: 法務省戸籍法関連通達・通知, 種別 戸籍統一文字情報 親字・正字, ホップ数 1
U+777A	𥈑	睺	reduction	mj-shrink-map	merge	MJ042371: 法務省戸籍法関連通達・通知, 種別 戸籍統一文字情報 親字・正字, ホップ数 1
U+777D	𠋳	睽	reduction	mj-shrink-map	merge	MJ030714: 法務省戸籍法関連通達・通知, 種別 戸籍統一文字情報 親字・正字, ホップ数 1
U+777F	𥈠	睿	reduction	mj-shrink-map	merge	MJ042384: 法務省戸籍法関連通達・通知, 種別 戸籍統一文字情報 親字・正字, ホップ数 1
U+778B	瞋	瞋	compatibility	unicode-ucd	merge	778B
U+778E	𥈎	瞎	reduction	mj-shrink-map	merge	MJ042369: 法務省戸籍法関連通達・通知, 種別 戸籍統一文字情報 親字・正字, ホップ数 1
U+7791	𭿜	瞑	reduction	mj-shrink-map	merge	MJ058183: 法務省戸籍法関連通達・通知, 種別 戸籍統一文字情報 親字・正字, ホップ数 1
U+779A	𥋰	瞚	reduction	mj-shrink-map	merge	MJ042504: 法務省戸籍法関連通達・通知, 種別 戸籍統一文字情報 親字・正字, ホップ数 1
U+779F	𥋄	瞟	reduction	mj-shrink-map	merge	MJ042483: 法務省戸籍法関連通達・通知, 種別 戸籍統一文字情報 親字・正字, ホップ数 1
U+779F	𥋠	瞟	reduction	mj-shrink-map	merge	MJ042493: 法務省戸籍法関連通達・通知, 種別 戸籍統一文字情報 親字・正字, ホップ数 1
U+779F	𥌝	瞟	reduction	mj-shrink-map	merge	MJ042529: 法務省戸籍法関連通達・通知, 種別 戸籍統一文字情報 親字・正字, ホップ数 1
U+779F	𥍌	瞟	reduction	mj-shrink-map	merge	MJ042560: 法務省戸籍法関連通達・通知, 種別 戸籍統一文字情報 親字・正字, ホップ数 1
U+77A0	憆	瞠	reduction	mj-shrink-map	merge	MJ011895: 法務省戸籍法関連通達・通知, 種別 戸籍統一文字情報 親字・正字, ホップ数 1
U+77A0	瞪	瞠	reduction	mj-shrink-map	merge	MJ018328: 法務省戸籍法関連通達・通知, 種別 戸籍統一文字情報 親字・正字, ホップ数 1
U+77A0	𥊰	瞠	reduction	mj-shrink-map	merge	MJ042465: 法務省戸籍法関連通達・通知, 種別 戸籍統一文字情報 親字・正字, ホップ数 1
U+77A0	𥊲	瞠	reduction	mj-shrink-map	merge	MJ042467: 法務省戸籍法関連通達・通知, 種別 戸籍統一文字情報 親字・正字, ホップ数 1
U+77A0	𥊼	瞠	reduction	mj-shrink-map	merge	MJ042475: 法務省戸籍法関連通達・通知, 種別 戸籍統一文字情報 親字・正字, ホップ数 1
U+77A2	矒	瞢	reduction	mj-shrink-map	merge	MJ018376: 法務省戸籍法関連通達・通知, 種別 戸籍統一文字情報 親字・正字, ホップ数 1
U+77A2	𥊄	瞢	reduction	mj-shrink-map	merge	MJ042447: 法務省戸籍法関連通達・通知, 種別 戸籍統一文字情報 親字・正字, ホップ数 1
U+77A2	𥌋	瞢	reduction	mj-shrink-map	merge	MJ042517: 法務省戸籍法関連通達・通知, 種別 戸籍統一文字情報 親字・正字, ホップ数 1
U+77A2	𦱛	瞢	reduction	mj-shrink-map	merge	MJ046514: 法務省戸籍法関連通達・通知, 種別 戸籍統一文字情報 親字・正字, ホップ数 1
U+77A4	𥌎	瞤	reduction	mj-shrink-map	merge	MJ042520: 法務省戸籍法関連通達・通知, 種別 戸籍統一文字情報 親字・正字, ホップ数 1
U+77A5	𧢍	瞥	reduction	mj-shrink-map	merge	MJ048636: 法務省戸籍法関連通達・通知, 種別 戸籍統一文字情報 親字・正字, ホップ数 1
U+77A7	瞧	瞧	compatibility	unicode-ucd	merge	77A7
U+77B6	𥌰	瞶	reduction	mj-shrink-map	merge	MJ042541: 法務省戸籍法関連通達・通知, 種別 戸籍統一文字情報 親字・正字, ホップ数 1
U+77B6	𥌶	瞶	reduction	mj-shrink-map	merge	MJ042545: 法務省戸籍法関連通達・通知, 種別 戸籍統一文字情報 親字・正字, ホップ数 1
U+77BD	𥌕	瞽	reduction	mj-shrink-map	merge	MJ042523: 法務省戸籍法関連通達・通知, 種別 戸籍統一文字情報 親字・正字, ホップ数 1
U+77CD	𠑩	矍	reduction	mj-shrink-map	merge	MJ030896: 法務省戸籍法関連通達・通知, 種別 戸籍統一文字情報 親字・正字, ホップ数 1
U+77CD	𭿪	矍	reduction	mj-shrink-map	merge	MJ058188: 法務省戸籍法関連通達・通知, 種別 戸籍統一文字情報 親字・正字, ホップ数 1
U+77DB	𢦧	矛	reduction	mj-shrink-map	merge	MJ036558: 法務省戸籍法関連通達・通知, 種別 戸籍統一文字情報 親字・正字, ホップ数 1
U+77DB	𢧟	矛	reduction	mj-shrink-map	merge	MJ036600: 法務省戸籍法関連通達・通知, 種別 戸籍統一文字情報 親字・正字, ホップ数 1
U+77DB	𥍤	矛	reduction	mj-shrink-map	merge	MJ042574: 法務省戸籍法関連通達・通知, 種別 戸籍統一文字情報 親字・正字, ホップ数 1
U+77DB	𥍥	矛	reduction	mj-shrink-map	merge	MJ042575: 法務省戸籍法関連通達・通知, 種別 戸籍統一文字情報 親字・正字, ホップ数 1
U+77DB	𨥨	矛	reduction	mj-shrink-map	merge	MJ051723: 法務省戸籍法関連通達・通知, 種別 戸籍統一文字情報 親字・正字, ホップ数 1
U+77DB	𭿵	矛	reduction	mj-shrink-map	merge	MJ058190: 法務省戸籍法関連通達・通知, 種別 戸籍統一文字情報 親字・正字, ホップ数 1
U+77DB	𭿶	矛	reduction	mj-shrink-map	merge	MJ058192: 法務省戸籍法関連通達・通知, 種別 戸籍統一文字情報 親字・正字, ホップ数 1
U+77DE	䎉	矞	reduction	mj-shrink-map	merge	MJ003697: 法務省戸籍法関連通達・通知, 種別 戸籍統一文字情報 親字・正字, ホップ数 1
U+77DE	𭿷	矞	reduction	mj-shrink-map	merge	MJ058193: 法務省戸籍法関連通達・通知, 種別 戸籍統一文字情報 親字・正字, ホップ数 1
U+77DF	鎙	矟	reduction	mj-shrink-map	merge	MJ027107: 法務省戸籍法関連通達・通知, 種別 戸籍統一文字情報 親字・正字, ホップ数 1
U+77E0	𥎏	矠	reduction	mj-shrink-map	merge	MJ042614: 法務省戸籍法関連通達・通知, 種別 戸籍統一文字情報 親字・正字, ホップ数 1
U+77E2	笶	矢	reduction	mj-shrink-map	merge	MJ019431: 法務省戸籍法関連通達・通知, 種別 戸籍統一文字情報 親字・正字, ホップ数 1
U+77E2	矢	笶	variant	cjkvi-variants	corroborates	矢→笶 hydzd/variant | 矢→笶 twedu/variant
U+77E2	矢	笶	variant	wikidata	corroborates	Q109756336; P248 Q10427532 | Q54552917; P248 Q10427532
U+77E2	矢	笶	equivalent	yitizi	corroborates	ytenx/JihThex.csv
U+77E2	𠂕	矢	reduction	mj-shrink-map	merge	MJ030380: 法務省戸籍法関連通達・通知, 種別 戸籍統一文字情報 親字・正字, ホップ数 1
U+77E2	𠓡	矢	reduction	mj-shrink-map	merge	MJ030956: 法務省戸籍法関連通達・通知, 種別 戸籍統一文字情報 親字・正字, ホップ数 1
U+77E2	𥎨	矢	reduction	mj-shrink-map	merge	MJ042637: 法務省戸籍法関連通達・通知, 種別 戸籍統一文字情報 親字・正字, ホップ数 1
U+77E4	𥎪	矤	reduction	mj-shrink-map	merge	MJ042639: 法務省戸籍法関連通達・通知, 種別 戸籍統一文字情報 親字・正字, ホップ数 1
U+77E5	𥎵	知	reduction	mj-shrink-map	merge	MJ042647: 法務省戸籍法関連通達・通知, 種別 戸籍統一文字情報 親字・正字, ホップ数 1
U+77E5	𥎿	知	reduction	mj-shrink-map	merge	MJ042656: 法務省戸籍法関連通達・通知, 種別 戸籍統一文字情報 親字・正字, ホップ数 1
U+77E7	訠	矧	reduction	mj-shrink-map	merge	MJ024370: 法務省戸籍法関連通達・通知, 種別 戸籍統一文字情報 親字・正字, ホップ数 1
U+77E7	𥎧	矧	reduction	mj-shrink-map	merge	MJ042636: 法務省戸籍法関連通達・通知, 種別 戸籍統一文字情報 親字・正字, ホップ数 1
U+77EA	𥎻	矪	reduction	mj-shrink-map	merge	MJ042652: 法務省戸籍法関連通達・通知, 種別 戸籍統一文字情報 親字・正字, ホップ数 1
U+77EC	𥲽	矬	reduction	mj-shrink-map	merge	MJ043943: 法務省戸籍法関連通達・通知, 種別 戸籍統一文字情報 親字・正字, ホップ数 1
U+77ED	𥎶	短	reduction	mj-shrink-map	merge	MJ042648: 法務省戸籍法関連通達・通知, 種別 戸籍統一文字情報 親字・正字, ホップ数 1
U+77EE	躷	矮	reduction	mj-shrink-map	merge	MJ025521: 法務省戸籍法関連通達・通知, 種別 戸籍統一文字情報 親字・正字, ホップ数 1
U+77F0	𢎒	矰	reduction	mj-shrink-map	merge	MJ035564: 法務省戸籍法関連通達・通知, 種別 戸籍統一文字情報 親字・正字, ホップ数 1
U+77F0	𢨉	矰	reduction	mj-shrink-map	merge	MJ036628: 法務省戸籍法関連通達・通知, 種別 戸籍統一文字情報 親字・正字, ホップ数 1
U+77F3	𥐖	石	reduction	mj-shrink-map	merge	MJ042705: 法務省戸籍法関連通達・通知, 種別 戸籍統一文字情報 親字・正字, ホップ数 1
U+77F3	𥐘	石	reduction	mj-shrink-map	merge	MJ042707: 法務省戸籍法関連通達・通知, 種別 戸籍統一文字情報 親字・正字, ホップ数 1
U+77F4	磸	矴	reduction	mj-shrink-map	merge	MJ018673: 法務省戸籍法関連通達・通知, 種別 戸籍統一文字情報 親字・正字, ホップ数 1
U+7805	濿	砅	reduction	mj-shrink-map	merge	MJ016116: 法務省戸籍法関連通達・通知, 種別 戸籍統一文字情報 親字・正字, ホップ数 1
U+7806	玞	砆	reduction	mj-shrink-map	merge	MJ017138: 法務省戸籍法関連通達・通知, 種別 戸籍統一文字情報 親字・正字, ホップ数 1
U+7809	剨	砉	reduction	mj-shrink-map	merge	MJ007557: 法務省戸籍法関連通達・通知, 種別 戸籍統一文字情報 親字・正字, ホップ数 1
U+780C	矵	砌	reduction	mj-shrink-map	merge	MJ018415: 法務省戸籍法関連通達・通知, 種別 戸籍統一文字情報 親字・正字, ホップ数 1
U+780C	磜	砌	reduction	mj-shrink-map	merge	MJ018642: 法務省戸籍法関連通達・通知, 種別 戸籍統一文字情報 親字・正字, ホップ数 1
U+7812	磇	砒	reduction	mj-shrink-map	merge	MJ018617: 法務省戸籍法関連通達・通知, 種別 戸籍統一文字情報 親字・正字, ホップ数 1
U+7814	研	硏	z	unihan	merge	研→硏 kZVariant | 硏→研 kZVariant
U+7814	研	硏	itaiji	mj-kanji	merge	X0213 包摂
U+7814	硏	研	reduction	mj-shrink-map	merge	MJ018495: 法務省戸籍法関連通達・通知, 種別 戸籍統一文字情報 親字・正字, ホップ数 1
U+7814	𥓋	硏	reduction	mj-shrink-map	merge	MJ042811: 法務省戸籍法関連通達・通知, 種別 戸籍統一文字情報 親字・正字, ホップ数 1
U+7815	碎	砕	reduction	mj-shrink-map	merge	MJ018558: 法務省戸籍法関連通達・通知, 種別 戸籍統一文字情報 親字・正字, ホップ数 1
U+7815	𭺣	碎	reduction	mj-shrink-map	merge	MJ058066: 法務省戸籍法関連通達・通知, 種別 戸籍統一文字情報 親字・正字, ホップ数 1
U+781E	砞	𥑘	z	unihan	merge	砞→𥑘 kZVariant | 𥑘→砞 kZVariant
U+7825	䂡	砥	reduction	mj-shrink-map	merge	MJ002947: 法務省戸籍法関連通達・通知, 種別 戸籍統一文字情報 親字・正字, ホップ数 1
U+7825	𥐺	砥	reduction	mj-shrink-map	merge	MJ042719: 法務省戸籍法関連通達・通知, 種別 戸籍統一文字情報 親字・正字, ホップ数 1
U+7826	𡎵	砦	reduction	mj-shrink-map	merge	MJ033122: 法務省戸籍法関連通達・通知, 種別 戸籍統一文字情報 親字・正字, ホップ数 1
U+782D	𥐗	砭	reduction	mj-shrink-map	merge	MJ042706: 法務省戸籍法関連通達・通知, 種別 戸籍統一文字情報 親字・正字, ホップ数 1
U+782D	𥑁	砭	reduction	mj-shrink-map	merge	MJ042723: 法務省戸籍法関連通達・通知, 種別 戸籍統一文字情報 親字・正字, ホップ数 1
U+7832	礟	礮	reduction	mj-shrink-map	merge	MJ018711: 法務省戸籍法関連通達・通知, 種別 戸籍統一文字情報 親字・正字, ホップ数 1
U+7832	礮	砲	reduction	mj-shrink-map	merge	MJ018728: 法務省戸籍法関連通達・通知, 種別 戸籍統一文字情報 親字・正字, ホップ数 1
U+7832	𥔰	礮	reduction	mj-shrink-map	merge	MJ042860: 法務省戸籍法関連通達・通知, 種別 戸籍統一文字情報 親字・正字, ホップ数 1
U+7834	𡲠	破	reduction	mj-shrink-map	merge	MJ034390: 法務省戸籍法関連通達・通知, 種別 戸籍統一文字情報 親字・正字, ホップ数 1
U+7845	𥒐	硅	reduction	mj-shrink-map	merge	MJ042771: 法務省戸籍法関連通達・通知, 種別 戸籍統一文字情報 親字・正字, ホップ数 1
U+7847	𥐼	硇	reduction	mj-shrink-map	merge	MJ042720: 法務省戸籍法関連通達・通知, 種別 戸籍統一文字情報 親字・正字, ホップ数 1
U+7847	𥑚	硇	reduction	mj-shrink-map	merge	MJ042742: 法務省戸籍法関連通達・通知, 種別 戸籍統一文字情報 親字・正字, ホップ数 1
U+7847	𥑩	硇	reduction	mj-shrink-map	merge	MJ042749: 法務省戸籍法関連通達・通知, 種別 戸籍統一文字情報 親字・正字, ホップ数 1
U+7847	𥓁	硇	reduction	mj-shrink-map	merge	MJ042804: 法務省戸籍法関連通達・通知, 種別 戸籍統一文字情報 親字・正字, ホップ数 1
U+7847	𥗸	硇	reduction	mj-shrink-map	merge	MJ042956: 法務省戸籍法関連通達・通知, 種別 戸籍統一文字情報 親字・正字, ホップ数 1
U+784E	硎	硎	compatibility	unicode-ucd	merge	784E
U+7868	𨋓	硨	reduction	mj-shrink-map	merge	MJ050501: 法務省戸籍法関連通達・通知, 種別 戸籍統一文字情報 親字・正字, ホップ数 1
U+786B	硫	硫	compatibility	unicode-ucd	merge	786B
U+786E	礐	确	reduction	mj-shrink-map	merge	MJ018695: 法務省戸籍法関連通達・通知, 種別 戸籍統一文字情報 親字・正字, ホップ数 1
U+786E	𥔳	确	reduction	mj-shrink-map	merge	MJ042863: 法務省戸籍法関連通達・通知, 種別 戸籍統一文字情報 親字・正字, ホップ数 1
U+786E	𥗙	礐	reduction	mj-shrink-map	merge	MJ042938: 法務省戸籍法関連通達・通知, 種別 戸籍統一文字情報 親字・正字, ホップ数 1
U+788C	碌	碌	compatibility	unicode-ucd	merge	788C
U+788C	碌	碌	compatibility	unicode-ucd	merge	788C
U+7891	碑	碑	compatibility	unicode-ucd	merge	7891
U+7891	𥓓	碑	reduction	mj-shrink-map	merge	MJ042819: 法務省戸籍法関連通達・通知, 種別 戸籍統一文字情報 親字・正字, ホップ数 1
U+7894	珷	碔	reduction	mj-shrink-map	merge	MJ017238: 法務省戸籍法関連通達・通知, 種別 戸籍統一文字情報 親字・正字, ホップ数 1
U+7895	𥔎	碕	reduction	mj-shrink-map	merge	MJ042849: 法務省戸籍法関連通達・通知, 種別 戸籍統一文字情報 親字・正字, ホップ数 1
U+789D	礝	碝	reduction	mj-shrink-map	merge	MJ018708: 法務省戸籍法関連通達・通知, 種別 戸籍統一文字情報 親字・正字, ホップ数 1
U+78A3	礍	碣	reduction	mj-shrink-map	merge	MJ018692: 法務省戸籍法関連通達・通知, 種別 戸籍統一文字情報 親字・正字, ホップ数 1
U+78A3	𡂶	碣	reduction	mj-shrink-map	merge	MJ032710: 法務省戸籍法関連通達・通知, 種別 戸籍統一文字情報 親字・正字, ホップ数 1
U+78A3	𣍔	碣	reduction	mj-shrink-map	merge	MJ037867: 法務省戸籍法関連通達・通知, 種別 戸籍統一文字情報 親字・正字, ホップ数 1
U+78A7	𤫅	碧	reduction	mj-shrink-map	merge	MJ041117: 法務省戸籍法関連通達・通知, 種別 戸籍統一文字情報 親字・正字, ホップ数 1
U+78A7	𦃧	碧	reduction	mj-shrink-map	merge	MJ044610: 法務省戸籍法関連通達・通知, 種別 戸籍統一文字情報 親字・正字, ホップ数 1
U+78AF	𤤼	碯	reduction	mj-shrink-map	merge	MJ040977: 法務省戸籍法関連通達・通知, 種別 戸籍統一文字情報 親字・正字, ホップ数 1
U+78AF	𥒤	碯	reduction	mj-shrink-map	merge	MJ042784: 法務省戸籍法関連通達・通知, 種別 戸籍統一文字情報 親字・正字, ホップ数 1
U+78AF	𥓱	碯	reduction	mj-shrink-map	merge	MJ042830: 法務省戸籍法関連通達・通知, 種別 戸籍統一文字情報 親字・正字, ホップ数 1
U+78AF	𥖋	碯	reduction	mj-shrink-map	merge	MJ042905: 法務省戸籍法関連通達・通知, 種別 戸籍統一文字情報 親字・正字, ホップ数 1
U+78BE	𥑊	碾	reduction	mj-shrink-map	merge	MJ042730: 法務省戸籍法関連通達・通知, 種別 戸籍統一文字情報 親字・正字, ホップ数 1
U+78C1	磁	𥔵	itaiji	mj-kanji	merge	X0213 包摂
U+78C1	𥔵	磁	reduction	mj-shrink-map	merge	MJ042865: 法務省戸籍法関連通達・通知, 種別 戸籍統一文字情報 親字・正字, ホップ数 1
U+78CA	磊	磊	compatibility	unicode-ucd	merge	78CA
U+78CA	𡾷	磊	reduction	mj-shrink-map	merge	MJ034867: 法務省戸籍法関連通達・通知, 種別 戸籍統一文字情報 親字・正字, ホップ数 1
U+78CA	𥗉	磊	reduction	mj-shrink-map	merge	MJ042933: 法務省戸籍法関連通達・通知, 種別 戸籍統一文字情報 親字・正字, ホップ数 1
U+78CC	磌	磌	compatibility	unicode-ucd	merge	78CC
U+78CC	磌	磌	compatibility	unicode-ucd	merge	78CC
U+78D0	䃲	磐	reduction	mj-shrink-map	merge	MJ003021: 法務省戸籍法関連通達・通知, 種別 戸籍統一文字情報 親字・正字, ホップ数 1
U+78D0	𣍵	磐	reduction	mj-shrink-map	merge	MJ037892: 法務省戸籍法関連通達・通知, 種別 戸籍統一文字情報 親字・正字, ホップ数 1
U+78D5	𥔐	磕	reduction	mj-shrink-map	merge	MJ042850: 法務省戸籍法関連通達・通知, 種別 戸籍統一文字情報 親字・正字, ホップ数 1
U+78D5	𮁌	磕	reduction	mj-shrink-map	merge	MJ058198: 法務省戸籍法関連通達・通知, 種別 戸籍統一文字情報 親字・正字, ホップ数 1
U+78E8	䃺	磨	reduction	mj-shrink-map	merge	MJ003029: 法務省戸籍法関連通達・通知, 種別 戸籍統一文字情報 親字・正字, ホップ数 1
U+78E8	𨟖	磨	reduction	mj-shrink-map	merge	MJ051456: 法務省戸籍法関連通達・通知, 種別 戸籍統一文字情報 親字・正字, ホップ数 1
U+78EC	𡔝	磬	reduction	mj-shrink-map	merge	MJ033283: 法務省戸籍法関連通達・通知, 種別 戸籍統一文字情報 親字・正字, ホップ数 1
U+78EC	𥓕	磬	reduction	mj-shrink-map	merge	MJ042821: 法務省戸籍法関連通達・通知, 種別 戸籍統一文字情報 親字・正字, ホップ数 1
U+78F2	𥓼	磲	reduction	mj-shrink-map	merge	MJ042833: 法務省戸籍法関連通達・通知, 種別 戸籍統一文字情報 親字・正字, ホップ数 1
U+78F5	磵	礀	itaiji	mj-kanji	merge	X0213 包摂
U+78F7	𥒣	磷	reduction	mj-shrink-map	merge	MJ042783: 法務省戸籍法関連通達・通知, 種別 戸籍統一文字情報 親字・正字, ホップ数 1
U+78FB	磻	磻	compatibility	unicode-ucd	merge	78FB
U+7901	𭶗	礁	reduction	mj-shrink-map	merge	MJ058197: 法務省戸籍法関連通達・通知, 種別 戸籍統一文字情報 親字・正字, ホップ数 1
U+7919	硋	礙	reduction	mj-shrink-map	merge	MJ018490: 法務省戸籍法関連通達・通知, 種別 戸籍統一文字情報 親字・正字, ホップ数 1
U+7921	礡	礴	z	cjkvi-variants	merge	礡→礴 cjkvi/duplicate
U+7925	㘋	礥	reduction	mj-shrink-map	merge	MJ000451: 法務省戸籍法関連通達・通知, 種別 戸籍統一文字情報 親字・正字, ホップ数 1
U+7926	砿	礦	reduction	mj-shrink-map	merge	MJ018479: 法務省戸籍法関連通達・通知, 種別 戸籍統一文字情報 親字・正字, ホップ数 1
U+7926	礦	砿	shinjitai	cjkvi-variants	corroborates	砿󠄀→礦󠄀 jp-old-style
U+7926	砿	礦	variant	cjkvi-variants	corroborates	礦→砿 jisx0212/variant | 礦→砿 jisx0213/variant
U+7926	砿	礦	variant	wikidata	corroborates	Q109755441; P248 Q115296982; P282 Q1147857 | Q109755699; P248 Q115296982; P282 Q1055887
U+7926	砿	礦	equivalent	yitizi	corroborates	ytenx/JihThex.csv
U+7926	𥒩	礦	reduction	mj-shrink-map	merge	MJ042787: 法務省戸籍法関連通達・通知, 種別 戸籍統一文字情報 親字・正字, ホップ数 1
U+792A	礪	礪	compatibility	unicode-ucd	merge	792A
U+792B	𥕴	礫	reduction	mj-shrink-map	merge	MJ042893: 法務省戸籍法関連通達・通知, 種別 戸籍統一文字情報 親字・正字, ホップ数 1
U+7930	𥕆	礰	reduction	mj-shrink-map	merge	MJ042870: 法務省戸籍法関連通達・通知, 種別 戸籍統一文字情報 親字・正字, ホップ数 1
U+7931	礲	礱	reduction	mj-shrink-map	merge	MJ018734: 法務省戸籍法関連通達・通知, 種別 戸籍統一文字情報 親字・正字, ホップ数 1
U+7931	𤮨	礱	reduction	mj-shrink-map	merge	MJ041270: 法務省戸籍法関連通達・通知, 種別 戸籍統一文字情報 親字・正字, ホップ数 1
U+793A	𥘅	示	reduction	mj-shrink-map	merge	MJ042962: 法務省戸籍法関連通達・通知, 種別 戸籍統一文字情報 親字・正字, ホップ数 1
U+793C	禮	禮	compatibility	unicode-ucd	merge	79AE
U+793C	礼	礼	compatibility	unicode-ucd	merge	793C
U+793C	禮	礼	reduction	mj-shrink-map	merge	MJ018965: 法務省戸籍法関連通達・通知, 種別 戸籍統一文字情報 親字・正字, ホップ数 1
U+793C	𠃞	禮	reduction	mj-shrink-map	merge	MJ030422: 法務省戸籍法関連通達・通知, 種別 戸籍統一文字情報 親字・正字, ホップ数 1
U+793C	𤔑	禮	reduction	mj-shrink-map	merge	MJ040231: 法務省戸籍法関連通達・通知, 種別 戸籍統一文字情報 親字・正字, ホップ数 1
U+793C	𥘆	禮	reduction	mj-shrink-map	merge	MJ042963: 法務省戸籍法関連通達・通知, 種別 戸籍統一文字情報 親字・正字, ホップ数 1
U+793E	社	社	compatibility	unicode-ucd	merge	793E
U+793E	䄕	社	reduction	mj-shrink-map	merge	MJ003068: 法務省戸籍法関連通達・通知, 種別 戸籍統一文字情報 親字・正字, ホップ数 1
U+793E	𣴳	社	reduction	mj-shrink-map	merge	MJ039303: 法務省戸籍法関連通達・通知, 種別 戸籍統一文字情報 親字・正字, ホップ数 1
U+793E	𥙭	社	reduction	mj-shrink-map	merge	MJ043006: 法務省戸籍法関連通達・通知, 種別 戸籍統一文字情報 親字・正字, ホップ数 1
U+793E	𥙲	社	reduction	mj-shrink-map	merge	MJ043013: 法務省戸籍法関連通達・通知, 種別 戸籍統一文字情報 親字・正字, ホップ数 1
U+7940	𥙉	祀	reduction	mj-shrink-map	merge	MJ042990: 法務省戸籍法関連通達・通知, 種別 戸籍統一文字情報 親字・正字, ホップ数 1
U+7940	𥛴	祀	reduction	mj-shrink-map	merge	MJ043066: 法務省戸籍法関連通達・通知, 種別 戸籍統一文字情報 親字・正字, ホップ数 1
U+7948	祈	祈	compatibility	unicode-ucd	merge	7948
U+7948	𣄨	祈	reduction	mj-shrink-map	merge	MJ037596: 法務省戸籍法関連通達・通知, 種別 戸籍統一文字情報 親字・正字, ホップ数 1
U+7949	祉	祉	compatibility	unicode-ucd	merge	7949
U+794A	𥛱	祊	reduction	mj-shrink-map	merge	MJ043062: 法務省戸籍法関連通達・通知, 種別 戸籍統一文字情報 親字・正字, ホップ数 1
U+7950	祐	祐	compatibility	unicode-ucd	merge	7950
U+7950	𨳾	祐	reduction	mj-shrink-map	merge	MJ052123: 法務省戸籍法関連通達・通知, 種別 戸籍統一文字情報 親字・正字, ホップ数 1
U+7953	𬒲	祓	reduction	mj-shrink-map	merge	MJ058204: 法務省戸籍法関連通達・通知, 種別 戸籍統一文字情報 親字・正字, ホップ数 1
U+7956	祖	祖	compatibility	unicode-ucd	merge	7956
U+7956	祖	祖	compatibility	unicode-ucd	merge	7956
U+7957	𣱊	祗	reduction	mj-shrink-map	merge	MJ039162: 法務省戸籍法関連通達・通知, 種別 戸籍統一文字情報 親字・正字, ホップ数 1
U+7957	𥙂	祗	reduction	mj-shrink-map	merge	MJ042988: 法務省戸籍法関連通達・通知, 種別 戸籍統一文字情報 親字・正字, ホップ数 1
U+7959	祙	𥘯	z	unihan	merge	祙→𥘯 kZVariant | 𥘯→祙 kZVariant
U+795D	祝	祝	compatibility	unicode-ucd	merge	795D
U+795D	𥞏	祝	reduction	mj-shrink-map	merge	MJ043164: 法務省戸籍法関連通達・通知, 種別 戸籍統一文字情報 親字・正字, ホップ数 1
U+795D	𩚶	祝	reduction	mj-shrink-map	merge	MJ053908: 法務省戸籍法関連通達・通知, 種別 戸籍統一文字情報 親字・正字, ホップ数 1
U+795E	神	神	compatibility	unicode-ucd	merge	795E
U+795E	𥚞	神	reduction	mj-shrink-map	merge	MJ043026: 法務省戸籍法関連通達・通知, 種別 戸籍統一文字情報 親字・正字, ホップ数 1
U+795E	𥛃	神	reduction	mj-shrink-map	merge	MJ043040: 法務省戸籍法関連通達・通知, 種別 戸籍統一文字情報 親字・正字, ホップ数 1
U+795E	𥛠	神	reduction	mj-shrink-map	merge	MJ043057: 法務省戸籍法関連通達・通知, 種別 戸籍統一文字情報 親字・正字, ホップ数 1
U+795E	𥜩	神	reduction	mj-shrink-map	merge	MJ043097: 法務省戸籍法関連通達・通知, 種別 戸籍統一文字情報 親字・正字, ホップ数 1
U+795F	𣦅	祟	reduction	mj-shrink-map	merge	MJ038700: 法務省戸籍法関連通達・通知, 種別 戸籍統一文字情報 親字・正字, ホップ数 1
U+795F	𥘈	祟	reduction	mj-shrink-map	merge	MJ042966: 法務省戸籍法関連通達・通知, 種別 戸籍統一文字情報 親字・正字, ホップ数 1
U+795F	𥘐	祟	reduction	mj-shrink-map	merge	MJ042967: 法務省戸籍法関連通達・通知, 種別 戸籍統一文字情報 親字・正字, ホップ数 1
U+795F	𥜱	祟	reduction	mj-shrink-map	merge	MJ043102: 法務省戸籍法関連通達・通知, 種別 戸籍統一文字情報 親字・正字, ホップ数 1
U+7965	祥	祥	compatibility	unicode-ucd	merge	7965
U+7965	𢒑	祥	reduction	mj-shrink-map	merge	MJ035760: 法務省戸籍法関連通達・通知, 種別 戸籍統一文字情報 親字・正字, ホップ数 1
U+796D	𥙊	祭	reduction	mj-shrink-map	merge	MJ042992: 法務省戸籍法関連通達・通知, 種別 戸籍統一文字情報 親字・正字, ホップ数 1
U+796D	𨢵	祭	reduction	mj-shrink-map	merge	MJ051599: 法務省戸籍法関連通達・通知, 種別 戸籍統一文字情報 親字・正字, ホップ数 1
U+796D	𫞴	祭	reduction	mj-shrink-map	merge	MJ058207: 法務省戸籍法関連通達・通知, 種別 戸籍統一文字情報 親字・正字, ホップ数 1
U+796D	𮁨	祭	reduction	mj-shrink-map	merge	MJ058205: 法務省戸籍法関連通達・通知, 種別 戸籍統一文字情報 親字・正字, ホップ数 1
U+7972	𥛀	祲	reduction	mj-shrink-map	merge	MJ043042: 法務省戸籍法関連通達・通知, 種別 戸籍統一文字情報 親字・正字, ホップ数 1
U+797A	禥	祺	reduction	mj-shrink-map	merge	MJ018941: 法務省戸籍法関連通達・通知, 種別 戸籍統一文字情報 親字・正字, ホップ数 1
U+797A	𥘕	祺	reduction	mj-shrink-map	merge	MJ042968: 法務省戸籍法関連通達・通知, 種別 戸籍統一文字情報 親字・正字, ホップ数 1
U+797F	祿	祿	compatibility	unicode-ucd	merge	797F
U+7985	䄠	禅	reduction	mj-shrink-map	merge	MJ003077: 法務省戸籍法関連通達・通知, 種別 戸籍統一文字情報 親字・正字, ホップ数 1
U+7985	禪	禅	reduction	mj-shrink-map	merge	MJ018954: 法務省戸籍法関連通達・通知, 種別 戸籍統一文字情報 親字・正字, ホップ数 1
U+798D	禍	禍	compatibility	unicode-ucd	merge	798D
U+798D	䄀	禍	reduction	mj-shrink-map	merge	MJ003036: 法務省戸籍法関連通達・通知, 種別 戸籍統一文字情報 親字・正字, ホップ数 1
U+798D	𣨱	禍	reduction	mj-shrink-map	merge	MJ038834: 法務省戸籍法関連通達・通知, 種別 戸籍統一文字情報 親字・正字, ホップ数 1
U+798D	𥙯	禍	reduction	mj-shrink-map	merge	MJ043010: 法務省戸籍法関連通達・通知, 種別 戸籍統一文字情報 親字・正字, ホップ数 1
U+798D	𥚍	禍	reduction	mj-shrink-map	merge	MJ043023: 法務省戸籍法関連通達・通知, 種別 戸籍統一文字情報 親字・正字, ホップ数 1
U+798D	𥛔	禍	reduction	mj-shrink-map	merge	MJ043045: 法務省戸籍法関連通達・通知, 種別 戸籍統一文字情報 親字・正字, ホップ数 1
U+798D	𧙹	禍	reduction	mj-shrink-map	merge	MJ048260: 法務省戸籍法関連通達・通知, 種別 戸籍統一文字情報 親字・正字, ホップ数 1
U+798E	禎	禎	compatibility	unicode-ucd	merge	798E
U+798F	福	福	compatibility	unicode-ucd	merge	798F
U+798F	福	福	compatibility	unicode-ucd	merge	798F
U+798F	褔	福	reduction	mj-shrink-map	merge	MJ024067: 法務省戸籍法関連通達・通知, 種別 戸籍統一文字情報 親字・正字, ホップ数 1
U+798F	𤔜	福	reduction	mj-shrink-map	merge	MJ040240: 法務省戸籍法関連通達・通知, 種別 戸籍統一文字情報 親字・正字, ホップ数 1
U+7998	祶	禘	reduction	mj-shrink-map	merge	MJ018854: 法務省戸籍法関連通達・通知, 種別 戸籍統一文字情報 親字・正字, ホップ数 1
U+79A1	𢒴	禡	reduction	mj-shrink-map	merge	MJ035790: 法務省戸籍法関連通達・通知, 種別 戸籍統一文字情報 親字・正字, ホップ数 1
U+79A6	𧗻	禦	reduction	mj-shrink-map	merge	MJ048158: 法務省戸籍法関連通達・通知, 種別 戸籍統一文字情報 親字・正字, ホップ数 1
U+79B0	𥙄	禰	reduction	mj-shrink-map	merge	MJ042989: 法務省戸籍法関連通達・通知, 種別 戸籍統一文字情報 親字・正字, ホップ数 1
U+79B1	𥙤	禱	reduction	mj-shrink-map	merge	MJ043000: 法務省戸籍法関連通達・通知, 種別 戸籍統一文字情報 親字・正字, ホップ数 1
U+79B1	𥙸	禱	reduction	mj-shrink-map	merge	MJ043017: 法務省戸籍法関連通達・通知, 種別 戸籍統一文字情報 親字・正字, ホップ数 1
U+79B1	𥚜	禱	reduction	mj-shrink-map	merge	MJ043025: 法務省戸籍法関連通達・通知, 種別 戸籍統一文字情報 親字・正字, ホップ数 1
U+79B1	𥛇	禱	reduction	mj-shrink-map	merge	MJ043043: 法務省戸籍法関連通達・通知, 種別 戸籍統一文字情報 親字・正字, ホップ数 1
U+79B1	𥛈	禱	reduction	mj-shrink-map	merge	MJ043044: 法務省戸籍法関連通達・通知, 種別 戸籍統一文字情報 親字・正字, ホップ数 1
U+79B1	𥜣	禱	reduction	mj-shrink-map	merge	MJ043091: 法務省戸籍法関連通達・通知, 種別 戸籍統一文字情報 親字・正字, ホップ数 1
U+79B1	𥜹	禱	reduction	mj-shrink-map	merge	MJ043107: 法務省戸籍法関連通達・通知, 種別 戸籍統一文字情報 親字・正字, ホップ数 1
U+79B1	𮂞	禱	reduction	mj-shrink-map	merge	MJ058218: 法務省戸籍法関連通達・通知, 種別 戸籍統一文字情報 親字・正字, ホップ数 1
U+79BF	𣬜	禿	reduction	mj-shrink-map	merge	MJ038993: 法務省戸籍法関連通達・通知, 種別 戸籍統一文字情報 親字・正字, ホップ数 1
U+79C8	𦱑	秈	reduction	mj-shrink-map	merge	MJ046503: 法務省戸籍法関連通達・通知, 種別 戸籍統一文字情報 親字・正字, ホップ数 1
U+79C9	𣏲	秉	reduction	mj-shrink-map	merge	MJ037957: 法務省戸籍法関連通達・通知, 種別 戸籍統一文字情報 親字・正字, ホップ数 1
U+79C9	𥝐	秉	reduction	mj-shrink-map	merge	MJ043123: 法務省戸籍法関連通達・通知, 種別 戸籍統一文字情報 親字・正字, ホップ数 1
U+79C9	𦱮	秉	reduction	mj-shrink-map	merge	MJ046532: 法務省戸籍法関連通達・通知, 種別 戸籍統一文字情報 親字・正字, ホップ数 1
U+79C9	𬼌	秉	reduction	mj-shrink-map	merge	MJ056863: 法務省戸籍法関連通達・通知, 種別 戸籍統一文字情報 親字・正字, ホップ数 1
U+79CA	秊	秊	compatibility	unicode-ucd	merge	79CA
U+79CB	穐	秋	reduction	mj-shrink-map	merge	MJ019161: 法務省戸籍法関連通達・通知, 種別 戸籍統一文字情報 親字・正字, ホップ数 1
U+79CB	秋	穐	variant	cjkvi-variants	corroborates	秋→穐 jisx0213/variant | 穐→秋 jisx0212/variant
U+79CB	秋	穐	equivalent	yitizi	corroborates	ytenx/JihThex.csv
U+79CB	𤇫	秋	reduction	mj-shrink-map	merge	MJ039888: 法務省戸籍法関連通達・通知, 種別 戸籍統一文字情報 親字・正字, ホップ数 1
U+79CB	𥣨	秋	reduction	mj-shrink-map	merge	MJ043342: 法務省戸籍法関連通達・通知, 種別 戸籍統一文字情報 親字・正字, ホップ数 1
U+79CB	𥤛	秋	reduction	mj-shrink-map	merge	MJ043375: 法務省戸籍法関連通達・通知, 種別 戸籍統一文字情報 親字・正字, ホップ数 1
U+79CB	𪔁	秋	reduction	mj-shrink-map	merge	MJ056428: 法務省戸籍法関連通達・通知, 種別 戸籍統一文字情報 親字・正字, ホップ数 1
U+79CB	𪚼	秋	reduction	mj-shrink-map	merge	MJ056797: 法務省戸籍法関連通達・通知, 種別 戸籍統一文字情報 親字・正字, ホップ数 1
U+79CB	𪛁	秋	reduction	mj-shrink-map	merge	MJ056802: 法務省戸籍法関連通達・通知, 種別 戸籍統一文字情報 親字・正字, ホップ数 1
U+79D6	秪	秖	reduction	mj-shrink-map	merge	MJ019040: 法務省戸籍法関連通達・通知, 種別 戸籍統一文字情報 親字・正字, ホップ数 1
U+79D8	祕	秘	reduction	mj-shrink-map	merge	MJ018792: 法務省戸籍法関連通達・通知, 種別 戸籍統一文字情報 親字・正字, ホップ数 1
U+79E6	𣜈	秦	reduction	mj-shrink-map	merge	MJ038315: 法務省戸籍法関連通達・通知, 種別 戸籍統一文字情報 親字・正字, ホップ数 1
U+79E6	𥘿	秦	reduction	mj-shrink-map	merge	MJ042986: 法務省戸籍法関連通達・通知, 種別 戸籍統一文字情報 親字・正字, ホップ数 1
U+79E6	𥠼	秦	reduction	mj-shrink-map	merge	MJ043250: 法務省戸籍法関連通達・通知, 種別 戸籍統一文字情報 親字・正字, ホップ数 1
U+79E6	𥢮	秦	reduction	mj-shrink-map	merge	MJ043309: 法務省戸籍法関連通達・通知, 種別 戸籍統一文字情報 親字・正字, ホップ数 1
U+79E6	𥣠	秦	reduction	mj-shrink-map	merge	MJ043338: 法務省戸籍法関連通達・通知, 種別 戸籍統一文字情報 親字・正字, ホップ数 1
U+79E9	祑	秩	reduction	mj-shrink-map	merge	MJ018783: 法務省戸籍法関連通達・通知, 種別 戸籍統一文字情報 親字・正字, ホップ数 1
U+79E9	𢊭	秩	reduction	mj-shrink-map	merge	MJ035408: 法務省戸籍法関連通達・通知, 種別 戸籍統一文字情報 親字・正字, ホップ数 1
U+79EB	秫	秫	compatibility	unicode-ucd	merge	79EB
U+79EC	𩰤	秬	reduction	mj-shrink-map	merge	MJ054858: 法務省戸籍法関連通達・通知, 種別 戸籍統一文字情報 親字・正字, ホップ数 1
U+79F0	偁	稱	reduction	mj-shrink-map	merge	MJ006887: 法務省戸籍法関連通達・通知, 種別 戸籍統一文字情報 親字・正字, ホップ数 1
U+79F0	稱	称	reduction	mj-shrink-map	merge	MJ019117: 法務省戸籍法関連通達・通知, 種別 戸籍統一文字情報 親字・正字, ホップ数 1
U+79F0	穪	稱	reduction	mj-shrink-map	merge	MJ019193: 法務省戸籍法関連通達・通知, 種別 戸籍統一文字情報 親字・正字, ホップ数 1
U+79F0	𮃎	稱	reduction	mj-shrink-map	merge	MJ058223: 法務省戸籍法関連通達・通知, 種別 戸籍統一文字情報 親字・正字, ホップ数 1
U+79FB	䄬	移	reduction	mj-shrink-map	merge	MJ003090: 法務省戸籍法関連通達・通知, 種別 戸籍統一文字情報 親字・正字, ホップ数 1
U+79FB	𡖰	移	reduction	mj-shrink-map	merge	MJ033389: 法務省戸籍法関連通達・通知, 種別 戸籍統一文字情報 親字・正字, ホップ数 1
U+79FB	𥞀	移	reduction	mj-shrink-map	merge	MJ043155: 法務省戸籍法関連通達・通知, 種別 戸籍統一文字情報 親字・正字, ホップ数 1
U+79FB	𧚕	移	reduction	mj-shrink-map	merge	MJ048283: 法務省戸籍法関連通達・通知, 種別 戸籍統一文字情報 親字・正字, ホップ数 1
U+7A03	𥞂	稃	reduction	mj-shrink-map	merge	MJ043157: 法務省戸籍法関連通達・通知, 種別 戸籍統一文字情報 親字・正字, ホップ数 1
U+7A03	𥹃	稃	reduction	mj-shrink-map	merge	MJ044194: 法務省戸籍法関連通達・通知, 種別 戸籍統一文字情報 親字・正字, ホップ数 1
U+7A0A	蕛	稊	reduction	mj-shrink-map	merge	MJ022809: 法務省戸籍法関連通達・通知, 種別 戸籍統一文字情報 親字・正字, ホップ数 1
U+7A15	𥤁	稕	reduction	mj-shrink-map	merge	MJ043359: 法務省戸籍法関連通達・通知, 種別 戸籍統一文字情報 親字・正字, ホップ数 1
U+7A15	𦽑	稕	reduction	mj-shrink-map	merge	MJ046988: 法務省戸籍法関連通達・通知, 種別 戸籍統一文字情報 親字・正字, ホップ数 1
U+7A17	𥟑	稗	reduction	mj-shrink-map	merge	MJ043198: 法務省戸籍法関連通達・通知, 種別 戸籍統一文字情報 親字・正字, ホップ数 1
U+7A18	𥟝	稘	reduction	mj-shrink-map	merge	MJ043210: 法務省戸籍法関連通達・通知, 種別 戸籍統一文字情報 親字・正字, ホップ数 1
U+7A1B	𡈷	稛	reduction	mj-shrink-map	merge	MJ032928: 法務省戸籍法関連通達・通知, 種別 戸籍統一文字情報 親字・正字, ホップ数 1
U+7A1B	𧛃	稛	reduction	mj-shrink-map	merge	MJ048313: 法務省戸籍法関連通達・通知, 種別 戸籍統一文字情報 親字・正字, ホップ数 1
U+7A1C	稜	稜	compatibility	unicode-ucd	merge	7A1C
U+7A1E	𥠁	稞	reduction	mj-shrink-map	merge	MJ043221: 法務省戸籍法関連通達・通知, 種別 戸籍統一文字情報 親字・正字, ホップ数 1
U+7A2D	鞂	稭	reduction	mj-shrink-map	merge	MJ027968: 法務省戸籍法関連通達・通知, 種別 戸籍統一文字情報 親字・正字, ホップ数 1
U+7A2D	𧅡	稭	reduction	mj-shrink-map	merge	MJ047330: 法務省戸籍法関連通達・通知, 種別 戸籍統一文字情報 親字・正字, ホップ数 1
U+7A2E	𥡰	種	reduction	mj-shrink-map	merge	MJ043284: 法務省戸籍法関連通達・通知, 種別 戸籍統一文字情報 親字・正字, ホップ数 1
U+7A2E	𥢖	種	reduction	mj-shrink-map	merge	MJ043304: 法務省戸籍法関連通達・通知, 種別 戸籍統一文字情報 親字・正字, ホップ数 1
U+7A2E	𦔉	種	reduction	mj-shrink-map	merge	MJ045293: 法務省戸籍法関連通達・通知, 種別 戸籍統一文字情報 親字・正字, ホップ数 1
U+7A32	稻	稲	reduction	mj-shrink-map	merge	MJ019130: 法務省戸籍法関連通達・通知, 種別 戸籍統一文字情報 親字・正字, ホップ数 1
U+7A3D	稽	𥡴	z	cjkvi-variants	merge	稽→𥡴 cjkvi/duplicate
U+7A3D	稽	𥡴	z	unihan	merge	稽→𥡴 kZVariant<kMorohashi:TZ | 𥡴→稽 kZVariant<kMorohashi:T
U+7A3D	稽	𥡴	itaiji	mj-kanji	merge	X0213 包摂
U+7A3D	𥡞	稽	reduction	mj-shrink-map	merge	MJ058229: 法務省戸籍法関連通達・通知, 種別 戸籍統一文字情報 親字・正字, ホップ数 1
U+7A3D	𥡳	稽	reduction	mj-shrink-map	merge	MJ043285: 法務省戸籍法関連通達・通知, 種別 戸籍統一文字情報 親字・正字, ホップ数 1
U+7A3D	𥡴	稽	reduction	mj-shrink-map	merge	MJ019136: 法務省戸籍法関連通達・通知, 種別 戸籍統一文字情報 親字・正字, ホップ数 1
U+7A3D	𮃛	稽	reduction	mj-shrink-map	merge	MJ058231: 法務省戸籍法関連通達・通知, 種別 戸籍統一文字情報 親字・正字, ホップ数 1
U+7A3D	𮃢	稽	reduction	mj-shrink-map	merge	MJ058232: 法務省戸籍法関連通達・通知, 種別 戸籍統一文字情報 親字・正字, ホップ数 1
U+7A3D	𮩦	稽	reduction	mj-shrink-map	merge	MJ058237: 法務省戸籍法関連通達・通知, 種別 戸籍統一文字情報 親字・正字, ホップ数 1
U+7A3E	稁	稾	reduction	mj-shrink-map	merge	MJ019062: 法務省戸籍法関連通達・通知, 種別 戸籍統一文字情報 親字・正字, ホップ数 1
U+7A40	穀	穀	compatibility	unicode-ucd	merge	7A40
U+7A40	穀	穀	compatibility	unicode-ucd	merge	7A40
U+7A40	𥝻	穀	reduction	mj-shrink-map	merge	MJ043152: 法務省戸籍法関連通達・通知, 種別 戸籍統一文字情報 親字・正字, ホップ数 1
U+7A42	穗	穂	reduction	mj-shrink-map	merge	MJ019167: 法務省戸籍法関連通達・通知, 種別 戸籍統一文字情報 親字・正字, ホップ数 1
U+7A42	𥝩	穗	reduction	mj-shrink-map	merge	MJ043140: 法務省戸籍法関連通達・通知, 種別 戸籍統一文字情報 親字・正字, ホップ数 1
U+7A46	𢾓	穆	reduction	mj-shrink-map	merge	MJ037336: 法務省戸籍法関連通達・通知, 種別 戸籍統一文字情報 親字・正字, ホップ数 1
U+7A46	𢿉	穆	reduction	mj-shrink-map	merge	MJ037367: 法務省戸籍法関連通達・通知, 種別 戸籍統一文字情報 親字・正字, ホップ数 1
U+7A46	𢿬	穆	reduction	mj-shrink-map	merge	MJ037392: 法務省戸籍法関連通達・通知, 種別 戸籍統一文字情報 親字・正字, ホップ数 1
U+7A46	𥟙	穆	reduction	mj-shrink-map	merge	MJ043206: 法務省戸籍法関連通達・通知, 種別 戸籍統一文字情報 親字・正字, ホップ数 1
U+7A46	𥠇	穆	reduction	mj-shrink-map	merge	MJ043227: 法務省戸籍法関連通達・通知, 種別 戸籍統一文字情報 親字・正字, ホップ数 1
U+7A46	𥡆	穆	reduction	mj-shrink-map	merge	MJ043258: 法務省戸籍法関連通達・通知, 種別 戸籍統一文字情報 親字・正字, ホップ数 1
U+7A47	𥤇	穇	reduction	mj-shrink-map	merge	MJ043364: 法務省戸籍法関連通達・通知, 種別 戸籍統一文字情報 親字・正字, ホップ数 1
U+7A49	𥣦	穉	reduction	mj-shrink-map	merge	MJ043341: 法務省戸籍法関連通達・通知, 種別 戸籍統一文字情報 親字・正字, ホップ数 1
U+7A4A	穊	穊	compatibility	unicode-ucd	merge	7A4A
U+7A4C	𮃣	穌	reduction	mj-shrink-map	merge	MJ058233: 法務省戸籍法関連通達・通知, 種別 戸籍統一文字情報 親字・正字, ホップ数 1
U+7A4D	𥡯	積	reduction	mj-shrink-map	merge	MJ043283: 法務省戸籍法関連通達・通知, 種別 戸籍統一文字情報 親字・正字, ホップ数 1
U+7A4D	𥢼	積	reduction	mj-shrink-map	merge	MJ043323: 法務省戸籍法関連通達・通知, 種別 戸籍統一文字情報 親字・正字, ホップ数 1
U+7A4E	頴	穎	reduction	mj-shrink-map	merge	MJ028215: 法務省戸籍法関連通達・通知, 種別 戸籍統一文字情報 親字・正字, ホップ数 1
U+7A4E	穎	頴	variant	cjkvi-variants	corroborates	穎→頴 dypytz/variant | 穎→頴 hydzd/variant | 穎→頴 hyogai/variant | 穎→頴 jisx0212/variant | 穎→頴 jisx0213/variant | 穎→頴 twedu/variant
U+7A4E	穎	頴	shinjitai	opencc	corroborates	JPShinjitaiCharacters
U+7A4E	穎	頴	variant	wikidata	corroborates	Q109756072; P248 Q10427532 | Q109766496; P248 Q10427532
U+7A4F	穏	穏	compatibility	unicode-ucd	merge	7A4F
U+7A4F	㝧	穩	reduction	mj-shrink-map	merge	MJ000763: 法務省戸籍法関連通達・通知, 種別 戸籍統一文字情報 親字・正字, ホップ数 1
U+7A4F	穩	穏	reduction	mj-shrink-map	merge	MJ019191: 法務省戸籍法関連通達・通知, 種別 戸籍統一文字情報 親字・正字, ホップ数 1
U+7A4F	𡘫	穩	reduction	mj-shrink-map	merge	MJ033460: 法務省戸籍法関連通達・通知, 種別 戸籍統一文字情報 親字・正字, ホップ数 1
U+7A4F	𤯗	穩	reduction	mj-shrink-map	merge	MJ041306: 法務省戸籍法関連通達・通知, 種別 戸籍統一文字情報 親字・正字, ホップ数 1
U+7A59	𥣜	穙	reduction	mj-shrink-map	merge	MJ043334: 法務省戸籍法関連通達・通知, 種別 戸籍統一文字情報 親字・正字, ホップ数 1
U+7A5F	𥠂	穟	reduction	mj-shrink-map	merge	MJ043222: 法務省戸籍法関連通達・通知, 種別 戸籍統一文字情報 親字・正字, ホップ数 1
U+7A5F	𥢁	穟	reduction	mj-shrink-map	merge	MJ043289: 法務省戸籍法関連通達・通知, 種別 戸籍統一文字情報 親字・正字, ホップ数 1
U+7A61	𤲷	穡	reduction	mj-shrink-map	merge	MJ041445: 法務省戸籍法関連通達・通知, 種別 戸籍統一文字情報 親字・正字, ホップ数 1
U+7A61	𥢺	穡	reduction	mj-shrink-map	merge	MJ043321: 法務省戸籍法関連通達・通知, 種別 戸籍統一文字情報 親字・正字, ホップ数 1
U+7A61	𥣱	穡	reduction	mj-shrink-map	merge	MJ043352: 法務省戸籍法関連通達・通知, 種別 戸籍統一文字情報 親字・正字, ホップ数 1
U+7A62	𢧹	穢	reduction	mj-shrink-map	merge	MJ036618: 法務省戸籍法関連通達・通知, 種別 戸籍統一文字情報 親字・正字, ホップ数 1
U+7A67	𥣩	穧	reduction	mj-shrink-map	merge	MJ043343: 法務省戸籍法関連通達・通知, 種別 戸籍統一文字情報 親字・正字, ホップ数 1
U+7A6B	耯	穫	reduction	mj-shrink-map	merge	MJ020809: 法務省戸籍法関連通達・通知, 種別 戸籍統一文字情報 親字・正字, ホップ数 1
U+7A6B	𮒗	穫	reduction	mj-shrink-map	merge	MJ058552: 法務省戸籍法関連通達・通知, 種別 戸籍統一文字情報 親字・正字, ホップ数 1
U+7A74	𥤢	穴	reduction	mj-shrink-map	merge	MJ043379: 法務省戸籍法関連通達・通知, 種別 戸籍統一文字情報 親字・正字, ホップ数 1
U+7A76	䆒	究	reduction	mj-shrink-map	merge	MJ003190: 法務省戸籍法関連通達・通知, 種別 戸籍統一文字情報 親字・正字, ホップ数 1
U+7A76	𡫄	究	reduction	mj-shrink-map	merge	MJ034099: 法務省戸籍法関連通達・通知, 種別 戸籍統一文字情報 親字・正字, ホップ数 1
U+7A76	𥦄	究	reduction	mj-shrink-map	merge	MJ043449: 法務省戸籍法関連通達・通知, 種別 戸籍統一文字情報 親字・正字, ホップ数 1
U+7A76	𥨇	究	reduction	mj-shrink-map	merge	MJ043527: 法務省戸籍法関連通達・通知, 種別 戸籍統一文字情報 親字・正字, ホップ数 1
U+7A76	𥨶	究	reduction	mj-shrink-map	merge	MJ043555: 法務省戸籍法関連通達・通知, 種別 戸籍統一文字情報 親字・正字, ホップ数 1
U+7A79	𠫙	穹	reduction	mj-shrink-map	merge	MJ031967: 法務省戸籍法関連通達・通知, 種別 戸籍統一文字情報 親字・正字, ホップ数 1
U+7A7D	汬	穽	reduction	mj-shrink-map	merge	MJ015097: 法務省戸籍法関連通達・通知, 種別 戸籍統一文字情報 親字・正字, ホップ数 1
U+7A7D	𨸥	穽	reduction	mj-shrink-map	merge	MJ030363: 法務省戸籍法関連通達・通知, 種別 戸籍統一文字情報 親字・正字, ホップ数 1
U+7A81	突	突	compatibility	unicode-ucd	merge	7A81
U+7A81	𡦾	突	reduction	mj-shrink-map	merge	MJ033938: 法務省戸籍法関連通達・通知, 種別 戸籍統一文字情報 親字・正字, ホップ数 1
U+7A83	竊	窃	reduction	mj-shrink-map	merge	MJ019309: 法務省戸籍法関連通達・通知, 種別 戸籍統一文字情報 親字・正字, ホップ数 1
U+7A83	𢿑	竊	reduction	mj-shrink-map	merge	MJ037372: 法務省戸籍法関連通達・通知, 種別 戸籍統一文字情報 親字・正字, ホップ数 1
U+7A83	𥨱	竊	reduction	mj-shrink-map	merge	MJ043551: 法務省戸籍法関連通達・通知, 種別 戸籍統一文字情報 親字・正字, ホップ数 1
U+7A83	𥨷	竊	reduction	mj-shrink-map	merge	MJ043556: 法務省戸籍法関連通達・通知, 種別 戸籍統一文字情報 親字・正字, ホップ数 1
U+7A83	𥩓	竊	reduction	mj-shrink-map	merge	MJ043571: 法務省戸籍法関連通達・通知, 種別 戸籍統一文字情報 親字・正字, ホップ数 1
U+7A83	𫞺	竊	reduction	mj-shrink-map	merge	MJ058254: 法務省戸籍法関連通達・通知, 種別 戸籍統一文字情報 親字・正字, ホップ数 1
U+7A85	𥄀	窅	reduction	mj-shrink-map	merge	MJ042185: 法務省戸籍法関連通達・通知, 種別 戸籍統一文字情報 親字・正字, ホップ数 1
U+7A88	𡢵	窈	reduction	mj-shrink-map	merge	MJ033785: 法務省戸籍法関連通達・通知, 種別 戸籍統一文字情報 親字・正字, ホップ数 1
U+7A88	𥥎	窈	reduction	mj-shrink-map	merge	MJ043413: 法務省戸籍法関連通達・通知, 種別 戸籍統一文字情報 親字・正字, ホップ数 1
U+7A93	䆫	窓	reduction	mj-shrink-map	merge	MJ003217: 法務省戸籍法関連通達・通知, 種別 戸籍統一文字情報 親字・正字, ホップ数 1
U+7A93	牕	窻	reduction	mj-shrink-map	merge	MJ016794: 法務省戸籍法関連通達・通知, 種別 戸籍統一文字情報 親字・正字, ホップ数 1
U+7A93	窻	窓	reduction	mj-shrink-map	merge	MJ019288: 法務省戸籍法関連通達・通知, 種別 戸籍統一文字情報 親字・正字, ホップ数 1
U+7A93	𤗄	牕	reduction	mj-shrink-map	merge	MJ040364: 法務省戸籍法関連通達・通知, 種別 戸籍統一文字情報 親字・正字, ホップ数 1
U+7A93	𤗉	牕	reduction	mj-shrink-map	merge	MJ040368: 法務省戸籍法関連通達・通知, 種別 戸籍統一文字情報 親字・正字, ホップ数 1
U+7A96	𡇪	窖	reduction	mj-shrink-map	merge	MJ032866: 法務省戸籍法関連通達・通知, 種別 戸籍統一文字情報 親字・正字, ホップ数 1
U+7A97	𠂨	窗	reduction	mj-shrink-map	merge	MJ030392: 法務省戸籍法関連通達・通知, 種別 戸籍統一文字情報 親字・正字, ホップ数 1
U+7A97	𥦾	窗	reduction	mj-shrink-map	merge	MJ043486: 法務省戸籍法関連通達・通知, 種別 戸籍統一文字情報 親字・正字, ホップ数 1
U+7A98	侰	窘	reduction	mj-shrink-map	merge	MJ006730: 法務省戸籍法関連通達・通知, 種別 戸籍統一文字情報 親字・正字, ホップ数 1
U+7A9F	𡻋	窟	reduction	mj-shrink-map	merge	MJ034718: 法務省戸籍法関連通達・通知, 種別 戸籍統一文字情報 親字・正字, ホップ数 1
U+7A9F	𢷈	窟	reduction	mj-shrink-map	merge	MJ037072: 法務省戸籍法関連通達・通知, 種別 戸籍統一文字情報 親字・正字, ホップ数 1
U+7A9F	𥧊	窟	reduction	mj-shrink-map	merge	MJ043491: 法務省戸籍法関連通達・通知, 種別 戸籍統一文字情報 親字・正字, ホップ数 1
U+7A9F	𩨳	窟	reduction	mj-shrink-map	merge	MJ054538: 法務省戸籍法関連通達・通知, 種別 戸籍統一文字情報 親字・正字, ホップ数 1
U+7AA3	𥦑	窣	reduction	mj-shrink-map	merge	MJ043460: 法務省戸籍法関連通達・通知, 種別 戸籍統一文字情報 親字・正字, ホップ数 1
U+7AAC	𥦧	窬	reduction	mj-shrink-map	merge	MJ043473: 法務省戸籍法関連通達・通知, 種別 戸籍統一文字情報 親字・正字, ホップ数 1
U+7AAC	𥦹	窬	reduction	mj-shrink-map	merge	MJ043481: 法務省戸籍法関連通達・通知, 種別 戸籍統一文字情報 親字・正字, ホップ数 1
U+7AAE	竆	窮	reduction	mj-shrink-map	merge	MJ019302: 法務省戸籍法関連通達・通知, 種別 戸籍統一文字情報 親字・正字, ホップ数 1
U+7AAE	𥧺	窮	reduction	mj-shrink-map	merge	MJ043522: 法務省戸籍法関連通達・通知, 種別 戸籍統一文字情報 親字・正字, ホップ数 1
U+7AAE	𨉺	窮	reduction	mj-shrink-map	merge	MJ050444: 法務省戸籍法関連通達・通知, 種別 戸籍統一文字情報 親字・正字, ホップ数 1
U+7AAF	窰	窯	reduction	mj-shrink-map	merge	MJ019274: 法務省戸籍法関連通達・通知, 種別 戸籍統一文字情報 親字・正字, ホップ数 1
U+7AAF	窯	窰	variant	cjkvi-variants	corroborates	窯→窰 jisx0212/variant | 窯→窰 jisx0213/variant | 窯→窰 twedu/variant
U+7AAF	窯	窰	variant	wikidata	corroborates	Q109756181; P248 Q10427532 | Q55766033; P248 Q10427532
U+7AAF	窯	窰	equivalent	yitizi	corroborates	ytenx/JihThex.csv
U+7AAF	𥧳	窯	reduction	mj-shrink-map	merge	MJ043515: 法務省戸籍法関連通達・通知, 種別 戸籍統一文字情報 親字・正字, ホップ数 1
U+7AB1	窱	窱	compatibility	unicode-ucd	merge	7AB1
U+7ABA	𥨖	窺	reduction	mj-shrink-map	merge	MJ043538: 法務省戸籍法関連通達・通知, 種別 戸籍統一文字情報 親字・正字, ホップ数 1
U+7ABE	𡪡	窾	reduction	mj-shrink-map	merge	MJ034078: 法務省戸籍法関連通達・通知, 種別 戸籍統一文字情報 親字・正字, ホップ数 1
U+7AC4	䞼	竄	reduction	mj-shrink-map	merge	MJ004798: 法務省戸籍法関連通達・通知, 種別 戸籍統一文字情報 親字・正字, ホップ数 1
U+7AC4	𥦻	竄	reduction	mj-shrink-map	merge	MJ043483: 法務省戸籍法関連通達・通知, 種別 戸籍統一文字情報 親字・正字, ホップ数 1
U+7AC4	𥨗	竄	reduction	mj-shrink-map	merge	MJ043539: 法務省戸籍法関連通達・通知, 種別 戸籍統一文字情報 親字・正字, ホップ数 1
U+7AC4	𥨬	竄	reduction	mj-shrink-map	merge	MJ043548: 法務省戸籍法関連通達・通知, 種別 戸籍統一文字情報 親字・正字, ホップ数 1
U+7AC4	𮄒	竄	reduction	mj-shrink-map	merge	MJ058249: 法務省戸籍法関連通達・通知, 種別 戸籍統一文字情報 親字・正字, ホップ数 1
U+7AC5	䆻	竅	reduction	mj-shrink-map	merge	MJ003234: 法務省戸籍法関連通達・通知, 種別 戸籍統一文字情報 親字・正字, ホップ数 1
U+7AC5	𥤾	竅	reduction	mj-shrink-map	merge	MJ043402: 法務省戸籍法関連通達・通知, 種別 戸籍統一文字情報 親字・正字, ホップ数 1
U+7AC5	𥦂	竅	reduction	mj-shrink-map	merge	MJ043447: 法務省戸籍法関連通達・通知, 種別 戸籍統一文字情報 親字・正字, ホップ数 1
U+7AC7	𥩐	竇	reduction	mj-shrink-map	merge	MJ043569: 法務省戸籍法関連通達・通知, 種別 戸籍統一文字情報 親字・正字, ホップ数 1
U+7AC8	𥨠	竈	reduction	mj-shrink-map	merge	MJ043542: 法務省戸籍法関連通達・通知, 種別 戸籍統一文字情報 親字・正字, ホップ数 1
U+7AC8	𥩋	竈	reduction	mj-shrink-map	merge	MJ043566: 法務省戸籍法関連通達・通知, 種別 戸籍統一文字情報 親字・正字, ホップ数 1
U+7AC8	𫝰	竈	reduction	mj-shrink-map	merge	MJ057343: 法務省戸籍法関連通達・通知, 種別 戸籍統一文字情報 親字・正字, ホップ数 1
U+7ACB	立	立	compatibility	unicode-ucd	merge	7ACB
U+7AD5	𥩻	竕	reduction	mj-shrink-map	merge	MJ043591: 法務省戸籍法関連通達・通知, 種別 戸籍統一文字情報 親字・正字, ホップ数 1
U+7AD9	趈	站	reduction	mj-shrink-map	merge	MJ025197: 法務省戸籍法関連通達・通知, 種別 戸籍統一文字情報 親字・正字, ホップ数 1
U+7AD9	𥩠	站	reduction	mj-shrink-map	merge	MJ043578: 法務省戸籍法関連通達・通知, 種別 戸籍統一文字情報 親字・正字, ホップ数 1
U+7ADC	龍	龍	compatibility	unicode-ucd	merge	9F8D
U+7ADC	㡣	龍	reduction	mj-shrink-map	merge	MJ000998: 法務省戸籍法関連通達・通知, 種別 戸籍統一文字情報 親字・正字, ホップ数 1
U+7ADC	䰱	龍	reduction	mj-shrink-map	merge	MJ005927: 法務省戸籍法関連通達・通知, 種別 戸籍統一文字情報 親字・正字, ホップ数 1
U+7ADC	龍	竜	reduction	mj-shrink-map	merge	MJ030123: 法務省戸籍法関連通達・通知, 種別 戸籍統一文字情報 親字・正字, ホップ数 1
U+7ADC	龒	龍	reduction	mj-shrink-map	merge	MJ030140: 法務省戸籍法関連通達・通知, 種別 戸籍統一文字情報 親字・正字, ホップ数 1
U+7ADC	𠉒	龍	reduction	mj-shrink-map	merge	MJ030627: 法務省戸籍法関連通達・通知, 種別 戸籍統一文字情報 親字・正字, ホップ数 1
U+7ADC	𠊋	龍	reduction	mj-shrink-map	merge	MJ030652: 法務省戸籍法関連通達・通知, 種別 戸籍統一文字情報 親字・正字, ホップ数 1
U+7ADC	𢀀	龍	reduction	mj-shrink-map	merge	MJ034926: 法務省戸籍法関連通達・通知, 種別 戸籍統一文字情報 親字・正字, ホップ数 1
U+7ADC	𢅛	龍	reduction	mj-shrink-map	merge	MJ035179: 法務省戸籍法関連通達・通知, 種別 戸籍統一文字情報 親字・正字, ホップ数 1
U+7ADC	𥪐	龍	reduction	mj-shrink-map	merge	MJ043604: 法務省戸籍法関連通達・通知, 種別 戸籍統一文字情報 親字・正字, ホップ数 1
U+7ADC	𥪑	龍	reduction	mj-shrink-map	merge	MJ043605: 法務省戸籍法関連通達・通知, 種別 戸籍統一文字情報 親字・正字, ホップ数 1
U+7ADC	𥫈	龍	reduction	mj-shrink-map	merge	MJ043632: 法務省戸籍法関連通達・通知, 種別 戸籍統一文字情報 親字・正字, ホップ数 1
U+7ADC	𦱉	龍	reduction	mj-shrink-map	merge	MJ046496: 法務省戸籍法関連通達・通知, 種別 戸籍統一文字情報 親字・正字, ホップ数 1
U+7ADC	𮧻	龍	reduction	mj-shrink-map	merge	MJ059286: 法務省戸籍法関連通達・通知, 種別 戸籍統一文字情報 親字・正字, ホップ数 1
U+7AE2	䇃	竢	reduction	mj-shrink-map	merge	MJ003242: 法務省戸籍法関連通達・通知, 種別 戸籍統一文字情報 親字・正字, ホップ数 1
U+7AE2	𡱢	竢	reduction	mj-shrink-map	merge	MJ034349: 法務省戸籍法関連通達・通知, 種別 戸籍統一文字情報 親字・正字, ホップ数 1
U+7AE2	𢈟	竢	reduction	mj-shrink-map	merge	MJ035318: 法務省戸籍法関連通達・通知, 種別 戸籍統一文字情報 親字・正字, ホップ数 1
U+7AE2	𢉡	竢	reduction	mj-shrink-map	merge	MJ035364: 法務省戸籍法関連通達・通知, 種別 戸籍統一文字情報 親字・正字, ホップ数 1
U+7AE2	𢓪	竢	reduction	mj-shrink-map	merge	MJ035826: 法務省戸籍法関連通達・通知, 種別 戸籍統一文字情報 親字・正字, ホップ数 1
U+7AE5	𥪿	童	reduction	mj-shrink-map	merge	MJ043627: 法務省戸籍法関連通達・通知, 種別 戸籍統一文字情報 親字・正字, ホップ数 1
U+7AE5	𥫍	童	reduction	mj-shrink-map	merge	MJ043635: 法務省戸籍法関連通達・通知, 種別 戸籍統一文字情報 親字・正字, ホップ数 1
U+7AE6	𢖗	竦	reduction	mj-shrink-map	merge	MJ035945: 法務省戸籍法関連通達・通知, 種別 戸籍統一文字情報 親字・正字, ホップ数 1
U+7AE6	𢱠	竦	reduction	mj-shrink-map	merge	MJ036922: 法務省戸籍法関連通達・通知, 種別 戸籍統一文字情報 親字・正字, ホップ数 1
U+7AE6	𢷜	竦	reduction	mj-shrink-map	merge	MJ037090: 法務省戸籍法関連通達・通知, 種別 戸籍統一文字情報 親字・正字, ホップ数 1
U+7AEA	䝂	豎	reduction	mj-shrink-map	merge	MJ004682: 法務省戸籍法関連通達・通知, 種別 戸籍統一文字情報 親字・正字, ホップ数 1
U+7AEA	豎	竪	reduction	mj-shrink-map	merge	MJ024898: 法務省戸籍法関連通達・通知, 種別 戸籍統一文字情報 親字・正字, ホップ数 1
U+7AEA	竪	豎	variant	cjkvi-variants	corroborates	竪→豎 dypytz/variant | 竪→豎 jisx0212/variant | 竪→豎 jisx0213/variant | 豎→竪 hydzd/variant | 豎→竪 twedu/variant
U+7AEA	竪	豎	variant	hng-basic-data	corroborates	11258 | 11258b
U+7AEA	竪	豎	variant	wikidata	corroborates	Q109756249; P248 Q10427532 | Q109763136; P248 Q10427532
U+7AEA	竪	豎	equivalent	yitizi	corroborates	ytenx/JihThex.csv
U+7AEA	𠐊	豎	reduction	mj-shrink-map	merge	MJ030854: 法務省戸籍法関連通達・通知, 種別 戸籍統一文字情報 親字・正字, ホップ数 1
U+7AEE	竮	竮	compatibility	unicode-ucd	merge	7AEE
U+7AF6	竸	競	reduction	mj-shrink-map	merge	MJ019365: 法務省戸籍法関連通達・通知, 種別 戸籍統一文字情報 親字・正字, ホップ数 1
U+7AF6	競	竸	variant	cjkvi-variants	corroborates	競→竸 hydzd/variant | 競→竸 twedu/variant
U+7AF6	競	竸	variant	hng-basic-data	corroborates	08380 | 08380b
U+7AF6	競	竸	variant	wikidata	corroborates	Q109756266; P248 Q10427532 | Q54879269; P248 Q10427532
U+7AF6	競	竸	equivalent	yitizi	corroborates	ytenx/JihThex.csv
U+7AF6	𥪰	競	reduction	mj-shrink-map	merge	MJ043619: 法務省戸籍法関連通達・通知, 種別 戸籍統一文字情報 親字・正字, ホップ数 1
U+7AF6	𨐼	竸	reduction	mj-shrink-map	merge	MJ050755: 法務省戸籍法関連通達・通知, 種別 戸籍統一文字情報 親字・正字, ホップ数 1
U+7AFD	𥫡	竽	reduction	mj-shrink-map	merge	MJ058258: 法務省戸籍法関連通達・通知, 種別 戸籍統一文字情報 親字・正字, ホップ数 1
U+7B04	𠚙	笄	reduction	mj-shrink-map	merge	MJ031228: 法務省戸籍法関連通達・通知, 種別 戸籍統一文字情報 親字・正字, ホップ数 1
U+7B0F	𡇉	笏	reduction	mj-shrink-map	merge	MJ032836: 法務省戸籍法関連通達・通知, 種別 戸籍統一文字情報 親字・正字, ホップ数 1
U+7B11	㗛	笑	reduction	mj-shrink-map	merge	MJ000414: 法務省戸籍法関連通達・通知, 種別 戸籍統一文字情報 親字・正字, ホップ数 1
U+7B11	𥬇	笑	reduction	mj-shrink-map	merge	MJ043670: 法務省戸籍法関連通達・通知, 種別 戸籍統一文字情報 親字・正字, ホップ数 1
U+7B19	𤯛	笙	reduction	mj-shrink-map	merge	MJ041308: 法務省戸籍法関連通達・通知, 種別 戸籍統一文字情報 親字・正字, ホップ数 1
U+7B1B	𥳤	笛	reduction	mj-shrink-map	merge	MJ043978: 法務省戸籍法関連通達・通知, 種別 戸籍統一文字情報 親字・正字, ホップ数 1
U+7B1E	𢲹	笞	reduction	mj-shrink-map	merge	MJ036958: 法務省戸籍法関連通達・通知, 種別 戸籍統一文字情報 親字・正字, ホップ数 1
U+7B1E	𣘜	笞	reduction	mj-shrink-map	merge	MJ038197: 法務省戸籍法関連通達・通知, 種別 戸籍統一文字情報 親字・正字, ホップ数 1
U+7B20	笠	笠	compatibility	unicode-ucd	merge	7B20
U+7B25	𥯱	笥	reduction	mj-shrink-map	merge	MJ043819: 法務省戸籍法関連通達・通知, 種別 戸籍統一文字情報 親字・正字, ホップ数 1
U+7B2C	𮅏	第	reduction	mj-shrink-map	merge	MJ058264: 法務省戸籍法関連通達・通知, 種別 戸籍統一文字情報 親字・正字, ホップ数 1
U+7B2E	䇥	笮	reduction	mj-shrink-map	merge	MJ003277: 法務省戸籍法関連通達・通知, 種別 戸籍統一文字情報 親字・正字, ホップ数 1
U+7B2E	𥬚	笮	reduction	mj-shrink-map	merge	MJ043686: 法務省戸籍法関連通達・通知, 種別 戸籍統一文字情報 親字・正字, ホップ数 1
U+7B2E	𥬛	笮	reduction	mj-shrink-map	merge	MJ043687: 法務省戸籍法関連通達・通知, 種別 戸籍統一文字情報 親字・正字, ホップ数 1
U+7B2F	𥲘	笯	reduction	mj-shrink-map	merge	MJ043919: 法務省戸籍法関連通達・通知, 種別 戸籍統一文字情報 親字・正字, ホップ数 1
U+7B31	𦊒	笱	reduction	mj-shrink-map	merge	MJ044849: 法務省戸籍法関連通達・通知, 種別 戸籍統一文字情報 親字・正字, ホップ数 1
U+7B46	𡭩	筆	reduction	mj-shrink-map	merge	MJ034204: 法務省戸籍法関連通達・通知, 種別 戸籍統一文字情報 親字・正字, ホップ数 1
U+7B47	笻	筇	reduction	mj-shrink-map	merge	MJ019435: 法務省戸籍法関連通達・通知, 種別 戸籍統一文字情報 親字・正字, ホップ数 1
U+7B49	䒭	等	reduction	mj-shrink-map	merge	MJ003995: 法務省戸籍法関連通達・通知, 種別 戸籍統一文字情報 親字・正字, ホップ数 1
U+7B49	戥	等	reduction	mj-shrink-map	merge	MJ012087: 法務省戸籍法関連通達・通知, 種別 戸籍統一文字情報 親字・正字, ホップ数 1
U+7B49	𡬝	等	reduction	mj-shrink-map	merge	MJ034154: 法務省戸籍法関連通達・通知, 種別 戸籍統一文字情報 親字・正字, ホップ数 1
U+7B49	𢌭	等	reduction	mj-shrink-map	merge	MJ035480: 法務省戸籍法関連通達・通知, 種別 戸籍統一文字情報 親字・正字, ホップ数 1
U+7B4B	䈥	筋	reduction	mj-shrink-map	merge	MJ003343: 法務省戸籍法関連通達・通知, 種別 戸籍統一文字情報 親字・正字, ホップ数 1
U+7B4D	𥰴	筍	reduction	mj-shrink-map	merge	MJ043864: 法務省戸籍法関連通達・通知, 種別 戸籍統一文字情報 親字・正字, ホップ数 1
U+7B4D	𥰿	筍	reduction	mj-shrink-map	merge	MJ043875: 法務省戸籍法関連通達・通知, 種別 戸籍統一文字情報 親字・正字, ホップ数 1
U+7B4D	𥳦	筍	reduction	mj-shrink-map	merge	MJ043980: 法務省戸籍法関連通達・通知, 種別 戸籍統一文字情報 親字・正字, ホップ数 1
U+7B4F	橃	筏	reduction	mj-shrink-map	merge	MJ014487: 法務省戸籍法関連通達・通知, 種別 戸籍統一文字情報 親字・正字, ホップ数 1
U+7B4F	笩	筏	reduction	mj-shrink-map	merge	MJ019415: 法務省戸籍法関連通達・通知, 種別 戸籍統一文字情報 親字・正字, ホップ数 1
U+7B4F	𦨷	筏	reduction	mj-shrink-map	merge	MJ046139: 法務省戸籍法関連通達・通知, 種別 戸籍統一文字情報 親字・正字, ホップ数 1
U+7B50	筺	筐	reduction	mj-shrink-map	merge	MJ019501: 法務省戸籍法関連通達・通知, 種別 戸籍統一文字情報 親字・正字, ホップ数 1
U+7B50	筐	筺	variant	cjkvi-variants	corroborates	筐→筺 cjkvi/variant | 筐→筺 jisx0212/variant | 筐→筺 jisx0213/variant
U+7B50	筐	筺	variant	hng-basic-data	corroborates	08433
U+7B50	筐	筺	equivalent	yitizi	corroborates	ytenx/JihThex.csv
U+7B51	𥬾	筑	reduction	mj-shrink-map	merge	MJ043711: 法務省戸籍法関連通達・通知, 種別 戸籍統一文字情報 親字・正字, ホップ数 1
U+7B56	敇	策	reduction	mj-shrink-map	merge	MJ012969: 法務省戸籍法関連通達・通知, 種別 戸籍統一文字情報 親字・正字, ホップ数 1
U+7B56	箣	策	reduction	mj-shrink-map	merge	MJ019549: 法務省戸籍法関連通達・通知, 種別 戸籍統一文字情報 親字・正字, ホップ数 1
U+7B56	𠞁	策	reduction	mj-shrink-map	merge	MJ031381: 法務省戸籍法関連通達・通知, 種別 戸籍統一文字情報 親字・正字, ホップ数 1
U+7B56	𠞦	策	reduction	mj-shrink-map	merge	MJ031403: 法務省戸籍法関連通達・通知, 種別 戸籍統一文字情報 親字・正字, ホップ数 1
U+7B56	𢄆	策	reduction	mj-shrink-map	merge	MJ035114: 法務省戸籍法関連通達・通知, 種別 戸籍統一文字情報 親字・正字, ホップ数 1
U+7B56	𥳯	策	reduction	mj-shrink-map	merge	MJ043989: 法務省戸籍法関連通達・通知, 種別 戸籍統一文字情報 親字・正字, ホップ数 1
U+7B56	𭣯	策	reduction	mj-shrink-map	merge	MJ057588: 法務省戸籍法関連通達・通知, 種別 戸籍統一文字情報 親字・正字, ホップ数 1
U+7B65	𥰠	筥	reduction	mj-shrink-map	merge	MJ043844: 法務省戸籍法関連通達・通知, 種別 戸籍統一文字情報 親字・正字, ホップ数 1
U+7B6E	𥰫	筮	reduction	mj-shrink-map	merge	MJ043855: 法務省戸籍法関連通達・通知, 種別 戸籍統一文字情報 親字・正字, ホップ数 1
U+7B6E	𥷂	筮	reduction	mj-shrink-map	merge	MJ044114: 法務省戸籍法関連通達・通知, 種別 戸籍統一文字情報 親字・正字, ホップ数 1
U+7B6E	𥷣	筮	reduction	mj-shrink-map	merge	MJ044137: 法務省戸籍法関連通達・通知, 種別 戸籍統一文字情報 親字・正字, ホップ数 1
U+7B70	𥯭	筰	reduction	mj-shrink-map	merge	MJ043815: 法務省戸籍法関連通達・通知, 種別 戸籍統一文字情報 親字・正字, ホップ数 1
U+7B8D	笟	箍	reduction	mj-shrink-map	merge	MJ019405: 法務省戸籍法関連通達・通知, 種別 戸籍統一文字情報 親字・正字, ホップ数 1
U+7B91	𥵳	箑	reduction	mj-shrink-map	merge	MJ044062: 法務省戸籍法関連通達・通知, 種別 戸籍統一文字情報 親字・正字, ホップ数 1
U+7B95	𠀠	箕	reduction	mj-shrink-map	merge	MJ030333: 法務省戸籍法関連通達・通知, 種別 戸籍統一文字情報 親字・正字, ホップ数 1
U+7B95	𠀮	箕	reduction	mj-shrink-map	merge	MJ030340: 法務省戸籍法関連通達・通知, 種別 戸籍統一文字情報 親字・正字, ホップ数 1
U+7B95	𠔋	箕	reduction	mj-shrink-map	merge	MJ030986: 法務省戸籍法関連通達・通知, 種別 戸籍統一文字情報 親字・正字, ホップ数 1
U+7B95	𠔐	箕	reduction	mj-shrink-map	merge	MJ030991: 法務省戸籍法関連通達・通知, 種別 戸籍統一文字情報 親字・正字, ホップ数 1
U+7B95	𠔛	箕	reduction	mj-shrink-map	merge	MJ031002: 法務省戸籍法関連通達・通知, 種別 戸籍統一文字情報 親字・正字, ホップ数 1
U+7B95	𠔝	箕	reduction	mj-shrink-map	merge	MJ031004: 法務省戸籍法関連通達・通知, 種別 戸籍統一文字情報 親字・正字, ホップ数 1
U+7B95	𠥊	箕	reduction	mj-shrink-map	merge	MJ031687: 法務省戸籍法関連通達・通知, 種別 戸籍統一文字情報 親字・正字, ホップ数 1
U+7B95	𠥩	箕	reduction	mj-shrink-map	merge	MJ031707: 法務省戸籍法関連通達・通知, 種別 戸籍統一文字情報 親字・正字, ホップ数 1
U+7B95	𠴩	箕	reduction	mj-shrink-map	merge	MJ032308: 法務省戸籍法関連通達・通知, 種別 戸籍統一文字情報 親字・正字, ホップ数 1
U+7B95	𠷛	箕	reduction	mj-shrink-map	merge	MJ032414: 法務省戸籍法関連通達・通知, 種別 戸籍統一文字情報 親字・正字, ホップ数 1
U+7B95	𡿸	箕	reduction	mj-shrink-map	merge	MJ034918: 法務省戸籍法関連通達・通知, 種別 戸籍統一文字情報 親字・正字, ホップ数 1
U+7B95	𥫚	箕	reduction	mj-shrink-map	merge	MJ043642: 法務省戸籍法関連通達・通知, 種別 戸籍統一文字情報 親字・正字, ホップ数 1
U+7B95	𦋊	箕	reduction	mj-shrink-map	merge	MJ044879: 法務省戸籍法関連通達・通知, 種別 戸籍統一文字情報 親字・正字, ホップ数 1
U+7B97	𢌺	算	reduction	mj-shrink-map	merge	MJ035491: 法務省戸籍法関連通達・通知, 種別 戸籍統一文字情報 親字・正字, ホップ数 1
U+7B97	𥮅	算	reduction	mj-shrink-map	merge	MJ043752: 法務省戸籍法関連通達・通知, 種別 戸籍統一文字情報 親字・正字, ホップ数 1
U+7B97	𮅕	算	reduction	mj-shrink-map	merge	MJ058270: 法務省戸籍法関連通達・通知, 種別 戸籍統一文字情報 親字・正字, ホップ数 1
U+7B98	箟	箘	reduction	mj-shrink-map	merge	MJ019544: 法務省戸籍法関連通達・通知, 種別 戸籍統一文字情報 親字・正字, ホップ数 1
U+7B98	箘	箟	variant	cjkvi-variants	corroborates	箘→箟 jisx0213/variant | 箘→箟 twedu/variant
U+7B98	箘	箟	variant	wikidata	corroborates	Q109756444; P248 Q10427532 | Q109756452; P248 Q10427532
U+7B9C	𢷙	箜	reduction	mj-shrink-map	merge	MJ037087: 法務省戸籍法関連通達・通知, 種別 戸籍統一文字情報 親字・正字, ホップ数 1
U+7B9C	𣝃	箜	reduction	mj-shrink-map	merge	MJ038336: 法務省戸籍法関連通達・通知, 種別 戸籍統一文字情報 親字・正字, ホップ数 1
U+7BAD	𥮙	箭	reduction	mj-shrink-map	merge	MJ043765: 法務省戸籍法関連通達・通知, 種別 戸籍統一文字情報 親字・正字, ホップ数 1
U+7BAD	𥳭	箭	reduction	mj-shrink-map	merge	MJ043987: 法務省戸籍法関連通達・通知, 種別 戸籍統一文字情報 親字・正字, ホップ数 1
U+7BAF	𥲼	箯	reduction	mj-shrink-map	merge	MJ043942: 法務省戸籍法関連通達・通知, 種別 戸籍統一文字情報 親字・正字, ホップ数 1
U+7BC0	節	節	compatibility	unicode-ucd	merge	7BC0
U+7BC0	節	節	compatibility	unicode-ucd	merge	7BC0
U+7BC0	𠐉	節	reduction	mj-shrink-map	merge	MJ030852: 法務省戸籍法関連通達・通知, 種別 戸籍統一文字情報 親字・正字, ホップ数 1
U+7BC4	笵	範	reduction	mj-shrink-map	merge	MJ019429: 法務省戸籍法関連通達・通知, 種別 戸籍統一文字情報 親字・正字, ホップ数 1
U+7BC4	笵	範	variant	cjkvi-variants	corroborates	範→笵 jisx0213/variant
U+7BC5	𥬵	篅	reduction	mj-shrink-map	merge	MJ043702: 法務省戸籍法関連通達・通知, 種別 戸籍統一文字情報 親字・正字, ホップ数 1
U+7BC5	𥳙	篅	reduction	mj-shrink-map	merge	MJ043967: 法務省戸籍法関連通達・通知, 種別 戸籍統一文字情報 親字・正字, ホップ数 1
U+7BC5	𥵣	篅	reduction	mj-shrink-map	merge	MJ044046: 法務省戸籍法関連通達・通知, 種別 戸籍統一文字情報 親字・正字, ホップ数 1
U+7BC6	篆	篆	compatibility	unicode-ucd	merge	7BC6
U+7BC6	蒃	篆	reduction	mj-shrink-map	merge	MJ022427: 法務省戸籍法関連通達・通知, 種別 戸籍統一文字情報 親字・正字, ホップ数 1
U+7BC9	築	築	compatibility	unicode-ucd	merge	7BC9
U+7BC9	𥭰	築	reduction	mj-shrink-map	merge	MJ043748: 法務省戸籍法関連通達・通知, 種別 戸籍統一文字情報 親字・正字, ホップ数 1
U+7BC9	𥯹	築	reduction	mj-shrink-map	merge	MJ043826: 法務省戸籍法関連通達・通知, 種別 戸籍統一文字情報 親字・正字, ホップ数 1
U+7BC9	𥰺	築	reduction	mj-shrink-map	merge	MJ043870: 法務省戸籍法関連通達・通知, 種別 戸籍統一文字情報 親字・正字, ホップ数 1
U+7BC9	𥲒	築	reduction	mj-shrink-map	merge	MJ043915: 法務省戸籍法関連通達・通知, 種別 戸籍統一文字情報 親字・正字, ホップ数 1
U+7BC9	𥵭	築	reduction	mj-shrink-map	merge	MJ044056: 法務省戸籍法関連通達・通知, 種別 戸籍統一文字情報 親字・正字, ホップ数 1
U+7BD4	䉙	篔	reduction	mj-shrink-map	merge	MJ003396: 法務省戸籍法関連通達・通知, 種別 戸籍統一文字情報 親字・正字, ホップ数 1
U+7BDD	𥱏	篝	reduction	mj-shrink-map	merge	MJ043883: 法務省戸籍法関連通達・通知, 種別 戸籍統一文字情報 親字・正字, ホップ数 1
U+7BDD	𥲙	篝	reduction	mj-shrink-map	merge	MJ043920: 法務省戸籍法関連通達・通知, 種別 戸籍統一文字情報 親字・正字, ホップ数 1
U+7BDD	𥵡	篝	reduction	mj-shrink-map	merge	MJ044044: 法務省戸籍法関連通達・通知, 種別 戸籍統一文字情報 親字・正字, ホップ数 1
U+7BE0	𥭸	篠	reduction	mj-shrink-map	merge	MJ043751: 法務省戸籍法関連通達・通知, 種別 戸籍統一文字情報 親字・正字, ホップ数 1
U+7BE4	䈞	篤	reduction	mj-shrink-map	merge	MJ003336: 法務省戸籍法関連通達・通知, 種別 戸籍統一文字情報 親字・正字, ホップ数 1
U+7BE6	箆	篦	reduction	mj-shrink-map	merge	MJ019508: 法務省戸籍法関連通達・通知, 種別 戸籍統一文字情報 親字・正字, ホップ数 1
U+7BE6	箆	篦	variant	cjkvi-variants	corroborates	箆→篦 jisx0212/variant | 箆→篦 jisx0213/variant | 篦→箆 hydzd/variant | 篦→箆 twedu/variant
U+7BE6	箆	篦	variant	wikidata	corroborates	Q109756423; P248 Q10427532 | Q109756541; P248 Q10427532
U+7BE6	箆	篦	equivalent	yitizi	corroborates	yitizi.txt 箆篦
U+7BE6	𫞾	箆	reduction	mj-shrink-map	merge	MJ058271: 法務省戸籍法関連通達・通知, 種別 戸籍統一文字情報 親字・正字, ホップ数 1
U+7BE9	籭	篩	reduction	mj-shrink-map	merge	MJ019786: 法務省戸籍法関連通達・通知, 種別 戸籍統一文字情報 親字・正字, ホップ数 1
U+7BEA	䶵	篪	reduction	mj-shrink-map	merge	MJ006293: 法務省戸籍法関連通達・通知, 種別 戸籍統一文字情報 親字・正字, ホップ数 1
U+7BEA	竾	篪	reduction	mj-shrink-map	merge	MJ019371: 法務省戸籍法関連通達・通知, 種別 戸籍統一文字情報 親字・正字, ホップ数 1
U+7BEA	𥰽	篪	reduction	mj-shrink-map	merge	MJ043873: 法務省戸籍法関連通達・通知, 種別 戸籍統一文字情報 親字・正字, ホップ数 1
U+7BEA	𥳠	篪	reduction	mj-shrink-map	merge	MJ043974: 法務省戸籍法関連通達・通知, 種別 戸籍統一文字情報 親字・正字, ホップ数 1
U+7BF3	𥴂	篳	reduction	mj-shrink-map	merge	MJ044000: 法務省戸籍法関連通達・通知, 種別 戸籍統一文字情報 親字・正字, ホップ数 1
U+7BF7	𥴣	篷	reduction	mj-shrink-map	merge	MJ044008: 法務省戸籍法関連通達・通知, 種別 戸籍統一文字情報 親字・正字, ホップ数 1
U+7C00	蔶	簀	reduction	mj-shrink-map	merge	MJ022742: 法務省戸籍法関連通達・通知, 種別 戸籍統一文字情報 親字・正字, ホップ数 1
U+7C00	𤖓	簀	reduction	mj-shrink-map	merge	MJ040321: 法務省戸籍法関連通達・通知, 種別 戸籍統一文字情報 親字・正字, ホップ数 1
U+7C0B	㔳	簋	reduction	mj-shrink-map	merge	MJ000268: 法務省戸籍法関連通達・通知, 種別 戸籍統一文字情報 親字・正字, ホップ数 1
U+7C0B	𣌽	簋	reduction	mj-shrink-map	merge	MJ037857: 法務省戸籍法関連通達・通知, 種別 戸籍統一文字情報 親字・正字, ホップ数 1
U+7C0B	𥁬	簋	reduction	mj-shrink-map	merge	MJ042090: 法務省戸籍法関連通達・通知, 種別 戸籍統一文字情報 親字・正字, ホップ数 1
U+7C0E	𥶪	簎	reduction	mj-shrink-map	merge	MJ044098: 法務省戸籍法関連通達・通知, 種別 戸籍統一文字情報 親字・正字, ホップ数 1
U+7C0F	箓	簏	reduction	mj-shrink-map	merge	MJ019525: 法務省戸籍法関連通達・通知, 種別 戸籍統一文字情報 親字・正字, ホップ数 1
U+7C11	簔	簑	reduction	mj-shrink-map	merge	MJ019676: 法務省戸籍法関連通達・通知, 種別 戸籍統一文字情報 親字・正字, ホップ数 1
U+7C11	簑	簔	variant	cjkvi-variants	corroborates	簑→簔 jisx0212/variant | 簔→簑 jisx0213/variant
U+7C11	簑	簔	equivalent	yitizi	corroborates	ytenx/JihThex.csv
U+7C17	𫞿	簗	reduction	mj-shrink-map	merge	MJ058272: 法務省戸籍法関連通達・通知, 種別 戸籍統一文字情報 親字・正字, ホップ数 1
U+7C1F	𥸖	簟	reduction	mj-shrink-map	merge	MJ044165: 法務省戸籍法関連通達・通知, 種別 戸籍統一文字情報 親字・正字, ホップ数 1
U+7C20	盙	簠	reduction	mj-shrink-map	merge	MJ018091: 法務省戸籍法関連通達・通知, 種別 戸籍統一文字情報 親字・正字, ホップ数 1
U+7C20	𠤱	簠	reduction	mj-shrink-map	merge	MJ031670: 法務省戸籍法関連通達・通知, 種別 戸籍統一文字情報 親字・正字, ホップ数 1
U+7C20	𦻌	簠	reduction	mj-shrink-map	merge	MJ046914: 法務省戸籍法関連通達・通知, 種別 戸籍統一文字情報 親字・正字, ホップ数 1
U+7C20	𧁔	簠	reduction	mj-shrink-map	merge	MJ047166: 法務省戸籍法関連通達・通知, 種別 戸籍統一文字情報 親字・正字, ホップ数 1
U+7C21	簡	𥳑	itaiji	mj-kanji	merge	X0213 包摂
U+7C21	𥳑	簡	reduction	mj-shrink-map	merge	MJ043959: 法務省戸籍法関連通達・通知, 種別 戸籍統一文字情報 親字・正字, ホップ数 1
U+7C23	籄	簣	reduction	mj-shrink-map	merge	MJ019728: 法務省戸籍法関連通達・通知, 種別 戸籍統一文字情報 親字・正字, ホップ数 1
U+7C2A	𥯓	簪	reduction	mj-shrink-map	merge	MJ043789: 法務省戸籍法関連通達・通知, 種別 戸籍統一文字情報 親字・正字, ホップ数 1
U+7C2B	𪛕	簫	reduction	mj-shrink-map	merge	MJ056816: 法務省戸籍法関連通達・通知, 種別 戸籍統一文字情報 親字・正字, ホップ数 1
U+7C2B	𪛖	簫	reduction	mj-shrink-map	merge	MJ056817: 法務省戸籍法関連通達・通知, 種別 戸籍統一文字情報 親字・正字, ホップ数 1
U+7C36	䩮	䩮	compatibility	unicode-ucd	merge	4A6E
U+7C36	䩮	簶	reduction	mj-shrink-map	merge	MJ005460: 法務省戸籍法関連通達・通知, 種別 戸籍統一文字情報 親字・正字, ホップ数 1
U+7C3E	簾	簾	compatibility	unicode-ucd	merge	7C3E
U+7C45	𥰩	籅	reduction	mj-shrink-map	merge	MJ043853: 法務省戸籍法関連通達・通知, 種別 戸籍統一文字情報 親字・正字, ホップ数 1
U+7C4C	𥵽	籌	reduction	mj-shrink-map	merge	MJ044068: 法務省戸籍法関連通達・通知, 種別 戸籍統一文字情報 親字・正字, ホップ数 1
U+7C4D	𥷸	籍	reduction	mj-shrink-map	merge	MJ044150: 法務省戸籍法関連通達・通知, 種別 戸籍統一文字情報 親字・正字, ホップ数 1
U+7C51	籑	𥶉	z	unihan	merge	籑→𥶉 kZVariant | 𥶉→籑 kZVariant
U+7C54	𥯴	籔	reduction	mj-shrink-map	merge	MJ043821: 法務省戸籍法関連通達・通知, 種別 戸籍統一文字情報 親字・正字, ホップ数 1
U+7C59	𩌫	籙	reduction	mj-shrink-map	merge	MJ053221: 法務省戸籍法関連通達・通知, 種別 戸籍統一文字情報 親字・正字, ホップ数 1
U+7C5C	籜	𫾟	z	unihan	merge	籜→𫾟 kZVariant | 𫾟→籜 kZVariant
U+7C5E	𠏣	籞	reduction	mj-shrink-map	merge	MJ030835: 法務省戸籍法関連通達・通知, 種別 戸籍統一文字情報 親字・正字, ホップ数 1
U+7C5E	𩵎	籞	reduction	mj-shrink-map	merge	MJ055083: 法務省戸籍法関連通達・通知, 種別 戸籍統一文字情報 親字・正字, ホップ数 1
U+7C60	籠	籠	compatibility	unicode-ucd	merge	7C60
U+7C60	𦌼	籠	reduction	mj-shrink-map	merge	MJ044959: 法務省戸籍法関連通達・通知, 種別 戸籍統一文字情報 親字・正字, ホップ数 1
U+7C60	𪚖	籠	reduction	mj-shrink-map	merge	MJ056764: 法務省戸籍法関連通達・通知, 種別 戸籍統一文字情報 親字・正字, ホップ数 1
U+7C64	籖	籤	reduction	mj-shrink-map	merge	MJ019750: 法務省戸籍法関連通達・通知, 種別 戸籍統一文字情報 親字・正字, ホップ数 1
U+7C64	籖	籤	variant	cjkvi-variants	corroborates	籖→籤 jisx0213/variant | 籤→籖 jisx0212/variant | 籤→籖 twedu/variant
U+7C64	籖	籤	variant	wikidata	corroborates	Q109756706; P248 Q10427532 | Q109756722; P248 Q10427532
U+7C64	籖	籤	equivalent	yitizi	corroborates	ytenx/JihThex.csv
U+7C6F	籝	籯	reduction	mj-shrink-map	merge	MJ019761: 法務省戸籍法関連通達・通知, 種別 戸籍統一文字情報 親字・正字, ホップ数 1
U+7C6F	𥯰	籯	reduction	mj-shrink-map	merge	MJ043818: 法務省戸籍法関連通達・通知, 種別 戸籍統一文字情報 親字・正字, ホップ数 1
U+7C73	𡭝	米	reduction	mj-shrink-map	merge	MJ034197: 法務省戸籍法関連通達・通知, 種別 戸籍統一文字情報 親字・正字, ホップ数 1
U+7C79	𥹡	籹	reduction	mj-shrink-map	merge	MJ044218: 法務省戸籍法関連通達・通知, 種別 戸籍統一文字情報 親字・正字, ホップ数 1
U+7C7B	类	类	compatibility	unicode-ucd	merge	7C7B
U+7C83	粊	粃	reduction	mj-shrink-map	merge	MJ019821: 法務省戸籍法関連通達・通知, 種別 戸籍統一文字情報 親字・正字, ホップ数 1
U+7C8B	粹	粋	reduction	mj-shrink-map	merge	MJ019870: 法務省戸籍法関連通達・通知, 種別 戸籍統一文字情報 親字・正字, ホップ数 1
U+7C92	粒	粒	compatibility	unicode-ucd	merge	7C92
U+7C92	𩚷	粒	reduction	mj-shrink-map	merge	MJ053909: 法務省戸籍法関連通達・通知, 種別 戸籍統一文字情報 親字・正字, ホップ数 1
U+7C94	𪌖	粔	reduction	mj-shrink-map	merge	MJ056031: 法務省戸籍法関連通達・通知, 種別 戸籍統一文字情報 親字・正字, ホップ数 1
U+7C95	𨠘	粕	reduction	mj-shrink-map	merge	MJ051511: 法務省戸籍法関連通達・通知, 種別 戸籍統一文字情報 親字・正字, ホップ数 1
U+7C97	𥼡	粗	reduction	mj-shrink-map	merge	MJ044330: 法務省戸籍法関連通達・通知, 種別 戸籍統一文字情報 親字・正字, ホップ数 1
U+7C98	𥹽	粘	reduction	mj-shrink-map	merge	MJ044237: 法務省戸籍法関連通達・通知, 種別 戸籍統一文字情報 親字・正字, ホップ数 1
U+7C9B	䏋	肅	reduction	mj-shrink-map	merge	MJ003764: 法務省戸籍法関連通達・通知, 種別 戸籍統一文字情報 親字・正字, ホップ数 1
U+7C9B	肅	粛	reduction	mj-shrink-map	merge	MJ020905: 法務省戸籍法関連通達・通知, 種別 戸籍統一文字情報 親字・正字, ホップ数 1
U+7C9B	𢙻	肅	reduction	mj-shrink-map	merge	MJ036088: 法務省戸籍法関連通達・通知, 種別 戸籍統一文字情報 親字・正字, ホップ数 1
U+7C9B	𦘛	肅	reduction	mj-shrink-map	merge	MJ045451: 法務省戸籍法関連通達・通知, 種別 戸籍統一文字情報 親字・正字, ホップ数 1
U+7C9B	𦘝	肅	reduction	mj-shrink-map	merge	MJ045452: 法務省戸籍法関連通達・通知, 種別 戸籍統一文字情報 親字・正字, ホップ数 1
U+7C9B	𮌄	肅	reduction	mj-shrink-map	merge	MJ058374: 法務省戸籍法関連通達・通知, 種別 戸籍統一文字情報 親字・正字, ホップ数 1
U+7C9B	𮌆	肅	reduction	mj-shrink-map	merge	MJ058376: 法務省戸籍法関連通達・通知, 種別 戸籍統一文字情報 親字・正字, ホップ数 1
U+7C9F	䅇	粟	reduction	mj-shrink-map	merge	MJ003115: 法務省戸籍法関連通達・通知, 種別 戸籍統一文字情報 親字・正字, ホップ数 1
U+7C9F	𠧼	粟	reduction	mj-shrink-map	merge	MJ031804: 法務省戸籍法関連通達・通知, 種別 戸籍統一文字情報 親字・正字, ホップ数 1
U+7C9F	𥸫	粟	reduction	mj-shrink-map	merge	MJ044178: 法務省戸籍法関連通達・通知, 種別 戸籍統一文字情報 親字・正字, ホップ数 1
U+7C9F	𥹟	粟	reduction	mj-shrink-map	merge	MJ044216: 法務省戸籍法関連通達・通知, 種別 戸籍統一文字情報 親字・正字, ホップ数 1
U+7C9F	𥻆	粟	reduction	mj-shrink-map	merge	MJ044269: 法務省戸籍法関連通達・通知, 種別 戸籍統一文字情報 親字・正字, ホップ数 1
U+7CA2	𥸷	粢	reduction	mj-shrink-map	merge	MJ044188: 法務省戸籍法関連通達・通知, 種別 戸籍統一文字情報 親字・正字, ホップ数 1
U+7CA4	𠿋	粤	reduction	mj-shrink-map	merge	MJ032603: 法務省戸籍法関連通達・通知, 種別 戸籍統一文字情報 親字・正字, ホップ数 1
U+7CA4	𡩭	粤	reduction	mj-shrink-map	merge	MJ034049: 法務省戸籍法関連通達・通知, 種別 戸籍統一文字情報 親字・正字, ホップ数 1
U+7CA4	𦉿	粤	reduction	mj-shrink-map	merge	MJ044837: 法務省戸籍法関連通達・通知, 種別 戸籍統一文字情報 親字・正字, ホップ数 1
U+7CA4	𫒀	粤	reduction	mj-shrink-map	merge	MJ058288: 法務省戸籍法関連通達・通知, 種別 戸籍統一文字情報 親字・正字, ホップ数 1
U+7CA5	𥺞	粥	reduction	mj-shrink-map	merge	MJ044251: 法務省戸籍法関連通達・通知, 種別 戸籍統一文字情報 親字・正字, ホップ数 1
U+7CA5	𩱟	粥	reduction	mj-shrink-map	merge	MJ054905: 法務省戸籍法関連通達・通知, 種別 戸籍統一文字情報 親字・正字, ホップ数 1
U+7CA6	𧃮	粦	reduction	mj-shrink-map	merge	MJ047256: 法務省戸籍法関連通達・通知, 種別 戸籍統一文字情報 親字・正字, ホップ数 1
U+7CA6	𮇣	粦	reduction	mj-shrink-map	merge	MJ058291: 法務省戸籍法関連通達・通知, 種別 戸籍統一文字情報 親字・正字, ホップ数 1
U+7CB1	𥞹	粱	reduction	mj-shrink-map	merge	MJ043189: 法務省戸籍法関連通達・通知, 種別 戸籍統一文字情報 親字・正字, ホップ数 1
U+7CB2	𡛹	粲	reduction	mj-shrink-map	merge	MJ033568: 法務省戸籍法関連通達・通知, 種別 戸籍統一文字情報 親字・正字, ホップ数 1
U+7CB2	𥹏	粲	reduction	mj-shrink-map	merge	MJ044206: 法務省戸籍法関連通達・通知, 種別 戸籍統一文字情報 親字・正字, ホップ数 1
U+7CB6	𥼙	粶	reduction	mj-shrink-map	merge	MJ044322: 法務省戸籍法関連通達・通知, 種別 戸籍統一文字情報 親字・正字, ホップ数 1
U+7CBC	𤏞	粼	reduction	mj-shrink-map	merge	MJ040080: 法務省戸籍法関連通達・通知, 種別 戸籍統一文字情報 親字・正字, ホップ数 1
U+7CBC	𥳞	粼	reduction	mj-shrink-map	merge	MJ043972: 法務省戸籍法関連通達・通知, 種別 戸籍統一文字情報 親字・正字, ホップ数 1
U+7CBC	𥷖	粼	reduction	mj-shrink-map	merge	MJ044125: 法務省戸籍法関連通達・通知, 種別 戸籍統一文字情報 親字・正字, ホップ数 1
U+7CBE	精	精	compatibility	unicode-ucd	merge	7CBE
U+7CBE	䊒	精	reduction	mj-shrink-map	merge	MJ003455: 法務省戸籍法関連通達・通知, 種別 戸籍統一文字情報 親字・正字, ホップ数 1
U+7CC8	𥚩	糈	reduction	mj-shrink-map	merge	MJ043031: 法務省戸籍法関連通達・通知, 種別 戸籍統一文字情報 親字・正字, ホップ数 1
U+7CC8	𥺳	糈	reduction	mj-shrink-map	merge	MJ044258: 法務省戸籍法関連通達・通知, 種別 戸籍統一文字情報 親字・正字, ホップ数 1
U+7CC8	𥺸	糈	reduction	mj-shrink-map	merge	MJ044262: 法務省戸籍法関連通達・通知, 種別 戸籍統一文字情報 親字・正字, ホップ数 1
U+7CC8	𩰠	糈	reduction	mj-shrink-map	merge	MJ054855: 法務省戸籍法関連通達・通知, 種別 戸籍統一文字情報 親字・正字, ホップ数 1
U+7CD2	糒	糒	compatibility	unicode-ucd	merge	7CD2
U+7CD2	𥺢	糒	reduction	mj-shrink-map	merge	MJ044255: 法務省戸籍法関連通達・通知, 種別 戸籍統一文字情報 親字・正字, ホップ数 1
U+7CD2	𥼉	糒	reduction	mj-shrink-map	merge	MJ044318: 法務省戸籍法関連通達・通知, 種別 戸籍統一文字情報 親字・正字, ホップ数 1
U+7CD2	𥼓	糒	reduction	mj-shrink-map	merge	MJ044320: 法務省戸籍法関連通達・通知, 種別 戸籍統一文字情報 親字・正字, ホップ数 1
U+7CD2	𪌾	糒	reduction	mj-shrink-map	merge	MJ056061: 法務省戸籍法関連通達・通知, 種別 戸籍統一文字情報 親字・正字, ホップ数 1
U+7CD2	𪍞	糒	reduction	mj-shrink-map	merge	MJ056091: 法務省戸籍法関連通達・通知, 種別 戸籍統一文字情報 親字・正字, ホップ数 1
U+7CD6	糖	糖	compatibility	unicode-ucd	merge	7CD6
U+7CD6	糛	糖	reduction	mj-shrink-map	merge	MJ019913: 法務省戸籍法関連通達・通知, 種別 戸籍統一文字情報 親字・正字, ホップ数 1
U+7CD6	𥼽	糖	reduction	mj-shrink-map	merge	MJ044348: 法務省戸籍法関連通達・通知, 種別 戸籍統一文字情報 親字・正字, ホップ数 1
U+7CD6	𥽻	糖	reduction	mj-shrink-map	merge	MJ044386: 法務省戸籍法関連通達・通知, 種別 戸籍統一文字情報 親字・正字, ホップ数 1
U+7CD7	𥽃	糗	reduction	mj-shrink-map	merge	MJ044354: 法務省戸籍法関連通達・通知, 種別 戸籍統一文字情報 親字・正字, ホップ数 1
U+7CDC	䭧	糜	reduction	mj-shrink-map	merge	MJ005732: 法務省戸籍法関連通達・通知, 種別 戸籍統一文字情報 親字・正字, ホップ数 1
U+7CDC	𢌑	糜	reduction	mj-shrink-map	merge	MJ035465: 法務省戸籍法関連通達・通知, 種別 戸籍統一文字情報 親字・正字, ホップ数 1
U+7CDC	𪎖	糜	reduction	mj-shrink-map	merge	MJ056134: 法務省戸籍法関連通達・通知, 種別 戸籍統一文字情報 親字・正字, ホップ数 1
U+7CDD	糂	糝	reduction	mj-shrink-map	merge	MJ019880: 法務省戸籍法関連通達・通知, 種別 戸籍統一文字情報 親字・正字, ホップ数 1
U+7CDD	糣	糣	compatibility	unicode-ucd	merge	7CE3
U+7CDD	糣	糂	reduction	mj-shrink-map	merge	MJ019924: 法務省戸籍法関連通達・通知, 種別 戸籍統一文字情報 親字・正字, ホップ数 1
U+7CDE	𡐢	糞	reduction	mj-shrink-map	merge	MJ033170: 法務省戸籍法関連通達・通知, 種別 戸籍統一文字情報 親字・正字, ホップ数 1
U+7CDE	𤲲	糞	reduction	mj-shrink-map	merge	MJ041442: 法務省戸籍法関連通達・通知, 種別 戸籍統一文字情報 親字・正字, ホップ数 1
U+7CDE	𥻎	糞	reduction	mj-shrink-map	merge	MJ044277: 法務省戸籍法関連通達・通知, 種別 戸籍統一文字情報 親字・正字, ホップ数 1
U+7CDE	𥻔	糞	reduction	mj-shrink-map	merge	MJ044283: 法務省戸籍法関連通達・通知, 種別 戸籍統一文字情報 親字・正字, ホップ数 1
U+7CDE	𥼇	糞	reduction	mj-shrink-map	merge	MJ044316: 法務省戸籍法関連通達・通知, 種別 戸籍統一文字情報 親字・正字, ホップ数 1
U+7CDE	𥼈	糞	reduction	mj-shrink-map	merge	MJ044317: 法務省戸籍法関連通達・通知, 種別 戸籍統一文字情報 親字・正字, ホップ数 1
U+7CDE	𨤝	糞	reduction	mj-shrink-map	merge	MJ051678: 法務省戸籍法関連通達・通知, 種別 戸籍統一文字情報 親字・正字, ホップ数 1
U+7CDF	醩	糟	reduction	mj-shrink-map	merge	MJ026544: 法務省戸籍法関連通達・通知, 種別 戸籍統一文字情報 親字・正字, ホップ数 1
U+7CDF	𥽾	糟	reduction	mj-shrink-map	merge	MJ044389: 法務省戸籍法関連通達・通知, 種別 戸籍統一文字情報 親字・正字, ホップ数 1
U+7CDF	𨠷	糟	reduction	mj-shrink-map	merge	MJ051522: 法務省戸籍法関連通達・通知, 種別 戸籍統一文字情報 親字・正字, ホップ数 1
U+7CDF	𨣹	糟	reduction	mj-shrink-map	merge	MJ051651: 法務省戸籍法関連通達・通知, 種別 戸籍統一文字情報 親字・正字, ホップ数 1
U+7CDF	𨤈	糟	reduction	mj-shrink-map	merge	MJ051662: 法務省戸籍法関連通達・通知, 種別 戸籍統一文字情報 親字・正字, ホップ数 1
U+7CE7	糧	糧	compatibility	unicode-ucd	merge	7CE7
U+7CE7	𥣷	糧	reduction	mj-shrink-map	merge	MJ043354: 法務省戸籍法関連通達・通知, 種別 戸籍統一文字情報 親字・正字, ホップ数 1
U+7CE8	糨	糨	compatibility	unicode-ucd	merge	7CE8
U+7CEF	𥻟	糯	reduction	mj-shrink-map	merge	MJ044289: 法務省戸籍法関連通達・通知, 種別 戸籍統一文字情報 親字・正字, ホップ数 1
U+7CF2	䊪	糲	reduction	mj-shrink-map	merge	MJ003481: 法務省戸籍法関連通達・通知, 種別 戸籍統一文字情報 親字・正字, ホップ数 1
U+7CF4	䨀	糴	reduction	mj-shrink-map	merge	MJ005352: 法務省戸籍法関連通達・通知, 種別 戸籍統一文字情報 親字・正字, ホップ数 1
U+7CF6	𥺋	糶	reduction	mj-shrink-map	merge	MJ044243: 法務省戸籍法関連通達・通知, 種別 戸籍統一文字情報 親字・正字, ホップ数 1
U+7CF6	𥽀	糶	reduction	mj-shrink-map	merge	MJ044351: 法務省戸籍法関連通達・通知, 種別 戸籍統一文字情報 親字・正字, ホップ数 1
U+7CF8	絲	糸	reduction	mj-shrink-map	merge	MJ020109: 法務省戸籍法関連通達・通知, 種別 戸籍統一文字情報 親字・正字, ホップ数 1
U+7CF8	𢇃	絲	reduction	mj-shrink-map	merge	MJ035246: 法務省戸籍法関連通達・通知, 種別 戸籍統一文字情報 親字・正字, ホップ数 1
U+7CFA	𤓱	糺	reduction	mj-shrink-map	merge	MJ040209: 法務省戸籍法関連通達・通知, 種別 戸籍統一文字情報 親字・正字, ホップ数 1
U+7CFB	𢁴	系	reduction	mj-shrink-map	merge	MJ035006: 法務省戸籍法関連通達・通知, 種別 戸籍統一文字情報 親字・正字, ホップ数 1
U+7CFB	𣫦	系	reduction	mj-shrink-map	merge	MJ038954: 法務省戸籍法関連通達・通知, 種別 戸籍統一文字情報 親字・正字, ホップ数 1
U+7CFB	𦃟	系	reduction	mj-shrink-map	merge	MJ044604: 法務省戸籍法関連通達・通知, 種別 戸籍統一文字情報 親字・正字, ホップ数 1
U+7CFE	𥾆	𥾆	compatibility	unicode-ucd	merge	25F86
U+7CFE	𥾆	糾	reduction	mj-shrink-map	merge	MJ044396: 法務省戸籍法関連通達・通知, 種別 戸籍統一文字情報 親字・正字, ホップ数 1
U+7D00	紀	紀	compatibility	unicode-ucd	merge	7D00
U+7D00	𥿓	紀	reduction	mj-shrink-map	merge	MJ044448: 法務省戸籍法関連通達・通知, 種別 戸籍統一文字情報 親字・正字, ホップ数 1
U+7D02	𩋰	紂	reduction	mj-shrink-map	merge	MJ053181: 法務省戸籍法関連通達・通知, 種別 戸籍統一文字情報 親字・正字, ホップ数 1
U+7D03	𥾖	紃	reduction	mj-shrink-map	merge	MJ044409: 法務省戸籍法関連通達・通知, 種別 戸籍統一文字情報 親字・正字, ホップ数 1
U+7D04	𠣩	約	reduction	mj-shrink-map	merge	MJ031623: 法務省戸籍法関連通達・通知, 種別 戸籍統一文字情報 親字・正字, ホップ数 1
U+7D06	䊸	紆	reduction	mj-shrink-map	merge	MJ003496: 法務省戸籍法関連通達・通知, 種別 戸籍統一文字情報 親字・正字, ホップ数 1
U+7D07	𥾨	紇	reduction	mj-shrink-map	merge	MJ044422: 法務省戸籍法関連通達・通知, 種別 戸籍統一文字情報 親字・正字, ホップ数 1
U+7D0B	𮈄	紋	reduction	mj-shrink-map	merge	MJ058302: 法務省戸籍法関連通達・通知, 種別 戸籍統一文字情報 親字・正字, ホップ数 1
U+7D10	紐	紐	compatibility	unicode-ucd	merge	7D10
U+7D10	靵	紐	reduction	mj-shrink-map	merge	MJ027952: 法務省戸籍法関連通達・通知, 種別 戸籍統一文字情報 親字・正字, ホップ数 1
U+7D13	䋡	紓	reduction	mj-shrink-map	merge	MJ003539: 法務省戸籍法関連通達・通知, 種別 戸籍統一文字情報 親字・正字, ホップ数 1
U+7D14	㝄	純	reduction	mj-shrink-map	merge	MJ000729: 法務省戸籍法関連通達・通知, 種別 戸籍統一文字情報 親字・正字, ホップ数 1
U+7D14	𠄤	純	reduction	mj-shrink-map	merge	MJ030469: 法務省戸籍法関連通達・通知, 種別 戸籍統一文字情報 親字・正字, ホップ数 1
U+7D15	毞	紕	reduction	mj-shrink-map	merge	MJ014953: 法務省戸籍法関連通達・通知, 種別 戸籍統一文字情報 親字・正字, ホップ数 1
U+7D15	𣭁	紕	reduction	mj-shrink-map	merge	MJ039013: 法務省戸籍法関連通達・通知, 種別 戸籍統一文字情報 親字・正字, ホップ数 1
U+7D17	𠋝	紗	reduction	mj-shrink-map	merge	MJ030696: 法務省戸籍法関連通達・通知, 種別 戸籍統一文字情報 親字・正字, ホップ数 1
U+7D17	𦀟	紗	reduction	mj-shrink-map	merge	MJ044493: 法務省戸籍法関連通達・通知, 種別 戸籍統一文字情報 親字・正字, ホップ数 1
U+7D18	紭	紘	reduction	mj-shrink-map	merge	MJ020021: 法務省戸籍法関連通達・通知, 種別 戸籍統一文字情報 親字・正字, ホップ数 1
U+7D18	絋	紘	reduction	mj-shrink-map	merge	MJ020059: 法務省戸籍法関連通達・通知, 種別 戸籍統一文字情報 親字・正字, ホップ数 1
U+7D18	紘	絋	variant	wikidata	corroborates	Q109756921; P248 Q10427532 | Q109756975; P248 Q10427532
U+7D18	綋	紘	reduction	mj-shrink-map	merge	MJ020140: 法務省戸籍法関連通達・通知, 種別 戸籍統一文字情報 親字・正字, ホップ数 1
U+7D19	帋	紙	reduction	mj-shrink-map	merge	MJ010816: 法務省戸籍法関連通達・通知, 種別 戸籍統一文字情報 親字・正字, ホップ数 1
U+7D19	帋	紙	variant	cjkvi-variants	corroborates	紙→帋 dypytz/variant | 紙→帋 hydzd/variant | 紙→帋 jisx0212/variant | 紙→帋 jisx0213/variant | 紙→帋 twedu/variant
U+7D19	帋	紙	variant	hng-basic-data	corroborates	08758 | 08758b
U+7D19	帋	紙	variant	wikidata	corroborates	Q109742004; P248 Q10427532 | Q54553131; P248 Q10427532
U+7D19	𦀦	紙	reduction	mj-shrink-map	merge	MJ044500: 法務省戸籍法関連通達・通知, 種別 戸籍統一文字情報 親字・正字, ホップ数 1
U+7D1A	𨸚	級	reduction	mj-shrink-map	merge	MJ052296: 法務省戸籍法関連通達・通知, 種別 戸籍統一文字情報 親字・正字, ホップ数 1
U+7D1C	𧶊	紜	reduction	mj-shrink-map	merge	MJ049652: 法務省戸籍法関連通達・通知, 種別 戸籍統一文字情報 親字・正字, ホップ数 1
U+7D1D	䋕	紝	reduction	mj-shrink-map	merge	MJ003527: 法務省戸籍法関連通達・通知, 種別 戸籍統一文字情報 親字・正字, ホップ数 1
U+7D1D	絍	紝	reduction	mj-shrink-map	merge	MJ020063: 法務省戸籍法関連通達・通知, 種別 戸籍統一文字情報 親字・正字, ホップ数 1
U+7D20	㕖	素	reduction	mj-shrink-map	merge	MJ000305: 法務省戸籍法関連通達・通知, 種別 戸籍統一文字情報 親字・正字, ホップ数 1
U+7D20	𦁘	素	reduction	mj-shrink-map	merge	MJ044521: 法務省戸籍法関連通達・通知, 種別 戸籍統一文字情報 親字・正字, ホップ数 1
U+7D20	𦃃	素	reduction	mj-shrink-map	merge	MJ044576: 法務省戸籍法関連通達・通知, 種別 戸籍統一文字情報 親字・正字, ホップ数 1
U+7D20	𦃚	素	reduction	mj-shrink-map	merge	MJ044599: 法務省戸籍法関連通達・通知, 種別 戸籍統一文字情報 親字・正字, ホップ数 1
U+7D22	索	索	compatibility	unicode-ucd	merge	7D22
U+7D22	䌇	索	reduction	mj-shrink-map	merge	MJ003578: 法務省戸籍法関連通達・通知, 種別 戸籍統一文字情報 親字・正字, ホップ数 1
U+7D22	𥿟	索	reduction	mj-shrink-map	merge	MJ044452: 法務省戸籍法関連通達・通知, 種別 戸籍統一文字情報 親字・正字, ホップ数 1
U+7D2C	䌧	紬	reduction	mj-shrink-map	merge	MJ003609: 法務省戸籍法関連通達・通知, 種別 戸籍統一文字情報 親字・正字, ホップ数 1
U+7D2E	紥	紮	reduction	mj-shrink-map	merge	MJ020013: 法務省戸籍法関連通達・通知, 種別 戸籍統一文字情報 親字・正字, ホップ数 1
U+7D2F	累	累	compatibility	unicode-ucd	merge	7D2F
U+7D2F	縲	累	reduction	mj-shrink-map	merge	MJ020354: 法務省戸籍法関連通達・通知, 種別 戸籍統一文字情報 親字・正字, ホップ数 1
U+7D2F	累	縲	variant	cjkvi-variants	corroborates	累→縲 jisx0213/variant | 縲→累 hydzd/variant
U+7D2F	𤳻	累	reduction	mj-shrink-map	merge	MJ041489: 法務省戸籍法関連通達・通知, 種別 戸籍統一文字情報 親字・正字, ホップ数 1
U+7D2F	𤴈	累	reduction	mj-shrink-map	merge	MJ041497: 法務省戸籍法関連通達・通知, 種別 戸籍統一文字情報 親字・正字, ホップ数 1
U+7D30	𥿳	細	reduction	mj-shrink-map	merge	MJ044468: 法務省戸籍法関連通達・通知, 種別 戸籍統一文字情報 親字・正字, ホップ数 1
U+7D31	𥾧	紱	reduction	mj-shrink-map	merge	MJ044421: 法務省戸籍法関連通達・通知, 種別 戸籍統一文字情報 親字・正字, ホップ数 1
U+7D31	𥿈	紱	reduction	mj-shrink-map	merge	MJ044438: 法務省戸籍法関連通達・通知, 種別 戸籍統一文字情報 親字・正字, ホップ数 1
U+7D33	𦁴	紳	reduction	mj-shrink-map	merge	MJ044535: 法務省戸籍法関連通達・通知, 種別 戸籍統一文字情報 親字・正字, ホップ数 1
U+7D33	𩉼	紳	reduction	mj-shrink-map	merge	MJ053078: 法務省戸籍法関連通達・通知, 種別 戸籍統一文字情報 親字・正字, ホップ数 1
U+7D35	𦂂	紵	reduction	mj-shrink-map	merge	MJ044540: 法務省戸籍法関連通達・通知, 種別 戸籍統一文字情報 親字・正字, ホップ数 1
U+7D35	𦅷	紵	reduction	mj-shrink-map	merge	MJ044673: 法務省戸籍法関連通達・通知, 種別 戸籍統一文字情報 親字・正字, ホップ数 1
U+7D39	綤	紹	reduction	mj-shrink-map	merge	MJ020177: 法務省戸籍法関連通達・通知, 種別 戸籍統一文字情報 親字・正字, ホップ数 1
U+7D39	𢇊	紹	reduction	mj-shrink-map	merge	MJ035251: 法務省戸籍法関連通達・通知, 種別 戸籍統一文字情報 親字・正字, ホップ数 1
U+7D3E	𥿜	紾	reduction	mj-shrink-map	merge	MJ044450: 法務省戸籍法関連通達・通知, 種別 戸籍統一文字情報 親字・正字, ホップ数 1
U+7D3F	緿	紿	reduction	mj-shrink-map	merge	MJ020287: 法務省戸籍法関連通達・通知, 種別 戸籍統一文字情報 親字・正字, ホップ数 1
U+7D41	䌳	絁	reduction	mj-shrink-map	merge	MJ003622: 法務省戸籍法関連通達・通知, 種別 戸籍統一文字情報 親字・正字, ホップ数 1
U+7D42	𠂂	終	reduction	mj-shrink-map	merge	MJ030370: 法務省戸籍法関連通達・通知, 種別 戸籍統一文字情報 親字・正字, ホップ数 1
U+7D42	𠔾	終	reduction	mj-shrink-map	merge	MJ031026: 法務省戸籍法関連通達・通知, 種別 戸籍統一文字情報 親字・正字, ホップ数 1
U+7D42	𡦿	終	reduction	mj-shrink-map	merge	MJ033939: 法務省戸籍法関連通達・通知, 種別 戸籍統一文字情報 親字・正字, ホップ数 1
U+7D42	𢍐	終	reduction	mj-shrink-map	merge	MJ035510: 法務省戸籍法関連通達・通知, 種別 戸籍統一文字情報 親字・正字, ホップ数 1
U+7D42	𣈩	終	reduction	mj-shrink-map	merge	MJ037746: 法務省戸籍法関連通達・通知, 種別 戸籍統一文字情報 親字・正字, ホップ数 1
U+7D42	𣊂	終	reduction	mj-shrink-map	merge	MJ037780: 法務省戸籍法関連通達・通知, 種別 戸籍統一文字情報 親字・正字, ホップ数 1
U+7D42	𣧩	終	reduction	mj-shrink-map	merge	MJ038777: 法務省戸籍法関連通達・通知, 種別 戸籍統一文字情報 親字・正字, ホップ数 1
U+7D42	𤽘	終	reduction	mj-shrink-map	merge	MJ041899: 法務省戸籍法関連通達・通知, 種別 戸籍統一文字情報 親字・正字, ホップ数 1
U+7D42	𤽬	終	reduction	mj-shrink-map	merge	MJ041910: 法務省戸籍法関連通達・通知, 種別 戸籍統一文字情報 親字・正字, ホップ数 1
U+7D42	𦄖	終	reduction	mj-shrink-map	merge	MJ044627: 法務省戸籍法関連通達・通知, 種別 戸籍統一文字情報 親字・正字, ホップ数 1
U+7D42	𦤒	終	reduction	mj-shrink-map	merge	MJ045924: 法務省戸籍法関連通達・通知, 種別 戸籍統一文字情報 親字・正字, ホップ数 1
U+7D45	蘏	絅	reduction	mj-shrink-map	merge	MJ023167: 法務省戸籍法関連通達・通知, 種別 戸籍統一文字情報 親字・正字, ホップ数 1
U+7D45	𢄗	絅	reduction	mj-shrink-map	merge	MJ035129: 法務省戸籍法関連通達・通知, 種別 戸籍統一文字情報 親字・正字, ホップ数 1
U+7D47	䋧	絇	reduction	mj-shrink-map	merge	MJ003546: 法務省戸籍法関連通達・通知, 種別 戸籍統一文字情報 親字・正字, ホップ数 1
U+7D47	𡱺	絇	reduction	mj-shrink-map	merge	MJ034362: 法務省戸籍法関連通達・通知, 種別 戸籍統一文字情報 親字・正字, ホップ数 1
U+7D47	𡳍	絇	reduction	mj-shrink-map	merge	MJ034417: 法務省戸籍法関連通達・通知, 種別 戸籍統一文字情報 親字・正字, ホップ数 1
U+7D4C	坕	經	reduction	mj-shrink-map	merge	MJ008950: 法務省戸籍法関連通達・通知, 種別 戸籍統一文字情報 親字・正字, ホップ数 1
U+7D4C	經	経	reduction	mj-shrink-map	merge	MJ020150: 法務省戸籍法関連通達・通知, 種別 戸籍統一文字情報 親字・正字, ホップ数 1
U+7D4C	𤔊	經	reduction	mj-shrink-map	merge	MJ040226: 法務省戸籍法関連通達・通知, 種別 戸籍統一文字情報 親字・正字, ホップ数 1
U+7D4C	𤔕	經	reduction	mj-shrink-map	merge	MJ040235: 法務省戸籍法関連通達・通知, 種別 戸籍統一文字情報 親字・正字, ホップ数 1
U+7D50	𥾫	結	reduction	mj-shrink-map	merge	MJ044425: 法務省戸籍法関連通達・通知, 種別 戸籍統一文字情報 親字・正字, ホップ数 1
U+7D59	𦀞	絙	reduction	mj-shrink-map	merge	MJ044492: 法務省戸籍法関連通達・通知, 種別 戸籍統一文字情報 親字・正字, ホップ数 1
U+7D5B	絛	絛	compatibility	unicode-ucd	merge	7D5B
U+7D5B	縧	絛	reduction	mj-shrink-map	merge	MJ020339: 法務省戸籍法関連通達・通知, 種別 戸籍統一文字情報 親字・正字, ホップ数 1
U+7D5B	𠍞	絛	reduction	mj-shrink-map	merge	MJ030770: 法務省戸籍法関連通達・通知, 種別 戸籍統一文字情報 親字・正字, ホップ数 1
U+7D61	𦃅	絡	reduction	mj-shrink-map	merge	MJ044578: 法務省戸籍法関連通達・通知, 種別 戸籍統一文字情報 親字・正字, ホップ数 1
U+7D61	𦃆	絡	reduction	mj-shrink-map	merge	MJ044579: 法務省戸籍法関連通達・通知, 種別 戸籍統一文字情報 親字・正字, ホップ数 1
U+7D62	𦃜	絢	reduction	mj-shrink-map	merge	MJ044601: 法務省戸籍法関連通達・通知, 種別 戸籍統一文字情報 親字・正字, ホップ数 1
U+7D63	絣	絣	compatibility	unicode-ucd	merge	7D63
U+7D71	綂	統	reduction	mj-shrink-map	merge	MJ020129: 法務省戸籍法関連通達・通知, 種別 戸籍統一文字情報 親字・正字, ホップ数 1
U+7D73	𥿸	絳	reduction	mj-shrink-map	merge	MJ044471: 法務省戸籍法関連通達・通知, 種別 戸籍統一文字情報 親字・正字, ホップ数 1
U+7D75	繪	絵	reduction	mj-shrink-map	merge	MJ020427: 法務省戸籍法関連通達・通知, 種別 戸籍統一文字情報 親字・正字, ホップ数 1
U+7D75	𦅩	繪	reduction	mj-shrink-map	merge	MJ044669: 法務省戸籍法関連通達・通知, 種別 戸籍統一文字情報 親字・正字, ホップ数 1
U+7D76	絕	絶	z	unihan	merge	絕→絶 kZVariant | 絶→絕 kZVariant
U+7D76	絕	絶	itaiji	mj-kanji	merge	X0213 包摂
U+7D76	撧	絶	reduction	mj-shrink-map	merge	MJ012782: 法務省戸籍法関連通達・通知, 種別 戸籍統一文字情報 親字・正字, ホップ数 1
U+7D76	絕	絶	reduction	mj-shrink-map	merge	MJ020072: 法務省戸籍法関連通達・通知, 種別 戸籍統一文字情報 親字・正字, ホップ数 1
U+7D76	𠤉	絶	reduction	mj-shrink-map	merge	MJ031641: 法務省戸籍法関連通達・通知, 種別 戸籍統一文字情報 親字・正字, ホップ数 1
U+7D76	𢇍	絶	reduction	mj-shrink-map	merge	MJ035254: 法務省戸籍法関連通達・通知, 種別 戸籍統一文字情報 親字・正字, ホップ数 1
U+7D76	𢴭	絶	reduction	mj-shrink-map	merge	MJ037007: 法務省戸籍法関連通達・通知, 種別 戸籍統一文字情報 親字・正字, ホップ数 1
U+7D79	𥿻	絹	reduction	mj-shrink-map	merge	MJ044474: 法務省戸籍法関連通達・通知, 種別 戸籍統一文字情報 親字・正字, ホップ数 1
U+7D83	𦂚	綃	reduction	mj-shrink-map	merge	MJ044563: 法務省戸籍法関連通達・通知, 種別 戸籍統一文字情報 親字・正字, ホップ数 1
U+7D86	䋁	綆	reduction	mj-shrink-map	merge	MJ003506: 法務省戸籍法関連通達・通知, 種別 戸籍統一文字情報 親字・正字, ホップ数 1
U+7D86	䌄	綆	reduction	mj-shrink-map	merge	MJ003575: 法務省戸籍法関連通達・通知, 種別 戸籍統一文字情報 親字・正字, ホップ数 1
U+7D8C	𢂲	綌	reduction	mj-shrink-map	merge	MJ035052: 法務省戸籍法関連通達・通知, 種別 戸籍統一文字情報 親字・正字, ホップ数 1
U+7D8C	𥿭	綌	reduction	mj-shrink-map	merge	MJ044462: 法務省戸籍法関連通達・通知, 種別 戸籍統一文字情報 親字・正字, ホップ数 1
U+7D8C	𦃁	綌	reduction	mj-shrink-map	merge	MJ044575: 法務省戸籍法関連通達・通知, 種別 戸籍統一文字情報 親字・正字, ホップ数 1
U+7D8C	𦃛	綌	reduction	mj-shrink-map	merge	MJ044600: 法務省戸籍法関連通達・通知, 種別 戸籍統一文字情報 親字・正字, ホップ数 1
U+7D99	㡭	繼	reduction	mj-shrink-map	merge	MJ001007: 法務省戸籍法関連通達・通知, 種別 戸籍統一文字情報 親字・正字, ホップ数 1
U+7D99	繼	継	reduction	mj-shrink-map	merge	MJ020451: 法務省戸籍法関連通達・通知, 種別 戸籍統一文字情報 親字・正字, ホップ数 1
U+7D99	𦁚	繼	reduction	mj-shrink-map	merge	MJ044523: 法務省戸籍法関連通達・通知, 種別 戸籍統一文字情報 親字・正字, ホップ数 1
U+7D99	𦇓	繼	reduction	mj-shrink-map	merge	MJ044734: 法務省戸籍法関連通達・通知, 種別 戸籍統一文字情報 親字・正字, ホップ数 1
U+7D99	𮈵	繼	reduction	mj-shrink-map	merge	MJ058322: 法務省戸籍法関連通達・通知, 種別 戸籍統一文字情報 親字・正字, ホップ数 1
U+7D9A	續	続	reduction	mj-shrink-map	merge	MJ020472: 法務省戸籍法関連通達・通知, 種別 戸籍統一文字情報 親字・正字, ホップ数 1
U+7D9A	𦁱	續	reduction	mj-shrink-map	merge	MJ044532: 法務省戸籍法関連通達・通知, 種別 戸籍統一文字情報 親字・正字, ホップ数 1
U+7DA6	綨	綦	reduction	mj-shrink-map	merge	MJ020181: 法務省戸籍法関連通達・通知, 種別 戸籍統一文字情報 親字・正字, ホップ数 1
U+7DA6	𥾎	綦	reduction	mj-shrink-map	merge	MJ044403: 法務省戸籍法関連通達・通知, 種別 戸籍統一文字情報 親字・正字, ホップ数 1
U+7DA6	𥾻	綦	reduction	mj-shrink-map	merge	MJ044431: 法務省戸籍法関連通達・通知, 種別 戸籍統一文字情報 親字・正字, ホップ数 1
U+7DAE	䋜	綮	reduction	mj-shrink-map	merge	MJ003535: 法務省戸籍法関連通達・通知, 種別 戸籍統一文字情報 親字・正字, ホップ数 1
U+7DAE	䋯	綮	reduction	mj-shrink-map	merge	MJ003554: 法務省戸籍法関連通達・通知, 種別 戸籍統一文字情報 親字・正字, ホップ数 1
U+7DAE	𦄊	綮	reduction	mj-shrink-map	merge	MJ044615: 法務省戸籍法関連通達・通知, 種別 戸籍統一文字情報 親字・正字, ホップ数 1
U+7DAF	𦃥	綯	reduction	mj-shrink-map	merge	MJ044609: 法務省戸籍法関連通達・通知, 種別 戸籍統一文字情報 親字・正字, ホップ数 1
U+7DAF	𮈋	綯	reduction	mj-shrink-map	merge	MJ058303: 法務省戸籍法関連通達・通知, 種別 戸籍統一文字情報 親字・正字, ホップ数 1
U+7DB1	㭃	綱	reduction	mj-shrink-map	merge	MJ001687: 法務省戸籍法関連通達・通知, 種別 戸籍統一文字情報 親字・正字, ホップ数 1
U+7DB1	䌉	綱	reduction	mj-shrink-map	merge	MJ003580: 法務省戸籍法関連通達・通知, 種別 戸籍統一文字情報 親字・正字, ホップ数 1
U+7DB1	𣓡	綱	reduction	mj-shrink-map	merge	MJ038080: 法務省戸籍法関連通達・通知, 種別 戸籍統一文字情報 親字・正字, ホップ数 1
U+7DB1	𦂴	綱	reduction	mj-shrink-map	merge	MJ044570: 法務省戸籍法関連通達・通知, 種別 戸籍統一文字情報 親字・正字, ホップ数 1
U+7DB1	𭩡	綱	reduction	mj-shrink-map	merge	MJ057704: 法務省戸籍法関連通達・通知, 種別 戸籍統一文字情報 親字・正字, ホップ数 1
U+7DB1	𮈣	綱	reduction	mj-shrink-map	merge	MJ058320: 法務省戸籍法関連通達・通知, 種別 戸籍統一文字情報 親字・正字, ホップ数 1
U+7DB2	䋄	網	reduction	mj-shrink-map	merge	MJ003509: 法務省戸籍法関連通達・通知, 種別 戸籍統一文字情報 親字・正字, ホップ数 1
U+7DB2	𦁒	網	reduction	mj-shrink-map	merge	MJ044515: 法務省戸籍法関連通達・通知, 種別 戸籍統一文字情報 親字・正字, ホップ数 1
U+7DB2	𮊌	網	reduction	mj-shrink-map	merge	MJ058343: 法務省戸籍法関連通達・通知, 種別 戸籍統一文字情報 親字・正字, ホップ数 1
U+7DB7	紣	綷	reduction	mj-shrink-map	merge	MJ020011: 法務省戸籍法関連通達・通知, 種別 戸籍統一文字情報 親字・正字, ホップ数 1
U+7DB8	𥿑	綸	reduction	mj-shrink-map	merge	MJ044447: 法務省戸籍法関連通達・通知, 種別 戸籍統一文字情報 親字・正字, ホップ数 1
U+7DBB	䘺	綻	reduction	mj-shrink-map	merge	MJ004429: 法務省戸籍法関連通達・通知, 種別 戸籍統一文字情報 親字・正字, ホップ数 1
U+7DBD	繛	綽	reduction	mj-shrink-map	merge	MJ020409: 法務省戸籍法関連通達・通知, 種別 戸籍統一文字情報 親字・正字, ホップ数 1
U+7DBD	𦈀	綽	reduction	mj-shrink-map	merge	MJ044767: 法務省戸籍法関連通達・通知, 種別 戸籍統一文字情報 親字・正字, ホップ数 1
U+7DBE	綾	綾	compatibility	unicode-ucd	merge	7DBE
U+7DBF	緜	綿	reduction	mj-shrink-map	merge	MJ020245: 法務省戸籍法関連通達・通知, 種別 戸籍統一文字情報 親字・正字, ホップ数 1
U+7DBF	綿	緜	variant	cjkvi-variants	corroborates	綿→緜 dypytz/variant | 綿→緜 jisx0213/variant | 綿→緜 twedu/variant
U+7DBF	綿	緜	variant	hng-basic-data	corroborates	08899 | 08899b
U+7DBF	綿	緜	variant	wikidata	corroborates	Q109757124; P248 Q10427532 | Q54901679; P248 Q10427532
U+7DC0	紪	緀	reduction	mj-shrink-map	merge	MJ020017: 法務省戸籍法関連通達・通知, 種別 戸籍統一文字情報 親字・正字, ホップ数 1
U+7DC7	緇	緇	compatibility	unicode-ucd	merge	7DC7
U+7DCF	緫	總	reduction	mj-shrink-map	merge	MJ020266: 法務省戸籍法関連通達・通知, 種別 戸籍統一文字情報 親字・正字, ホップ数 1
U+7DCF	縂	縂	compatibility	unicode-ucd	merge	7E02
U+7DCF	縂	總	reduction	mj-shrink-map	merge	MJ020291: 法務省戸籍法関連通達・通知, 種別 戸籍統一文字情報 親字・正字, ホップ数 1
U+7DCF	總	総	reduction	mj-shrink-map	merge	MJ020370: 法務省戸籍法関連通達・通知, 種別 戸籍統一文字情報 親字・正字, ホップ数 1
U+7DCF	𥾜	總	reduction	mj-shrink-map	merge	MJ044412: 法務省戸籍法関連通達・通知, 種別 戸籍統一文字情報 親字・正字, ホップ数 1
U+7DCF	𦀙	總	reduction	mj-shrink-map	merge	MJ044487: 法務省戸籍法関連通達・通知, 種別 戸籍統一文字情報 親字・正字, ホップ数 1
U+7DD1	綠	綠	compatibility	unicode-ucd	merge	7DA0
U+7DD1	綠	緑	reduction	mj-shrink-map	merge	MJ020170: 法務省戸籍法関連通達・通知, 種別 戸籍統一文字情報 親字・正字, ホップ数 1
U+7DD1	𢅞	綠	reduction	mj-shrink-map	merge	MJ035182: 法務省戸籍法関連通達・通知, 種別 戸籍統一文字情報 親字・正字, ホップ数 1
U+7DD2	緒	緖	z	unihan	merge	緒→緖 kZVariant | 緖→緒 kZVariant
U+7DD2	緖	緒	reduction	mj-shrink-map	merge	MJ020239: 法務省戸籍法関連通達・通知, 種別 戸籍統一文字情報 親字・正字, ホップ数 1
U+7DD9	𢃲	緙	reduction	mj-shrink-map	merge	MJ035102: 法務省戸籍法関連通達・通知, 種別 戸籍統一文字情報 親字・正字, ホップ数 1
U+7DDA	絤	綫	reduction	mj-shrink-map	merge	MJ020093: 法務省戸籍法関連通達・通知, 種別 戸籍統一文字情報 親字・正字, ホップ数 1
U+7DDA	綫	線	reduction	mj-shrink-map	merge	MJ020185: 法務省戸籍法関連通達・通知, 種別 戸籍統一文字情報 親字・正字, ホップ数 1
U+7DDA	綫	線	variant	cjkvi-variants	corroborates	綫→線 dypytz/variant | 綫→線 hydzd/variant | 線→綫 jisx0212/variant | 線→綫 jisx0213/variant | 線→綫 twedu/variant
U+7DDA	綫	線	variant	wikidata	corroborates	Q109757075; P248 Q10427532 | Q54553205; P248 Q10427532
U+7DDA	𦂷	線	reduction	mj-shrink-map	merge	MJ044573: 法務省戸籍法関連通達・通知, 種別 戸籍統一文字情報 親字・正字, ホップ数 1
U+7DDA	𦇫	綫	reduction	mj-shrink-map	merge	MJ044752: 法務省戸籍法関連通達・通知, 種別 戸籍統一文字情報 親字・正字, ホップ数 1
U+7DE1	緍	緡	reduction	mj-shrink-map	merge	MJ020231: 法務省戸籍法関連通達・通知, 種別 戸籍統一文字情報 親字・正字, ホップ数 1
U+7DE4	𦁛	緤	reduction	mj-shrink-map	merge	MJ044524: 法務省戸籍法関連通達・通知, 種別 戸籍統一文字情報 親字・正字, ホップ数 1
U+7DE6	𢆿	緦	reduction	mj-shrink-map	merge	MJ035244: 法務省戸籍法関連通達・通知, 種別 戸籍統一文字情報 親字・正字, ホップ数 1
U+7DE6	𢇆	緦	reduction	mj-shrink-map	merge	MJ035248: 法務省戸籍法関連通達・通知, 種別 戸籍統一文字情報 親字・正字, ホップ数 1
U+7DE6	𦃞	緦	reduction	mj-shrink-map	merge	MJ044603: 法務省戸籍法関連通達・通知, 種別 戸籍統一文字情報 親字・正字, ホップ数 1
U+7DE9	𦅻	緩	reduction	mj-shrink-map	merge	MJ044676: 法務省戸籍法関連通達・通知, 種別 戸籍統一文字情報 親字・正字, ホップ数 1
U+7DE9	𦇻	緩	reduction	mj-shrink-map	merge	MJ044764: 法務省戸籍法関連通達・通知, 種別 戸籍統一文字情報 親字・正字, ホップ数 1
U+7DF1	𦂐	緱	reduction	mj-shrink-map	merge	MJ044554: 法務省戸籍法関連通達・通知, 種別 戸籍統一文字情報 親字・正字, ホップ数 1
U+7DF4	練	練	compatibility	unicode-ucd	merge	7DF4
U+7DF4	練	練	compatibility	unicode-ucd	merge	7DF4
U+7DF4	練	練	compatibility	unicode-ucd	merge	7DF4
U+7E01	緣	縁	reduction	mj-shrink-map	merge	MJ020255: 法務省戸籍法関連通達・通知, 種別 戸籍統一文字情報 親字・正字, ホップ数 1
U+7E04	繩	縄	reduction	mj-shrink-map	merge	MJ020426: 法務省戸籍法関連通達・通知, 種別 戸籍統一文字情報 親字・正字, ホップ数 1
U+7E09	縉	縉	compatibility	unicode-ucd	merge	7E09
U+7E09	𦇢	縉	reduction	mj-shrink-map	merge	MJ044746: 法務省戸籍法関連通達・通知, 種別 戸籍統一文字情報 親字・正字, ホップ数 1
U+7E0B	䋘	縋	reduction	mj-shrink-map	merge	MJ003530: 法務省戸籍法関連通達・通知, 種別 戸籍統一文字情報 親字・正字, ホップ数 1
U+7E10	䋓	縐	reduction	mj-shrink-map	merge	MJ003525: 法務省戸籍法関連通達・通知, 種別 戸籍統一文字情報 親字・正字, ホップ数 1
U+7E10	𥿲	縐	reduction	mj-shrink-map	merge	MJ044467: 法務省戸籍法関連通達・通知, 種別 戸籍統一文字情報 親字・正字, ホップ数 1
U+7E10	𦆜	縐	reduction	mj-shrink-map	merge	MJ044700: 法務省戸籍法関連通達・通知, 種別 戸籍統一文字情報 親字・正字, ホップ数 1
U+7E12	𦆧	縒	reduction	mj-shrink-map	merge	MJ044710: 法務省戸籍法関連通達・通知, 種別 戸籍統一文字情報 親字・正字, ホップ数 1
U+7E12	𦇈	縒	reduction	mj-shrink-map	merge	MJ044730: 法務省戸籍法関連通達・通知, 種別 戸籍統一文字情報 親字・正字, ホップ数 1
U+7E17	䙑	縗	reduction	mj-shrink-map	merge	MJ004448: 法務省戸籍法関連通達・通知, 種別 戸籍統一文字情報 親字・正字, ホップ数 1
U+7E1F	𣯋	縟	reduction	mj-shrink-map	merge	MJ039085: 法務省戸籍法関連通達・通知, 種別 戸籍統一文字情報 親字・正字, ホップ数 1
U+7E22	𦂙	縢	reduction	mj-shrink-map	merge	MJ044562: 法務省戸籍法関連通達・通知, 種別 戸籍統一文字情報 親字・正字, ホップ数 1
U+7E22	𦅌	縢	reduction	mj-shrink-map	merge	MJ044654: 法務省戸籍法関連通達・通知, 種別 戸籍統一文字情報 親字・正字, ホップ数 1
U+7E26	縱	縦	reduction	mj-shrink-map	merge	MJ020353: 法務省戸籍法関連通達・通知, 種別 戸籍統一文字情報 親字・正字, ホップ数 1
U+7E26	𥾞	縱	reduction	mj-shrink-map	merge	MJ044414: 法務省戸籍法関連通達・通知, 種別 戸籍統一文字情報 親字・正字, ホップ数 1
U+7E26	𥾺	縱	reduction	mj-shrink-map	merge	MJ044430: 法務省戸籍法関連通達・通知, 種別 戸籍統一文字情報 親字・正字, ホップ数 1
U+7E26	𦄚	縱	reduction	mj-shrink-map	merge	MJ044631: 法務省戸籍法関連通達・通知, 種別 戸籍統一文字情報 親字・正字, ホップ数 1
U+7E26	𦆬	縱	reduction	mj-shrink-map	merge	MJ044715: 法務省戸籍法関連通達・通知, 種別 戸籍統一文字情報 親字・正字, ホップ数 1
U+7E2B	綘	縫	reduction	mj-shrink-map	merge	MJ020159: 法務省戸籍法関連通達・通知, 種別 戸籍統一文字情報 親字・正字, ホップ数 1
U+7E2C	𦂎	縬	reduction	mj-shrink-map	merge	MJ044552: 法務省戸籍法関連通達・通知, 種別 戸籍統一文字情報 親字・正字, ホップ数 1
U+7E2C	𦄉	縬	reduction	mj-shrink-map	merge	MJ044614: 法務省戸籍法関連通達・通知, 種別 戸籍統一文字情報 親字・正字, ホップ数 1
U+7E2C	𦇰	縬	reduction	mj-shrink-map	merge	MJ044755: 法務省戸籍法関連通達・通知, 種別 戸籍統一文字情報 親字・正字, ホップ数 1
U+7E2E	𣩐	縮	reduction	mj-shrink-map	merge	MJ038860: 法務省戸籍法関連通達・通知, 種別 戸籍統一文字情報 親字・正字, ホップ数 1
U+7E2E	𦄲	縮	reduction	mj-shrink-map	merge	MJ044637: 法務省戸籍法関連通達・通知, 種別 戸籍統一文字情報 親字・正字, ホップ数 1
U+7E35	𦆅	縵	reduction	mj-shrink-map	merge	MJ044687: 法務省戸籍法関連通達・通知, 種別 戸籍統一文字情報 親字・正字, ホップ数 1
U+7E37	縷	縷	compatibility	unicode-ucd	merge	7E37
U+7E39	𦆝	縹	reduction	mj-shrink-map	merge	MJ044701: 法務省戸籍法関連通達・通知, 種別 戸籍統一文字情報 親字・正字, ホップ数 1
U+7E39	𦇳	縹	reduction	mj-shrink-map	merge	MJ044757: 法務省戸籍法関連通達・通知, 種別 戸籍統一文字情報 親字・正字, ホップ数 1
U+7E3B	䌕	縻	reduction	mj-shrink-map	merge	MJ003591: 法務省戸籍法関連通達・通知, 種別 戸籍統一文字情報 親字・正字, ホップ数 1
U+7E41	繁	繁	compatibility	unicode-ucd	merge	7E41
U+7E41	䋣	繁	reduction	mj-shrink-map	merge	MJ003542: 法務省戸籍法関連通達・通知, 種別 戸籍統一文字情報 親字・正字, ホップ数 1
U+7E43	䙖	繃	reduction	mj-shrink-map	merge	MJ004452: 法務省戸籍法関連通達・通知, 種別 戸籍統一文字情報 親字・正字, ホップ数 1
U+7E43	綳	繃	reduction	mj-shrink-map	merge	MJ020196: 法務省戸籍法関連通達・通知, 種別 戸籍統一文字情報 親字・正字, ホップ数 1
U+7E45	繅	繅	compatibility	unicode-ucd	merge	7E45
U+7E45	𦃐	繅	reduction	mj-shrink-map	merge	MJ044589: 法務省戸籍法関連通達・通知, 種別 戸籍統一文字情報 親字・正字, ホップ数 1
U+7E45	𦅒	繅	reduction	mj-shrink-map	merge	MJ044660: 法務省戸籍法関連通達・通知, 種別 戸籍統一文字情報 親字・正字, ホップ数 1
U+7E47	𧪬	繇	reduction	mj-shrink-map	merge	MJ049068: 法務省戸籍法関連通達・通知, 種別 戸籍統一文字情報 親字・正字, ホップ数 1
U+7E4A	纖	繊	reduction	mj-shrink-map	merge	MJ020484: 法務省戸籍法関連通達・通知, 種別 戸籍統一文字情報 親字・正字, ホップ数 1
U+7E52	𦀓	繒	reduction	mj-shrink-map	merge	MJ044481: 法務省戸籍法関連通達・通知, 種別 戸籍統一文字情報 親字・正字, ホップ数 1
U+7E54	綕	織	reduction	mj-shrink-map	merge	MJ020154: 法務省戸籍法関連通達・通知, 種別 戸籍統一文字情報 親字・正字, ホップ数 1
U+7E54	𦀗	織	reduction	mj-shrink-map	merge	MJ044485: 法務省戸籍法関連通達・通知, 種別 戸籍統一文字情報 親字・正字, ホップ数 1
U+7E54	𦁋	織	reduction	mj-shrink-map	merge	MJ044509: 法務省戸籍法関連通達・通知, 種別 戸籍統一文字情報 親字・正字, ホップ数 1
U+7E54	𦁓	織	reduction	mj-shrink-map	merge	MJ044516: 法務省戸籍法関連通達・通知, 種別 戸籍統一文字情報 親字・正字, ホップ数 1
U+7E54	𦃎	織	reduction	mj-shrink-map	merge	MJ044587: 法務省戸籍法関連通達・通知, 種別 戸籍統一文字情報 親字・正字, ホップ数 1
U+7E55	㪨	繕	reduction	mj-shrink-map	merge	MJ001541: 法務省戸籍法関連通達・通知, 種別 戸籍統一文字情報 親字・正字, ホップ数 1
U+7E55	𦆏	繕	reduction	mj-shrink-map	merge	MJ044695: 法務省戸籍法関連通達・通知, 種別 戸籍統一文字情報 親字・正字, ホップ数 1
U+7E56	𦇕	繖	reduction	mj-shrink-map	merge	MJ044736: 法務省戸籍法関連通達・通知, 種別 戸籍統一文字情報 親字・正字, ホップ数 1
U+7E5A	𦆖	繚	reduction	mj-shrink-map	merge	MJ044697: 法務省戸籍法関連通達・通知, 種別 戸籍統一文字情報 親字・正字, ホップ数 1
U+7E5D	繝	𦅘	itaiji	mj-kanji	merge	X0213 包摂
U+7E5D	𦅘	繝	reduction	mj-shrink-map	merge	MJ044664: 法務省戸籍法関連通達・通知, 種別 戸籍統一文字情報 親字・正字, ホップ数 1
U+7E61	繍	繡	reduction	mj-shrink-map	merge	MJ020393: 法務省戸籍法関連通達・通知, 種別 戸籍統一文字情報 親字・正字, ホップ数 1
U+7E66	繈	繦	itaiji	mj-kanji	merge	X0213 包摂
U+7E6B	縘	繫	reduction	mj-shrink-map	merge	MJ020316: 法務省戸籍法関連通達・通知, 種別 戸籍統一文字情報 親字・正字, ホップ数 1
U+7E6B	繋	繫	reduction	mj-shrink-map	merge	MJ020392: 法務省戸籍法関連通達・通知, 種別 戸籍統一文字情報 親字・正字, ホップ数 1
U+7E6D	絸	繭	reduction	mj-shrink-map	merge	MJ020116: 法務省戸籍法関連通達・通知, 種別 戸籍統一文字情報 親字・正字, ホップ数 1
U+7E6D	蠒	繭	reduction	mj-shrink-map	merge	MJ023787: 法務省戸籍法関連通達・通知, 種別 戸籍統一文字情報 親字・正字, ホップ数 1
U+7E6D	𦇂	繭	reduction	mj-shrink-map	merge	MJ044726: 法務省戸籍法関連通達・通知, 種別 戸籍統一文字情報 親字・正字, ホップ数 1
U+7E73	𦅾	繳	reduction	mj-shrink-map	merge	MJ044680: 法務省戸籍法関連通達・通知, 種別 戸籍統一文字情報 親字・正字, ホップ数 1
U+7E79	𦆎	繹	reduction	mj-shrink-map	merge	MJ044694: 法務省戸籍法関連通達・通知, 種別 戸籍統一文字情報 親字・正字, ホップ数 1
U+7E7B	𦅎	繻	reduction	mj-shrink-map	merge	MJ044656: 法務省戸籍法関連通達・通知, 種別 戸籍統一文字情報 親字・正字, ホップ数 1
U+7E7B	𦅏	繻	reduction	mj-shrink-map	merge	MJ044657: 法務省戸籍法関連通達・通知, 種別 戸籍統一文字情報 親字・正字, ホップ数 1
U+7E7D	𣰨	繽	reduction	mj-shrink-map	merge	MJ039142: 法務省戸籍法関連通達・通知, 種別 戸籍統一文字情報 親字・正字, ホップ数 1
U+7E7D	𦆯	繽	reduction	mj-shrink-map	merge	MJ044716: 法務省戸籍法関連通達・通知, 種別 戸籍統一文字情報 親字・正字, ホップ数 1
U+7E7E	𦇶	繾	reduction	mj-shrink-map	merge	MJ044759: 法務省戸籍法関連通達・通知, 種別 戸籍統一文字情報 親字・正字, ホップ数 1
U+7E82	繤	纂	reduction	mj-shrink-map	merge	MJ020418: 法務省戸籍法関連通達・通知, 種別 戸籍統一文字情報 親字・正字, ホップ数 1
U+7E83	緕	纃	reduction	mj-shrink-map	merge	MJ020238: 法務省戸籍法関連通達・通知, 種別 戸籍統一文字情報 親字・正字, ホップ数 1
U+7E83	緕	纃	variant	cjkvi-variants	corroborates	緕→纃 jisx0213/variant | 纃→緕 jisx0212/variant
U+7E83	緕	纃	variant	wikidata	corroborates	Q109757117; P248 Q1639000 | Q109757339; P248 Q1639000
U+7E86	𦄿	纆	reduction	mj-shrink-map	merge	MJ044642: 法務省戸籍法関連通達・通知, 種別 戸籍統一文字情報 親字・正字, ホップ数 1
U+7E8F	纒	纏	reduction	mj-shrink-map	merge	MJ020478: 法務省戸籍法関連通達・通知, 種別 戸籍統一文字情報 親字・正字, ホップ数 1
U+7E8F	纏	纒	variant	cjkvi-variants	corroborates	纏→纒 hydzd/variant | 纏→纒 jisx0212/variant | 纏→纒 jisx0213/variant | 纏→纒 twedu/variant
U+7E8F	纏	纒	variant	hng-basic-data	corroborates	09064
U+7E8F	纏	纒	variant	wikidata	corroborates	Q109757359; P248 Q10427532 | Q109757362; P248 Q10427532
U+7E8F	纏	纒	equivalent	yitizi	corroborates	ytenx/JihThex.csv
U+7E91	𮉗	纑	reduction	mj-shrink-map	merge	MJ058331: 法務省戸籍法関連通達・通知, 種別 戸籍統一文字情報 親字・正字, ホップ数 1
U+7E98	纉	纘	reduction	mj-shrink-map	merge	MJ020468: 法務省戸籍法関連通達・通知, 種別 戸籍統一文字情報 親字・正字, ホップ数 1
U+7E9A	𮉟	纚	reduction	mj-shrink-map	merge	MJ058333: 法務省戸籍法関連通達・通知, 種別 戸籍統一文字情報 親字・正字, ホップ数 1
U+7E9B	𢃶	纛	reduction	mj-shrink-map	merge	MJ035106: 法務省戸籍法関連通達・通知, 種別 戸籍統一文字情報 親字・正字, ホップ数 1
U+7E9B	𦇨	纛	reduction	mj-shrink-map	merge	MJ044750: 法務省戸籍法関連通達・通知, 種別 戸籍統一文字情報 親字・正字, ホップ数 1
U+7E9B	𦑢	纛	reduction	mj-shrink-map	merge	MJ045176: 法務省戸籍法関連通達・通知, 種別 戸籍統一文字情報 親字・正字, ホップ数 1
U+7E9C	䌫	纜	reduction	mj-shrink-map	merge	MJ003613: 法務省戸籍法関連通達・通知, 種別 戸籍統一文字情報 親字・正字, ホップ数 1
U+7F36	缻	缶	reduction	mj-shrink-map	merge	MJ020503: 法務省戸籍法関連通達・通知, 種別 戸籍統一文字情報 親字・正字, ホップ数 1
U+7F36	罐	缶	reduction	mj-shrink-map	merge	MJ020525: 法務省戸籍法関連通達・通知, 種別 戸籍統一文字情報 親字・正字, ホップ数 1
U+7F38	瓨	缸	reduction	mj-shrink-map	merge	MJ017542: 法務省戸籍法関連通達・通知, 種別 戸籍統一文字情報 親字・正字, ホップ数 1
U+7F38	罁	缸	reduction	mj-shrink-map	merge	MJ020511: 法務省戸籍法関連通達・通知, 種別 戸籍統一文字情報 親字・正字, ホップ数 1
U+7F3E	缾	缾	compatibility	unicode-ucd	merge	7F3E
U+7F3E	䍈	缾	reduction	mj-shrink-map	merge	MJ003633: 法務省戸籍法関連通達・通知, 種別 戸籍統一文字情報 親字・正字, ホップ数 1
U+7F3E	𦉇	𦉇	compatibility	unicode-ucd	merge	26247
U+7F3E	𦉇	缾	reduction	mj-shrink-map	merge	MJ044801: 法務省戸籍法関連通達・通知, 種別 戸籍統一文字情報 親字・正字, ホップ数 1
U+7F43	甇	罃	reduction	mj-shrink-map	merge	MJ017584: 法務省戸籍法関連通達・通知, 種別 戸籍統一文字情報 親字・正字, ホップ数 1
U+7F45	㙤	罅	reduction	mj-shrink-map	merge	MJ000528: 法務省戸籍法関連通達・通知, 種別 戸籍統一文字情報 親字・正字, ホップ数 1
U+7F45	𦉏	罅	reduction	mj-shrink-map	merge	MJ044806: 法務省戸籍法関連通達・通知, 種別 戸籍統一文字情報 親字・正字, ホップ数 1
U+7F4C	𦉦	罌	reduction	mj-shrink-map	merge	MJ044819: 法務省戸籍法関連通達・通知, 種別 戸籍統一文字情報 親字・正字, ホップ数 1
U+7F4D	櫑	罍	reduction	mj-shrink-map	merge	MJ014655: 法務省戸籍法関連通達・通知, 種別 戸籍統一文字情報 親字・正字, ホップ数 1
U+7F4D	櫑	罍	variant	cjkvi-variants	corroborates	櫑→罍 jisx0213/variant | 罍→櫑 hydzd/variant
U+7F4D	𥃇	櫑	reduction	mj-shrink-map	merge	MJ042144: 法務省戸籍法関連通達・通知, 種別 戸籍統一文字情報 親字・正字, ホップ数 1
U+7F4D	𦉩	罍	reduction	mj-shrink-map	merge	MJ044821: 法務省戸籍法関連通達・通知, 種別 戸籍統一文字情報 親字・正字, ホップ数 1
U+7F4F	𤮧	罏	reduction	mj-shrink-map	merge	MJ041269: 法務省戸籍法関連通達・通知, 種別 戸籍統一文字情報 親字・正字, ホップ数 1
U+7F51	𠔿	网	reduction	mj-shrink-map	merge	MJ031027: 法務省戸籍法関連通達・通知, 種別 戸籍統一文字情報 親字・正字, ホップ数 1
U+7F54	𡦽	罔	reduction	mj-shrink-map	merge	MJ033937: 法務省戸籍法関連通達・通知, 種別 戸籍統一文字情報 親字・正字, ホップ数 1
U+7F54	𡧏	罔	reduction	mj-shrink-map	merge	MJ033948: 法務省戸籍法関連通達・通知, 種別 戸籍統一文字情報 親字・正字, ホップ数 1
U+7F54	𦉾	罔	reduction	mj-shrink-map	merge	MJ044836: 法務省戸籍法関連通達・通知, 種別 戸籍統一文字情報 親字・正字, ホップ数 1
U+7F55	䍐	罕	reduction	mj-shrink-map	merge	MJ003641: 法務省戸籍法関連通達・通知, 種別 戸籍統一文字情報 親字・正字, ホップ数 1
U+7F55	𦉻	罕	reduction	mj-shrink-map	merge	MJ044834: 法務省戸籍法関連通達・通知, 種別 戸籍統一文字情報 親字・正字, ホップ数 1
U+7F5F	𦊖	罟	reduction	mj-shrink-map	merge	MJ044853: 法務省戸籍法関連通達・通知, 種別 戸籍統一文字情報 親字・正字, ホップ数 1
U+7F5F	𦊟	罟	reduction	mj-shrink-map	merge	MJ044857: 法務省戸籍法関連通達・通知, 種別 戸籍統一文字情報 親字・正字, ホップ数 1
U+7F5F	𮊁	罟	reduction	mj-shrink-map	merge	MJ058337: 法務省戸籍法関連通達・通知, 種別 戸籍統一文字情報 親字・正字, ホップ数 1
U+7F60	𦊞	罠	reduction	mj-shrink-map	merge	MJ044856: 法務省戸籍法関連通達・通知, 種別 戸籍統一文字情報 親字・正字, ホップ数 1
U+7F60	𮊄	罠	reduction	mj-shrink-map	merge	MJ058338: 法務省戸籍法関連通達・通知, 種別 戸籍統一文字情報 親字・正字, ホップ数 1
U+7F67	𦋗	罧	reduction	mj-shrink-map	merge	MJ044885: 法務省戸籍法関連通達・通知, 種別 戸籍統一文字情報 親字・正字, ホップ数 1
U+7F68	𦋙	𦋙	compatibility	unicode-ucd	merge	262D9
U+7F68	𦋙	罨	reduction	mj-shrink-map	merge	MJ044887: 法務省戸籍法関連通達・通知, 種別 戸籍統一文字情報 親字・正字, ホップ数 1
U+7F69	䈇	罩	reduction	mj-shrink-map	merge	MJ003312: 法務省戸籍法関連通達・通知, 種別 戸籍統一文字情報 親字・正字, ホップ数 1
U+7F69	𦋇	罩	reduction	mj-shrink-map	merge	MJ044876: 法務省戸籍法関連通達・通知, 種別 戸籍統一文字情報 親字・正字, ホップ数 1
U+7F69	𦋚	罩	reduction	mj-shrink-map	merge	MJ044889: 法務省戸籍法関連通達・通知, 種別 戸籍統一文字情報 親字・正字, ホップ数 1
U+7F6A	𡈚	罪	reduction	mj-shrink-map	merge	MJ032907: 法務省戸籍法関連通達・通知, 種別 戸籍統一文字情報 親字・正字, ホップ数 1
U+7F6A	𦋛	罪	reduction	mj-shrink-map	merge	MJ044890: 法務省戸籍法関連通達・通知, 種別 戸籍統一文字情報 親字・正字, ホップ数 1
U+7F6D	䍞	罭	reduction	mj-shrink-map	merge	MJ003655: 法務省戸籍法関連通達・通知, 種別 戸籍統一文字情報 親字・正字, ホップ数 1
U+7F6E	𢍧	置	reduction	mj-shrink-map	merge	MJ035527: 法務省戸籍法関連通達・通知, 種別 戸籍統一文字情報 親字・正字, ホップ数 1
U+7F6E	𦋘	置	reduction	mj-shrink-map	merge	MJ044886: 法務省戸籍法関連通達・通知, 種別 戸籍統一文字情報 親字・正字, ホップ数 1
U+7F6E	𦋲	置	reduction	mj-shrink-map	merge	MJ044906: 法務省戸籍法関連通達・通知, 種別 戸籍統一文字情報 親字・正字, ホップ数 1
U+7F6E	𦌃	置	reduction	mj-shrink-map	merge	MJ044918: 法務省戸籍法関連通達・通知, 種別 戸籍統一文字情報 親字・正字, ホップ数 1
U+7F6E	𦌖	置	reduction	mj-shrink-map	merge	MJ044930: 法務省戸籍法関連通達・通知, 種別 戸籍統一文字情報 親字・正字, ホップ数 1
U+7F6E	𦌤	置	reduction	mj-shrink-map	merge	MJ044940: 法務省戸籍法関連通達・通知, 種別 戸籍統一文字情報 親字・正字, ホップ数 1
U+7F70	罸	罰	reduction	mj-shrink-map	merge	MJ020570: 法務省戸籍法関連通達・通知, 種別 戸籍統一文字情報 親字・正字, ホップ数 1
U+7F70	罰	罸	variant	cjkvi-variants	corroborates	罰→罸 dypytz/variant | 罰→罸 hydzd/variant | 罰→罸 jisx0212/variant | 罰→罸 jisx0213/variant | 罰→罸 twedu/variant
U+7F70	罰	罸	variant	hng-basic-data	corroborates	09130
U+7F70	罰	罸	variant	wikidata	corroborates	Q109757807; P248 Q10427532 | Q55814542; P248 Q10427532
U+7F70	罰	罸	equivalent	yitizi	corroborates	ytenx/JihThex.csv
U+7F70	𠟑	罰	reduction	mj-shrink-map	merge	MJ031437: 法務省戸籍法関連通達・通知, 種別 戸籍統一文字情報 親字・正字, ホップ数 1
U+7F70	𠟟	罰	reduction	mj-shrink-map	merge	MJ031445: 法務省戸籍法関連通達・通知, 種別 戸籍統一文字情報 親字・正字, ホップ数 1
U+7F70	𦋬	罰	reduction	mj-shrink-map	merge	MJ044901: 法務省戸籍法関連通達・通知, 種別 戸籍統一文字情報 親字・正字, ホップ数 1
U+7F72	署	署	compatibility	unicode-ucd	merge	7F72
U+7F75	𠺎	罵	reduction	mj-shrink-map	merge	MJ032484: 法務省戸籍法関連通達・通知, 種別 戸籍統一文字情報 親字・正字, ホップ数 1
U+7F75	𦋻	罵	reduction	mj-shrink-map	merge	MJ044910: 法務省戸籍法関連通達・通知, 種別 戸籍統一文字情報 親字・正字, ホップ数 1
U+7F75	𩡿	罵	reduction	mj-shrink-map	merge	MJ054261: 法務省戸籍法関連通達・通知, 種別 戸籍統一文字情報 親字・正字, ホップ数 1
U+7F77	𠐌	罷	reduction	mj-shrink-map	merge	MJ030856: 法務省戸籍法関連通達・通知, 種別 戸籍統一文字情報 親字・正字, ホップ数 1
U+7F77	𦋼	罷	reduction	mj-shrink-map	merge	MJ044911: 法務省戸籍法関連通達・通知, 種別 戸籍統一文字情報 親字・正字, ホップ数 1
U+7F77	𧟽	罷	reduction	mj-shrink-map	merge	MJ048534: 法務省戸籍法関連通達・通知, 種別 戸籍統一文字情報 親字・正字, ホップ数 1
U+7F77	𮊒	罷	reduction	mj-shrink-map	merge	MJ058344: 法務省戸籍法関連通達・通知, 種別 戸籍統一文字情報 親字・正字, ホップ数 1
U+7F77	𮊓	罷	reduction	mj-shrink-map	merge	MJ058341: 法務省戸籍法関連通達・通知, 種別 戸籍統一文字情報 親字・正字, ホップ数 1
U+7F79	罹	罹	compatibility	unicode-ucd	merge	7F79
U+7F79	𦌐	罹	reduction	mj-shrink-map	merge	MJ044924: 法務省戸籍法関連通達・通知, 種別 戸籍統一文字情報 親字・正字, ホップ数 1
U+7F7A	罺	罺	compatibility	unicode-ucd	merge	7F7A
U+7F7E	𦌝	罾	reduction	mj-shrink-map	merge	MJ044933: 法務省戸籍法関連通達・通知, 種別 戸籍統一文字情報 親字・正字, ホップ数 1
U+7F82	𦌶	羂	reduction	mj-shrink-map	merge	MJ044954: 法務省戸籍法関連通達・通知, 種別 戸籍統一文字情報 親字・正字, ホップ数 1
U+7F83	𥵵	羃	reduction	mj-shrink-map	merge	MJ044064: 法務省戸籍法関連通達・通知, 種別 戸籍統一文字情報 親字・正字, ホップ数 1
U+7F85	羅	羅	compatibility	unicode-ucd	merge	7F85
U+7F85	𦋝	羅	reduction	mj-shrink-map	merge	MJ044892: 法務省戸籍法関連通達・通知, 種別 戸籍統一文字情報 親字・正字, ホップ数 1
U+7F85	𦌴	羅	reduction	mj-shrink-map	merge	MJ044952: 法務省戸籍法関連通達・通知, 種別 戸籍統一文字情報 親字・正字, ホップ数 1
U+7F86	𥀍	羆	reduction	mj-shrink-map	merge	MJ042020: 法務省戸籍法関連通達・通知, 種別 戸籍統一文字情報 親字・正字, ホップ数 1
U+7F86	𥀦	羆	reduction	mj-shrink-map	merge	MJ042040: 法務省戸籍法関連通達・通知, 種別 戸籍統一文字情報 親字・正字, ホップ数 1
U+7F86	𥀧	羆	reduction	mj-shrink-map	merge	MJ042041: 法務省戸籍法関連通達・通知, 種別 戸籍統一文字情報 親字・正字, ホップ数 1
U+7F86	𦌲	羆	reduction	mj-shrink-map	merge	MJ044950: 法務省戸籍法関連通達・通知, 種別 戸籍統一文字情報 親字・正字, ホップ数 1
U+7F87	覉	羇	reduction	mj-shrink-map	merge	MJ024213: 法務省戸籍法関連通達・通知, 種別 戸籍統一文字情報 親字・正字, ホップ数 1
U+7F87	𧠄	羇	reduction	mj-shrink-map	merge	MJ048538: 法務省戸籍法関連通達・通知, 種別 戸籍統一文字情報 親字・正字, ホップ数 1
U+7F87	𩆺	羇	reduction	mj-shrink-map	merge	MJ052925: 法務省戸籍法関連通達・通知, 種別 戸籍統一文字情報 親字・正字, ホップ数 1
U+7F88	覊	羈	reduction	mj-shrink-map	merge	MJ024215: 法務省戸籍法関連通達・通知, 種別 戸籍統一文字情報 親字・正字, ホップ数 1
U+7F88	羈	覊	variant	cjkvi-variants	corroborates	羈→覊 dypytz/variant | 羈→覊 hydzd/variant | 羈→覊 jisx0212/variant | 羈→覊 jisx0213/variant | 羈→覊 twedu/variant
U+7F88	羈	覊	variant	wikidata	corroborates	Q109757824; P248 Q10427532 | Q109762335; P248 Q10427532
U+7F88	羈	覊	equivalent	yitizi	corroborates	ytenx/JihThex.csv
U+7F88	𦍊	羈	reduction	mj-shrink-map	merge	MJ044968: 法務省戸籍法関連通達・通知, 種別 戸籍統一文字情報 親字・正字, ホップ数 1
U+7F8C	猐	羌	reduction	mj-shrink-map	merge	MJ016983: 法務省戸籍法関連通達・通知, 種別 戸籍統一文字情報 親字・正字, ホップ数 1
U+7F8C	𠒌	羌	reduction	mj-shrink-map	merge	MJ030921: 法務省戸籍法関連通達・通知, 種別 戸籍統一文字情報 親字・正字, ホップ数 1
U+7F8C	𡸓	羌	reduction	mj-shrink-map	merge	MJ034614: 法務省戸籍法関連通達・通知, 種別 戸籍統一文字情報 親字・正字, ホップ数 1
U+7F8C	𡹽	羌	reduction	mj-shrink-map	merge	MJ034678: 法務省戸籍法関連通達・通知, 種別 戸籍統一文字情報 親字・正字, ホップ数 1
U+7F8C	𦍎	羌	reduction	mj-shrink-map	merge	MJ044971: 法務省戸籍法関連通達・通知, 種別 戸籍統一文字情報 親字・正字, ホップ数 1
U+7F8E	𫟈	美	reduction	mj-shrink-map	merge	MJ058345: 法務省戸籍法関連通達・通知, 種別 戸籍統一文字情報 親字・正字, ホップ数 1
U+7F90	羐	羑	reduction	mj-shrink-map	merge	MJ020597: 法務省戸籍法関連通達・通知, 種別 戸籍統一文字情報 親字・正字, ホップ数 1
U+7F90	羑	羐	reduction	mj-shrink-map	merge	MJ020599: 法務省戸籍法関連通達・通知, 種別 戸籍統一文字情報 親字・正字, ホップ数 1
U+7F94	𦍚	羔	reduction	mj-shrink-map	merge	MJ044980: 法務省戸籍法関連通達・通知, 種別 戸籍統一文字情報 親字・正字, ホップ数 1
U+7F94	𦎴	羔	reduction	mj-shrink-map	merge	MJ045042: 法務省戸籍法関連通達・通知, 種別 戸籍統一文字情報 親字・正字, ホップ数 1
U+7F94	𦏠	羔	reduction	mj-shrink-map	merge	MJ045074: 法務省戸籍法関連通達・通知, 種別 戸籍統一文字情報 親字・正字, ホップ数 1
U+7F95	羕	羕	compatibility	unicode-ucd	merge	7F95
U+7F96	𦍩	羖	reduction	mj-shrink-map	merge	MJ044990: 法務省戸籍法関連通達・通知, 種別 戸籍統一文字情報 親字・正字, ホップ数 1
U+7F9A	羚	羚	compatibility	unicode-ucd	merge	7F9A
U+7F9A	麢	羚	reduction	mj-shrink-map	merge	MJ029821: 法務省戸籍法関連通達・通知, 種別 戸籍統一文字情報 親字・正字, ホップ数 1
U+7F9E	䐰	羞	reduction	mj-shrink-map	merge	MJ003871: 法務省戸籍法関連通達・通知, 種別 戸籍統一文字情報 親字・正字, ホップ数 1
U+7F9E	𦍟	羞	reduction	mj-shrink-map	merge	MJ044985: 法務省戸籍法関連通達・通知, 種別 戸籍統一文字情報 親字・正字, ホップ数 1
U+7F9E	𦍮	羞	reduction	mj-shrink-map	merge	MJ044995: 法務省戸籍法関連通達・通知, 種別 戸籍統一文字情報 親字・正字, ホップ数 1
U+7F9E	𦟤	羞	reduction	mj-shrink-map	merge	MJ045739: 法務省戸籍法関連通達・通知, 種別 戸籍統一文字情報 親字・正字, ホップ数 1
U+7F9E	𭃱	羞	reduction	mj-shrink-map	merge	MJ058346: 法務省戸籍法関連通達・通知, 種別 戸籍統一文字情報 親字・正字, ホップ数 1
U+7FA3	䭽	羣	reduction	mj-shrink-map	merge	MJ005755: 法務省戸籍法関連通達・通知, 種別 戸籍統一文字情報 親字・正字, ホップ数 1
U+7FA3	𠹩	羣	reduction	mj-shrink-map	merge	MJ032481: 法務省戸籍法関連通達・通知, 種別 戸籍統一文字情報 親字・正字, ホップ数 1
U+7FA3	𡲻	羣	reduction	mj-shrink-map	merge	MJ034406: 法務省戸籍法関連通達・通知, 種別 戸籍統一文字情報 親字・正字, ホップ数 1
U+7FA9	𠌾	義	reduction	mj-shrink-map	merge	MJ030759: 法務省戸籍法関連通達・通知, 種別 戸籍統一文字情報 親字・正字, ホップ数 1
U+7FA9	𮊫	義	reduction	mj-shrink-map	merge	MJ058349: 法務省戸籍法関連通達・通知, 種別 戸籍統一文字情報 親字・正字, ホップ数 1
U+7FAF	𦍨	羯	reduction	mj-shrink-map	merge	MJ044989: 法務省戸籍法関連通達・通知, 種別 戸籍統一文字情報 親字・正字, ホップ数 1
U+7FB2	𢐯	羲	reduction	mj-shrink-map	merge	MJ035681: 法務省戸籍法関連通達・通知, 種別 戸籍統一文字情報 親字・正字, ホップ数 1
U+7FB2	𦏁	羲	reduction	mj-shrink-map	merge	MJ045050: 法務省戸籍法関連通達・通知, 種別 戸籍統一文字情報 親字・正字, ホップ数 1
U+7FB2	𦏡	羲	reduction	mj-shrink-map	merge	MJ045075: 法務省戸籍法関連通達・通知, 種別 戸籍統一文字情報 親字・正字, ホップ数 1
U+7FB6	羴	羶	reduction	mj-shrink-map	merge	MJ020642: 法務省戸籍法関連通達・通知, 種別 戸籍統一文字情報 親字・正字, ホップ数 1
U+7FB8	𦏞	羸	reduction	mj-shrink-map	merge	MJ045072: 法務省戸籍法関連通達・通知, 種別 戸籍統一文字情報 親字・正字, ホップ数 1
U+7FB8	𦣉	羸	reduction	mj-shrink-map	merge	MJ045872: 法務省戸籍法関連通達・通知, 種別 戸籍統一文字情報 親字・正字, ホップ数 1
U+7FB8	𨏩	羸	reduction	mj-shrink-map	merge	MJ050701: 法務省戸籍法関連通達・通知, 種別 戸籍統一文字情報 親字・正字, ホップ数 1
U+7FB9	𩱧	羹	reduction	mj-shrink-map	merge	MJ054913: 法務省戸籍法関連通達・通知, 種別 戸籍統一文字情報 親字・正字, ホップ数 1
U+7FBD	羽	羽	compatibility	unicode-ucd	merge	7FBD
U+7FBF	𢏖	羿	reduction	mj-shrink-map	merge	MJ035614: 法務省戸籍法関連通達・通知, 種別 戸籍統一文字情報 親字・正字, ホップ数 1
U+7FC1	𦐈	翁	reduction	mj-shrink-map	merge	MJ045111: 法務省戸籍法関連通達・通知, 種別 戸籍統一文字情報 親字・正字, ホップ数 1
U+7FC5	翤	翅	reduction	mj-shrink-map	merge	MJ020704: 法務省戸籍法関連通達・通知, 種別 戸籍統一文字情報 親字・正字, ホップ数 1
U+7FCF	𮊿	翏	reduction	mj-shrink-map	merge	MJ058356: 法務省戸籍法関連通達・通知, 種別 戸籍統一文字情報 親字・正字, ホップ数 1
U+7FCF	𮋀	翏	reduction	mj-shrink-map	merge	MJ058357: 法務省戸籍法関連通達・通知, 種別 戸籍統一文字情報 親字・正字, ホップ数 1
U+7FD2	𮊸	習	reduction	mj-shrink-map	merge	MJ058354: 法務省戸籍法関連通達・通知, 種別 戸籍統一文字情報 親字・正字, ホップ数 1
U+7FD5	㒆	翕	reduction	mj-shrink-map	merge	MJ000101: 法務省戸籍法関連通達・通知, 種別 戸籍統一文字情報 親字・正字, ホップ数 1
U+7FD5	翖	翕	reduction	mj-shrink-map	merge	MJ020689: 法務省戸籍法関連通達・通知, 種別 戸籍統一文字情報 親字・正字, ホップ数 1
U+7FD5	𦐬	翕	reduction	mj-shrink-map	merge	MJ045139: 法務省戸籍法関連通達・通知, 種別 戸籍統一文字情報 親字・正字, ホップ数 1
U+7FE0	翆	翠	reduction	mj-shrink-map	merge	MJ020667: 法務省戸籍法関連通達・通知, 種別 戸籍統一文字情報 親字・正字, ホップ数 1
U+7FE0	翆	翠	variant	cjkvi-variants	corroborates	翠→翆 hydzd/variant | 翠→翆 jisx0212/variant | 翠→翆 jisx0213/variant | 翠→翆 twedu/variant
U+7FE0	翆	翠	variant	hng-basic-data	corroborates	09220 | 09220b
U+7FE0	翆	翠	variant	wikidata	corroborates	Q109757888; P248 Q10427532 | Q109757916; P248 Q10427532
U+7FE0	翆	翠	equivalent	yitizi	corroborates	ytenx/JihThex.csv
U+7FE5	䎝	翥	reduction	mj-shrink-map	merge	MJ003717: 法務省戸籍法関連通達・通知, 種別 戸籍統一文字情報 親字・正字, ホップ数 1
U+7FE5	䬡	翥	reduction	mj-shrink-map	merge	MJ005642: 法務省戸籍法関連通達・通知, 種別 戸籍統一文字情報 親字・正字, ホップ数 1
U+7FE6	𠞽	翦	reduction	mj-shrink-map	merge	MJ031419: 法務省戸籍法関連通達・通知, 種別 戸籍統一文字情報 親字・正字, ホップ数 1
U+7FE6	𥲫	翦	reduction	mj-shrink-map	merge	MJ043938: 法務省戸籍法関連通達・通知, 種別 戸籍統一文字情報 親字・正字, ホップ数 1
U+7FE6	𦑦	翦	reduction	mj-shrink-map	merge	MJ045181: 法務省戸籍法関連通達・通知, 種別 戸籍統一文字情報 親字・正字, ホップ数 1
U+7FE6	𦑳	翦	reduction	mj-shrink-map	merge	MJ045189: 法務省戸籍法関連通達・通知, 種別 戸籍統一文字情報 親字・正字, ホップ数 1
U+7FE6	𦒕	翦	reduction	mj-shrink-map	merge	MJ045215: 法務省戸籍法関連通達・通知, 種別 戸籍統一文字情報 親字・正字, ホップ数 1
U+7FEB	𠐢	翫	reduction	mj-shrink-map	merge	MJ030864: 法務省戸籍法関連通達・通知, 種別 戸籍統一文字情報 親字・正字, ホップ数 1
U+7FEC	𦑩	翬	reduction	mj-shrink-map	merge	MJ045184: 法務省戸籍法関連通達・通知, 種別 戸籍統一文字情報 親字・正字, ホップ数 1
U+7FEE	𦒏	翮	reduction	mj-shrink-map	merge	MJ045209: 法務省戸籍法関連通達・通知, 種別 戸籍統一文字情報 親字・正字, ホップ数 1
U+7FF0	𠣍	翰	reduction	mj-shrink-map	merge	MJ031600: 法務省戸籍法関連通達・通知, 種別 戸籍統一文字情報 親字・正字, ホップ数 1
U+7FF0	𩙶	翰	reduction	mj-shrink-map	merge	MJ053850: 法務省戸籍法関連通達・通知, 種別 戸籍統一文字情報 親字・正字, ホップ数 1
U+7FF9	𦒒	翹	reduction	mj-shrink-map	merge	MJ045212: 法務省戸籍法関連通達・通知, 種別 戸籍統一文字情報 親字・正字, ホップ数 1
U+7FFA	翺	翺	compatibility	unicode-ucd	merge	7FFA
U+7FFA	𦒢	翺	reduction	mj-shrink-map	merge	MJ045221: 法務省戸籍法関連通達・通知, 種別 戸籍統一文字情報 親字・正字, ホップ数 1
U+7FFB	飜	翻	reduction	mj-shrink-map	merge	MJ028335: 法務省戸籍法関連通達・通知, 種別 戸籍統一文字情報 親字・正字, ホップ数 1
U+7FFB	𢑵	翻	reduction	mj-shrink-map	merge	MJ035742: 法務省戸籍法関連通達・通知, 種別 戸籍統一文字情報 親字・正字, ホップ数 1
U+7FFB	𮋒	翻	reduction	mj-shrink-map	merge	MJ058360: 法務省戸籍法関連通達・通知, 種別 戸籍統一文字情報 親字・正字, ホップ数 1
U+7FFC	䋚	翼	reduction	mj-shrink-map	merge	MJ003532: 法務省戸籍法関連通達・通知, 種別 戸籍統一文字情報 親字・正字, ホップ数 1
U+7FFC	𦏵	翼	reduction	mj-shrink-map	merge	MJ045094: 法務省戸籍法関連通達・通知, 種別 戸籍統一文字情報 親字・正字, ホップ数 1
U+7FFC	𦒖	翼	reduction	mj-shrink-map	merge	MJ045216: 法務省戸籍法関連通達・通知, 種別 戸籍統一文字情報 親字・正字, ホップ数 1
U+8000	㿢	耀	reduction	mj-shrink-map	merge	MJ002753: 法務省戸籍法関連通達・通知, 種別 戸籍統一文字情報 親字・正字, ホップ数 1
U+8001	老	老	compatibility	unicode-ucd	merge	8001
U+8001	𠄰	老	reduction	mj-shrink-map	merge	MJ030476: 法務省戸籍法関連通達・通知, 種別 戸籍統一文字情報 親字・正字, ホップ数 1
U+8001	𦒳	老	reduction	mj-shrink-map	merge	MJ045235: 法務省戸籍法関連通達・通知, 種別 戸籍統一文字情報 親字・正字, ホップ数 1
U+8003	𦒱	考	reduction	mj-shrink-map	merge	MJ045233: 法務省戸籍法関連通達・通知, 種別 戸籍統一文字情報 親字・正字, ホップ数 1
U+8004	㿞	耄	reduction	mj-shrink-map	merge	MJ002748: 法務省戸籍法関連通達・通知, 種別 戸籍統一文字情報 親字・正字, ホップ数 1
U+8004	𣭢	耄	reduction	mj-shrink-map	merge	MJ039027: 法務省戸籍法関連通達・通知, 種別 戸籍統一文字情報 親字・正字, ホップ数 1
U+8004	𣮳	耄	reduction	mj-shrink-map	merge	MJ039072: 法務省戸籍法関連通達・通知, 種別 戸籍統一文字情報 親字・正字, ホップ数 1
U+8004	𦓄	耄	reduction	mj-shrink-map	merge	MJ045247: 法務省戸籍法関連通達・通知, 種別 戸籍統一文字情報 親字・正字, ホップ数 1
U+8004	𦹾	耄	reduction	mj-shrink-map	merge	MJ046838: 法務省戸籍法関連通達・通知, 種別 戸籍統一文字情報 親字・正字, ホップ数 1
U+8004	𦽡	耄	reduction	mj-shrink-map	merge	MJ047004: 法務省戸籍法関連通達・通知, 種別 戸籍統一文字情報 親字・正字, ホップ数 1
U+8004	𦿗	耄	reduction	mj-shrink-map	merge	MJ047083: 法務省戸籍法関連通達・通知, 種別 戸籍統一文字情報 親字・正字, ホップ数 1
U+8004	𧂕	耄	reduction	mj-shrink-map	merge	MJ047199: 法務省戸籍法関連通達・通知, 種別 戸籍統一文字情報 親字・正字, ホップ数 1
U+8004	𩲘	耄	reduction	mj-shrink-map	merge	MJ054952: 法務省戸籍法関連通達・通知, 種別 戸籍統一文字情報 親字・正字, ホップ数 1
U+8005	者	者	compatibility	unicode-ucd	merge	8005
U+8005	者	者	compatibility	unicode-ucd	merge	8005
U+8005	者	者	compatibility	unicode-ucd	merge	8005
U+8006	𥄥	耆	reduction	mj-shrink-map	merge	MJ042216: 法務省戸籍法関連通達・通知, 種別 戸籍統一文字情報 親字・正字, ホップ数 1
U+8006	𦒿	耆	reduction	mj-shrink-map	merge	MJ045243: 法務省戸籍法関連通達・通知, 種別 戸籍統一文字情報 親字・正字, ホップ数 1
U+8006	𦓀	耆	reduction	mj-shrink-map	merge	MJ045244: 法務省戸籍法関連通達・通知, 種別 戸籍統一文字情報 親字・正字, ホップ数 1
U+8006	𨚻	耆	reduction	mj-shrink-map	merge	MJ051236: 法務省戸籍法関連通達・通知, 種別 戸籍統一文字情報 親字・正字, ホップ数 1
U+8006	𮋝	耆	reduction	mj-shrink-map	merge	MJ058362: 法務省戸籍法関連通達・通知, 種別 戸籍統一文字情報 親字・正字, ホップ数 1
U+800B	耊	耋	reduction	mj-shrink-map	merge	MJ020760: 法務省戸籍法関連通達・通知, 種別 戸籍統一文字情報 親字・正字, ホップ数 1
U+800B	𨊁	耋	reduction	mj-shrink-map	merge	MJ050449: 法務省戸籍法関連通達・通知, 種別 戸籍統一文字情報 親字・正字, ホップ数 1
U+8010	𡬪	耐	reduction	mj-shrink-map	merge	MJ034162: 法務省戸籍法関連通達・通知, 種別 戸籍統一文字情報 親字・正字, ホップ数 1
U+8010	𩈃	耐	reduction	mj-shrink-map	merge	MJ052977: 法務省戸籍法関連通達・通知, 種別 戸籍統一文字情報 親字・正字, ホップ数 1
U+8012	𣐇	耒	reduction	mj-shrink-map	merge	MJ037967: 法務省戸籍法関連通達・通知, 種別 戸籍統一文字情報 親字・正字, ホップ数 1
U+8015	𦓮	耕	reduction	mj-shrink-map	merge	MJ045270: 法務省戸籍法関連通達・通知, 種別 戸籍統一文字情報 親字・正字, ホップ数 1
U+8017	㘪	耗	reduction	mj-shrink-map	merge	MJ000477: 法務省戸籍法関連通達・通知, 種別 戸籍統一文字情報 親字・正字, ホップ数 1
U+8017	秏	耗	reduction	mj-shrink-map	merge	MJ019010: 法務省戸籍法関連通達・通知, 種別 戸籍統一文字情報 親字・正字, ホップ数 1
U+8018	秐	耘	reduction	mj-shrink-map	merge	MJ019011: 法務省戸籍法関連通達・通知, 種別 戸籍統一文字情報 親字・正字, ホップ数 1
U+801C	𦓨	耜	reduction	mj-shrink-map	merge	MJ045267: 法務省戸籍法関連通達・通知, 種別 戸籍統一文字情報 親字・正字, ホップ数 1
U+801C	𦓵	耜	reduction	mj-shrink-map	merge	MJ045277: 法務省戸籍法関連通達・通知, 種別 戸籍統一文字情報 親字・正字, ホップ数 1
U+8024	𦔡	耤	reduction	mj-shrink-map	merge	MJ045311: 法務省戸籍法関連通達・通知, 種別 戸籍統一文字情報 親字・正字, ホップ数 1
U+8024	𦔢	耤	reduction	mj-shrink-map	merge	MJ045312: 法務省戸籍法関連通達・通知, 種別 戸籍統一文字情報 親字・正字, ホップ数 1
U+8028	䅶	耨	reduction	mj-shrink-map	merge	MJ003162: 法務省戸籍法関連通達・通知, 種別 戸籍統一文字情報 親字・正字, ホップ数 1
U+8028	𦔘	耨	reduction	mj-shrink-map	merge	MJ045303: 法務省戸籍法関連通達・通知, 種別 戸籍統一文字情報 親字・正字, ホップ数 1
U+802C	𦔪	耬	reduction	mj-shrink-map	merge	MJ045317: 法務省戸籍法関連通達・通知, 種別 戸籍統一文字情報 親字・正字, ホップ数 1
U+803C	聃	耼	reduction	mj-shrink-map	merge	MJ020829: 法務省戸籍法関連通達・通知, 種別 戸籍統一文字情報 親字・正字, ホップ数 1
U+803C	𣅧	耼	reduction	mj-shrink-map	merge	MJ037642: 法務省戸籍法関連通達・通知, 種別 戸籍統一文字情報 親字・正字, ホップ数 1
U+803C	𦕐	耼	reduction	mj-shrink-map	merge	MJ045343: 法務省戸籍法関連通達・通知, 種別 戸籍統一文字情報 親字・正字, ホップ数 1
U+803C	𨈜	耼	reduction	mj-shrink-map	merge	MJ050384: 法務省戸籍法関連通達・通知, 種別 戸籍統一文字情報 親字・正字, ホップ数 1
U+803D	𤯉	耽	reduction	mj-shrink-map	merge	MJ041295: 法務省戸籍法関連通達・通知, 種別 戸籍統一文字情報 親字・正字, ホップ数 1
U+803D	𦕍	耽	reduction	mj-shrink-map	merge	MJ045341: 法務省戸籍法関連通達・通知, 種別 戸籍統一文字情報 親字・正字, ホップ数 1
U+803F	𤓐	耿	reduction	mj-shrink-map	merge	MJ040187: 法務省戸籍法関連通達・通知, 種別 戸籍統一文字情報 親字・正字, ホップ数 1
U+8046	聆	聆	compatibility	unicode-ucd	merge	8046
U+804A	𦕵	聊	reduction	mj-shrink-map	merge	MJ045357: 法務省戸籍法関連通達・通知, 種別 戸籍統一文字情報 親字・正字, ホップ数 1
U+804A	𦕼	聊	reduction	mj-shrink-map	merge	MJ045364: 法務省戸籍法関連通達・通知, 種別 戸籍統一文字情報 親字・正字, ホップ数 1
U+8052	𦕾	聒	reduction	mj-shrink-map	merge	MJ045366: 法務省戸籍法関連通達・通知, 種別 戸籍統一文字情報 親字・正字, ホップ数 1
U+8052	𦗦	聒	reduction	mj-shrink-map	merge	MJ045424: 法務省戸籍法関連通達・通知, 種別 戸籍統一文字情報 親字・正字, ホップ数 1
U+8052	𨈸	聒	reduction	mj-shrink-map	merge	MJ050402: 法務省戸籍法関連通達・通知, 種別 戸籍統一文字情報 親字・正字, ホップ数 1
U+8056	琞	聖	reduction	mj-shrink-map	merge	MJ017278: 法務省戸籍法関連通達・通知, 種別 戸籍統一文字情報 親字・正字, ホップ数 1
U+8056	𠄵	聖	reduction	mj-shrink-map	merge	MJ030479: 法務省戸籍法関連通達・通知, 種別 戸籍統一文字情報 親字・正字, ホップ数 1
U+8056	𡑺	聖	reduction	mj-shrink-map	merge	MJ033211: 法務省戸籍法関連通達・通知, 種別 戸籍統一文字情報 親字・正字, ホップ数 1
U+8056	𤦨	聖	reduction	mj-shrink-map	merge	MJ041012: 法務省戸籍法関連通達・通知, 種別 戸籍統一文字情報 親字・正字, ホップ数 1
U+8056	𥅶	聖	reduction	mj-shrink-map	merge	MJ042269: 法務省戸籍法関連通達・通知, 種別 戸籍統一文字情報 親字・正字, ホップ数 1
U+8056	𦕡	聖	reduction	mj-shrink-map	merge	MJ045353: 法務省戸籍法関連通達・通知, 種別 戸籍統一文字情報 親字・正字, ホップ数 1
U+8056	𧟿	聖	reduction	mj-shrink-map	merge	MJ048535: 法務省戸籍法関連通達・通知, 種別 戸籍統一文字情報 親字・正字, ホップ数 1
U+8056	𨲚	聖	reduction	mj-shrink-map	merge	MJ052048: 法務省戸籍法関連通達・通知, 種別 戸籍統一文字情報 親字・正字, ホップ数 1
U+8056	𨲢	聖	reduction	mj-shrink-map	merge	MJ052056: 法務省戸籍法関連通達・通知, 種別 戸籍統一文字情報 親字・正字, ホップ数 1
U+8058	𡞐	聘	reduction	mj-shrink-map	merge	MJ033647: 法務省戸籍法関連通達・通知, 種別 戸籍統一文字情報 親字・正字, ホップ数 1
U+8058	𦕊	聘	reduction	mj-shrink-map	merge	MJ045338: 法務省戸籍法関連通達・通知, 種別 戸籍統一文字情報 親字・正字, ホップ数 1
U+8058	𨉂	聘	reduction	mj-shrink-map	merge	MJ050408: 法務省戸籍法関連通達・通知, 種別 戸籍統一文字情報 親字・正字, ホップ数 1
U+8058	𨉯	聘	reduction	mj-shrink-map	merge	MJ050435: 法務省戸籍法関連通達・通知, 種別 戸籍統一文字情報 親字・正字, ホップ数 1
U+8058	𨊀	聘	reduction	mj-shrink-map	merge	MJ050448: 法務省戸籍法関連通達・通知, 種別 戸籍統一文字情報 親字・正字, ホップ数 1
U+805A	𦖏	聚	reduction	mj-shrink-map	merge	MJ045377: 法務省戸籍法関連通達・通知, 種別 戸籍統一文字情報 親字・正字, ホップ数 1
U+805A	𧅞	聚	reduction	mj-shrink-map	merge	MJ047327: 法務省戸籍法関連通達・通知, 種別 戸籍統一文字情報 親字・正字, ホップ数 1
U+805A	𨛿	聚	reduction	mj-shrink-map	merge	MJ051293: 法務省戸籍法関連通達・通知, 種別 戸籍統一文字情報 親字・正字, ホップ数 1
U+805A	𨞮	聚	reduction	mj-shrink-map	merge	MJ051427: 法務省戸籍法関連通達・通知, 種別 戸籍統一文字情報 親字・正字, ホップ数 1
U+805E	䎹	聞	reduction	mj-shrink-map	merge	MJ003746: 法務省戸籍法関連通達・通知, 種別 戸籍統一文字情報 親字・正字, ホップ数 1
U+805E	𥹢	聞	reduction	mj-shrink-map	merge	MJ044219: 法務省戸籍法関連通達・通知, 種別 戸籍統一文字情報 親字・正字, ホップ数 1
U+805E	𦕁	聞	reduction	mj-shrink-map	merge	MJ045333: 法務省戸籍法関連通達・通知, 種別 戸籍統一文字情報 親字・正字, ホップ数 1
U+805E	𦕌	聞	reduction	mj-shrink-map	merge	MJ045340: 法務省戸籍法関連通達・通知, 種別 戸籍統一文字情報 親字・正字, ホップ数 1
U+805E	𦖫	聞	reduction	mj-shrink-map	merge	MJ045391: 法務省戸籍法関連通達・通知, 種別 戸籍統一文字情報 親字・正字, ホップ数 1
U+8060	聠	聠	compatibility	unicode-ucd	merge	8060
U+8061	聰	聰	compatibility	unicode-ucd	merge	8070
U+8061	聦	聰	reduction	mj-shrink-map	merge	MJ020864: 法務省戸籍法関連通達・通知, 種別 戸籍統一文字情報 親字・正字, ホップ数 1
U+8061	聰	聡	reduction	mj-shrink-map	merge	MJ020871: 法務省戸籍法関連通達・通知, 種別 戸籍統一文字情報 親字・正字, ホップ数 1
U+8061	聰	聡	shinjitai	cjkvi-variants	corroborates	聡󠄀→聰󠄀 jp-old-style
U+8061	聡	聰	variant	cjkvi-variants	corroborates	聡→聰 jisx0212/variant | 聡→聰 jisx0213/variant | 聰→聡 hydzd/variant | 聰→聡 twedu/variant
U+8061	聡	聰	variant	hng-basic-data	corroborates	09326
U+8061	聰	聡	shinjitai	opencc	corroborates	JPShinjitaiCharacters (self first)
U+8061	聡	聰	variant	wikidata	corroborates	Q109758058; P248 Q10427532 | Q109758073; P248 Q10427532
U+8061	聡	聰	equivalent	yitizi	corroborates	ytenx/JihThex.csv
U+8061	𦕻	聰	reduction	mj-shrink-map	merge	MJ045363: 法務省戸籍法関連通達・通知, 種別 戸籍統一文字情報 親字・正字, ホップ数 1
U+806F	聯	聯	compatibility	unicode-ucd	merge	806F
U+806F	聨	聯	reduction	mj-shrink-map	merge	MJ020866: 法務省戸籍法関連通達・通知, 種別 戸籍統一文字情報 親字・正字, ホップ数 1
U+806F	聨	聯	variant	cjkvi-variants	corroborates	聯→聨 jisx0212/variant | 聯→聨 jisx0213/variant | 聯→聨 twedu/variant
U+806F	聨	聯	variant	wikidata	corroborates	Q109758065; P248 Q10427532 | Q109758072; P248 Q10427532
U+806F	聨	聯	equivalent	yitizi	corroborates	ytenx/JihThex.csv
U+806F	聮	聯	reduction	mj-shrink-map	merge	MJ020869: 法務省戸籍法関連通達・通知, 種別 戸籍統一文字情報 親字・正字, ホップ数 1
U+806F	𦕱	聯	reduction	mj-shrink-map	merge	MJ045356: 法務省戸籍法関連通達・通知, 種別 戸籍統一文字情報 親字・正字, ホップ数 1
U+806F	𦖹	聯	reduction	mj-shrink-map	merge	MJ045394: 法務省戸籍法関連通達・通知, 種別 戸籍統一文字情報 親字・正字, ホップ数 1
U+806F	𦘈	聯	reduction	mj-shrink-map	merge	MJ045441: 法務省戸籍法関連通達・通知, 種別 戸籍統一文字情報 親字・正字, ホップ数 1
U+8074	聽	聴	reduction	mj-shrink-map	merge	MJ020895: 法務省戸籍法関連通達・通知, 種別 戸籍統一文字情報 親字・正字, ホップ数 1
U+8074	𦔽	聽	reduction	mj-shrink-map	merge	MJ045329: 法務省戸籍法関連通達・通知, 種別 戸籍統一文字情報 親字・正字, ホップ数 1
U+8074	𦕘	聽	reduction	mj-shrink-map	merge	MJ045350: 法務省戸籍法関連通達・通知, 種別 戸籍統一文字情報 親字・正字, ホップ数 1
U+8074	𦕢	聽	reduction	mj-shrink-map	merge	MJ045354: 法務省戸籍法関連通達・通知, 種別 戸籍統一文字情報 親字・正字, ホップ数 1
U+8075	𦖥	聵	reduction	mj-shrink-map	merge	MJ045384: 法務省戸籍法関連通達・通知, 種別 戸籍統一文字情報 親字・正字, ホップ数 1
U+8075	𦗿	聵	reduction	mj-shrink-map	merge	MJ045437: 法務省戸籍法関連通達・通知, 種別 戸籍統一文字情報 親字・正字, ホップ数 1
U+8075	𦘄	聵	reduction	mj-shrink-map	merge	MJ045439: 法務省戸籍法関連通達・通知, 種別 戸籍統一文字情報 親字・正字, ホップ数 1
U+8075	𦘋	聵	reduction	mj-shrink-map	merge	MJ045444: 法務省戸籍法関連通達・通知, 種別 戸籍統一文字情報 親字・正字, ホップ数 1
U+8077	聀	職	reduction	mj-shrink-map	merge	MJ020828: 法務省戸籍法関連通達・通知, 種別 戸籍統一文字情報 親字・正字, ホップ数 1
U+8077	軄	職	reduction	mj-shrink-map	merge	MJ025536: 法務省戸籍法関連通達・通知, 種別 戸籍統一文字情報 親字・正字, ホップ数 1
U+8079	𨊓	聹	reduction	mj-shrink-map	merge	MJ050458: 法務省戸籍法関連通達・通知, 種別 戸籍統一文字情報 親字・正字, ホップ数 1
U+807E	聾	聾	compatibility	unicode-ucd	merge	807E
U+807E	䏊	聾	reduction	mj-shrink-map	merge	MJ003762: 法務省戸籍法関連通達・通知, 種別 戸籍統一文字情報 親字・正字, ホップ数 1
U+807E	𦗤	聾	reduction	mj-shrink-map	merge	MJ045422: 法務省戸籍法関連通達・通知, 種別 戸籍統一文字情報 親字・正字, ホップ数 1
U+807F	𮌁	聿	reduction	mj-shrink-map	merge	MJ058372: 法務省戸籍法関連通達・通知, 種別 戸籍統一文字情報 親字・正字, ホップ数 1
U+8084	𢄥	肄	reduction	mj-shrink-map	merge	MJ035140: 法務省戸籍法関連通達・通知, 種別 戸籍統一文字情報 親字・正字, ホップ数 1
U+8084	𢑩	肄	reduction	mj-shrink-map	merge	MJ035732: 法務省戸籍法関連通達・通知, 種別 戸籍統一文字情報 親字・正字, ホップ数 1
U+8084	𥏚	肄	reduction	mj-shrink-map	merge	MJ042673: 法務省戸籍法関連通達・通知, 種別 戸籍統一文字情報 親字・正字, ホップ数 1
U+8084	𧲁	肄	reduction	mj-shrink-map	merge	MJ049449: 法務省戸籍法関連通達・通知, 種別 戸籍統一文字情報 親字・正字, ホップ数 1
U+8084	𨽹	肄	reduction	mj-shrink-map	merge	MJ052502: 法務省戸籍法関連通達・通知, 種別 戸籍統一文字情報 親字・正字, ホップ数 1
U+8084	𨽽	肄	reduction	mj-shrink-map	merge	MJ052504: 法務省戸籍法関連通達・通知, 種別 戸籍統一文字情報 親字・正字, ホップ数 1
U+8086	𢑨	肆	reduction	mj-shrink-map	merge	MJ035731: 法務省戸籍法関連通達・通知, 種別 戸籍統一文字情報 親字・正字, ホップ数 1
U+8086	𦘨	肆	reduction	mj-shrink-map	merge	MJ045457: 法務省戸籍法関連通達・通知, 種別 戸籍統一文字情報 親字・正字, ホップ数 1
U+8086	𩭞	肆	reduction	mj-shrink-map	merge	MJ054734: 法務省戸籍法関連通達・通知, 種別 戸籍統一文字情報 親字・正字, ホップ数 1
U+8087	肈	肇	reduction	mj-shrink-map	merge	MJ020910: 法務省戸籍法関連通達・通知, 種別 戸籍統一文字情報 親字・正字, ホップ数 1
U+8087	𢾹	肇	reduction	mj-shrink-map	merge	MJ037361: 法務省戸籍法関連通達・通知, 種別 戸籍統一文字情報 親字・正字, ホップ数 1
U+8087	𦘟	肇	reduction	mj-shrink-map	merge	MJ045453: 法務省戸籍法関連通達・通知, 種別 戸籍統一文字情報 親字・正字, ホップ数 1
U+8089	宍	肉	reduction	mj-shrink-map	merge	MJ010118: 法務省戸籍法関連通達・通知, 種別 戸籍統一文字情報 親字・正字, ホップ数 1
U+8089	宍	肉	variant	cjkvi-variants	corroborates	宍→肉 jisx0213/variant | 肉→宍 hydzd/variant | 肉→宍 twedu/variant
U+8089	宍	肉	variant	wikidata	corroborates	Q109741267; P248 Q10427532 | Q54553281; P248 Q10427532
U+8089	宍	肉	equivalent	yitizi	corroborates	ytenx/JihThex.csv
U+8089	𡧢	肉	reduction	mj-shrink-map	merge	MJ033959: 法務省戸籍法関連通達・通知, 種別 戸籍統一文字情報 親字・正字, ホップ数 1
U+8089	𥤬	肉	reduction	mj-shrink-map	merge	MJ043388: 法務省戸籍法関連通達・通知, 種別 戸籍統一文字情報 親字・正字, ホップ数 1
U+8089	𮌇	肉	reduction	mj-shrink-map	merge	MJ058377: 法務省戸籍法関連通達・通知, 種別 戸籍統一文字情報 親字・正字, ホップ数 1
U+808B	肋	肋	compatibility	unicode-ucd	merge	808B
U+808B	䑅	肋	reduction	mj-shrink-map	merge	MJ003892: 法務省戸籍法関連通達・通知, 種別 戸籍統一文字情報 親字・正字, ホップ数 1
U+808C	𩨒	肌	reduction	mj-shrink-map	merge	MJ054514: 法務省戸籍法関連通達・通知, 種別 戸籍統一文字情報 親字・正字, ホップ数 1
U+80A1	脵	股	reduction	mj-shrink-map	merge	MJ021085: 法務省戸籍法関連通達・通知, 種別 戸籍統一文字情報 親字・正字, ホップ数 1
U+80A1	𫞆	股	reduction	mj-shrink-map	merge	MJ057688: 法務省戸籍法関連通達・通知, 種別 戸籍統一文字情報 親字・正字, ホップ数 1
U+80A2	𨈛	肢	reduction	mj-shrink-map	merge	MJ050383: 法務省戸籍法関連通達・通知, 種別 戸籍統一文字情報 親字・正字, ホップ数 1
U+80A2	𩨵	肢	reduction	mj-shrink-map	merge	MJ054540: 法務省戸籍法関連通達・通知, 種別 戸籍統一文字情報 親字・正字, ホップ数 1
U+80A5	𦘺	肥	reduction	mj-shrink-map	merge	MJ045471: 法務省戸籍法関連通達・通知, 種別 戸籍統一文字情報 親字・正字, ホップ数 1
U+80A9	𡱎	肩	reduction	mj-shrink-map	merge	MJ034335: 法務省戸籍法関連通達・通知, 種別 戸籍統一文字情報 親字・正字, ホップ数 1
U+80A9	𦙪	肩	reduction	mj-shrink-map	merge	MJ045502: 法務省戸籍法関連通達・通知, 種別 戸籍統一文字情報 親字・正字, ホップ数 1
U+80A9	𦚑	肩	reduction	mj-shrink-map	merge	MJ045531: 法務省戸籍法関連通達・通知, 種別 戸籍統一文字情報 親字・正字, ホップ数 1
U+80AA	𩨣	肪	reduction	mj-shrink-map	merge	MJ054526: 法務省戸籍法関連通達・通知, 種別 戸籍統一文字情報 親字・正字, ホップ数 1
U+80AC	疣	肬	reduction	mj-shrink-map	merge	MJ017754: 法務省戸籍法関連通達・通知, 種別 戸籍統一文字情報 親字・正字, ホップ数 1
U+80AC	疣	肬	variant	cjkvi-variants	corroborates	疣→肬 hydzd/variant | 疣→肬 jisx0212/variant | 疣→肬 twedu/variant | 肬→疣 jisx0213/variant
U+80AC	疣	肬	variant	wikidata	corroborates	Q109754726; P248 Q10427532 | Q109758226; P248 Q10427532
U+80AC	𪐤	肬	reduction	mj-shrink-map	merge	MJ056253: 法務省戸籍法関連通達・通知, 種別 戸籍統一文字情報 親字・正字, ホップ数 1
U+80AD	肭	肭	compatibility	unicode-ucd	merge	80AD
U+80AD	𦜬	肭	reduction	mj-shrink-map	merge	MJ045633: 法務省戸籍法関連通達・通知, 種別 戸籍統一文字情報 親字・正字, ホップ数 1
U+80AF	肻	肯	reduction	mj-shrink-map	merge	MJ020970: 法務省戸籍法関連通達・通知, 種別 戸籍統一文字情報 親字・正字, ホップ数 1
U+80AF	𦘫	肯	reduction	mj-shrink-map	merge	MJ045460: 法務省戸籍法関連通達・通知, 種別 戸籍統一文字情報 親字・正字, ホップ数 1
U+80AF	𦙡	肯	reduction	mj-shrink-map	merge	MJ045496: 法務省戸籍法関連通達・通知, 種別 戸籍統一文字情報 親字・正字, ホップ数 1
U+80B1	𠫔	肱	reduction	mj-shrink-map	merge	MJ031962: 法務省戸籍法関連通達・通知, 種別 戸籍統一文字情報 親字・正字, ホップ数 1
U+80B2	育	育	compatibility	unicode-ucd	merge	80B2
U+80B2	𣫺	𣫺	compatibility	unicode-ucd	merge	23AFA
U+80B2	𣫺	育	reduction	mj-shrink-map	merge	MJ038969: 法務省戸籍法関連通達・通知, 種別 戸籍統一文字情報 親字・正字, ホップ数 1
U+80B2	𩛭	育	reduction	mj-shrink-map	merge	MJ053955: 法務省戸籍法関連通達・通知, 種別 戸籍統一文字情報 親字・正字, ホップ数 1
U+80B4	𦘬	肴	reduction	mj-shrink-map	merge	MJ045461: 法務省戸籍法関連通達・通知, 種別 戸籍統一文字情報 親字・正字, ホップ数 1
U+80B4	𦙩	肴	reduction	mj-shrink-map	merge	MJ045501: 法務省戸籍法関連通達・通知, 種別 戸籍統一文字情報 親字・正字, ホップ数 1
U+80B4	𦜚	肴	reduction	mj-shrink-map	merge	MJ045626: 法務省戸籍法関連通達・通知, 種別 戸籍統一文字情報 親字・正字, ホップ数 1
U+80B8	肹	肸	reduction	mj-shrink-map	merge	MJ020967: 法務省戸籍法関連通達・通知, 種別 戸籍統一文字情報 親字・正字, ホップ数 1
U+80BA	𦍜	肺	reduction	mj-shrink-map	merge	MJ044982: 法務省戸籍法関連通達・通知, 種別 戸籍統一文字情報 親字・正字, ホップ数 1
U+80BA	𦚃	肺	reduction	mj-shrink-map	merge	MJ045524: 法務省戸籍法関連通達・通知, 種別 戸籍統一文字情報 親字・正字, ホップ数 1
U+80C3	𦛂	胃	reduction	mj-shrink-map	merge	MJ045565: 法務省戸籍法関連通達・通知, 種別 戸籍統一文字情報 親字・正字, ホップ数 1
U+80C3	𦝩	胃	reduction	mj-shrink-map	merge	MJ045670: 法務省戸籍法関連通達・通知, 種別 戸籍統一文字情報 親字・正字, ホップ数 1
U+80C3	𦞅	胃	reduction	mj-shrink-map	merge	MJ045689: 法務省戸籍法関連通達・通知, 種別 戸籍統一文字情報 親字・正字, ホップ数 1
U+80C5	𦝯	胅	reduction	mj-shrink-map	merge	MJ045677: 法務省戸籍法関連通達・通知, 種別 戸籍統一文字情報 親字・正字, ホップ数 1
U+80C5	𩨰	胅	reduction	mj-shrink-map	merge	MJ054535: 法務省戸籍法関連通達・通知, 種別 戸籍統一文字情報 親字・正字, ホップ数 1
U+80C6	膽	胆	reduction	mj-shrink-map	merge	MJ021243: 法務省戸籍法関連通達・通知, 種別 戸籍統一文字情報 親字・正字, ホップ数 1
U+80C6	𨈠	膽	reduction	mj-shrink-map	merge	MJ050388: 法務省戸籍法関連通達・通知, 種別 戸籍統一文字情報 親字・正字, ホップ数 1
U+80CA	𠣪	胊	reduction	mj-shrink-map	merge	MJ031624: 法務省戸籍法関連通達・通知, 種別 戸籍統一文字情報 親字・正字, ホップ数 1
U+80CC	𧶙	背	reduction	mj-shrink-map	merge	MJ049660: 法務省戸籍法関連通達・通知, 種別 戸籍統一文字情報 親字・正字, ホップ数 1
U+80CE	囼	胎	reduction	mj-shrink-map	merge	MJ008850: 法務省戸籍法関連通達・通知, 種別 戸籍統一文字情報 親字・正字, ホップ数 1
U+80CE	孡	胎	reduction	mj-shrink-map	merge	MJ010068: 法務省戸籍法関連通達・通知, 種別 戸籍統一文字情報 親字・正字, ホップ数 1
U+80D5	𦝗	胕	reduction	mj-shrink-map	merge	MJ045653: 法務省戸籍法関連通達・通知, 種別 戸籍統一文字情報 親字・正字, ホップ数 1
U+80D6	𦚓	胖	reduction	mj-shrink-map	merge	MJ045533: 法務省戸籍法関連通達・通知, 種別 戸籍統一文字情報 親字・正字, ホップ数 1
U+80D7	𦙳	胗	reduction	mj-shrink-map	merge	MJ045511: 法務省戸籍法関連通達・通知, 種別 戸籍統一文字情報 親字・正字, ホップ数 1
U+80D7	𦜌	胗	reduction	mj-shrink-map	merge	MJ045612: 法務省戸籍法関連通達・通知, 種別 戸籍統一文字情報 親字・正字, ホップ数 1
U+80D8	𦘷	胘	reduction	mj-shrink-map	merge	MJ045468: 法務省戸籍法関連通達・通知, 種別 戸籍統一文字情報 親字・正字, ホップ数 1
U+80D9	𦙐	胙	reduction	mj-shrink-map	merge	MJ045489: 法務省戸籍法関連通達・通知, 種別 戸籍統一文字情報 親字・正字, ホップ数 1
U+80DD	𦙁	胝	reduction	mj-shrink-map	merge	MJ045477: 法務省戸籍法関連通達・通知, 種別 戸籍統一文字情報 親字・正字, ホップ数 1
U+80DD	𦙠	胝	reduction	mj-shrink-map	merge	MJ045495: 法務省戸籍法関連通達・通知, 種別 戸籍統一文字情報 親字・正字, ホップ数 1
U+80E0	𦚁	胠	reduction	mj-shrink-map	merge	MJ045523: 法務省戸籍法関連通達・通知, 種別 戸籍統一文字情報 親字・正字, ホップ数 1
U+80E0	𦚒	胠	reduction	mj-shrink-map	merge	MJ045532: 法務省戸籍法関連通達・通知, 種別 戸籍統一文字情報 親字・正字, ホップ数 1
U+80E1	𠴱	胡	reduction	mj-shrink-map	merge	MJ032316: 法務省戸籍法関連通達・通知, 種別 戸籍統一文字情報 親字・正字, ホップ数 1
U+80E1	𡋞	胡	reduction	mj-shrink-map	merge	MJ033011: 法務省戸籍法関連通達・通知, 種別 戸籍統一文字情報 親字・正字, ホップ数 1
U+80E4	𠉥	胤	reduction	mj-shrink-map	merge	MJ030638: 法務省戸籍法関連通達・通知, 種別 戸籍統一文字情報 親字・正字, ホップ数 1
U+80E4	𤗅	胤	reduction	mj-shrink-map	merge	MJ040365: 法務省戸籍法関連通達・通知, 種別 戸籍統一文字情報 親字・正字, ホップ数 1
U+80E4	𦙍	胤	reduction	mj-shrink-map	merge	MJ045488: 法務省戸籍法関連通達・通知, 種別 戸籍統一文字情報 親字・正字, ホップ数 1
U+80E4	𦛬	胤	reduction	mj-shrink-map	merge	MJ045595: 法務省戸籍法関連通達・通知, 種別 戸籍統一文字情報 親字・正字, ホップ数 1
U+80E4	𦞩	胤	reduction	mj-shrink-map	merge	MJ045712: 法務省戸籍法関連通達・通知, 種別 戸籍統一文字情報 親字・正字, ホップ数 1
U+80E4	𭥟	胤	reduction	mj-shrink-map	merge	MJ057652: 法務省戸籍法関連通達・通知, 種別 戸籍統一文字情報 親字・正字, ホップ数 1
U+80E5	偦	胥	reduction	mj-shrink-map	merge	MJ006935: 法務省戸籍法関連通達・通知, 種別 戸籍統一文字情報 親字・正字, ホップ数 1
U+80E5	縃	胥	reduction	mj-shrink-map	merge	MJ020293: 法務省戸籍法関連通達・通知, 種別 戸籍統一文字情報 親字・正字, ホップ数 1
U+80E5	𣆁	胥	reduction	mj-shrink-map	merge	MJ057662: 法務省戸籍法関連通達・通知, 種別 戸籍統一文字情報 親字・正字, ホップ数 1
U+80E5	𦙃	胥	reduction	mj-shrink-map	merge	MJ045479: 法務省戸籍法関連通達・通知, 種別 戸籍統一文字情報 親字・正字, ホップ数 1
U+80EF	𦚬	胯	reduction	mj-shrink-map	merge	MJ045554: 法務省戸籍法関連通達・通知, 種別 戸籍統一文字情報 親字・正字, ホップ数 1
U+80F3	𦛃	胳	reduction	mj-shrink-map	merge	MJ045566: 法務省戸籍法関連通達・通知, 種別 戸籍統一文字情報 親字・正字, ホップ数 1
U+80F8	𦚍	胸	reduction	mj-shrink-map	merge	MJ045528: 法務省戸籍法関連通達・通知, 種別 戸籍統一文字情報 親字・正字, ホップ数 1
U+80F8	𦛄	胸	reduction	mj-shrink-map	merge	MJ045567: 法務省戸籍法関連通達・通知, 種別 戸籍統一文字情報 親字・正字, ホップ数 1
U+80F8	𮌚	胸	reduction	mj-shrink-map	merge	MJ058387: 法務省戸籍法関連通達・通知, 種別 戸籍統一文字情報 親字・正字, ホップ数 1
U+80FD	䏻	能	reduction	mj-shrink-map	merge	MJ003817: 法務省戸籍法関連通達・通知, 種別 戸籍統一文字情報 親字・正字, ホップ数 1
U+80FD	𦝕	能	reduction	mj-shrink-map	merge	MJ045651: 法務省戸籍法関連通達・通知, 種別 戸籍統一文字情報 親字・正字, ホップ数 1
U+8102	𮌖	脂	reduction	mj-shrink-map	merge	MJ058384: 法務省戸籍法関連通達・通知, 種別 戸籍統一文字情報 親字・正字, ホップ数 1
U+8103	脃	脃	compatibility	unicode-ucd	merge	8103
U+8105	脋	脅	reduction	mj-shrink-map	merge	MJ021047: 法務省戸籍法関連通達・通知, 種別 戸籍統一文字情報 親字・正字, ホップ数 1
U+8107	𦚰	脇	reduction	mj-shrink-map	merge	MJ045559: 法務省戸籍法関連通達・通知, 種別 戸籍統一文字情報 親字・正字, ホップ数 1
U+810A	𦟝	脊	reduction	mj-shrink-map	merge	MJ045732: 法務省戸籍法関連通達・通知, 種別 戸籍統一文字情報 親字・正字, ホップ数 1
U+810A	𦠗	脊	reduction	mj-shrink-map	merge	MJ045769: 法務省戸籍法関連通達・通知, 種別 戸籍統一文字情報 親字・正字, ホップ数 1
U+810A	𭦃	脊	reduction	mj-shrink-map	merge	MJ057667: 法務省戸籍法関連通達・通知, 種別 戸籍統一文字情報 親字・正字, ホップ数 1
U+8118	𦜐	脘	reduction	mj-shrink-map	merge	MJ045616: 法務省戸籍法関連通達・通知, 種別 戸籍統一文字情報 親字・正字, ホップ数 1
U+811A	踋	脚	reduction	mj-shrink-map	merge	MJ025334: 法務省戸籍法関連通達・通知, 種別 戸籍統一文字情報 親字・正字, ホップ数 1
U+811A	𦛶	脚	reduction	mj-shrink-map	merge	MJ045600: 法務省戸籍法関連通達・通知, 種別 戸籍統一文字情報 親字・正字, ホップ数 1
U+811B	𨂈	脛	reduction	mj-shrink-map	merge	MJ050147: 法務省戸籍法関連通達・通知, 種別 戸籍統一文字情報 親字・正字, ホップ数 1
U+811B	𩩋	脛	reduction	mj-shrink-map	merge	MJ054556: 法務省戸籍法関連通達・通知, 種別 戸籍統一文字情報 親字・正字, ホップ数 1
U+8123	𦟢	脣	reduction	mj-shrink-map	merge	MJ045737: 法務省戸籍法関連通達・通知, 種別 戸籍統一文字情報 親字・正字, ホップ数 1
U+8129	𠋛	脩	reduction	mj-shrink-map	merge	MJ030694: 法務省戸籍法関連通達・通知, 種別 戸籍統一文字情報 親字・正字, ホップ数 1
U+8133	腦	脳	reduction	mj-shrink-map	merge	MJ021141: 法務省戸籍法関連通達・通知, 種別 戸籍統一文字情報 親字・正字, ホップ数 1
U+8133	𠜶	腦	reduction	mj-shrink-map	merge	MJ031338: 法務省戸籍法関連通達・通知, 種別 戸籍統一文字情報 親字・正字, ホップ数 1
U+8133	𡿺	腦	reduction	mj-shrink-map	merge	MJ034920: 法務省戸籍法関連通達・通知, 種別 戸籍統一文字情報 親字・正字, ホップ数 1
U+8133	𦛁	腦	reduction	mj-shrink-map	merge	MJ045564: 法務省戸籍法関連通達・通知, 種別 戸籍統一文字情報 親字・正字, ホップ数 1
U+8133	𦛳	腦	reduction	mj-shrink-map	merge	MJ045598: 法務省戸籍法関連通達・通知, 種別 戸籍統一文字情報 親字・正字, ホップ数 1
U+8133	𦝶	腦	reduction	mj-shrink-map	merge	MJ045684: 法務省戸籍法関連通達・通知, 種別 戸籍統一文字情報 親字・正字, ホップ数 1
U+8133	𦞄	腦	reduction	mj-shrink-map	merge	MJ045688: 法務省戸籍法関連通達・通知, 種別 戸籍統一文字情報 親字・正字, ホップ数 1
U+8133	𦠊	腦	reduction	mj-shrink-map	merge	MJ045756: 法務省戸籍法関連通達・通知, 種別 戸籍統一文字情報 親字・正字, ホップ数 1
U+8133	𦠤	腦	reduction	mj-shrink-map	merge	MJ045774: 法務省戸籍法関連通達・通知, 種別 戸籍統一文字情報 親字・正字, ホップ数 1
U+8133	𩩀	腦	reduction	mj-shrink-map	merge	MJ054550: 法務省戸籍法関連通達・通知, 種別 戸籍統一文字情報 親字・正字, ホップ数 1
U+8139	痮	脹	reduction	mj-shrink-map	merge	MJ017826: 法務省戸籍法関連通達・通知, 種別 戸籍統一文字情報 親字・正字, ホップ数 1
U+8139	瘬	痮	reduction	mj-shrink-map	merge	MJ017895: 法務省戸籍法関連通達・通知, 種別 戸籍統一文字情報 親字・正字, ホップ数 1
U+813E	脾	脾	compatibility	unicode-ucd	merge	813E
U+813E	腗	脾	reduction	mj-shrink-map	merge	MJ021125: 法務省戸籍法関連通達・通知, 種別 戸籍統一文字情報 親字・正字, ホップ数 1
U+8146	㙉	腆	reduction	mj-shrink-map	merge	MJ000504: 法務省戸籍法関連通達・通知, 種別 戸籍統一文字情報 親字・正字, ホップ数 1
U+8146	𣇺	腆	reduction	mj-shrink-map	merge	MJ037726: 法務省戸籍法関連通達・通知, 種別 戸籍統一文字情報 親字・正字, ホップ数 1
U+8146	𥳫	腆	reduction	mj-shrink-map	merge	MJ043985: 法務省戸籍法関連通達・通知, 種別 戸籍統一文字情報 親字・正字, ホップ数 1
U+8146	𥵶	腆	reduction	mj-shrink-map	merge	MJ044065: 法務省戸籍法関連通達・通知, 種別 戸籍統一文字情報 親字・正字, ホップ数 1
U+814A	𦠪	腊	reduction	mj-shrink-map	merge	MJ045779: 法務省戸籍法関連通達・通知, 種別 戸籍統一文字情報 親字・正字, ホップ数 1
U+8150	焤	腐	reduction	mj-shrink-map	merge	MJ016438: 法務省戸籍法関連通達・通知, 種別 戸籍統一文字情報 親字・正字, ホップ数 1
U+8150	𢉶	腐	reduction	mj-shrink-map	merge	MJ035379: 法務省戸籍法関連通達・通知, 種別 戸籍統一文字情報 親字・正字, ホップ数 1
U+8150	𣩇	腐	reduction	mj-shrink-map	merge	MJ038852: 法務省戸籍法関連通達・通知, 種別 戸籍統一文字情報 親字・正字, ホップ数 1
U+8155	𢯲	腕	reduction	mj-shrink-map	merge	MJ036873: 法務省戸籍法関連通達・通知, 種別 戸籍統一文字情報 親字・正字, ホップ数 1
U+8168	𨄔	腨	reduction	mj-shrink-map	merge	MJ050229: 法務省戸籍法関連通達・通知, 種別 戸籍統一文字情報 親字・正字, ホップ数 1
U+8169	𦝧	腩	reduction	mj-shrink-map	merge	MJ045668: 法務省戸籍法関連通達・通知, 種別 戸籍統一文字情報 親字・正字, ホップ数 1
U+8170	𦝫	腰	reduction	mj-shrink-map	merge	MJ045672: 法務省戸籍法関連通達・通知, 種別 戸籍統一文字情報 親字・正字, ホップ数 1
U+8171	𦞬	腱	reduction	mj-shrink-map	merge	MJ045715: 法務省戸籍法関連通達・通知, 種別 戸籍統一文字情報 親字・正字, ホップ数 1
U+8174	𣧴	腴	reduction	mj-shrink-map	merge	MJ038784: 法務省戸籍法関連通達・通知, 種別 戸籍統一文字情報 親字・正字, ホップ数 1
U+8174	𣨃	腴	reduction	mj-shrink-map	merge	MJ038798: 法務省戸籍法関連通達・通知, 種別 戸籍統一文字情報 親字・正字, ホップ数 1
U+8178	膓	腸	reduction	mj-shrink-map	merge	MJ021194: 法務省戸籍法関連通達・通知, 種別 戸籍統一文字情報 親字・正字, ホップ数 1
U+8178	腸	膓	variant	cjkvi-variants	corroborates	腸→膓 dypytz/variant | 腸→膓 hydzd/variant | 腸→膓 jisx0212/variant | 腸→膓 jisx0213/variant | 腸→膓 twedu/variant
U+8178	腸	膓	variant	wikidata	corroborates	Q109759016; P248 Q10427532 | Q54882034; P248 Q10427532
U+8178	腸	膓	equivalent	yitizi	corroborates	ytenx/JihThex.csv
U+8179	𦞶	腹	reduction	mj-shrink-map	merge	MJ045722: 法務省戸籍法関連通達・通知, 種別 戸籍統一文字情報 親字・正字, ホップ数 1
U+8180	𦜶	膀	reduction	mj-shrink-map	merge	MJ045637: 法務省戸籍法関連通達・通知, 種別 戸籍統一文字情報 親字・正字, ホップ数 1
U+8182	膐	膂	reduction	mj-shrink-map	merge	MJ021192: 法務省戸籍法関連通達・通知, 種別 戸籍統一文字情報 親字・正字, ホップ数 1
U+818A	𦢸	膊	reduction	mj-shrink-map	merge	MJ045858: 法務省戸籍法関連通達・通知, 種別 戸籍統一文字情報 親字・正字, ホップ数 1
U+818F	𮌔	膏	reduction	mj-shrink-map	merge	MJ058385: 法務省戸籍法関連通達・通知, 種別 戸籍統一文字情報 親字・正字, ホップ数 1
U+8195	𩪐	膕	reduction	mj-shrink-map	merge	MJ054608: 法務省戸籍法関連通達・通知, 種別 戸籍統一文字情報 親字・正字, ホップ数 1
U+8198	𦣁	膘	reduction	mj-shrink-map	merge	MJ045867: 法務省戸籍法関連通達・通知, 種別 戸籍統一文字情報 親字・正字, ホップ数 1
U+819A	𤺧	膚	reduction	mj-shrink-map	merge	MJ041782: 法務省戸籍法関連通達・通知, 種別 戸籍統一文字情報 親字・正字, ホップ数 1
U+819A	𦢚	膚	reduction	mj-shrink-map	merge	MJ045841: 法務省戸籍法関連通達・通知, 種別 戸籍統一文字情報 親字・正字, ホップ数 1
U+819C	𦟦	膜	reduction	mj-shrink-map	merge	MJ045741: 法務省戸籍法関連通達・通知, 種別 戸籍統一文字情報 親字・正字, ホップ数 1
U+819D	厀	膝	reduction	mj-shrink-map	merge	MJ007916: 法務省戸籍法関連通達・通知, 種別 戸籍統一文字情報 親字・正字, ホップ数 1
U+819D	𦜔	膝	reduction	mj-shrink-map	merge	MJ045620: 法務省戸籍法関連通達・通知, 種別 戸籍統一文字情報 親字・正字, ホップ数 1
U+819D	𦡀	膝	reduction	mj-shrink-map	merge	MJ045790: 法務省戸籍法関連通達・通知, 種別 戸籍統一文字情報 親字・正字, ホップ数 1
U+819D	𦡩	膝	reduction	mj-shrink-map	merge	MJ045808: 法務省戸籍法関連通達・通知, 種別 戸籍統一文字情報 親字・正字, ホップ数 1
U+819D	𮌒	膝	reduction	mj-shrink-map	merge	MJ058382: 法務省戸籍法関連通達・通知, 種別 戸籍統一文字情報 親字・正字, ホップ数 1
U+81A3	腟	膣	reduction	mj-shrink-map	merge	MJ021131: 法務省戸籍法関連通達・通知, 種別 戸籍統一文字情報 親字・正字, ホップ数 1
U+81A3	腟	膣	variant	cjkvi-variants	corroborates	腟→膣 jisx0213/variant | 膣→腟 jisx0212/variant
U+81A3	腟	膣	equivalent	yitizi	corroborates	ytenx/JihThex.csv
U+81A9	𦡸	膩	reduction	mj-shrink-map	merge	MJ045820: 法務省戸籍法関連通達・通知, 種別 戸籍統一文字情報 親字・正字, ホップ数 1
U+81B0	𥛮	膰	reduction	mj-shrink-map	merge	MJ043059: 法務省戸籍法関連通達・通知, 種別 戸籍統一文字情報 親字・正字, ホップ数 1
U+81B3	𦢃	膳	reduction	mj-shrink-map	merge	MJ045826: 法務省戸籍法関連通達・通知, 種別 戸籍統一文字情報 親字・正字, ホップ数 1
U+81BA	𦢖	膺	reduction	mj-shrink-map	merge	MJ045839: 法務省戸籍法関連通達・通知, 種別 戸籍統一文字情報 親字・正字, ホップ数 1
U+81BA	𦢻	膺	reduction	mj-shrink-map	merge	MJ045861: 法務省戸籍法関連通達・通知, 種別 戸籍統一文字情報 親字・正字, ホップ数 1
U+81BA	𩪠	膺	reduction	mj-shrink-map	merge	MJ054619: 法務省戸籍法関連通達・通知, 種別 戸籍統一文字情報 親字・正字, ホップ数 1
U+81BE	䭝	膾	reduction	mj-shrink-map	merge	MJ005720: 法務省戸籍法関連通達・通知, 種別 戸籍統一文字情報 親字・正字, ホップ数 1
U+81C2	𦠞	臂	reduction	mj-shrink-map	merge	MJ045771: 法務省戸籍法関連通達・通知, 種別 戸籍統一文字情報 親字・正字, ホップ数 1
U+81C2	𦡜	臂	reduction	mj-shrink-map	merge	MJ045805: 法務省戸籍法関連通達・通知, 種別 戸籍統一文字情報 親字・正字, ホップ数 1
U+81C6	肊	臆	reduction	mj-shrink-map	merge	MJ020913: 法務省戸籍法関連通達・通知, 種別 戸籍統一文字情報 親字・正字, ホップ数 1
U+81CA	鱢	臊	reduction	mj-shrink-map	merge	MJ029382: 法務省戸籍法関連通達・通知, 種別 戸籍統一文字情報 親字・正字, ホップ数 1
U+81CA	𦞣	臊	reduction	mj-shrink-map	merge	MJ045705: 法務省戸籍法関連通達・通知, 種別 戸籍統一文字情報 親字・正字, ホップ数 1
U+81CA	𦠨	臊	reduction	mj-shrink-map	merge	MJ045777: 法務省戸籍法関連通達・通知, 種別 戸籍統一文字情報 親字・正字, ホップ数 1
U+81CD	䐡	臍	reduction	mj-shrink-map	merge	MJ003857: 法務省戸籍法関連通達・通知, 種別 戸籍統一文字情報 親字・正字, ホップ数 1
U+81CD	𠬐	臍	reduction	mj-shrink-map	merge	MJ032003: 法務省戸籍法関連通達・通知, 種別 戸籍統一文字情報 親字・正字, ホップ数 1
U+81CD	𦜝	臍	reduction	mj-shrink-map	merge	MJ045629: 法務省戸籍法関連通達・通知, 種別 戸籍統一文字情報 親字・正字, ホップ数 1
U+81CD	𦠃	臍	reduction	mj-shrink-map	merge	MJ045749: 法務省戸籍法関連通達・通知, 種別 戸籍統一文字情報 親字・正字, ホップ数 1
U+81CD	𪗇	臍	reduction	mj-shrink-map	merge	MJ056585: 法務省戸籍法関連通達・通知, 種別 戸籍統一文字情報 親字・正字, ホップ数 1
U+81CD	𪗌	臍	reduction	mj-shrink-map	merge	MJ056590: 法務省戸籍法関連通達・通知, 種別 戸籍統一文字情報 親字・正字, ホップ数 1
U+81CF	𬛜	臏	reduction	mj-shrink-map	merge	MJ058401: 法務省戸籍法関連通達・通知, 種別 戸籍統一文字情報 親字・正字, ホップ数 1
U+81D3	臟	臓	reduction	mj-shrink-map	merge	MJ021282: 法務省戸籍法関連通達・通知, 種別 戸籍統一文字情報 親字・正字, ホップ数 1
U+81D3	𮍄	臟	reduction	mj-shrink-map	merge	MJ058402: 法務省戸籍法関連通達・通知, 種別 戸籍統一文字情報 親字・正字, ホップ数 1
U+81D8	臘	臘	compatibility	unicode-ucd	merge	81D8
U+81D8	𦠼	臘	reduction	mj-shrink-map	merge	MJ058399: 法務省戸籍法関連通達・通知, 種別 戸籍統一文字情報 親字・正字, ホップ数 1
U+81D8	𦡳	臘	reduction	mj-shrink-map	merge	MJ045787: 法務省戸籍法関連通達・通知, 種別 戸籍統一文字情報 親字・正字, ホップ数 1
U+81D8	𫞇	臘	reduction	mj-shrink-map	merge	MJ057689: 法務省戸籍法関連通達・通知, 種別 戸籍統一文字情報 親字・正字, ホップ数 1
U+81E0	𦣐	臠	reduction	mj-shrink-map	merge	MJ045878: 法務省戸籍法関連通達・通知, 種別 戸籍統一文字情報 親字・正字, ホップ数 1
U+81E3	𮍌	臣	reduction	mj-shrink-map	merge	MJ058406: 法務省戸籍法関連通達・通知, 種別 戸籍統一文字情報 親字・正字, ホップ数 1
U+81E4	𮍍	臤	reduction	mj-shrink-map	merge	MJ058407: 法務省戸籍法関連通達・通知, 種別 戸籍統一文字情報 親字・正字, ホップ数 1
U+81E7	𡒉	臧	reduction	mj-shrink-map	merge	MJ033215: 法務省戸籍法関連通達・通知, 種別 戸籍統一文字情報 親字・正字, ホップ数 1
U+81E7	𢨑	臧	reduction	mj-shrink-map	merge	MJ036636: 法務省戸籍法関連通達・通知, 種別 戸籍統一文字情報 親字・正字, ホップ数 1
U+81E7	𮍐	臧	reduction	mj-shrink-map	merge	MJ058408: 法務省戸籍法関連通達・通知, 種別 戸籍統一文字情報 親字・正字, ホップ数 1
U+81E8	臨	臨	compatibility	unicode-ucd	merge	81E8
U+81E8	𦣲	臨	reduction	mj-shrink-map	merge	MJ045900: 法務省戸籍法関連通達・通知, 種別 戸籍統一文字情報 親字・正字, ホップ数 1
U+81E8	𦣷	臨	reduction	mj-shrink-map	merge	MJ045902: 法務省戸籍法関連通達・通知, 種別 戸籍統一文字情報 親字・正字, ホップ数 1
U+81EA	𦣹	自	reduction	mj-shrink-map	merge	MJ045904: 法務省戸籍法関連通達・通知, 種別 戸籍統一文字情報 親字・正字, ホップ数 1
U+81EA	𦣼	自	reduction	mj-shrink-map	merge	MJ045907: 法務省戸籍法関連通達・通知, 種別 戸籍統一文字情報 親字・正字, ホップ数 1
U+81EA	𨈻	自	reduction	mj-shrink-map	merge	MJ050405: 法務省戸籍法関連通達・通知, 種別 戸籍統一文字情報 親字・正字, ホップ数 1
U+81EA	𩐍	自	reduction	mj-shrink-map	merge	MJ053394: 法務省戸籍法関連通達・通知, 種別 戸籍統一文字情報 親字・正字, ホップ数 1
U+81ED	臭	臭	compatibility	unicode-ucd	merge	81ED
U+81ED	臰	臭	reduction	mj-shrink-map	merge	MJ021302: 法務省戸籍法関連通達・通知, 種別 戸籍統一文字情報 親字・正字, ホップ数 1
U+81F3	𡊏	至	reduction	mj-shrink-map	merge	MJ032980: 法務省戸籍法関連通達・通知, 種別 戸籍統一文字情報 親字・正字, ホップ数 1
U+81F3	𦤳	至	reduction	mj-shrink-map	merge	MJ045945: 法務省戸籍法関連通達・通知, 種別 戸籍統一文字情報 親字・正字, ホップ数 1
U+81F3	𦤴	至	reduction	mj-shrink-map	merge	MJ045946: 法務省戸籍法関連通達・通知, 種別 戸籍統一文字情報 親字・正字, ホップ数 1
U+81F3	𦤵	至	reduction	mj-shrink-map	merge	MJ045947: 法務省戸籍法関連通達・通知, 種別 戸籍統一文字情報 親字・正字, ホップ数 1
U+81F4	𦤹	致	reduction	mj-shrink-map	merge	MJ045949: 法務省戸籍法関連通達・通知, 種別 戸籍統一文字情報 親字・正字, ホップ数 1
U+81F4	𦤺	致	reduction	mj-shrink-map	merge	MJ045950: 法務省戸籍法関連通達・通知, 種別 戸籍統一文字情報 親字・正字, ホップ数 1
U+81F4	𮍠	致	reduction	mj-shrink-map	merge	MJ058411: 法務省戸籍法関連通達・通知, 種別 戸籍統一文字情報 親字・正字, ホップ数 1
U+81FB	𧽕	臻	reduction	mj-shrink-map	merge	MJ049931: 法務省戸籍法関連通達・通知, 種別 戸籍統一文字情報 親字・正字, ホップ数 1
U+81FD	𥦶	臽	reduction	mj-shrink-map	merge	MJ043479: 法務省戸籍法関連通達・通知, 種別 戸籍統一文字情報 親字・正字, ホップ数 1
U+81FD	𦥢	臽	reduction	mj-shrink-map	merge	MJ045977: 法務省戸籍法関連通達・通知, 種別 戸籍統一文字情報 親字・正字, ホップ数 1
U+81FD	𮍥	臽	reduction	mj-shrink-map	merge	MJ058414: 法務省戸籍法関連通達・通知, 種別 戸籍統一文字情報 親字・正字, ホップ数 1
U+81FE	㬰	臾	reduction	mj-shrink-map	merge	MJ001671: 法務省戸籍法関連通達・通知, 種別 戸籍統一文字情報 親字・正字, ホップ数 1
U+81FE	𠒍	臾	reduction	mj-shrink-map	merge	MJ030923: 法務省戸籍法関連通達・通知, 種別 戸籍統一文字情報 親字・正字, ホップ数 1
U+81FF	𢆍	臿	reduction	mj-shrink-map	merge	MJ035217: 法務省戸籍法関連通達・通知, 種別 戸籍統一文字情報 親字・正字, ホップ数 1
U+81FF	𦥛	臿	reduction	mj-shrink-map	merge	MJ058415: 法務省戸籍法関連通達・通知, 種別 戸籍統一文字情報 親字・正字, ホップ数 1
U+81FF	𦥫	臿	reduction	mj-shrink-map	merge	MJ045984: 法務省戸籍法関連通達・通知, 種別 戸籍統一文字情報 親字・正字, ホップ数 1
U+81FF	𦦈	臿	reduction	mj-shrink-map	merge	MJ046013: 法務省戸籍法関連通達・通知, 種別 戸籍統一文字情報 親字・正字, ホップ数 1
U+81FF	𦦱	臿	reduction	mj-shrink-map	merge	MJ046041: 法務省戸籍法関連通達・通知, 種別 戸籍統一文字情報 親字・正字, ホップ数 1
U+81FF	𬽋	臿	reduction	mj-shrink-map	merge	MJ056897: 法務省戸籍法関連通達・通知, 種別 戸籍統一文字情報 親字・正字, ホップ数 1
U+8201	舁	舁	compatibility	unicode-ucd	merge	8201
U+8201	舁	舁	compatibility	unicode-ucd	merge	8201
U+8201	𢱲	舁	reduction	mj-shrink-map	merge	MJ036938: 法務省戸籍法関連通達・通知, 種別 戸籍統一文字情報 親字・正字, ホップ数 1
U+8201	𢹏	舁	reduction	mj-shrink-map	merge	MJ037136: 法務省戸籍法関連通達・通知, 種別 戸籍統一文字情報 親字・正字, ホップ数 1
U+8201	𦥠	舁	reduction	mj-shrink-map	merge	MJ045975: 法務省戸籍法関連通達・通知, 種別 戸籍統一文字情報 親字・正字, ホップ数 1
U+8202	𣇃	舂	reduction	mj-shrink-map	merge	MJ037700: 法務省戸籍法関連通達・通知, 種別 戸籍統一文字情報 親字・正字, ホップ数 1
U+8202	𦥴	舂	reduction	mj-shrink-map	merge	MJ045992: 法務省戸籍法関連通達・通知, 種別 戸籍統一文字情報 親字・正字, ホップ数 1
U+8202	𦥽	舂	reduction	mj-shrink-map	merge	MJ046002: 法務省戸籍法関連通達・通知, 種別 戸籍統一文字情報 親字・正字, ホップ数 1
U+8202	𦦓	舂	reduction	mj-shrink-map	merge	MJ046020: 法務省戸籍法関連通達・通知, 種別 戸籍統一文字情報 親字・正字, ホップ数 1
U+8202	𮍨	舂	reduction	mj-shrink-map	merge	MJ058417: 法務省戸籍法関連通達・通知, 種別 戸籍統一文字情報 親字・正字, ホップ数 1
U+8204	舄	舄	compatibility	unicode-ucd	merge	8204
U+8204	𣊣	舄	reduction	mj-shrink-map	merge	MJ037795: 法務省戸籍法関連通達・通知, 種別 戸籍統一文字情報 親字・正字, ホップ数 1
U+8204	𣚔	舄	reduction	mj-shrink-map	merge	MJ038265: 法務省戸籍法関連通達・通知, 種別 戸籍統一文字情報 親字・正字, ホップ数 1
U+8205	𠢎	舅	reduction	mj-shrink-map	merge	MJ031549: 法務省戸籍法関連通達・通知, 種別 戸籍統一文字情報 親字・正字, ホップ数 1
U+8205	𦥶	舅	reduction	mj-shrink-map	merge	MJ045994: 法務省戸籍法関連通達・通知, 種別 戸籍統一文字情報 親字・正字, ホップ数 1
U+8205	𦦊	舅	reduction	mj-shrink-map	merge	MJ046015: 法務省戸籍法関連通達・通知, 種別 戸籍統一文字情報 親字・正字, ホップ数 1
U+8208	𠎢	興	reduction	mj-shrink-map	merge	MJ030799: 法務省戸籍法関連通達・通知, 種別 戸籍統一文字情報 親字・正字, ホップ数 1
U+8208	𢍯	興	reduction	mj-shrink-map	merge	MJ035533: 法務省戸籍法関連通達・通知, 種別 戸籍統一文字情報 親字・正字, ホップ数 1
U+8208	𨑁	興	reduction	mj-shrink-map	merge	MJ050758: 法務省戸籍法関連通達・通知, 種別 戸籍統一文字情報 親字・正字, ホップ数 1
U+820E	啥	舍	reduction	mj-shrink-map	merge	MJ008413: 法務省戸籍法関連通達・通知, 種別 戸籍統一文字情報 親字・正字, ホップ数 1
U+820E	舍	舎	reduction	mj-shrink-map	merge	MJ021345: 法務省戸籍法関連通達・通知, 種別 戸籍統一文字情報 親字・正字, ホップ数 1
U+820E	舍	舎	shinjitai	cjkvi-variants	corroborates	舎󠄀→舍󠄀 jp-old-style
U+820E	舍	舎	variant	cjkvi-variants	corroborates	舍→舎 cjkvi/variant | 舍→舎 twedu/variant | 舍→舎 ucs-scs/variant | 舎→舍 jisx0212/variant | 舎→舍 jisx0213/variant
U+820E	舍	舎	variant	hng-basic-data	corroborates	09638
U+820E	舍	舎	shinjitai	opencc	corroborates	JPShinjitaiCharacters (self first)
U+820E	舍	舎	variant	wikidata	corroborates	Q109759386; P248 Q10427532 | Q54901430; P248 Q10427532
U+820E	舍	舎	equivalent	yitizi	corroborates	ytenx/JihThex.csv
U+820E	𦧶	舍	reduction	mj-shrink-map	merge	MJ046091: 法務省戸籍法関連通達・通知, 種別 戸籍統一文字情報 親字・正字, ホップ数 1
U+8210	舓	舐	reduction	mj-shrink-map	merge	MJ021357: 法務省戸籍法関連通達・通知, 種別 戸籍統一文字情報 親字・正字, ホップ数 1
U+8210	𦧪	舐	reduction	mj-shrink-map	merge	MJ046083: 法務省戸籍法関連通達・通知, 種別 戸籍統一文字情報 親字・正字, ホップ数 1
U+8210	𪙬	舐	reduction	mj-shrink-map	merge	MJ056730: 法務省戸籍法関連通達・通知, 種別 戸籍統一文字情報 親字・正字, ホップ数 1
U+8210	𪙶	舐	reduction	mj-shrink-map	merge	MJ056738: 法務省戸籍法関連通達・通知, 種別 戸籍統一文字情報 親字・正字, ホップ数 1
U+821C	䑞	舜	reduction	mj-shrink-map	merge	MJ003915: 法務省戸籍法関連通達・通知, 種別 戸籍統一文字情報 親字・正字, ホップ数 1
U+821C	𡐩	舜	reduction	mj-shrink-map	merge	MJ033176: 法務省戸籍法関連通達・通知, 種別 戸籍統一文字情報 親字・正字, ホップ数 1
U+821C	𡳈	舜	reduction	mj-shrink-map	merge	MJ034415: 法務省戸籍法関連通達・通知, 種別 戸籍統一文字情報 親字・正字, ホップ数 1
U+821C	𡳉	舜	reduction	mj-shrink-map	merge	MJ034416: 法務省戸籍法関連通達・通知, 種別 戸籍統一文字情報 親字・正字, ホップ数 1
U+821E	𦏶	舞	reduction	mj-shrink-map	merge	MJ045095: 法務省戸籍法関連通達・通知, 種別 戸籍統一文字情報 親字・正字, ホップ数 1
U+821E	𦐀	舞	reduction	mj-shrink-map	merge	MJ045102: 法務省戸籍法関連通達・通知, 種別 戸籍統一文字情報 親字・正字, ホップ数 1
U+821E	𦨅	舞	reduction	mj-shrink-map	merge	MJ046100: 法務省戸籍法関連通達・通知, 種別 戸籍統一文字情報 親字・正字, ホップ数 1
U+821E	𮎁	舞	reduction	mj-shrink-map	merge	MJ058426: 法務省戸籍法関連通達・通知, 種別 戸籍統一文字情報 親字・正字, ホップ数 1
U+821F	𣍝	舟	reduction	mj-shrink-map	merge	MJ037874: 法務省戸籍法関連通達・通知, 種別 戸籍統一文字情報 親字・正字, ホップ数 1
U+822B	艕	舫	reduction	mj-shrink-map	merge	MJ021427: 法務省戸籍法関連通達・通知, 種別 戸籍統一文字情報 親字・正字, ホップ数 1
U+822C	𦨗	般	reduction	mj-shrink-map	merge	MJ046114: 法務省戸籍法関連通達・通知, 種別 戸籍統一文字情報 親字・正字, ホップ数 1
U+822C	𮎆	般	reduction	mj-shrink-map	merge	MJ058430: 法務省戸籍法関連通達・通知, 種別 戸籍統一文字情報 親字・正字, ホップ数 1
U+8232	𦫃	舲	reduction	mj-shrink-map	merge	MJ046240: 法務省戸籍法関連通達・通知, 種別 戸籍統一文字情報 親字・正字, ホップ数 1
U+8235	䑨	舵	reduction	mj-shrink-map	merge	MJ003925: 法務省戸籍法関連通達・通知, 種別 戸籍統一文字情報 親字・正字, ホップ数 1
U+8236	艊	舶	reduction	mj-shrink-map	merge	MJ021418: 法務省戸籍法関連通達・通知, 種別 戸籍統一文字情報 親字・正字, ホップ数 1
U+8236	𮎋	舶	reduction	mj-shrink-map	merge	MJ058431: 法務省戸籍法関連通達・通知, 種別 戸籍統一文字情報 親字・正字, ホップ数 1
U+8238	𦨜	舸	reduction	mj-shrink-map	merge	MJ046119: 法務省戸籍法関連通達・通知, 種別 戸籍統一文字情報 親字・正字, ホップ数 1
U+8239	𣍬	船	reduction	mj-shrink-map	merge	MJ037887: 法務省戸籍法関連通達・通知, 種別 戸籍統一文字情報 親字・正字, ホップ数 1
U+8247	𦨿	艇	reduction	mj-shrink-map	merge	MJ046145: 法務省戸籍法関連通達・通知, 種別 戸籍統一文字情報 親字・正字, ホップ数 1
U+824F	𦩽	艏	reduction	mj-shrink-map	merge	MJ046190: 法務省戸籍法関連通達・通知, 種別 戸籍統一文字情報 親字・正字, ホップ数 1
U+8257	榏	艗	reduction	mj-shrink-map	merge	MJ014259: 法務省戸籍法関連通達・通知, 種別 戸籍統一文字情報 親字・正字, ホップ数 1
U+8257	𦩊	艗	reduction	mj-shrink-map	merge	MJ046151: 法務省戸籍法関連通達・通知, 種別 戸籍統一文字情報 親字・正字, ホップ数 1
U+8259	𤾙	艙	reduction	mj-shrink-map	merge	MJ041934: 法務省戸籍法関連通達・通知, 種別 戸籍統一文字情報 親字・正字, ホップ数 1
U+826A	艣	艪	reduction	mj-shrink-map	merge	MJ021448: 法務省戸籍法関連通達・通知, 種別 戸籍統一文字情報 親字・正字, ホップ数 1
U+826B	𮎗	艫	reduction	mj-shrink-map	merge	MJ058437: 法務省戸籍法関連通達・通知, 種別 戸籍統一文字情報 親字・正字, ホップ数 1
U+826E	㫔	艮	reduction	mj-shrink-map	merge	MJ001577: 法務省戸籍法関連通達・通知, 種別 戸籍統一文字情報 親字・正字, ホップ数 1
U+826F	良	良	compatibility	unicode-ucd	merge	826F
U+826F	𡆨	良	reduction	mj-shrink-map	merge	MJ032810: 法務省戸籍法関連通達・通知, 種別 戸籍統一文字情報 親字・正字, ホップ数 1
U+826F	𡰩	良	reduction	mj-shrink-map	merge	MJ034306: 法務省戸籍法関連通達・通知, 種別 戸籍統一文字情報 親字・正字, ホップ数 1
U+826F	𣌣	良	reduction	mj-shrink-map	merge	MJ037849: 法務省戸籍法関連通達・通知, 種別 戸籍統一文字情報 親字・正字, ホップ数 1
U+826F	𣌩	良	reduction	mj-shrink-map	merge	MJ037853: 法務省戸籍法関連通達・通知, 種別 戸籍統一文字情報 親字・正字, ホップ数 1
U+826F	𥭣	良	reduction	mj-shrink-map	merge	MJ043736: 法務省戸籍法関連通達・通知, 種別 戸籍統一文字情報 親字・正字, ホップ数 1
U+826F	𥭷	良	reduction	mj-shrink-map	merge	MJ043750: 法務省戸籍法関連通達・通知, 種別 戸籍統一文字情報 親字・正字, ホップ数 1
U+8271	囏	艱	reduction	mj-shrink-map	merge	MJ008804: 法務省戸籍法関連通達・通知, 種別 戸籍統一文字情報 親字・正字, ホップ数 1
U+8271	𡆐	艱	reduction	mj-shrink-map	merge	MJ032797: 法務省戸籍法関連通達・通知, 種別 戸籍統一文字情報 親字・正字, ホップ数 1
U+8271	𥌵	艱	reduction	mj-shrink-map	merge	MJ042544: 法務省戸籍法関連通達・通知, 種別 戸籍統一文字情報 親字・正字, ホップ数 1
U+8271	𦫒	艱	reduction	mj-shrink-map	merge	MJ046249: 法務省戸籍法関連通達・通知, 種別 戸籍統一文字情報 親字・正字, ホップ数 1
U+8272	𢒸	色	reduction	mj-shrink-map	merge	MJ035793: 法務省戸籍法関連通達・通知, 種別 戸籍統一文字情報 親字・正字, ホップ数 1
U+8272	𣤻	色	reduction	mj-shrink-map	merge	MJ038642: 法務省戸籍法関連通達・通知, 種別 戸籍統一文字情報 親字・正字, ホップ数 1
U+8272	𬼜	色	reduction	mj-shrink-map	merge	MJ000012: 法務省戸籍法関連通達・通知, 種別 戸籍統一文字情報 親字・正字, ホップ数 1
U+8272	𮎜	色	reduction	mj-shrink-map	merge	MJ058439: 法務省戸籍法関連通達・通知, 種別 戸籍統一文字情報 親字・正字, ホップ数 1
U+8274	𦫛	艴	reduction	mj-shrink-map	merge	MJ046256: 法務省戸籍法関連通達・通知, 種別 戸籍統一文字情報 親字・正字, ホップ数 1
U+8276	艷	艶	reduction	mj-shrink-map	merge	MJ021479: 法務省戸籍法関連通達・通知, 種別 戸籍統一文字情報 親字・正字, ホップ数 1
U+8276	豔	艷	reduction	mj-shrink-map	merge	MJ024904: 法務省戸籍法関連通達・通知, 種別 戸籍統一文字情報 親字・正字, ホップ数 1
U+8276	𡤸	艷	reduction	mj-shrink-map	merge	MJ033853: 法務省戸籍法関連通達・通知, 種別 戸籍統一文字情報 親字・正字, ホップ数 1
U+8276	𦫢	豔	reduction	mj-shrink-map	merge	MJ046261: 法務省戸籍法関連通達・通知, 種別 戸籍統一文字情報 親字・正字, ホップ数 1
U+8279	艹	艹	compatibility	unicode-ucd	merge	8279
U+8279	艹	艹	compatibility	unicode-ucd	merge	8279
U+8279	䒑	艹	reduction	mj-shrink-map	merge	MJ003961: 法務省戸籍法関連通達・通知, 種別 戸籍統一文字情報 親字・正字, ホップ数 1
U+827D	𦸹	艽	reduction	mj-shrink-map	merge	MJ046812: 法務省戸籍法関連通達・通知, 種別 戸籍統一文字情報 親字・正字, ホップ数 1
U+827E	㘷	艾	reduction	mj-shrink-map	merge	MJ000488: 法務省戸籍法関連通達・通知, 種別 戸籍統一文字情報 親字・正字, ホップ数 1
U+827F	𦮘	艿	reduction	mj-shrink-map	merge	MJ046394: 法務省戸籍法関連通達・通知, 種別 戸籍統一文字情報 親字・正字, ホップ数 1
U+828B	芋	芋	compatibility	unicode-ucd	merge	828B
U+828B	芌	芋	reduction	mj-shrink-map	merge	MJ021513: 法務省戸籍法関連通達・通知, 種別 戸籍統一文字情報 親字・正字, ホップ数 1
U+828D	菂	芍	reduction	mj-shrink-map	merge	MJ022066: 法務省戸籍法関連通達・通知, 種別 戸籍統一文字情報 親字・正字, ホップ数 1
U+828D	𦯪	芍	reduction	mj-shrink-map	merge	MJ046449: 法務省戸籍法関連通達・通知, 種別 戸籍統一文字情報 親字・正字, ホップ数 1
U+828D	𦱜	芍	reduction	mj-shrink-map	merge	MJ046515: 法務省戸籍法関連通達・通知, 種別 戸籍統一文字情報 親字・正字, ホップ数 1
U+8291	芑	芑	compatibility	unicode-ucd	merge	8291
U+8292	𪌁	芒	reduction	mj-shrink-map	merge	MJ056012: 法務省戸籍法関連通達・通知, 種別 戸籍統一文字情報 親字・正字, ホップ数 1
U+8299	𦬞	芙	reduction	mj-shrink-map	merge	MJ046309: 法務省戸籍法関連通達・通知, 種別 戸籍統一文字情報 親字・正字, ホップ数 1
U+829D	芝	芝	compatibility	unicode-ucd	merge	829D
U+829D	𦭩	芝	reduction	mj-shrink-map	merge	MJ046351: 法務省戸籍法関連通達・通知, 種別 戸籍統一文字情報 親字・正字, ホップ数 1
U+82A3	䓏	芣	reduction	mj-shrink-map	merge	MJ004038: 法務省戸籍法関連通達・通知, 種別 戸籍統一文字情報 親字・正字, ホップ数 1
U+82A5	𦲈	芥	reduction	mj-shrink-map	merge	MJ046552: 法務省戸籍法関連通達・通知, 種別 戸籍統一文字情報 親字・正字, ホップ数 1
U+82B1	花	花	compatibility	unicode-ucd	merge	82B1
U+82B1	𠌶	花	reduction	mj-shrink-map	merge	MJ030753: 法務省戸籍法関連通達・通知, 種別 戸籍統一文字情報 親字・正字, ホップ数 1
U+82B1	𦾓	花	reduction	mj-shrink-map	merge	MJ058542: 法務省戸籍法関連通達・通知, 種別 戸籍統一文字情報 親字・正字, ホップ数 1
U+82B3	芳	芳	compatibility	unicode-ucd	merge	82B3
U+82B3	𥫳	芳	reduction	mj-shrink-map	merge	MJ043659: 法務省戸籍法関連通達・通知, 種別 戸籍統一文字情報 親字・正字, ホップ数 1
U+82B4	𦲇	芴	reduction	mj-shrink-map	merge	MJ046551: 法務省戸籍法関連通達・通知, 種別 戸籍統一文字情報 親字・正字, ホップ数 1
U+82B8	藝	芸	reduction	mj-shrink-map	merge	MJ023068: 法務省戸籍法関連通達・通知, 種別 戸籍統一文字情報 親字・正字, ホップ数 1
U+82B8	𥡩	藝	reduction	mj-shrink-map	merge	MJ043276: 法務省戸籍法関連通達・通知, 種別 戸籍統一文字情報 親字・正字, ホップ数 1
U+82B8	𦱚	芸	reduction	mj-shrink-map	merge	MJ046512: 法務省戸籍法関連通達・通知, 種別 戸籍統一文字情報 親字・正字, ホップ数 1
U+82B9	䓅	芹	reduction	mj-shrink-map	merge	MJ004025: 法務省戸籍法関連通達・通知, 種別 戸籍統一文字情報 親字・正字, ホップ数 1
U+82B9	菦	芹	reduction	mj-shrink-map	merge	MJ022135: 法務省戸籍法関連通達・通知, 種別 戸籍統一文字情報 親字・正字, ホップ数 1
U+82BB	犓	芻	reduction	mj-shrink-map	merge	MJ016860: 法務省戸籍法関連通達・通知, 種別 戸籍統一文字情報 親字・正字, ホップ数 1
U+82BB	𠣧	芻	reduction	mj-shrink-map	merge	MJ031621: 法務省戸籍法関連通達・通知, 種別 戸籍統一文字情報 親字・正字, ホップ数 1
U+82BB	𦮊	芻	reduction	mj-shrink-map	merge	MJ046383: 法務省戸籍法関連通達・通知, 種別 戸籍統一文字情報 親字・正字, ホップ数 1
U+82BB	𦱪	芻	reduction	mj-shrink-map	merge	MJ046529: 法務省戸籍法関連通達・通知, 種別 戸籍統一文字情報 親字・正字, ホップ数 1
U+82BB	𦱻	芻	reduction	mj-shrink-map	merge	MJ046546: 法務省戸籍法関連通達・通知, 種別 戸籍統一文字情報 親字・正字, ホップ数 1
U+82BB	𬻑	芻	reduction	mj-shrink-map	merge	MJ057476: 法務省戸籍法関連通達・通知, 種別 戸籍統一文字情報 親字・正字, ホップ数 1
U+82BB	𬻘	芻	reduction	mj-shrink-map	merge	MJ057477: 法務省戸籍法関連通達・通知, 種別 戸籍統一文字情報 親字・正字, ホップ数 1
U+82BD	芽	芽	compatibility	unicode-ucd	merge	82BD
U+82D1	𫟍	苑	reduction	mj-shrink-map	merge	MJ058443: 法務省戸籍法関連通達・通知, 種別 戸籍統一文字情報 親字・正字, ホップ数 1
U+82D2	䒣	苒	reduction	mj-shrink-map	merge	MJ003982: 法務省戸籍法関連通達・通知, 種別 戸籍統一文字情報 親字・正字, ホップ数 1
U+82D5	萔	苕	reduction	mj-shrink-map	merge	MJ022228: 法務省戸籍法関連通達・通知, 種別 戸籍統一文字情報 親字・正字, ホップ数 1
U+82D5	𦴰	苕	reduction	mj-shrink-map	merge	MJ046649: 法務省戸籍法関連通達・通知, 種別 戸籍統一文字情報 親字・正字, ホップ数 1
U+82D7	鱙	苗	reduction	mj-shrink-map	merge	MJ029371: 法務省戸籍法関連通達・通知, 種別 戸籍統一文字情報 親字・正字, ホップ数 1
U+82D7	𡩈	苗	reduction	mj-shrink-map	merge	MJ034031: 法務省戸籍法関連通達・通知, 種別 戸籍統一文字情報 親字・正字, ホップ数 1
U+82DC	𦱒	苜	reduction	mj-shrink-map	merge	MJ046504: 法務省戸籍法関連通達・通知, 種別 戸籍統一文字情報 親字・正字, ホップ数 1
U+82DC	𦴠	苜	reduction	mj-shrink-map	merge	MJ046646: 法務省戸籍法関連通達・通知, 種別 戸籍統一文字情報 親字・正字, ホップ数 1
U+82DF	𠷜	苟	reduction	mj-shrink-map	merge	MJ032415: 法務省戸籍法関連通達・通知, 種別 戸籍統一文字情報 親字・正字, ホップ数 1
U+82DF	𦰶	𦰶	compatibility	unicode-ucd	merge	26C36
U+82DF	𦰶	苟	reduction	mj-shrink-map	merge	MJ046477: 法務省戸籍法関連通達・通知, 種別 戸籍統一文字情報 親字・正字, ホップ数 1
U+82DF	𦲆	苟	reduction	mj-shrink-map	merge	MJ046550: 法務省戸籍法関連通達・通知, 種別 戸籍統一文字情報 親字・正字, ホップ数 1
U+82DF	𦴆	苟	reduction	mj-shrink-map	merge	MJ046622: 法務省戸籍法関連通達・通知, 種別 戸籍統一文字情報 親字・正字, ホップ数 1
U+82DF	𦴳	苟	reduction	mj-shrink-map	merge	MJ046652: 法務省戸籍法関連通達・通知, 種別 戸籍統一文字情報 親字・正字, ホップ数 1
U+82E1	苢	苡	reduction	mj-shrink-map	merge	MJ021670: 法務省戸籍法関連通達・通知, 種別 戸籍統一文字情報 親字・正字, ホップ数 1
U+82E5	若	若	compatibility	unicode-ucd	merge	82E5
U+82E5	若	若	compatibility	unicode-ucd	merge	82E5
U+82E5	𠭀	若	reduction	mj-shrink-map	merge	MJ032037: 法務省戸籍法関連通達・通知, 種別 戸籍統一文字情報 親字・正字, ホップ数 1
U+82E5	𠰥	若	reduction	mj-shrink-map	merge	MJ021678: 法務省戸籍法関連通達・通知, 種別 戸籍統一文字情報 親字・正字, ホップ数 1
U+82E5	𡧻	若	reduction	mj-shrink-map	merge	MJ033976: 法務省戸籍法関連通達・通知, 種別 戸籍統一文字情報 親字・正字, ホップ数 1
U+82E5	𦱡	若	reduction	mj-shrink-map	merge	MJ046519: 法務省戸籍法関連通達・通知, 種別 戸籍統一文字情報 親字・正字, ホップ数 1
U+82E5	𦱢	若	reduction	mj-shrink-map	merge	MJ046520: 法務省戸籍法関連通達・通知, 種別 戸籍統一文字情報 親字・正字, ホップ数 1
U+82E5	𦱶	若	reduction	mj-shrink-map	merge	MJ046541: 法務省戸籍法関連通達・通知, 種別 戸籍統一文字情報 親字・正字, ホップ数 1
U+82E5	𦴈	若	reduction	mj-shrink-map	merge	MJ046624: 法務省戸籍法関連通達・通知, 種別 戸籍統一文字情報 親字・正字, ホップ数 1
U+82E5	𧁇	若	reduction	mj-shrink-map	merge	MJ047156: 法務省戸籍法関連通達・通知, 種別 戸籍統一文字情報 親字・正字, ホップ数 1
U+82E6	苦	苦	compatibility	unicode-ucd	merge	82E6
U+82E6	𩇵	苦	reduction	mj-shrink-map	merge	MJ052968: 法務省戸籍法関連通達・通知, 種別 戸籍統一文字情報 親字・正字, ホップ数 1
U+82E8	䕥	苨	reduction	mj-shrink-map	merge	MJ004205: 法務省戸籍法関連通達・通知, 種別 戸籍統一文字情報 親字・正字, ホップ数 1
U+82F1	䇦	英	reduction	mj-shrink-map	merge	MJ003278: 法務省戸籍法関連通達・通知, 種別 戸籍統一文字情報 親字・正字, ホップ数 1
U+82F1	偀	英	reduction	mj-shrink-map	merge	MJ006885: 法務省戸籍法関連通達・通知, 種別 戸籍統一文字情報 親字・正字, ホップ数 1
U+82F1	𮎦	英	reduction	mj-shrink-map	merge	MJ058445: 法務省戸籍法関連通達・通知, 種別 戸籍統一文字情報 親字・正字, ホップ数 1
U+82F1	𮎧	英	reduction	mj-shrink-map	merge	MJ058451: 法務省戸籍法関連通達・通知, 種別 戸籍統一文字情報 親字・正字, ホップ数 1
U+82F3	𦵝	苳	reduction	mj-shrink-map	merge	MJ046657: 法務省戸籍法関連通達・通知, 種別 戸籍統一文字情報 親字・正字, ホップ数 1
U+82F4	𦳘	苴	reduction	mj-shrink-map	merge	MJ046580: 法務省戸籍法関連通達・通知, 種別 戸籍統一文字情報 親字・正字, ホップ数 1
U+82FD	𦺠	苽	reduction	mj-shrink-map	merge	MJ046869: 法務省戸籍法関連通達・通知, 種別 戸籍統一文字情報 親字・正字, ホップ数 1
U+8302	荗	茂	reduction	mj-shrink-map	merge	MJ021910: 法務省戸籍法関連通達・通知, 種別 戸籍統一文字情報 親字・正字, ホップ数 1
U+8303	𦴮	范	reduction	mj-shrink-map	merge	MJ046648: 法務省戸籍法関連通達・通知, 種別 戸籍統一文字情報 親字・正字, ホップ数 1
U+8306	䓮	茆	reduction	mj-shrink-map	merge	MJ004068: 法務省戸籍法関連通達・通知, 種別 戸籍統一文字情報 親字・正字, ホップ数 1
U+8306	𦯆	茆	reduction	mj-shrink-map	merge	MJ046412: 法務省戸籍法関連通達・通知, 種別 戸籍統一文字情報 親字・正字, ホップ数 1
U+8306	𦹉	茆	reduction	mj-shrink-map	merge	MJ046821: 法務省戸籍法関連通達・通知, 種別 戸籍統一文字情報 親字・正字, ホップ数 1
U+8307	𦳺	茇	reduction	mj-shrink-map	merge	MJ046613: 法務省戸籍法関連通達・通知, 種別 戸籍統一文字情報 親字・正字, ホップ数 1
U+8308	𦶉	茈	reduction	mj-shrink-map	merge	MJ046700: 法務省戸籍法関連通達・通知, 種別 戸籍統一文字情報 親字・正字, ホップ数 1
U+8309	苿	茉	z	unihan	merge	苿→茉 kZVariant | 茉→苿 kZVariant
U+830E	莖	茎	reduction	mj-shrink-map	merge	MJ021993: 法務省戸籍法関連通達・通知, 種別 戸籍統一文字情報 親字・正字, ホップ数 1
U+831C	𦴛	茜	reduction	mj-shrink-map	merge	MJ046643: 法務省戸籍法関連通達・通知, 種別 戸籍統一文字情報 親字・正字, ホップ数 1
U+831C	𦵻	茜	reduction	mj-shrink-map	merge	MJ046685: 法務省戸籍法関連通達・通知, 種別 戸籍統一文字情報 親字・正字, ホップ数 1
U+831C	𦻤	茜	reduction	mj-shrink-map	merge	MJ046924: 法務省戸籍法関連通達・通知, 種別 戸籍統一文字情報 親字・正字, ホップ数 1
U+831D	茝	茝	compatibility	unicode-ucd	merge	831D
U+8322	𠞝	茢	reduction	mj-shrink-map	merge	MJ031399: 法務省戸籍法関連通達・通知, 種別 戸籍統一文字情報 親字・正字, ホップ数 1
U+8322	𦴟	茢	reduction	mj-shrink-map	merge	MJ046645: 法務省戸籍法関連通達・通知, 種別 戸籍統一文字情報 親字・正字, ホップ数 1
U+8323	茣	茣	compatibility	unicode-ucd	merge	8323
U+832B	𮎷	茫	reduction	mj-shrink-map	merge	MJ058450: 法務省戸籍法関連通達・通知, 種別 戸籍統一文字情報 親字・正字, ホップ数 1
U+832D	𦺏	茭	reduction	mj-shrink-map	merge	MJ046853: 法務省戸籍法関連通達・通知, 種別 戸籍統一文字情報 親字・正字, ホップ数 1
U+832D	𦽨	茭	reduction	mj-shrink-map	merge	MJ047012: 法務省戸籍法関連通達・通知, 種別 戸籍統一文字情報 親字・正字, ホップ数 1
U+8335	䓰	茵	reduction	mj-shrink-map	merge	MJ004070: 法務省戸籍法関連通達・通知, 種別 戸籍統一文字情報 親字・正字, ホップ数 1
U+8336	茶	茶	compatibility	unicode-ucd	merge	8336
U+8338	𦶪	茸	reduction	mj-shrink-map	merge	MJ046719: 法務省戸籍法関連通達・通知, 種別 戸籍統一文字情報 親字・正字, ホップ数 1
U+833A	𦯇	茺	reduction	mj-shrink-map	merge	MJ046413: 法務省戸籍法関連通達・通知, 種別 戸籍統一文字情報 親字・正字, ホップ数 1
U+8349	𦯑	草	reduction	mj-shrink-map	merge	MJ046423: 法務省戸籍法関連通達・通知, 種別 戸籍統一文字情報 親字・正字, ホップ数 1
U+8349	𦳱	草	reduction	mj-shrink-map	merge	MJ046604: 法務省戸籍法関連通達・通知, 種別 戸籍統一文字情報 親字・正字, ホップ数 1
U+8349	𦷣	草	reduction	mj-shrink-map	merge	MJ046741: 法務省戸籍法関連通達・通知, 種別 戸籍統一文字情報 親字・正字, ホップ数 1
U+8352	荒	荒	compatibility	unicode-ucd	merge	8352
U+8352	𠃤	荒	reduction	mj-shrink-map	merge	MJ030427: 法務省戸籍法関連通達・通知, 種別 戸籍統一文字情報 親字・正字, ホップ数 1
U+8352	𦮋	荒	reduction	mj-shrink-map	merge	MJ046384: 法務省戸籍法関連通達・通知, 種別 戸籍統一文字情報 親字・正字, ホップ数 1
U+8352	𫟎	荒	reduction	mj-shrink-map	merge	MJ058448: 法務省戸籍法関連通達・通知, 種別 戸籍統一文字情報 親字・正字, ホップ数 1
U+8352	𮎰	荒	reduction	mj-shrink-map	merge	MJ058447: 法務省戸籍法関連通達・通知, 種別 戸籍統一文字情報 親字・正字, ホップ数 1
U+8353	荓	荓	compatibility	unicode-ucd	merge	8353
U+8354	𦶭	荔	reduction	mj-shrink-map	merge	MJ046722: 法務省戸籍法関連通達・通知, 種別 戸籍統一文字情報 親字・正字, ホップ数 1
U+8358	㽵	莊	reduction	mj-shrink-map	merge	MJ002652: 法務省戸籍法関連通達・通知, 種別 戸籍統一文字情報 親字・正字, ホップ数 1
U+8358	莊	荘	reduction	mj-shrink-map	merge	MJ021972: 法務省戸籍法関連通達・通知, 種別 戸籍統一文字情報 親字・正字, ホップ数 1
U+8358	𠗎	莊	reduction	mj-shrink-map	merge	MJ031107: 法務省戸籍法関連通達・通知, 種別 戸籍統一文字情報 親字・正字, ホップ数 1
U+8358	𤕶	莊	reduction	mj-shrink-map	merge	MJ040300: 法務省戸籍法関連通達・通知, 種別 戸籍統一文字情報 親字・正字, ホップ数 1
U+8358	𤖄	𤖊	z	cjkvi-variants	merge	𤖊→𤖄 cjkvi/duplicate
U+8358	𤖄	莊	reduction	mj-shrink-map	merge	MJ040314: 法務省戸籍法関連通達・通知, 種別 戸籍統一文字情報 親字・正字, ホップ数 1
U+8358	𤖈	莊	reduction	mj-shrink-map	merge	MJ040312: 法務省戸籍法関連通達・通知, 種別 戸籍統一文字情報 親字・正字, ホップ数 1
U+8358	𦻊	莊	reduction	mj-shrink-map	merge	MJ046911: 法務省戸籍法関連通達・通知, 種別 戸籍統一文字情報 親字・正字, ホップ数 1
U+8363	荣	荣	compatibility	unicode-ucd	merge	8363
U+837C	𦹍	荼	reduction	mj-shrink-map	merge	MJ046824: 法務省戸籍法関連通達・通知, 種別 戸籍統一文字情報 親字・正字, ホップ数 1
U+837D	𦯩	荽	reduction	mj-shrink-map	merge	MJ046448: 法務省戸籍法関連通達・通知, 種別 戸籍統一文字情報 親字・正字, ホップ数 1
U+838E	𢘿	莎	reduction	mj-shrink-map	merge	MJ036054: 法務省戸籍法関連通達・通知, 種別 戸籍統一文字情報 親字・正字, ホップ数 1
U+838E	𦹈	莎	reduction	mj-shrink-map	merge	MJ046820: 法務省戸籍法関連通達・通知, 種別 戸籍統一文字情報 親字・正字, ホップ数 1
U+838E	𪍬	莎	reduction	mj-shrink-map	merge	MJ056104: 法務省戸籍法関連通達・通知, 種別 戸籍統一文字情報 親字・正字, ホップ数 1
U+8394	𦮄	莔	reduction	mj-shrink-map	merge	MJ046377: 法務省戸籍法関連通達・通知, 種別 戸籍統一文字情報 親字・正字, ホップ数 1
U+8394	𦱋	莔	reduction	mj-shrink-map	merge	MJ046498: 法務省戸籍法関連通達・通知, 種別 戸籍統一文字情報 親字・正字, ホップ数 1
U+8394	𦳶	莔	reduction	mj-shrink-map	merge	MJ046609: 法務省戸籍法関連通達・通知, 種別 戸籍統一文字情報 親字・正字, ホップ数 1
U+8394	𧏊	𧏊	compatibility	unicode-ucd	merge	273CA
U+8394	𧏊	莔	reduction	mj-shrink-map	merge	MJ047757: 法務省戸籍法関連通達・通知, 種別 戸籍統一文字情報 親字・正字, ホップ数 1
U+8395	䓷	莕	reduction	mj-shrink-map	merge	MJ004081: 法務省戸籍法関連通達・通知, 種別 戸籍統一文字情報 親字・正字, ホップ数 1
U+8398	𦸯	莘	reduction	mj-shrink-map	merge	MJ046802: 法務省戸籍法関連通達・通知, 種別 戸籍統一文字情報 親字・正字, ホップ数 1
U+8398	𨐍	莘	reduction	mj-shrink-map	merge	MJ050725: 法務省戸籍法関連通達・通知, 種別 戸籍統一文字情報 親字・正字, ホップ数 1
U+839A	葕	莚	reduction	mj-shrink-map	merge	MJ022322: 法務省戸籍法関連通達・通知, 種別 戸籍統一文字情報 親字・正字, ホップ数 1
U+839E	唍	莞	reduction	mj-shrink-map	merge	MJ008322: 法務省戸籍法関連通達・通知, 種別 戸籍統一文字情報 親字・正字, ホップ数 1
U+839E	𦯜	莞	reduction	mj-shrink-map	merge	MJ046434: 法務省戸籍法関連通達・通知, 種別 戸籍統一文字情報 親字・正字, ホップ数 1
U+839E	𦸌	莞	reduction	mj-shrink-map	merge	MJ046767: 法務省戸籍法関連通達・通知, 種別 戸籍統一文字情報 親字・正字, ホップ数 1
U+839E	𦺊	莞	reduction	mj-shrink-map	merge	MJ046848: 法務省戸籍法関連通達・通知, 種別 戸籍統一文字情報 親字・正字, ホップ数 1
U+839F	𧂃	莟	reduction	mj-shrink-map	merge	MJ047180: 法務省戸籍法関連通達・通知, 種別 戸籍統一文字情報 親字・正字, ホップ数 1
U+839F	𫟓	莟	reduction	mj-shrink-map	merge	MJ058492: 法務省戸籍法関連通達・通知, 種別 戸籍統一文字情報 親字・正字, ホップ数 1
U+83A0	𦽧	莠	reduction	mj-shrink-map	merge	MJ047011: 法務省戸籍法関連通達・通知, 種別 戸籍統一文字情報 親字・正字, ホップ数 1
U+83A7	𦏊	莧	reduction	mj-shrink-map	merge	MJ045059: 法務省戸籍法関連通達・通知, 種別 戸籍統一文字情報 親字・正字, ホップ数 1
U+83AA	䕏	莪	reduction	mj-shrink-map	merge	MJ004181: 法務省戸籍法関連通達・通知, 種別 戸籍統一文字情報 親字・正字, ホップ数 1
U+83AB	䒬	莫	reduction	mj-shrink-map	merge	MJ003994: 法務省戸籍法関連通達・通知, 種別 戸籍統一文字情報 親字・正字, ホップ数 1
U+83AB	𦮅	莫	reduction	mj-shrink-map	merge	MJ046378: 法務省戸籍法関連通達・通知, 種別 戸籍統一文字情報 親字・正字, ホップ数 1
U+83AB	𦱤	莫	reduction	mj-shrink-map	merge	MJ046522: 法務省戸籍法関連通達・通知, 種別 戸籍統一文字情報 親字・正字, ホップ数 1
U+83AB	𦱴	莫	reduction	mj-shrink-map	merge	MJ046539: 法務省戸籍法関連通達・通知, 種別 戸籍統一文字情報 親字・正字, ホップ数 1
U+83AB	𦶛	莫	reduction	mj-shrink-map	merge	MJ046748: 法務省戸籍法関連通達・通知, 種別 戸籍統一文字情報 親字・正字, ホップ数 1
U+83AD	莭	莭	compatibility	unicode-ucd	merge	83AD
U+83BD	莽	莽	compatibility	unicode-ucd	merge	83BD
U+83C0	𮏑	菀	reduction	mj-shrink-map	merge	MJ058480: 法務省戸籍法関連通達・通知, 種別 戸籍統一文字情報 親字・正字, ホップ数 1
U+83C5	𦭂	菅	reduction	mj-shrink-map	merge	MJ046337: 法務省戸籍法関連通達・通知, 種別 戸籍統一文字情報 親字・正字, ホップ数 1
U+83C9	菉	菉	compatibility	unicode-ucd	merge	83C9
U+83C9	𦾯	菉	reduction	mj-shrink-map	merge	MJ047039: 法務省戸籍法関連通達・通知, 種別 戸籍統一文字情報 親字・正字, ホップ数 1
U+83CA	菊	菊	compatibility	unicode-ucd	merge	83CA
U+83CA	䕮	菊	reduction	mj-shrink-map	merge	MJ004216: 法務省戸籍法関連通達・通知, 種別 戸籍統一文字情報 親字・正字, ホップ数 1
U+83CA	蘜	菊	reduction	mj-shrink-map	merge	MJ023193: 法務省戸籍法関連通達・通知, 種別 戸籍統一文字情報 親字・正字, ホップ数 1
U+83CA	𧂲	菊	reduction	mj-shrink-map	merge	MJ047221: 法務省戸籍法関連通達・通知, 種別 戸籍統一文字情報 親字・正字, ホップ数 1
U+83CC	菌	菌	compatibility	unicode-ucd	merge	83CC
U+83CC	𦵼	菌	reduction	mj-shrink-map	merge	MJ046686: 法務省戸籍法関連通達・通知, 種別 戸籍統一文字情報 親字・正字, ホップ数 1
U+83CC	𮏄	菌	reduction	mj-shrink-map	merge	MJ058463: 法務省戸籍法関連通達・通知, 種別 戸籍統一文字情報 親字・正字, ホップ数 1
U+83CE	𦸫	菎	reduction	mj-shrink-map	merge	MJ046798: 法務省戸籍法関連通達・通知, 種別 戸籍統一文字情報 親字・正字, ホップ数 1
U+83CE	𧃣	菎	reduction	mj-shrink-map	merge	MJ047246: 法務省戸籍法関連通達・通知, 種別 戸籍統一文字情報 親字・正字, ホップ数 1
U+83CF	𦶒	菏	reduction	mj-shrink-map	merge	MJ046709: 法務省戸籍法関連通達・通知, 種別 戸籍統一文字情報 親字・正字, ホップ数 1
U+83D0	𮎾	菐	reduction	mj-shrink-map	merge	MJ058464: 法務省戸籍法関連通達・通知, 種別 戸籍統一文字情報 親字・正字, ホップ数 1
U+83D0	𮏖	菐	reduction	mj-shrink-map	merge	MJ058481: 法務省戸籍法関連通達・通知, 種別 戸籍統一文字情報 親字・正字, ホップ数 1
U+83D1	𦸜	菑	reduction	mj-shrink-map	merge	MJ046784: 法務省戸籍法関連通達・通知, 種別 戸籍統一文字情報 親字・正字, ホップ数 1
U+83D1	𧀗	菑	reduction	mj-shrink-map	merge	MJ047109: 法務省戸籍法関連通達・通知, 種別 戸籍統一文字情報 親字・正字, ホップ数 1
U+83D4	𦻉	菔	reduction	mj-shrink-map	merge	MJ046910: 法務省戸籍法関連通達・通知, 種別 戸籍統一文字情報 親字・正字, ホップ数 1
U+83DC	菜	菜	compatibility	unicode-ucd	merge	83DC
U+83DF	莵	菟	reduction	mj-shrink-map	merge	MJ022046: 法務省戸籍法関連通達・通知, 種別 戸籍統一文字情報 親字・正字, ホップ数 1
U+83DF	莵	菟	variant	cjkvi-variants	corroborates	莵→菟 jisx0213/variant | 菟→莵 jisx0212/variant
U+83DF	莵	菟	variant	hng-basic-data	corroborates	09911 | 09911b
U+83DF	莵	菟	variant	wikidata	corroborates	Q109760380; P248 Q130335703 | Q109760426; P248 Q130335703
U+83DF	莵	菟	equivalent	yitizi	corroborates	ytenx/JihThex.csv
U+83DF	𧈋	菟	reduction	mj-shrink-map	merge	MJ047443: 法務省戸籍法関連通達・通知, 種別 戸籍統一文字情報 親字・正字, ホップ数 1
U+83DF	𫟏	菟	reduction	mj-shrink-map	merge	MJ058460: 法務省戸籍法関連通達・通知, 種別 戸籍統一文字情報 親字・正字, ホップ数 1
U+83E1	䓿	菡	reduction	mj-shrink-map	merge	MJ004090: 法務省戸籍法関連通達・通知, 種別 戸籍統一文字情報 親字・正字, ホップ数 1
U+83E1	𣣖	菡	reduction	mj-shrink-map	merge	MJ038566: 法務省戸籍法関連通達・通知, 種別 戸籍統一文字情報 親字・正字, ホップ数 1
U+83E7	菧	菧	compatibility	unicode-ucd	merge	83E7
U+83EA	𦿆	菪	reduction	mj-shrink-map	merge	MJ047066: 法務省戸籍法関連通達・通知, 種別 戸籍統一文字情報 親字・正字, ホップ数 1
U+83EB	蓳	蓳	compatibility	unicode-ucd	merge	84F3
U+83EB	蓳	菫	reduction	mj-shrink-map	merge	MJ022618: 法務省戸籍法関連通達・通知, 種別 戸籍統一文字情報 親字・正字, ホップ数 1
U+83EB	𡎸	菫	reduction	mj-shrink-map	merge	MJ033125: 法務省戸籍法関連通達・通知, 種別 戸籍統一文字情報 親字・正字, ホップ数 1
U+83EB	𦻠	菫	reduction	mj-shrink-map	merge	MJ046920: 法務省戸籍法関連通達・通知, 種別 戸籍統一文字情報 親字・正字, ホップ数 1
U+83EF	華	華	compatibility	unicode-ucd	merge	83EF
U+83EF	䔢	華	reduction	mj-shrink-map	merge	MJ004129: 法務省戸籍法関連通達・通知, 種別 戸籍統一文字情報 親字・正字, ホップ数 1
U+83EF	𠫫	華	reduction	mj-shrink-map	merge	MJ031980: 法務省戸籍法関連通達・通知, 種別 戸籍統一文字情報 親字・正字, ホップ数 1
U+83EF	𦰗	華	reduction	mj-shrink-map	merge	MJ046458: 法務省戸籍法関連通達・通知, 種別 戸籍統一文字情報 親字・正字, ホップ数 1
U+83EF	𧅅	華	reduction	mj-shrink-map	merge	MJ047308: 法務省戸籍法関連通達・通知, 種別 戸籍統一文字情報 親字・正字, ホップ数 1
U+83F1	菱	菱	compatibility	unicode-ucd	merge	83F1
U+83F2	𦻥	菲	reduction	mj-shrink-map	merge	MJ046925: 法務省戸籍法関連通達・通知, 種別 戸籍統一文字情報 親字・正字, ホップ数 1
U+83F4	葊	菴	reduction	mj-shrink-map	merge	MJ022305: 法務省戸籍法関連通達・通知, 種別 戸籍統一文字情報 親字・正字, ホップ数 1
U+83F9	𥷟	菹	reduction	mj-shrink-map	merge	MJ044134: 法務省戸籍法関連通達・通知, 種別 戸籍統一文字情報 親字・正字, ホップ数 1
U+83F9	𦯓	菹	reduction	mj-shrink-map	merge	MJ046425: 法務省戸籍法関連通達・通知, 種別 戸籍統一文字情報 親字・正字, ホップ数 1
U+83F9	𦼬	𦼬	compatibility	unicode-ucd	merge	26F2C
U+83F9	𦼬	菹	reduction	mj-shrink-map	merge	MJ046950: 法務省戸籍法関連通達・通知, 種別 戸籍統一文字情報 親字・正字, ホップ数 1
U+83F9	𧀽	菹	reduction	mj-shrink-map	merge	MJ047146: 法務省戸籍法関連通達・通知, 種別 戸籍統一文字情報 親字・正字, ホップ数 1
U+83F9	𧂚	菹	reduction	mj-shrink-map	merge	MJ047204: 法務省戸籍法関連通達・通知, 種別 戸籍統一文字情報 親字・正字, ホップ数 1
U+83F9	𧄗	菹	reduction	mj-shrink-map	merge	MJ047276: 法務省戸籍法関連通達・通知, 種別 戸籍統一文字情報 親字・正字, ホップ数 1
U+83FB	𦾰	菻	reduction	mj-shrink-map	merge	MJ047040: 法務省戸籍法関連通達・通知, 種別 戸籍統一文字情報 親字・正字, ホップ数 1
U+83FD	尗	菽	reduction	mj-shrink-map	merge	MJ010292: 法務省戸籍法関連通達・通知, 種別 戸籍統一文字情報 親字・正字, ホップ数 1
U+83FD	𦯂	菽	reduction	mj-shrink-map	merge	MJ046408: 法務省戸籍法関連通達・通知, 種別 戸籍統一文字情報 親字・正字, ホップ数 1
U+8401	𦬟	萁	reduction	mj-shrink-map	merge	MJ046310: 法務省戸籍法関連通達・通知, 種別 戸籍統一文字情報 親字・正字, ホップ数 1
U+8401	𧯯	萁	reduction	mj-shrink-map	merge	MJ049332: 法務省戸籍法関連通達・通知, 種別 戸籍統一文字情報 親字・正字, ホップ数 1
U+8403	𦬡	萃	reduction	mj-shrink-map	merge	MJ046315: 法務省戸籍法関連通達・通知, 種別 戸籍統一文字情報 親字・正字, ホップ数 1
U+8404	𦻦	萄	reduction	mj-shrink-map	merge	MJ046926: 法務省戸籍法関連通達・通知, 種別 戸籍統一文字情報 親字・正字, ホップ数 1
U+840A	𦻣	萊	reduction	mj-shrink-map	merge	MJ046923: 法務省戸籍法関連通達・通知, 種別 戸籍統一文字情報 親字・正字, ホップ数 1
U+840C	𦹩	萌	reduction	mj-shrink-map	merge	MJ046835: 法務省戸籍法関連通達・通知, 種別 戸籍統一文字情報 親字・正字, ホップ数 1
U+840D	𦭃	萍	reduction	mj-shrink-map	merge	MJ046338: 法務省戸籍法関連通達・通知, 種別 戸籍統一文字情報 親字・正字, ホップ数 1
U+840F	𧂄	萏	reduction	mj-shrink-map	merge	MJ047181: 法務省戸籍法関連通達・通知, 種別 戸籍統一文字情報 親字・正字, ホップ数 1
U+8411	𦻧	萑	reduction	mj-shrink-map	merge	MJ046927: 法務省戸籍法関連通達・通知, 種別 戸籍統一文字情報 親字・正字, ホップ数 1
U+8411	𧂴	萑	reduction	mj-shrink-map	merge	MJ047223: 法務省戸籍法関連通達・通知, 種別 戸籍統一文字情報 親字・正字, ホップ数 1
U+8416	萖	𦯵	z	cjkvi-variants	merge	𦯵→萖 cjkvi/duplicate
U+8429	蘒	蘒	compatibility	unicode-ucd	merge	8612
U+8429	蘒	萩	reduction	mj-shrink-map	merge	MJ023172: 法務省戸籍法関連通達・通知, 種別 戸籍統一文字情報 親字・正字, ホップ数 1
U+8429	𦵒	萩	reduction	mj-shrink-map	merge	MJ046656: 法務省戸籍法関連通達・通知, 種別 戸籍統一文字情報 親字・正字, ホップ数 1
U+8431	𦯥	萱	reduction	mj-shrink-map	merge	MJ046444: 法務省戸籍法関連通達・通知, 種別 戸籍統一文字情報 親字・正字, ホップ数 1
U+8438	𦳅	萸	reduction	mj-shrink-map	merge	MJ046563: 法務省戸籍法関連通達・通知, 種別 戸籍統一文字情報 親字・正字, ホップ数 1
U+8439	𦽟	萹	reduction	mj-shrink-map	merge	MJ047002: 法務省戸籍法関連通達・通知, 種別 戸籍統一文字情報 親字・正字, ホップ数 1
U+843D	落	落	compatibility	unicode-ucd	merge	843D
U+8446	𦬽	葆	reduction	mj-shrink-map	merge	MJ046332: 法務省戸籍法関連通達・通知, 種別 戸籍統一文字情報 親字・正字, ホップ数 1
U+8446	𦽻	葆	reduction	mj-shrink-map	merge	MJ047026: 法務省戸籍法関連通達・通知, 種別 戸籍統一文字情報 親字・正字, ホップ数 1
U+8449	葉	葉	compatibility	unicode-ucd	merge	8449
U+8449	𦯧	葉	reduction	mj-shrink-map	merge	MJ046446: 法務省戸籍法関連通達・通知, 種別 戸籍統一文字情報 親字・正字, ホップ数 1
U+8449	𦰧	葉	reduction	mj-shrink-map	merge	MJ046463: 法務省戸籍法関連通達・通知, 種別 戸籍統一文字情報 親字・正字, ホップ数 1
U+844F	𦻄	葏	reduction	mj-shrink-map	merge	MJ046905: 法務省戸籍法関連通達・通知, 種別 戸籍統一文字情報 親字・正字, ホップ数 1
U+844F	𦽷	葏	reduction	mj-shrink-map	merge	MJ047023: 法務省戸籍法関連通達・通知, 種別 戸籍統一文字情報 親字・正字, ホップ数 1
U+8452	葓	葒	reduction	mj-shrink-map	merge	MJ022320: 法務省戸籍法関連通達・通知, 種別 戸籍統一文字情報 親字・正字, ホップ数 1
U+8452	薣	葒	reduction	mj-shrink-map	merge	MJ022954: 法務省戸籍法関連通達・通知, 種別 戸籍統一文字情報 親字・正字, ホップ数 1
U+8457	著	著	compatibility	unicode-ucd	merge	8457
U+8457	著	著	compatibility	unicode-ucd	merge	8457
U+8457	𣋐	著	reduction	mj-shrink-map	merge	MJ037817: 法務省戸籍法関連通達・通知, 種別 戸籍統一文字情報 親字・正字, ホップ数 1
U+845A	𣞵	葚	reduction	mj-shrink-map	merge	MJ038403: 法務省戸籍法関連通達・通知, 種別 戸籍統一文字情報 親字・正字, ホップ数 1
U+845C	𦳴	葜	reduction	mj-shrink-map	merge	MJ046607: 法務省戸籍法関連通達・通知, 種別 戸籍統一文字情報 親字・正字, ホップ数 1
U+845F	𦨁	葟	reduction	mj-shrink-map	merge	MJ046096: 法務省戸籍法関連通達・通知, 種別 戸籍統一文字情報 親字・正字, ホップ数 1
U+8463	𦱦	董	reduction	mj-shrink-map	merge	MJ046525: 法務省戸籍法関連通達・通知, 種別 戸籍統一文字情報 親字・正字, ホップ数 1
U+8465	𦷱	葥	reduction	mj-shrink-map	merge	MJ046743: 法務省戸籍法関連通達・通知, 種別 戸籍統一文字情報 親字・正字, ホップ数 1
U+8465	𧁄	葥	reduction	mj-shrink-map	merge	MJ047153: 法務省戸籍法関連通達・通知, 種別 戸籍統一文字情報 親字・正字, ホップ数 1
U+8466	𦻪	葦	reduction	mj-shrink-map	merge	MJ046930: 法務省戸籍法関連通達・通知, 種別 戸籍統一文字情報 親字・正字, ホップ数 1
U+8469	𦺂	葩	reduction	mj-shrink-map	merge	MJ046843: 法務省戸籍法関連通達・通知, 種別 戸籍統一文字情報 親字・正字, ホップ数 1
U+846C	𦱬	葬	reduction	mj-shrink-map	merge	MJ046531: 法務省戸籍法関連通達・通知, 種別 戸籍統一文字情報 親字・正字, ホップ数 1
U+846C	𦱼	葬	reduction	mj-shrink-map	merge	MJ046547: 法務省戸籍法関連通達・通知, 種別 戸籍統一文字情報 親字・正字, ホップ数 1
U+846C	𦴓	葬	reduction	mj-shrink-map	merge	MJ046636: 法務省戸籍法関連通達・通知, 種別 戸籍統一文字情報 親字・正字, ホップ数 1
U+846C	𦴱	葬	reduction	mj-shrink-map	merge	MJ046650: 法務省戸籍法関連通達・通知, 種別 戸籍統一文字情報 親字・正字, ホップ数 1
U+846C	𦸟	葬	reduction	mj-shrink-map	merge	MJ046787: 法務省戸籍法関連通達・通知, 種別 戸籍統一文字情報 親字・正字, ホップ数 1
U+846C	𦽱	葬	reduction	mj-shrink-map	merge	MJ047020: 法務省戸籍法関連通達・通知, 種別 戸籍統一文字情報 親字・正字, ホップ数 1
U+846C	𧂥	葬	reduction	mj-shrink-map	merge	MJ047213: 法務省戸籍法関連通達・通知, 種別 戸籍統一文字情報 親字・正字, ホップ数 1
U+846D	䈔	葭	reduction	mj-shrink-map	merge	MJ003326: 法務省戸籍法関連通達・通知, 種別 戸籍統一文字情報 親字・正字, ホップ数 1
U+846D	𦽸	葭	reduction	mj-shrink-map	merge	MJ047024: 法務省戸籍法関連通達・通知, 種別 戸籍統一文字情報 親字・正字, ホップ数 1
U+8470	䕑	葰	reduction	mj-shrink-map	merge	MJ004183: 法務省戸籍法関連通達・通知, 種別 戸籍統一文字情報 親字・正字, ホップ数 1
U+8470	𦶬	葰	reduction	mj-shrink-map	merge	MJ046721: 法務省戸籍法関連通達・通知, 種別 戸籍統一文字情報 親字・正字, ホップ数 1
U+8475	𦮙	葵	reduction	mj-shrink-map	merge	MJ046395: 法務省戸籍法関連通達・通知, 種別 戸籍統一文字情報 親字・正字, ホップ数 1
U+8475	𦷡	葵	reduction	mj-shrink-map	merge	MJ046740: 法務省戸籍法関連通達・通知, 種別 戸籍統一文字情報 親字・正字, ホップ数 1
U+8478	𤟧	葸	reduction	mj-shrink-map	merge	MJ040758: 法務省戸籍法関連通達・通知, 種別 戸籍統一文字情報 親字・正字, ホップ数 1
U+8478	𦷚	葸	reduction	mj-shrink-map	merge	MJ046733: 法務省戸籍法関連通達・通知, 種別 戸籍統一文字情報 親字・正字, ホップ数 1
U+847A	𦱫	葺	reduction	mj-shrink-map	merge	MJ046530: 法務省戸籍法関連通達・通知, 種別 戸籍統一文字情報 親字・正字, ホップ数 1
U+848D	蒍	蔿	z	unihan	merge	蒍→蔿 kZVariant | 蔿→蒍 kZVariant
U+8494	𦱎	蒔	reduction	mj-shrink-map	merge	MJ046501: 法務省戸籍法関連通達・通知, 種別 戸籍統一文字情報 親字・正字, ホップ数 1
U+8494	𦱗	蒔	reduction	mj-shrink-map	merge	MJ046509: 法務省戸籍法関連通達・通知, 種別 戸籍統一文字情報 親字・正字, ホップ数 1
U+8494	𦸎	蒔	reduction	mj-shrink-map	merge	MJ046769: 法務省戸籍法関連通達・通知, 種別 戸籍統一文字情報 親字・正字, ホップ数 1
U+8499	𣉭	蒙	reduction	mj-shrink-map	merge	MJ037772: 法務省戸籍法関連通達・通知, 種別 戸籍統一文字情報 親字・正字, ホップ数 1
U+8499	𣫬	蒙	reduction	mj-shrink-map	merge	MJ038960: 法務省戸籍法関連通達・通知, 種別 戸籍統一文字情報 親字・正字, ホップ数 1
U+8499	𦿢	蒙	reduction	mj-shrink-map	merge	MJ047087: 法務省戸籍法関連通達・通知, 種別 戸籍統一文字情報 親字・正字, ホップ数 1
U+84A1	𦱘	蒡	reduction	mj-shrink-map	merge	MJ046510: 法務省戸籍法関連通達・通知, 種別 戸籍統一文字情報 親字・正字, ホップ数 1
U+84A1	𦾭	蒡	reduction	mj-shrink-map	merge	MJ047037: 法務省戸籍法関連通達・通知, 種別 戸籍統一文字情報 親字・正字, ホップ数 1
U+84AD	𥭛	蒭	reduction	mj-shrink-map	merge	MJ043727: 法務省戸籍法関連通達・通知, 種別 戸籍統一文字情報 親字・正字, ホップ数 1
U+84AD	𦷝	蒭	reduction	mj-shrink-map	merge	MJ046736: 法務省戸籍法関連通達・通知, 種別 戸籍統一文字情報 親字・正字, ホップ数 1
U+84AF	𦮍	蒯	reduction	mj-shrink-map	merge	MJ046386: 法務省戸籍法関連通達・通知, 種別 戸籍統一文字情報 親字・正字, ホップ数 1
U+84B8	𮑶	蒸	reduction	mj-shrink-map	merge	MJ058539: 法務省戸籍法関連通達・通知, 種別 戸籍統一文字情報 親字・正字, ホップ数 1
U+84BC	𦭆	蒼	reduction	mj-shrink-map	merge	MJ046341: 法務省戸籍法関連通達・通知, 種別 戸籍統一文字情報 親字・正字, ホップ数 1
U+84BF	𦿣	蒿	reduction	mj-shrink-map	merge	MJ047088: 法務省戸籍法関連通達・通知, 種別 戸籍統一文字情報 親字・正字, ホップ数 1
U+84C0	䕖	蓀	reduction	mj-shrink-map	merge	MJ004187: 法務省戸籍法関連通達・通知, 種別 戸籍統一文字情報 親字・正字, ホップ数 1
U+84C0	𦳪	蓀	reduction	mj-shrink-map	merge	MJ046598: 法務省戸籍法関連通達・通知, 種別 戸籍統一文字情報 親字・正字, ホップ数 1
U+84C0	𦺈	蓀	reduction	mj-shrink-map	merge	MJ046846: 法務省戸籍法関連通達・通知, 種別 戸籍統一文字情報 親字・正字, ホップ数 1
U+84C0	𦽙	蓀	reduction	mj-shrink-map	merge	MJ046996: 法務省戸籍法関連通達・通知, 種別 戸籍統一文字情報 親字・正字, ホップ数 1
U+84C1	𦳳	蓁	reduction	mj-shrink-map	merge	MJ046606: 法務省戸籍法関連通達・通知, 種別 戸籍統一文字情報 親字・正字, ホップ数 1
U+84C4	稸	蓄	reduction	mj-shrink-map	merge	MJ019127: 法務省戸籍法関連通達・通知, 種別 戸籍統一文字情報 親字・正字, ホップ数 1
U+84C4	𦿤	蓄	reduction	mj-shrink-map	merge	MJ047089: 法務省戸籍法関連通達・通知, 種別 戸籍統一文字情報 親字・正字, ホップ数 1
U+84C4	𧁃	蓄	reduction	mj-shrink-map	merge	MJ047152: 法務省戸籍法関連通達・通知, 種別 戸籍統一文字情報 親字・正字, ホップ数 1
U+84C4	𧁖	蓄	reduction	mj-shrink-map	merge	MJ047168: 法務省戸籍法関連通達・通知, 種別 戸籍統一文字情報 親字・正字, ホップ数 1
U+84CB	乢	蓋	reduction	mj-shrink-map	merge	MJ006407: 法務省戸籍法関連通達・通知, 種別 戸籍統一文字情報 親字・正字, ホップ数 1
U+84CB	乢	蓋	variant	cjkvi-variants	corroborates	蓋→乢 twedu/variant
U+84CB	乢	蓋	variant	wikidata	corroborates	Q109736986; P248 Q10427532 | Q55851838; P248 Q10427532
U+84CB	𤇁	蓋	reduction	mj-shrink-map	merge	MJ039875: 法務省戸籍法関連通達・通知, 種別 戸籍統一文字情報 親字・正字, ホップ数 1
U+84CD	𦮂	蓍	reduction	mj-shrink-map	merge	MJ046375: 法務省戸籍法関連通達・通知, 種別 戸籍統一文字情報 親字・正字, ホップ数 1
U+84CF	𦽝	蓏	reduction	mj-shrink-map	merge	MJ047000: 法務省戸籍法関連通達・通知, 種別 戸籍統一文字情報 親字・正字, ホップ数 1
U+84D0	𦸳	蓐	reduction	mj-shrink-map	merge	MJ046806: 法務省戸籍法関連通達・通知, 種別 戸籍統一文字情報 親字・正字, ホップ数 1
U+84D1	𠱗	蓑	reduction	mj-shrink-map	merge	MJ032217: 法務省戸籍法関連通達・通知, 種別 戸籍統一文字情報 親字・正字, ホップ数 1
U+84D1	𡔤	蓑	reduction	mj-shrink-map	merge	MJ033287: 法務省戸籍法関連通達・通知, 種別 戸籍統一文字情報 親字・正字, ホップ数 1
U+84D1	𦸏	蓑	reduction	mj-shrink-map	merge	MJ046770: 法務省戸籍法関連通達・通知, 種別 戸籍統一文字情報 親字・正字, ホップ数 1
U+84D6	𦯛	蓖	reduction	mj-shrink-map	merge	MJ046433: 法務省戸籍法関連通達・通知, 種別 戸籍統一文字情報 親字・正字, ホップ数 1
U+84EC	蘕	蓬	reduction	mj-shrink-map	merge	MJ023177: 法務省戸籍法関連通達・通知, 種別 戸籍統一文字情報 親字・正字, ホップ数 1
U+84EC	𦿪	蓬	reduction	mj-shrink-map	merge	MJ047093: 法務省戸籍法関連通達・通知, 種別 戸籍統一文字情報 親字・正字, ホップ数 1
U+84EE	蓮	蓮	compatibility	unicode-ucd	merge	84EE
U+84F1	蓱	蓱	compatibility	unicode-ucd	merge	84F1
U+84F1	𦶊	蓱	reduction	mj-shrink-map	merge	MJ046701: 法務省戸籍法関連通達・通知, 種別 戸籍統一文字情報 親字・正字, ホップ数 1
U+84F1	𧁕	蓱	reduction	mj-shrink-map	merge	MJ047167: 法務省戸籍法関連通達・通知, 種別 戸籍統一文字情報 親字・正字, ホップ数 1
U+84FC	蓼	蓼	compatibility	unicode-ucd	merge	84FC
U+84FC	𦾷	蓼	reduction	mj-shrink-map	merge	MJ047048: 法務省戸籍法関連通達・通知, 種別 戸籍統一文字情報 親字・正字, ホップ数 1
U+84FD	𦸩	蓽	reduction	mj-shrink-map	merge	MJ046796: 法務省戸籍法関連通達・通知, 種別 戸籍統一文字情報 親字・正字, ホップ数 1
U+84FF	𦼑	蓿	reduction	mj-shrink-map	merge	MJ046940: 法務省戸籍法関連通達・通知, 種別 戸籍統一文字情報 親字・正字, ホップ数 1
U+8500	𩅇	蔀	reduction	mj-shrink-map	merge	MJ052855: 法務省戸籍法関連通達・通知, 種別 戸籍統一文字情報 親字・正字, ホップ数 1
U+8511	𦸑	蔑	reduction	mj-shrink-map	merge	MJ046772: 法務省戸籍法関連通達・通知, 種別 戸籍統一文字情報 親字・正字, ホップ数 1
U+8513	𦽦	蔓	reduction	mj-shrink-map	merge	MJ047010: 法務省戸籍法関連通達・通知, 種別 戸籍統一文字情報 親字・正字, ホップ数 1
U+8515	𦷾	蔕	reduction	mj-shrink-map	merge	MJ046754: 法務省戸籍法関連通達・通知, 種別 戸籍統一文字情報 親字・正字, ホップ数 1
U+8515	𦽢	蔕	reduction	mj-shrink-map	merge	MJ047006: 法務省戸籍法関連通達・通知, 種別 戸籍統一文字情報 親字・正字, ホップ数 1
U+8515	𧀱	蔕	reduction	mj-shrink-map	merge	MJ047133: 法務省戸籍法関連通達・通知, 種別 戸籍統一文字情報 親字・正字, ホップ数 1
U+8516	蔖	蔖	compatibility	unicode-ucd	merge	8516
U+8517	𤯈	蔗	reduction	mj-shrink-map	merge	MJ041294: 法務省戸籍法関連通達・通知, 種別 戸籍統一文字情報 親字・正字, ホップ数 1
U+8517	𤯋	蔗	reduction	mj-shrink-map	merge	MJ041296: 法務省戸籍法関連通達・通知, 種別 戸籍統一文字情報 親字・正字, ホップ数 1
U+851A	𦵥	蔚	reduction	mj-shrink-map	merge	MJ046663: 法務省戸籍法関連通達・通知, 種別 戸籍統一文字情報 親字・正字, ホップ数 1
U+851E	𧂜	蔞	reduction	mj-shrink-map	merge	MJ047206: 法務省戸籍法関連通達・通知, 種別 戸籍統一文字情報 親字・正字, ホップ数 1
U+8521	𣞖	蔡	reduction	mj-shrink-map	merge	MJ038389: 法務省戸籍法関連通達・通知, 種別 戸籍統一文字情報 親字・正字, ホップ数 1
U+8524	藌	蔤	reduction	mj-shrink-map	merge	MJ023038: 法務省戸籍法関連通達・通知, 種別 戸籍統一文字情報 親字・正字, ホップ数 1
U+8524	𦰷	蔤	reduction	mj-shrink-map	merge	MJ046478: 法務省戸籍法関連通達・通知, 種別 戸籍統一文字情報 親字・正字, ホップ数 1
U+8525	䓗	蔥	reduction	mj-shrink-map	merge	MJ004047: 法務省戸籍法関連通達・通知, 種別 戸籍統一文字情報 親字・正字, ホップ数 1
U+8525	𦯎	蔥	reduction	mj-shrink-map	merge	MJ046420: 法務省戸籍法関連通達・通知, 種別 戸籍統一文字情報 親字・正字, ホップ数 1
U+8525	𧁗	蔥	reduction	mj-shrink-map	merge	MJ047169: 法務省戸籍法関連通達・通知, 種別 戸籍統一文字情報 親字・正字, ホップ数 1
U+852D	䕃	蔭	reduction	mj-shrink-map	merge	MJ004166: 法務省戸籍法関連通達・通知, 種別 戸籍統一文字情報 親字・正字, ホップ数 1
U+8532	𦽛	蔲	reduction	mj-shrink-map	merge	MJ046998: 法務省戸籍法関連通達・通知, 種別 戸籍統一文字情報 親字・正字, ホップ数 1
U+8535	藏	蔵	reduction	mj-shrink-map	merge	MJ023044: 法務省戸籍法関連通達・通知, 種別 戸籍統一文字情報 親字・正字, ホップ数 1
U+8535	𢧿	藏	reduction	mj-shrink-map	merge	MJ036623: 法務省戸籍法関連通達・通知, 種別 戸籍統一文字情報 親字・正字, ホップ数 1
U+8535	𫟖	藏	reduction	mj-shrink-map	merge	MJ058532: 法務省戸籍法関連通達・通知, 種別 戸籍統一文字情報 親字・正字, ホップ数 1
U+8535	𮍎	藏	reduction	mj-shrink-map	merge	MJ040315: 法務省戸籍法関連通達・通知, 種別 戸籍統一文字情報 親字・正字, ホップ数 1
U+8535	𮐼	藏	reduction	mj-shrink-map	merge	MJ058533: 法務省戸籍法関連通達・通知, 種別 戸籍統一文字情報 親字・正字, ホップ数 1
U+853D	𦿔	蔽	reduction	mj-shrink-map	merge	MJ047079: 法務省戸籍法関連通達・通知, 種別 戸籍統一文字情報 親字・正字, ホップ数 1
U+8541	𧁘	蕁	reduction	mj-shrink-map	merge	MJ047170: 法務省戸籍法関連通達・通知, 種別 戸籍統一文字情報 親字・正字, ホップ数 1
U+8543	𧂵	蕃	reduction	mj-shrink-map	merge	MJ047224: 法務省戸籍法関連通達・通知, 種別 戸籍統一文字情報 親字・正字, ホップ数 1
U+8548	𧅸	蕈	reduction	mj-shrink-map	merge	MJ047344: 法務省戸籍法関連通達・通知, 種別 戸籍統一文字情報 親字・正字, ホップ数 1
U+8551	葌	蕑	reduction	mj-shrink-map	merge	MJ022308: 法務省戸籍法関連通達・通知, 種別 戸籍統一文字情報 親字・正字, ホップ数 1
U+8555	𦽈	蕕	reduction	mj-shrink-map	merge	MJ046981: 法務省戸籍法関連通達・通知, 種別 戸籍統一文字情報 親字・正字, ホップ数 1
U+8558	𮏔	蕘	reduction	mj-shrink-map	merge	MJ058490: 法務省戸籍法関連通達・通知, 種別 戸籍統一文字情報 親字・正字, ホップ数 1
U+855E	𦸤	蕞	reduction	mj-shrink-map	merge	MJ046792: 法務省戸籍法関連通達・通知, 種別 戸籍統一文字情報 親字・正字, ホップ数 1
U+8561	𦶁	蕡	reduction	mj-shrink-map	merge	MJ046692: 法務省戸籍法関連通達・通知, 種別 戸籍統一文字情報 親字・正字, ホップ数 1
U+8562	䕚	蕢	reduction	mj-shrink-map	merge	MJ004191: 法務省戸籍法関連通達・通知, 種別 戸籍統一文字情報 親字・正字, ホップ数 1
U+8562	𤆂	蕢	reduction	mj-shrink-map	merge	MJ039846: 法務省戸籍法関連通達・通知, 種別 戸籍統一文字情報 親字・正字, ホップ数 1
U+8562	𧂟	蕢	reduction	mj-shrink-map	merge	MJ047208: 法務省戸籍法関連通達・通知, 種別 戸籍統一文字情報 親字・正字, ホップ数 1
U+8562	𧷩	蕢	reduction	mj-shrink-map	merge	MJ049715: 法務省戸籍法関連通達・通知, 種別 戸籍統一文字情報 親字・正字, ホップ数 1
U+8563	橓	蕣	reduction	mj-shrink-map	merge	MJ014505: 法務省戸籍法関連通達・通知, 種別 戸籍統一文字情報 親字・正字, ホップ数 1
U+8563	𧂌	蕣	reduction	mj-shrink-map	merge	MJ047190: 法務省戸籍法関連通達・通知, 種別 戸籍統一文字情報 親字・正字, ホップ数 1
U+8564	蕤	蕤	compatibility	unicode-ucd	merge	8564
U+8568	𧂱	蕨	reduction	mj-shrink-map	merge	MJ047220: 法務省戸籍法関連通達・通知, 種別 戸籍統一文字情報 親字・正字, ホップ数 1
U+8568	𫟔	蕨	reduction	mj-shrink-map	merge	MJ058505: 法務省戸籍法関連通達・通知, 種別 戸籍統一文字情報 親字・正字, ホップ数 1
U+8569	蘯	蕩	reduction	mj-shrink-map	merge	MJ023226: 法務省戸籍法関連通達・通知, 種別 戸籍統一文字情報 親字・正字, ホップ数 1
U+8569	蕩	蘯	variant	cjkvi-variants	corroborates	蕩→蘯 hydzd/variant | 蕩→蘯 twedu/variant
U+8569	蕩	蘯	variant	wikidata	corroborates	Q109760847; P248 Q10427532 | Q109761060; P248 Q10427532
U+8569	𠎯	蕩	reduction	mj-shrink-map	merge	MJ030803: 法務省戸籍法関連通達・通知, 種別 戸籍統一文字情報 親字・正字, ホップ数 1
U+8569	𣿘	蕩	reduction	mj-shrink-map	merge	MJ039631: 法務省戸籍法関連通達・通知, 種別 戸籍統一文字情報 親字・正字, ホップ数 1
U+8569	𣿴	蕩	reduction	mj-shrink-map	merge	MJ039647: 法務省戸籍法関連通達・通知, 種別 戸籍統一文字情報 親字・正字, ホップ数 1
U+856D	䔥	蕭	reduction	mj-shrink-map	merge	MJ004133: 法務省戸籍法関連通達・通知, 種別 戸籍統一文字情報 親字・正字, ホップ数 1
U+857B	𦶓	蕻	reduction	mj-shrink-map	merge	MJ046710: 法務省戸籍法関連通達・通知, 種別 戸籍統一文字情報 親字・正字, ホップ数 1
U+8584	𦻈	薄	reduction	mj-shrink-map	merge	MJ046909: 法務省戸籍法関連通達・通知, 種別 戸籍統一文字情報 親字・正字, ホップ数 1
U+8587	𦵨	薇	reduction	mj-shrink-map	merge	MJ046667: 法務省戸籍法関連通達・通知, 種別 戸籍統一文字情報 親字・正字, ホップ数 1
U+858A	𮑊	薊	reduction	mj-shrink-map	merge	MJ058534: 法務省戸籍法関連通達・通知, 種別 戸籍統一文字情報 親字・正字, ホップ数 1
U+858F	𡮕	薏	reduction	mj-shrink-map	merge	MJ034225: 法務省戸籍法関連通達・通知, 種別 戸籍統一文字情報 親字・正字, ホップ数 1
U+858F	𦺳	薏	reduction	mj-shrink-map	merge	MJ046888: 法務省戸籍法関連通達・通知, 種別 戸籍統一文字情報 親字・正字, ホップ数 1
U+8591	䕬	薑	reduction	mj-shrink-map	merge	MJ004214: 法務省戸籍法関連通達・通知, 種別 戸籍統一文字情報 親字・正字, ホップ数 1
U+8591	𦷗	薑	reduction	mj-shrink-map	merge	MJ046730: 法務省戸籍法関連通達・通知, 種別 戸籍統一文字情報 親字・正字, ホップ数 1
U+8591	𧅁	薑	reduction	mj-shrink-map	merge	MJ047304: 法務省戸籍法関連通達・通知, 種別 戸籍統一文字情報 親字・正字, ホップ数 1
U+8594	𧃻	薔	reduction	mj-shrink-map	merge	MJ047261: 法務省戸籍法関連通達・通知, 種別 戸籍統一文字情報 親字・正字, ホップ数 1
U+8594	𮒙	薔	reduction	mj-shrink-map	merge	MJ058560: 法務省戸籍法関連通達・通知, 種別 戸籍統一文字情報 親字・正字, ホップ数 1
U+859B	𧀼	薛	reduction	mj-shrink-map	merge	MJ047145: 法務省戸籍法関連通達・通知, 種別 戸籍統一文字情報 親字・正字, ホップ数 1
U+859B	𧃎	薛	reduction	mj-shrink-map	merge	MJ047226: 法務省戸籍法関連通達・通知, 種別 戸籍統一文字情報 親字・正字, ホップ数 1
U+859C	𦵮	薜	reduction	mj-shrink-map	merge	MJ046673: 法務省戸籍法関連通達・通知, 種別 戸籍統一文字情報 親字・正字, ホップ数 1
U+85A4	𣩶	薤	reduction	mj-shrink-map	merge	MJ038891: 法務省戸籍法関連通達・通知, 種別 戸籍統一文字情報 親字・正字, ホップ数 1
U+85A4	𧂊	薤	reduction	mj-shrink-map	merge	MJ047188: 法務省戸籍法関連通達・通知, 種別 戸籍統一文字情報 親字・正字, ホップ数 1
U+85A6	侟	薦	reduction	mj-shrink-map	merge	MJ006721: 法務省戸籍法関連通達・通知, 種別 戸籍統一文字情報 親字・正字, ホップ数 1
U+85A6	𠭶	薦	reduction	mj-shrink-map	merge	MJ032077: 法務省戸籍法関連通達・通知, 種別 戸籍統一文字情報 親字・正字, ホップ数 1
U+85A6	𥤆	薦	reduction	mj-shrink-map	merge	MJ043363: 法務省戸籍法関連通達・通知, 種別 戸籍統一文字情報 親字・正字, ホップ数 1
U+85A6	𧂑	薦	reduction	mj-shrink-map	merge	MJ047195: 法務省戸籍法関連通達・通知, 種別 戸籍統一文字情報 親字・正字, ホップ数 1
U+85A6	𧄟	薦	reduction	mj-shrink-map	merge	MJ047284: 法務省戸籍法関連通達・通知, 種別 戸籍統一文字情報 親字・正字, ホップ数 1
U+85A6	𧲛	薦	reduction	mj-shrink-map	merge	MJ049473: 法務省戸籍法関連通達・通知, 種別 戸籍統一文字情報 親字・正字, ホップ数 1
U+85A8	𣩾	薨	reduction	mj-shrink-map	merge	MJ038896: 法務省戸籍法関連通達・通知, 種別 戸籍統一文字情報 親字・正字, ホップ数 1
U+85AB	薫	薰	itaiji	mj-kanji	merge	X0213 包摂
U+85AB	薰	薫	reduction	mj-shrink-map	merge	MJ022986: 法務省戸籍法関連通達・通知, 種別 戸籍統一文字情報 親字・正字, ホップ数 1
U+85AC	藥	薬	reduction	mj-shrink-map	merge	MJ023086: 法務省戸籍法関連通達・通知, 種別 戸籍統一文字情報 親字・正字, ホップ数 1
U+85AC	𣛙	藥	reduction	mj-shrink-map	merge	MJ022974: 法務省戸籍法関連通達・通知, 種別 戸籍統一文字情報 親字・正字, ホップ数 1
U+85C9	𧃫	藉	reduction	mj-shrink-map	merge	MJ047254: 法務省戸籍法関連通達・通知, 種別 戸籍統一文字情報 親字・正字, ホップ数 1
U+85CD	藍	藍	compatibility	unicode-ucd	merge	85CD
U+85CD	𦾐	藍	reduction	mj-shrink-map	merge	MJ047029: 法務省戸籍法関連通達・通知, 種別 戸籍統一文字情報 親字・正字, ホップ数 1
U+85CE	𦳒	藎	reduction	mj-shrink-map	merge	MJ046574: 法務省戸籍法関連通達・通知, 種別 戸籍統一文字情報 親字・正字, ホップ数 1
U+85CE	𦾗	藎	reduction	mj-shrink-map	merge	MJ047033: 法務省戸籍法関連通達・通知, 種別 戸籍統一文字情報 親字・正字, ホップ数 1
U+85CE	𧂰	藎	reduction	mj-shrink-map	merge	MJ047219: 法務省戸籍法関連通達・通知, 種別 戸籍統一文字情報 親字・正字, ホップ数 1
U+85CE	𧃤	藎	reduction	mj-shrink-map	merge	MJ047247: 法務省戸籍法関連通達・通知, 種別 戸籍統一文字情報 親字・正字, ホップ数 1
U+85D0	𦯦	藐	reduction	mj-shrink-map	merge	MJ046445: 法務省戸籍法関連通達・通知, 種別 戸籍統一文字情報 親字・正字, ホップ数 1
U+85D0	𧂀	藐	reduction	mj-shrink-map	merge	MJ047177: 法務省戸籍法関連通達・通知, 種別 戸籍統一文字情報 親字・正字, ホップ数 1
U+85D5	㒖	藕	reduction	mj-shrink-map	merge	MJ000116: 法務省戸籍法関連通達・通知, 種別 戸籍統一文字情報 親字・正字, ホップ数 1
U+85D9	𧅙	藙	reduction	mj-shrink-map	merge	MJ047322: 法務省戸籍法関連通達・通知, 種別 戸籍統一文字情報 親字・正字, ホップ数 1
U+85D9	𧆈	藙	reduction	mj-shrink-map	merge	MJ047354: 法務省戸籍法関連通達・通知, 種別 戸籍統一文字情報 親字・正字, ホップ数 1
U+85DC	𧅏	藜	reduction	mj-shrink-map	merge	MJ047317: 法務省戸籍法関連通達・通知, 種別 戸籍統一文字情報 親字・正字, ホップ数 1
U+85E4	䕨	藤	reduction	mj-shrink-map	merge	MJ004208: 法務省戸籍法関連通達・通知, 種別 戸籍統一文字情報 親字・正字, ホップ数 1
U+85E4	𮑚	藤	reduction	mj-shrink-map	merge	MJ058540: 法務省戸籍法関連通達・通知, 種別 戸籍統一文字情報 親字・正字, ホップ数 1
U+85E9	䕰	藩	reduction	mj-shrink-map	merge	MJ004218: 法務省戸籍法関連通達・通知, 種別 戸籍統一文字情報 親字・正字, ホップ数 1
U+85ED	𧅉	藭	reduction	mj-shrink-map	merge	MJ047312: 法務省戸籍法関連通達・通知, 種別 戸籍統一文字情報 親字・正字, ホップ数 1
U+85ED	𧅓	藭	reduction	mj-shrink-map	merge	MJ047318: 法務省戸籍法関連通達・通知, 種別 戸籍統一文字情報 親字・正字, ホップ数 1
U+85F7	蒣	藷	reduction	mj-shrink-map	merge	MJ022472: 法務省戸籍法関連通達・通知, 種別 戸籍統一文字情報 親字・正字, ホップ数 1
U+85FA	藺	藺	compatibility	unicode-ucd	merge	85FA
U+85FB	薻	藻	reduction	mj-shrink-map	merge	MJ023008: 法務省戸籍法関連通達・通知, 種別 戸籍統一文字情報 親字・正字, ホップ数 1
U+85FB	𧁑	藻	reduction	mj-shrink-map	merge	MJ047165: 法務省戸籍法関連通達・通知, 種別 戸籍統一文字情報 親字・正字, ホップ数 1
U+85FB	𧃡	藻	reduction	mj-shrink-map	merge	MJ047244: 法務省戸籍法関連通達・通知, 種別 戸籍統一文字情報 親字・正字, ホップ数 1
U+85FB	𧄩	藻	reduction	mj-shrink-map	merge	MJ047289: 法務省戸籍法関連通達・通知, 種別 戸籍統一文字情報 親字・正字, ホップ数 1
U+8602	蕋	蘂	reduction	mj-shrink-map	merge	MJ022774: 法務省戸籍法関連通達・通知, 種別 戸籍統一文字情報 親字・正字, ホップ数 1
U+8602	蕋	蘂	variant	cjkvi-variants	corroborates	蕋→蘂 jisx0213/variant | 蘂→蕋 jisx0212/variant
U+8602	蘃	蘂	reduction	mj-shrink-map	merge	MJ023142: 法務省戸籍法関連通達・通知, 種別 戸籍統一文字情報 親字・正字, ホップ数 1
U+8602	𧄜	蘂	reduction	mj-shrink-map	merge	MJ047281: 法務省戸籍法関連通達・通知, 種別 戸籍統一文字情報 親字・正字, ホップ数 1
U+8604	䕤	蘄	reduction	mj-shrink-map	merge	MJ004204: 法務省戸籍法関連通達・通知, 種別 戸籍統一文字情報 親字・正字, ホップ数 1
U+8604	鄿	蘄	reduction	mj-shrink-map	merge	MJ026422: 法務省戸籍法関連通達・通知, 種別 戸籍統一文字情報 親字・正字, ホップ数 1
U+8606	蘆	蘆	compatibility	unicode-ucd	merge	8606
U+860A	藴	蘊	itaiji	mj-kanji	merge	X0213 包摂
U+860A	藴	蘊	reduction	mj-shrink-map	merge	MJ023113: 法務省戸籍法関連通達・通知, 種別 戸籍統一文字情報 親字・正字, ホップ数 1
U+860B	薲	蘋	reduction	mj-shrink-map	merge	MJ022991: 法務省戸籍法関連通達・通知, 種別 戸籍統一文字情報 親字・正字, ホップ数 1
U+8613	蘓	𧁨	itaiji	mj-kanji	merge	X0213 包摂
U+8616	𪌊	蘖	reduction	mj-shrink-map	merge	MJ056022: 法務省戸籍法関連通達・通知, 種別 戸籍統一文字情報 親字・正字, ホップ数 1
U+8618	𧁁	蘘	reduction	mj-shrink-map	merge	MJ047150: 法務省戸籍法関連通達・通知, 種別 戸籍統一文字情報 親字・正字, ホップ数 1
U+8618	𧅍	蘘	reduction	mj-shrink-map	merge	MJ047315: 法務省戸籍法関連通達・通知, 種別 戸籍統一文字情報 親字・正字, ホップ数 1
U+8624	𤾡	𤾡	compatibility	unicode-ucd	merge	24FA1
U+8624	𤾡	蘤	reduction	mj-shrink-map	merge	MJ041939: 法務省戸籍法関連通達・通知, 種別 戸籍統一文字情報 親字・正字, ホップ数 1
U+8629	𦾴	蘩	reduction	mj-shrink-map	merge	MJ047045: 法務省戸籍法関連通達・通知, 種別 戸籍統一文字情報 親字・正字, ホップ数 1
U+8629	𧄫	蘩	reduction	mj-shrink-map	merge	MJ047291: 法務省戸籍法関連通達・通知, 種別 戸籍統一文字情報 親字・正字, ホップ数 1
U+862D	蘭	蘭	compatibility	unicode-ucd	merge	862D
U+863F	蘿	蘿	compatibility	unicode-ucd	merge	863F
U+8641	蘷	虁	z	unihan	merge	蘷→虁 kZVariant | 虁→蘷 kZVariant
U+8641	犪	虁	reduction	mj-shrink-map	merge	MJ016882: 法務省戸籍法関連通達・通知, 種別 戸籍統一文字情報 親字・正字, ホップ数 1
U+8641	𧃰	虁	reduction	mj-shrink-map	merge	MJ047257: 法務省戸籍法関連通達・通知, 種別 戸籍統一文字情報 親字・正字, ホップ数 1
U+864D	𬻉	虍	reduction	mj-shrink-map	merge	MJ058576: 法務省戸籍法関連通達・通知, 種別 戸籍統一文字情報 親字・正字, ホップ数 1
U+864D	𭅯	虍	reduction	mj-shrink-map	merge	MJ058577: 法務省戸籍法関連通達・通知, 種別 戸籍統一文字情報 親字・正字, ホップ数 1
U+864D	𭅰	虍	reduction	mj-shrink-map	merge	MJ058579: 法務省戸籍法関連通達・通知, 種別 戸籍統一文字情報 親字・正字, ホップ数 1
U+864D	𮓗	虍	reduction	mj-shrink-map	merge	MJ058578: 法務省戸籍法関連通達・通知, 種別 戸籍統一文字情報 親字・正字, ホップ数 1
U+864E	乕	虎	reduction	mj-shrink-map	merge	MJ006395: 法務省戸籍法関連通達・通知, 種別 戸籍統一文字情報 親字・正字, ホップ数 1
U+864E	乕	虎	variant	cjkvi-variants	corroborates	虎→乕 hydzd/variant | 虎→乕 jisx0212/variant | 虎→乕 jisx0213/variant
U+864E	乕	虎	variant	hng-basic-data	corroborates	10264 | 10264b | 10264c
U+864E	乕	虎	variant	wikidata	corroborates	Q109736970; P248 Q1442751 | Q55851745; P248 Q1442751
U+864E	乕	虎	equivalent	yitizi	corroborates	ytenx/JihThex.csv
U+864E	虝	虎	reduction	mj-shrink-map	merge	MJ023295: 法務省戸籍法関連通達・通知, 種別 戸籍統一文字情報 親字・正字, ホップ数 1
U+864E	𠪳	虎	reduction	mj-shrink-map	merge	MJ031944: 法務省戸籍法関連通達・通知, 種別 戸籍統一文字情報 親字・正字, ホップ数 1
U+864E	𢁺	虎	reduction	mj-shrink-map	merge	MJ035011: 法務省戸籍法関連通達・通知, 種別 戸籍統一文字情報 親字・正字, ホップ数 1
U+864E	𢋪	虎	reduction	mj-shrink-map	merge	MJ035440: 法務省戸籍法関連通達・通知, 種別 戸籍統一文字情報 親字・正字, ホップ数 1
U+864E	𧆞	虎	reduction	mj-shrink-map	merge	MJ047373: 法務省戸籍法関連通達・通知, 種別 戸籍統一文字情報 親字・正字, ホップ数 1
U+864E	𧇂	虎	reduction	mj-shrink-map	merge	MJ047397: 法務省戸籍法関連通達・通知, 種別 戸籍統一文字情報 親字・正字, ホップ数 1
U+864E	𪊖	虎	reduction	mj-shrink-map	merge	MJ055933: 法務省戸籍法関連通達・通知, 種別 戸籍統一文字情報 親字・正字, ホップ数 1
U+864E	𪋕	虎	reduction	mj-shrink-map	merge	MJ055980: 法務省戸籍法関連通達・通知, 種別 戸籍統一文字情報 親字・正字, ホップ数 1
U+864E	𮓙	虎	reduction	mj-shrink-map	merge	MJ058580: 法務省戸籍法関連通達・通知, 種別 戸籍統一文字情報 親字・正字, ホップ数 1
U+864E	𮓜	虎	reduction	mj-shrink-map	merge	MJ058586: 法務省戸籍法関連通達・通知, 種別 戸籍統一文字情報 親字・正字, ホップ数 1
U+8650	虐	虐	compatibility	unicode-ucd	merge	8650
U+8650	䖈	虐	reduction	mj-shrink-map	merge	MJ004246: 法務省戸籍法関連通達・通知, 種別 戸籍統一文字情報 親字・正字, ホップ数 1
U+8650	䖋	虐	reduction	mj-shrink-map	merge	MJ004249: 法務省戸籍法関連通達・通知, 種別 戸籍統一文字情報 親字・正字, ホップ数 1
U+8650	䨋	虐	reduction	mj-shrink-map	merge	MJ005363: 法務省戸籍法関連通達・通知, 種別 戸籍統一文字情報 親字・正字, ホップ数 1
U+8650	𣑾	虐	reduction	mj-shrink-map	merge	MJ038015: 法務省戸籍法関連通達・通知, 種別 戸籍統一文字情報 親字・正字, ホップ数 1
U+8650	𥤫	虐	reduction	mj-shrink-map	merge	MJ043387: 法務省戸籍法関連通達・通知, 種別 戸籍統一文字情報 親字・正字, ホップ数 1
U+8650	𧆝	虐	reduction	mj-shrink-map	merge	MJ047372: 法務省戸籍法関連通達・通知, 種別 戸籍統一文字情報 親字・正字, ホップ数 1
U+8650	𧆧	虐	reduction	mj-shrink-map	merge	MJ047380: 法務省戸籍法関連通達・通知, 種別 戸籍統一文字情報 親字・正字, ホップ数 1
U+8650	𧆩	虐	reduction	mj-shrink-map	merge	MJ047382: 法務省戸籍法関連通達・通知, 種別 戸籍統一文字情報 親字・正字, ホップ数 1
U+8650	𧆱	虐	reduction	mj-shrink-map	merge	MJ047387: 法務省戸籍法関連通達・通知, 種別 戸籍統一文字情報 親字・正字, ホップ数 1
U+8650	𫊞	虐	reduction	mj-shrink-map	merge	MJ058585: 法務省戸籍法関連通達・通知, 種別 戸籍統一文字情報 親字・正字, ホップ数 1
U+8650	𮓘	虐	reduction	mj-shrink-map	merge	MJ058582: 法務省戸籍法関連通達・通知, 種別 戸籍統一文字情報 親字・正字, ホップ数 1
U+8653	𧆬	虓	reduction	mj-shrink-map	merge	MJ047385: 法務省戸籍法関連通達・通知, 種別 戸籍統一文字情報 親字・正字, ホップ数 1
U+8654	𠧘	虔	reduction	mj-shrink-map	merge	MJ031775: 法務省戸籍法関連通達・通知, 種別 戸籍統一文字情報 親字・正字, ホップ数 1
U+8654	𠧺	虔	reduction	mj-shrink-map	merge	MJ031802: 法務省戸籍法関連通達・通知, 種別 戸籍統一文字情報 親字・正字, ホップ数 1
U+8654	𮓚	虔	reduction	mj-shrink-map	merge	MJ058584: 法務省戸籍法関連通達・通知, 種別 戸籍統一文字情報 親字・正字, ホップ数 1
U+8656	𧆪	虖	reduction	mj-shrink-map	merge	MJ047383: 法務省戸籍法関連通達・通知, 種別 戸籍統一文字情報 親字・正字, ホップ数 1
U+8656	𮓣	虖	reduction	mj-shrink-map	merge	MJ058593: 法務省戸籍法関連通達・通知, 種別 戸籍統一文字情報 親字・正字, ホップ数 1
U+865B	𣝛	虛	reduction	mj-shrink-map	merge	MJ038360: 法務省戸籍法関連通達・通知, 種別 戸籍統一文字情報 親字・正字, ホップ数 1
U+865B	𣦄	虛	reduction	mj-shrink-map	merge	MJ038699: 法務省戸籍法関連通達・通知, 種別 戸籍統一文字情報 親字・正字, ホップ数 1
U+865B	𧆳	虛	reduction	mj-shrink-map	merge	MJ047388: 法務省戸籍法関連通達・通知, 種別 戸籍統一文字情報 親字・正字, ホップ数 1
U+865B	𮓠	虛	reduction	mj-shrink-map	merge	MJ058589: 法務省戸籍法関連通達・通知, 種別 戸籍統一文字情報 親字・正字, ホップ数 1
U+865B	𮓡	虛	reduction	mj-shrink-map	merge	MJ058591: 法務省戸籍法関連通達・通知, 種別 戸籍統一文字情報 親字・正字, ホップ数 1
U+865C	虜	虜	compatibility	unicode-ucd	merge	865C
U+865C	虜	虜	compatibility	unicode-ucd	merge	865C
U+865E	𩦢	虞	reduction	mj-shrink-map	merge	MJ054464: 法務省戸籍法関連通達・通知, 種別 戸籍統一文字情報 親字・正字, ホップ数 1
U+865E	𮓥	虞	reduction	mj-shrink-map	merge	MJ058594: 法務省戸籍法関連通達・通知, 種別 戸籍統一文字情報 親字・正字, ホップ数 1
U+8662	𣂭	虢	reduction	mj-shrink-map	merge	MJ037507: 法務省戸籍法関連通達・通知, 種別 戸籍統一文字情報 親字・正字, ホップ数 1
U+8667	虧	虧	compatibility	unicode-ucd	merge	8667
U+8667	𧇾	虧	reduction	mj-shrink-map	merge	MJ047435: 法務省戸籍法関連通達・通知, 種別 戸籍統一文字情報 親字・正字, ホップ数 1
U+8667	𧟯	虧	reduction	mj-shrink-map	merge	MJ048527: 法務省戸籍法関連通達・通知, 種別 戸籍統一文字情報 親字・正字, ホップ数 1
U+8669	虩	虩	compatibility	unicode-ucd	merge	8669
U+866B	蟲	虫	reduction	mj-shrink-map	merge	MJ023742: 法務省戸籍法関連通達・通知, 種別 戸籍統一文字情報 親字・正字, ホップ数 1
U+866B	𧈰	虫	reduction	mj-shrink-map	merge	MJ047469: 法務省戸籍法関連通達・通知, 種別 戸籍統一文字情報 親字・正字, ホップ数 1
U+866F	𧌟	虯	reduction	mj-shrink-map	merge	MJ047634: 法務省戸籍法関連通達・通知, 種別 戸籍統一文字情報 親字・正字, ホップ数 1
U+866F	𪓓	虯	reduction	mj-shrink-map	merge	MJ056393: 法務省戸籍法関連通達・通知, 種別 戸籍統一文字情報 親字・正字, ホップ数 1
U+8671	𧌡	虱	reduction	mj-shrink-map	merge	MJ047636: 法務省戸籍法関連通達・通知, 種別 戸籍統一文字情報 親字・正字, ホップ数 1
U+8679	𧈫	虹	reduction	mj-shrink-map	merge	MJ047465: 法務省戸籍法関連通達・通知, 種別 戸籍統一文字情報 親字・正字, ホップ数 1
U+8679	𧈬	虹	reduction	mj-shrink-map	merge	MJ047466: 法務省戸籍法関連通達・通知, 種別 戸籍統一文字情報 親字・正字, ホップ数 1
U+8679	𧌫	虹	reduction	mj-shrink-map	merge	MJ047646: 法務省戸籍法関連通達・通知, 種別 戸籍統一文字情報 親字・正字, ホップ数 1
U+8679	𧍺	虹	reduction	mj-shrink-map	merge	MJ047701: 法務省戸籍法関連通達・通知, 種別 戸籍統一文字情報 親字・正字, ホップ数 1
U+867A	𡯥	虺	reduction	mj-shrink-map	merge	MJ034261: 法務省戸籍法関連通達・通知, 種別 戸籍統一文字情報 親字・正字, ホップ数 1
U+867A	𧉇	虺	reduction	mj-shrink-map	merge	MJ047483: 法務省戸籍法関連通達・通知, 種別 戸籍統一文字情報 親字・正字, ホップ数 1
U+867A	𩗝	虺	reduction	mj-shrink-map	merge	MJ053739: 法務省戸籍法関連通達・通知, 種別 戸籍統一文字情報 親字・正字, ホップ数 1
U+8688	蚈	蚈	compatibility	unicode-ucd	merge	8688
U+868A	䘇	蚊	reduction	mj-shrink-map	merge	MJ004382: 法務省戸籍法関連通達・通知, 種別 戸籍統一文字情報 親字・正字, ホップ数 1
U+868A	蚉	蚊	reduction	mj-shrink-map	merge	MJ023339: 法務省戸籍法関連通達・通知, 種別 戸籍統一文字情報 親字・正字, ホップ数 1
U+868A	𧏎	蚊	reduction	mj-shrink-map	merge	MJ047762: 法務省戸籍法関連通達・通知, 種別 戸籍統一文字情報 親字・正字, ホップ数 1
U+868A	𧓢	蚊	reduction	mj-shrink-map	merge	MJ047942: 法務省戸籍法関連通達・通知, 種別 戸籍統一文字情報 親字・正字, ホップ数 1
U+868C	䖫	蚌	reduction	mj-shrink-map	merge	MJ004292: 法務省戸籍法関連通達・通知, 種別 戸籍統一文字情報 親字・正字, ホップ数 1
U+868C	䰷	蚌	reduction	mj-shrink-map	merge	MJ005932: 法務省戸籍法関連通達・通知, 種別 戸籍統一文字情報 親字・正字, ホップ数 1
U+868C	蜯	蚌	reduction	mj-shrink-map	merge	MJ023521: 法務省戸籍法関連通達・通知, 種別 戸籍統一文字情報 親字・正字, ホップ数 1
U+868C	𧉳	蚌	reduction	mj-shrink-map	merge	MJ047518: 法務省戸籍法関連通達・通知, 種別 戸籍統一文字情報 親字・正字, ホップ数 1
U+868C	𧎞	蚌	reduction	mj-shrink-map	merge	MJ047718: 法務省戸籍法関連通達・通知, 種別 戸籍統一文字情報 親字・正字, ホップ数 1
U+868D	𧔆	蚍	reduction	mj-shrink-map	merge	MJ047969: 法務省戸籍法関連通達・通知, 種別 戸籍統一文字情報 親字・正字, ホップ数 1
U+868D	𧖈	蚍	reduction	mj-shrink-map	merge	MJ048064: 法務省戸籍法関連通達・通知, 種別 戸籍統一文字情報 親字・正字, ホップ数 1
U+8695	䗝	蠶	reduction	mj-shrink-map	merge	MJ004342: 法務省戸籍法関連通達・通知, 種別 戸籍統一文字情報 親字・正字, ホップ数 1
U+8695	䗞	蠶	reduction	mj-shrink-map	merge	MJ004343: 法務省戸籍法関連通達・通知, 種別 戸籍統一文字情報 親字・正字, ホップ数 1
U+8695	䘉	蠶	reduction	mj-shrink-map	merge	MJ004383: 法務省戸籍法関連通達・通知, 種別 戸籍統一文字情報 親字・正字, ホップ数 1
U+8695	蠺	蠶	reduction	mj-shrink-map	merge	MJ023839: 法務省戸籍法関連通達・通知, 種別 戸籍統一文字情報 親字・正字, ホップ数 1
U+8695	𧉂	蚕	reduction	mj-shrink-map	merge	MJ047478: 法務省戸籍法関連通達・通知, 種別 戸籍統一文字情報 親字・正字, ホップ数 1
U+8695	𧉏	蠶	reduction	mj-shrink-map	merge	MJ047491: 法務省戸籍法関連通達・通知, 種別 戸籍統一文字情報 親字・正字, ホップ数 1
U+8695	𧌩	蠶	reduction	mj-shrink-map	merge	MJ047644: 法務省戸籍法関連通達・通知, 種別 戸籍統一文字情報 親字・正字, ホップ数 1
U+8695	𧍦	蚕	reduction	mj-shrink-map	merge	MJ047682: 法務省戸籍法関連通達・通知, 種別 戸籍統一文字情報 親字・正字, ホップ数 1
U+86A3	𧌻	蚣	reduction	mj-shrink-map	merge	MJ047651: 法務省戸籍法関連通達・通知, 種別 戸籍統一文字情報 親字・正字, ホップ数 1
U+86A4	䖣	蚤	reduction	mj-shrink-map	merge	MJ004284: 法務省戸籍法関連通達・通知, 種別 戸籍統一文字情報 親字・正字, ホップ数 1
U+86A4	䗢	蚤	reduction	mj-shrink-map	merge	MJ004347: 法務省戸籍法関連通達・通知, 種別 戸籍統一文字情報 親字・正字, ホップ数 1
U+86A4	𧈠	蚤	reduction	mj-shrink-map	merge	MJ047458: 法務省戸籍法関連通達・通知, 種別 戸籍統一文字情報 親字・正字, ホップ数 1
U+86A4	𧈸	蚤	reduction	mj-shrink-map	merge	MJ058598: 法務省戸籍法関連通達・通知, 種別 戸籍統一文字情報 親字・正字, ホップ数 1
U+86A4	𧎮	蚤	reduction	mj-shrink-map	merge	MJ047730: 法務省戸籍法関連通達・通知, 種別 戸籍統一文字情報 親字・正字, ホップ数 1
U+86A4	𫊫	蚤	reduction	mj-shrink-map	merge	MJ058600: 法務省戸籍法関連通達・通知, 種別 戸籍統一文字情報 親字・正字, ホップ数 1
U+86A4	𮓵	蚤	reduction	mj-shrink-map	merge	MJ058599: 法務省戸籍法関連通達・通知, 種別 戸籍統一文字情報 親字・正字, ホップ数 1
U+86A4	𮔇	蚤	reduction	mj-shrink-map	merge	MJ058614: 法務省戸籍法関連通達・通知, 種別 戸籍統一文字情報 親字・正字, ホップ数 1
U+86A9	蚩	蚩	compatibility	unicode-ucd	merge	86A9
U+86A9	𧉌	蚩	reduction	mj-shrink-map	merge	MJ047488: 法務省戸籍法関連通達・通知, 種別 戸籍統一文字情報 親字・正字, ホップ数 1
U+86AA	𧐝	蚪	reduction	mj-shrink-map	merge	MJ047822: 法務省戸籍法関連通達・通知, 種別 戸籍統一文字情報 親字・正字, ホップ数 1
U+86B0	𧏿	蚰	reduction	mj-shrink-map	merge	MJ047792: 法務省戸籍法関連通達・通知, 種別 戸籍統一文字情報 親字・正字, ホップ数 1
U+86B3	𧋗	蚳	reduction	mj-shrink-map	merge	MJ047585: 法務省戸籍法関連通達・通知, 種別 戸籍統一文字情報 親字・正字, ホップ数 1
U+86B3	𧏁	蚳	reduction	mj-shrink-map	merge	MJ047749: 法務省戸籍法関連通達・通知, 種別 戸籍統一文字情報 親字・正字, ホップ数 1
U+86B3	𧏔	蚳	reduction	mj-shrink-map	merge	MJ047768: 法務省戸籍法関連通達・通知, 種別 戸籍統一文字情報 親字・正字, ホップ数 1
U+86B3	𧐏	蚳	reduction	mj-shrink-map	merge	MJ047808: 法務省戸籍法関連通達・通知, 種別 戸籍統一文字情報 親字・正字, ホップ数 1
U+86B3	𨑉	蚳	reduction	mj-shrink-map	merge	MJ050764: 法務省戸籍法関連通達・通知, 種別 戸籍統一文字情報 親字・正字, ホップ数 1
U+86B6	魽	蚶	reduction	mj-shrink-map	merge	MJ029084: 法務省戸籍法関連通達・通知, 種別 戸籍統一文字情報 親字・正字, ホップ数 1
U+86C6	𧏏	蛆	reduction	mj-shrink-map	merge	MJ047763: 法務省戸籍法関連通達・通知, 種別 戸籍統一文字情報 親字・正字, ホップ数 1
U+86C6	𧐅	蛆	reduction	mj-shrink-map	merge	MJ047798: 法務省戸籍法関連通達・通知, 種別 戸籍統一文字情報 親字・正字, ホップ数 1
U+86C7	𢕷	蛇	reduction	mj-shrink-map	merge	MJ035926: 法務省戸籍法関連通達・通知, 種別 戸籍統一文字情報 親字・正字, ホップ数 1
U+86C7	𣙛	蛇	reduction	mj-shrink-map	merge	MJ038232: 法務省戸籍法関連通達・通知, 種別 戸籍統一文字情報 親字・正字, ホップ数 1
U+86C7	𧉮	蛇	reduction	mj-shrink-map	merge	MJ047514: 法務省戸籍法関連通達・通知, 種別 戸籍統一文字情報 親字・正字, ホップ数 1
U+86CD	螢	蛍	reduction	mj-shrink-map	merge	MJ023654: 法務省戸籍法関連通達・通知, 種別 戸籍統一文字情報 親字・正字, ホップ数 1
U+86CD	𧓌	螢	reduction	mj-shrink-map	merge	MJ047923: 法務省戸籍法関連通達・通知, 種別 戸籍統一文字情報 親字・正字, ホップ数 1
U+86D1	䗋	蛑	reduction	mj-shrink-map	merge	MJ004323: 法務省戸籍法関連通達・通知, 種別 戸籍統一文字情報 親字・正字, ホップ数 1
U+86D4	𧍚	蛔	reduction	mj-shrink-map	merge	MJ047670: 法務省戸籍法関連通達・通知, 種別 戸籍統一文字情報 親字・正字, ホップ数 1
U+86D7	䘀	蛗	reduction	mj-shrink-map	merge	MJ004375: 法務省戸籍法関連通達・通知, 種別 戸籍統一文字情報 親字・正字, ホップ数 1
U+86D9	𡔻	蛙	reduction	mj-shrink-map	merge	MJ033304: 法務省戸籍法関連通達・通知, 種別 戸籍統一文字情報 親字・正字, ホップ数 1
U+86E2	蛢	蛢	compatibility	unicode-ucd	merge	86E2
U+86E4	𧊧	蛤	reduction	mj-shrink-map	merge	MJ047552: 法務省戸籍法関連通達・通知, 種別 戸籍統一文字情報 親字・正字, ホップ数 1
U+86E9	𧉨	蛩	reduction	mj-shrink-map	merge	MJ047508: 法務省戸籍法関連通達・通知, 種別 戸籍統一文字情報 親字・正字, ホップ数 1
U+86E9	𧊡	蛩	reduction	mj-shrink-map	merge	MJ047547: 法務省戸籍法関連通達・通知, 種別 戸籍統一文字情報 親字・正字, ホップ数 1
U+86E9	𧋳	蛩	reduction	mj-shrink-map	merge	MJ047603: 法務省戸籍法関連通達・通知, 種別 戸籍統一文字情報 親字・正字, ホップ数 1
U+86EC	𧊮	蛬	reduction	mj-shrink-map	merge	MJ047559: 法務省戸籍法関連通達・通知, 種別 戸籍統一文字情報 親字・正字, ホップ数 1
U+86EC	𧋯	蛬	reduction	mj-shrink-map	merge	MJ047599: 法務省戸籍法関連通達・通知, 種別 戸籍統一文字情報 親字・正字, ホップ数 1
U+86EC	𧌪	蛬	reduction	mj-shrink-map	merge	MJ047645: 法務省戸籍法関連通達・通知, 種別 戸籍統一文字情報 親字・正字, ホップ数 1
U+86EC	𧏒	蛬	reduction	mj-shrink-map	merge	MJ047766: 法務省戸籍法関連通達・通知, 種別 戸籍統一文字情報 親字・正字, ホップ数 1
U+86ED	𧓳	蛭	reduction	mj-shrink-map	merge	MJ047950: 法務省戸籍法関連通達・通知, 種別 戸籍統一文字情報 親字・正字, ホップ数 1
U+86EE	蠻	蛮	reduction	mj-shrink-map	merge	MJ023840: 法務省戸籍法関連通達・通知, 種別 戸籍統一文字情報 親字・正字, ホップ数 1
U+86EE	𧖖	蠻	reduction	mj-shrink-map	merge	MJ048075: 法務省戸籍法関連通達・通知, 種別 戸籍統一文字情報 親字・正字, ホップ数 1
U+86EF	螧	蛯	reduction	mj-shrink-map	merge	MJ023659: 法務省戸籍法関連通達・通知, 種別 戸籍統一文字情報 親字・正字, ホップ数 1
U+86F9	𧍛	蛹	reduction	mj-shrink-map	merge	MJ047671: 法務省戸籍法関連通達・通知, 種別 戸籍統一文字情報 親字・正字, ホップ数 1
U+86FE	䖸	蛾	reduction	mj-shrink-map	merge	MJ004304: 法務省戸籍法関連通達・通知, 種別 戸籍統一文字情報 親字・正字, ホップ数 1
U+86FE	𧒎	䖸	reduction	mj-shrink-map	merge	MJ047891: 法務省戸籍法関連通達・通知, 種別 戸籍統一文字情報 親字・正字, ホップ数 1
U+8702	䗦	蜂	reduction	mj-shrink-map	merge	MJ004352: 法務省戸籍法関連通達・通知, 種別 戸籍統一文字情報 親字・正字, ホップ数 1
U+8702	𧊩	蜂	reduction	mj-shrink-map	merge	MJ047554: 法務省戸籍法関連通達・通知, 種別 戸籍統一文字情報 親字・正字, ホップ数 1
U+8703	𧒏	蜃	reduction	mj-shrink-map	merge	MJ047892: 法務省戸籍法関連通達・通知, 種別 戸籍統一文字情報 親字・正字, ホップ数 1
U+8703	𪓧	蜃	reduction	mj-shrink-map	merge	MJ056406: 法務省戸籍法関連通達・通知, 種別 戸籍統一文字情報 親字・正字, ホップ数 1
U+8706	䗾	蜆	reduction	mj-shrink-map	merge	MJ004373: 法務省戸籍法関連通達・通知, 種別 戸籍統一文字情報 親字・正字, ホップ数 1
U+8706	𧖙	蜆	reduction	mj-shrink-map	merge	MJ048078: 法務省戸籍法関連通達・通知, 種別 戸籍統一文字情報 親字・正字, ホップ数 1
U+8707	𧑭	蜇	reduction	mj-shrink-map	merge	MJ047876: 法務省戸籍法関連通達・通知, 種別 戸籍統一文字情報 親字・正字, ホップ数 1
U+8707	𧑱	蜇	reduction	mj-shrink-map	merge	MJ047880: 法務省戸籍法関連通達・通知, 種別 戸籍統一文字情報 親字・正字, ホップ数 1
U+870A	䖽	蜊	reduction	mj-shrink-map	merge	MJ004309: 法務省戸籍法関連通達・通知, 種別 戸籍統一文字情報 親字・正字, ホップ数 1
U+870E	蜎	蜎	compatibility	unicode-ucd	merge	870E
U+8718	𧐉	蜘	reduction	mj-shrink-map	merge	MJ047802: 法務省戸籍法関連通達・通知, 種別 戸籍統一文字情報 親字・正字, ホップ数 1
U+871C	𠖧	蜜	reduction	mj-shrink-map	merge	MJ031087: 法務省戸籍法関連通達・通知, 種別 戸籍統一文字情報 親字・正字, ホップ数 1
U+871C	𦸞	蜜	reduction	mj-shrink-map	merge	MJ046786: 法務省戸籍法関連通達・通知, 種別 戸籍統一文字情報 親字・正字, ホップ数 1
U+871C	𧉴	蜜	reduction	mj-shrink-map	merge	MJ047519: 法務省戸籍法関連通達・通知, 種別 戸籍統一文字情報 親字・正字, ホップ数 1
U+871C	𧒧	蜜	reduction	mj-shrink-map	merge	MJ047911: 法務省戸籍法関連通達・通知, 種別 戸籍統一文字情報 親字・正字, ホップ数 1
U+871C	𧓫	蜜	reduction	mj-shrink-map	merge	MJ047946: 法務省戸籍法関連通達・通知, 種別 戸籍統一文字情報 親字・正字, ホップ数 1
U+871C	𧖅	蜜	reduction	mj-shrink-map	merge	MJ048061: 法務省戸籍法関連通達・通知, 種別 戸籍統一文字情報 親字・正字, ホップ数 1
U+871C	𮔉	蜜	reduction	mj-shrink-map	merge	MJ058623: 法務省戸籍法関連通達・通知, 種別 戸籍統一文字情報 親字・正字, ホップ数 1
U+8725	𧌨	蜥	reduction	mj-shrink-map	merge	MJ047643: 法務省戸籍法関連通達・通知, 種別 戸籍統一文字情報 親字・正字, ホップ数 1
U+8725	𧎴	蜥	reduction	mj-shrink-map	merge	MJ047736: 法務省戸籍法関連通達・通知, 種別 戸籍統一文字情報 親字・正字, ホップ数 1
U+8728	蜨	蜨	compatibility	unicode-ucd	merge	8728
U+8729	𧊓	蜩	reduction	mj-shrink-map	merge	MJ047532: 法務省戸籍法関連通達・通知, 種別 戸籍統一文字情報 親字・正字, ホップ数 1
U+8731	𧌠	蜱	reduction	mj-shrink-map	merge	MJ047635: 法務省戸籍法関連通達・通知, 種別 戸籍統一文字情報 親字・正字, ホップ数 1
U+8731	𧓎	蜱	reduction	mj-shrink-map	merge	MJ047924: 法務省戸籍法関連通達・通知, 種別 戸籍統一文字情報 親字・正字, ホップ数 1
U+8734	𧊤	蜴	reduction	mj-shrink-map	merge	MJ047549: 法務省戸籍法関連通達・通知, 種別 戸籍統一文字情報 親字・正字, ホップ数 1
U+873B	䗌	蜻	reduction	mj-shrink-map	merge	MJ004324: 法務省戸籍法関連通達・通知, 種別 戸籍統一文字情報 親字・正字, ホップ数 1
U+873B	𧓔	蜻	reduction	mj-shrink-map	merge	MJ047930: 法務省戸籍法関連通達・通知, 種別 戸籍統一文字情報 親字・正字, ホップ数 1
U+873F	䖤	蜿	reduction	mj-shrink-map	merge	MJ004285: 法務省戸籍法関連通達・通知, 種別 戸籍統一文字情報 親字・正字, ホップ数 1
U+873F	䗕	蜿	reduction	mj-shrink-map	merge	MJ004334: 法務省戸籍法関連通達・通知, 種別 戸籍統一文字情報 親字・正字, ホップ数 1
U+8743	蠿	蝃	reduction	mj-shrink-map	merge	MJ023844: 法務省戸籍法関連通達・通知, 種別 戸籍統一文字情報 親字・正字, ホップ数 1
U+874C	𧎗	蝌	reduction	mj-shrink-map	merge	MJ047714: 法務省戸籍法関連通達・通知, 種別 戸籍統一文字情報 親字・正字, ホップ数 1
U+874E	𧒤	蝎	reduction	mj-shrink-map	merge	MJ047908: 法務省戸籍法関連通達・通知, 種別 戸籍統一文字情報 親字・正字, ホップ数 1
U+8751	𧌊	蝑	reduction	mj-shrink-map	merge	MJ047613: 法務省戸籍法関連通達・通知, 種別 戸籍統一文字情報 親字・正字, ホップ数 1
U+8751	𧌋	蝑	reduction	mj-shrink-map	merge	MJ047615: 法務省戸籍法関連通達・通知, 種別 戸籍統一文字情報 親字・正字, ホップ数 1
U+8751	𧌖	蝑	reduction	mj-shrink-map	merge	MJ047626: 法務省戸籍法関連通達・通知, 種別 戸籍統一文字情報 親字・正字, ホップ数 1
U+8755	𤸤	蝕	reduction	mj-shrink-map	merge	MJ041690: 法務省戸籍法関連通達・通知, 種別 戸籍統一文字情報 親字・正字, ホップ数 1
U+8755	𧐂	蝕	reduction	mj-shrink-map	merge	MJ047795: 法務省戸籍法関連通達・通知, 種別 戸籍統一文字情報 親字・正字, ホップ数 1
U+8758	𧓱	蝘	reduction	mj-shrink-map	merge	MJ047948: 法務省戸籍法関連通達・通知, 種別 戸籍統一文字情報 親字・正字, ホップ数 1
U+875F	𢑯	蝟	reduction	mj-shrink-map	merge	MJ035738: 法務省戸籍法関連通達・通知, 種別 戸籍統一文字情報 親字・正字, ホップ数 1
U+875F	𧒞	蝟	reduction	mj-shrink-map	merge	MJ047903: 法務省戸籍法関連通達・通知, 種別 戸籍統一文字情報 親字・正字, ホップ数 1
U+8763	𧌕	蝣	reduction	mj-shrink-map	merge	MJ047625: 法務省戸籍法関連通達・通知, 種別 戸籍統一文字情報 親字・正字, ホップ数 1
U+8765	蟱	蝥	reduction	mj-shrink-map	merge	MJ023741: 法務省戸籍法関連通達・通知, 種別 戸籍統一文字情報 親字・正字, ホップ数 1
U+8765	𧍟	蝥	reduction	mj-shrink-map	merge	MJ047675: 法務省戸籍法関連通達・通知, 種別 戸籍統一文字情報 親字・正字, ホップ数 1
U+8765	𧒚	蝥	reduction	mj-shrink-map	merge	MJ047901: 法務省戸籍法関連通達・通知, 種別 戸籍統一文字情報 親字・正字, ホップ数 1
U+8765	𧔨	蝥	reduction	mj-shrink-map	merge	MJ047989: 法務省戸籍法関連通達・通知, 種別 戸籍統一文字情報 親字・正字, ホップ数 1
U+8766	𧎂	蝦	reduction	mj-shrink-map	merge	MJ047709: 法務省戸籍法関連通達・通知, 種別 戸籍統一文字情報 親字・正字, ホップ数 1
U+8768	𧋜	蝨	reduction	mj-shrink-map	merge	MJ047590: 法務省戸籍法関連通達・通知, 種別 戸籍統一文字情報 親字・正字, ホップ数 1
U+8768	𧒢	蝨	reduction	mj-shrink-map	merge	MJ047906: 法務省戸籍法関連通達・通知, 種別 戸籍統一文字情報 親字・正字, ホップ数 1
U+876B	蝫	蝫	compatibility	unicode-ucd	merge	876B
U+8771	䖟	蝱	reduction	mj-shrink-map	merge	MJ004279: 法務省戸籍法関連通達・通知, 種別 戸籍統一文字情報 親字・正字, ホップ数 1
U+8771	䗈	蝱	reduction	mj-shrink-map	merge	MJ004319: 法務省戸籍法関連通達・通知, 種別 戸籍統一文字情報 親字・正字, ホップ数 1
U+8776	𧋝	蝶	reduction	mj-shrink-map	merge	MJ047591: 法務省戸籍法関連通達・通知, 種別 戸籍統一文字情報 親字・正字, ホップ数 1
U+8776	𧋞	蝶	reduction	mj-shrink-map	merge	MJ047592: 法務省戸籍法関連通達・通知, 種別 戸籍統一文字情報 親字・正字, ホップ数 1
U+8779	蝹	蝹	compatibility	unicode-ucd	merge	8779
U+8779	蝹	蝹	compatibility	unicode-ucd	merge	8779
U+8786	螆	螆	compatibility	unicode-ucd	merge	8786
U+8787	𧋉	螇	reduction	mj-shrink-map	merge	MJ047571: 法務省戸籍法関連通達・通知, 種別 戸籍統一文字情報 親字・正字, ホップ数 1
U+8787	𧕉	螇	reduction	mj-shrink-map	merge	MJ048012: 法務省戸籍法関連通達・通知, 種別 戸籍統一文字情報 親字・正字, ホップ数 1
U+878D	𥃼	融	reduction	mj-shrink-map	merge	MJ042181: 法務省戸籍法関連通達・通知, 種別 戸籍統一文字情報 親字・正字, ホップ数 1
U+878D	𧖓	融	reduction	mj-shrink-map	merge	MJ048072: 法務省戸籍法関連通達・通知, 種別 戸籍統一文字情報 親字・正字, ホップ数 1
U+879F	𧔲	螟	reduction	mj-shrink-map	merge	MJ047998: 法務省戸籍法関連通達・通知, 種別 戸籍統一文字情報 親字・正字, ホップ数 1
U+87AB	𧏅	螫	reduction	mj-shrink-map	merge	MJ047753: 法務省戸籍法関連通達・通知, 種別 戸籍統一文字情報 親字・正字, ホップ数 1
U+87AB	𧐭	螫	reduction	mj-shrink-map	merge	MJ047826: 法務省戸籍法関連通達・通知, 種別 戸籍統一文字情報 親字・正字, ホップ数 1
U+87AC	𧕐	螬	reduction	mj-shrink-map	merge	MJ048019: 法務省戸籍法関連通達・通知, 種別 戸籍統一文字情報 親字・正字, ホップ数 1
U+87AC	𧖤	螬	reduction	mj-shrink-map	merge	MJ048087: 法務省戸籍法関連通達・通知, 種別 戸籍統一文字情報 親字・正字, ホップ数 1
U+87AF	𧒥	螯	reduction	mj-shrink-map	merge	MJ047909: 法務省戸籍法関連通達・通知, 種別 戸籍統一文字情報 親字・正字, ホップ数 1
U+87BA	螺	螺	compatibility	unicode-ucd	merge	87BA
U+87BD	𧑄	螽	reduction	mj-shrink-map	merge	MJ047836: 法務省戸籍法関連通達・通知, 種別 戸籍統一文字情報 親字・正字, ホップ数 1
U+87BD	𧑸	螽	reduction	mj-shrink-map	merge	MJ047885: 法務省戸籍法関連通達・通知, 種別 戸籍統一文字情報 親字・正字, ホップ数 1
U+87BD	𧒟	螽	reduction	mj-shrink-map	merge	MJ047904: 法務省戸籍法関連通達・通知, 種別 戸籍統一文字情報 親字・正字, ホップ数 1
U+87BE	𧓒	螾	reduction	mj-shrink-map	merge	MJ047928: 法務省戸籍法関連通達・通知, 種別 戸籍統一文字情報 親字・正字, ホップ数 1
U+87C0	𧍓	蟀	reduction	mj-shrink-map	merge	MJ047661: 法務省戸籍法関連通達・通知, 種別 戸籍統一文字情報 親字・正字, ホップ数 1
U+87C1	𧉬	蟁	reduction	mj-shrink-map	merge	MJ047512: 法務省戸籍法関連通達・通知, 種別 戸籍統一文字情報 親字・正字, ホップ数 1
U+87C1	𧓹	蟁	reduction	mj-shrink-map	merge	MJ047956: 法務省戸籍法関連通達・通知, 種別 戸籍統一文字情報 親字・正字, ホップ数 1
U+87C4	𧒦	蟄	reduction	mj-shrink-map	merge	MJ047910: 法務省戸籍法関連通達・通知, 種別 戸籍統一文字情報 親字・正字, ホップ数 1
U+87C6	䗫	蟆	reduction	mj-shrink-map	merge	MJ004357: 法務省戸籍法関連通達・通知, 種別 戸籍統一文字情報 親字・正字, ホップ数 1
U+87D2	蠎	蟒	reduction	mj-shrink-map	merge	MJ023780: 法務省戸籍法関連通達・通知, 種別 戸籍統一文字情報 親字・正字, ホップ数 1
U+87D2	蟒	蠎	variant	cjkvi-variants	corroborates	蟒→蠎 hydzd/variant | 蟒→蠎 jisx0213/variant | 蟒→蠎 twedu/variant | 蠎→蟒 jisx0212/variant
U+87D2	蟒	蠎	variant	wikidata	corroborates	Q109761688; P248 Q10427532 | Q109761886; P248 Q10427532
U+87D2	蟒	蠎	equivalent	yitizi	corroborates	ytenx/JihThex.csv
U+87E0	𧑪	蟠	reduction	mj-shrink-map	merge	MJ047873: 法務省戸籍法関連通達・通知, 種別 戸籍統一文字情報 親字・正字, ホップ数 1
U+87E0	𧓙	蟠	reduction	mj-shrink-map	merge	MJ047935: 法務省戸籍法関連通達・通知, 種別 戸籍統一文字情報 親字・正字, ホップ数 1
U+87E1	蟡	蟡	compatibility	unicode-ucd	merge	87E1
U+87E3	𧎶	蟣	reduction	mj-shrink-map	merge	MJ047738: 法務省戸籍法関連通達・通知, 種別 戸籍統一文字情報 親字・正字, ホップ数 1
U+87E5	𧓛	蟥	reduction	mj-shrink-map	merge	MJ047937: 法務省戸籍法関連通達・通知, 種別 戸籍統一文字情報 親字・正字, ホップ数 1
U+87EB	𧖋	蟫	reduction	mj-shrink-map	merge	MJ048066: 法務省戸籍法関連通達・通知, 種別 戸籍統一文字情報 親字・正字, ホップ数 1
U+87ED	𧖝	蟭	reduction	mj-shrink-map	merge	MJ048082: 法務省戸籍法関連通達・通知, 種別 戸籍統一文字情報 親字・正字, ホップ数 1
U+87EF	𧑣	蟯	reduction	mj-shrink-map	merge	MJ047866: 法務省戸籍法関連通達・通知, 種別 戸籍統一文字情報 親字・正字, ホップ数 1
U+87F7	𧒾	蟷	reduction	mj-shrink-map	merge	MJ047915: 法務省戸籍法関連通達・通知, 種別 戸籍統一文字情報 親字・正字, ホップ数 1
U+87FB	𡎕	蟻	reduction	mj-shrink-map	merge	MJ033107: 法務省戸籍法関連通達・通知, 種別 戸籍統一文字情報 親字・正字, ホップ数 1
U+8806	𦹌	蠆	reduction	mj-shrink-map	merge	MJ046823: 法務省戸籍法関連通達・通知, 種別 戸籍統一文字情報 親字・正字, ホップ数 1
U+8806	𧍣	蠆	reduction	mj-shrink-map	merge	MJ047679: 法務省戸籍法関連通達・通知, 種別 戸籍統一文字情報 親字・正字, ホップ数 1
U+8806	𧓵	蠆	reduction	mj-shrink-map	merge	MJ047952: 法務省戸籍法関連通達・通知, 種別 戸籍統一文字情報 親字・正字, ホップ数 1
U+8806	𧔐	蠆	reduction	mj-shrink-map	merge	MJ047974: 法務省戸籍法関連通達・通知, 種別 戸籍統一文字情報 親字・正字, ホップ数 1
U+8806	𧔱	蠆	reduction	mj-shrink-map	merge	MJ047997: 法務省戸籍法関連通達・通知, 種別 戸籍統一文字情報 親字・正字, ホップ数 1
U+8806	𧔺	蠆	reduction	mj-shrink-map	merge	MJ048004: 法務省戸籍法関連通達・通知, 種別 戸籍統一文字情報 親字・正字, ホップ数 1
U+880D	𧔄	蠍	reduction	mj-shrink-map	merge	MJ047967: 法務省戸籍法関連通達・通知, 種別 戸籍統一文字情報 親字・正字, ホップ数 1
U+880F	䲒	蠏	reduction	mj-shrink-map	merge	MJ006017: 法務省戸籍法関連通達・通知, 種別 戸籍統一文字情報 親字・正字, ホップ数 1
U+8810	𧏝	蠐	reduction	mj-shrink-map	merge	MJ047773: 法務省戸籍法関連通達・通知, 種別 戸籍統一文字情報 親字・正字, ホップ数 1
U+8810	𧓉	蠐	reduction	mj-shrink-map	merge	MJ047920: 法務省戸籍法関連通達・通知, 種別 戸籍統一文字情報 親字・正字, ホップ数 1
U+881F	蠟	蠟	compatibility	unicode-ucd	merge	881F
U+881F	䗶	蠟	reduction	mj-shrink-map	merge	MJ004366: 法務省戸籍法関連通達・通知, 種別 戸籍統一文字情報 親字・正字, ホップ数 1
U+881F	蝋	蠟	reduction	mj-shrink-map	merge	MJ023552: 法務省戸籍法関連通達・通知, 種別 戸籍統一文字情報 親字・正字, ホップ数 1
U+8821	䗍	蠡	reduction	mj-shrink-map	merge	MJ004325: 法務省戸籍法関連通達・通知, 種別 戸籍統一文字情報 親字・正字, ホップ数 1
U+8821	蟸	蠡	reduction	mj-shrink-map	merge	MJ023749: 法務省戸籍法関連通達・通知, 種別 戸籍統一文字情報 親字・正字, ホップ数 1
U+8821	𢍝	蠡	reduction	mj-shrink-map	merge	MJ035522: 法務省戸籍法関連通達・通知, 種別 戸籍統一文字情報 親字・正字, ホップ数 1
U+8821	𥂼	蠡	reduction	mj-shrink-map	merge	MJ042139: 法務省戸籍法関連通達・通知, 種別 戸籍統一文字情報 親字・正字, ホップ数 1
U+8821	𥯵	蠡	reduction	mj-shrink-map	merge	MJ043822: 法務省戸籍法関連通達・通知, 種別 戸籍統一文字情報 親字・正字, ホップ数 1
U+8821	𧋠	蠡	reduction	mj-shrink-map	merge	MJ047594: 法務省戸籍法関連通達・通知, 種別 戸籍統一文字情報 親字・正字, ホップ数 1
U+8821	𧱤	蠡	reduction	mj-shrink-map	merge	MJ049427: 法務省戸籍法関連通達・通知, 種別 戸籍統一文字情報 親字・正字, ホップ数 1
U+8822	𢧋	蠢	reduction	mj-shrink-map	merge	MJ036586: 法務省戸籍法関連通達・通知, 種別 戸籍統一文字情報 親字・正字, ホップ数 1
U+8822	𢧔	蠢	reduction	mj-shrink-map	merge	MJ036592: 法務省戸籍法関連通達・通知, 種別 戸籍統一文字情報 親字・正字, ホップ数 1
U+8822	𢧨	蠢	reduction	mj-shrink-map	merge	MJ036607: 法務省戸籍法関連通達・通知, 種別 戸籍統一文字情報 親字・正字, ホップ数 1
U+8822	𢧬	蠢	reduction	mj-shrink-map	merge	MJ036608: 法務省戸籍法関連通達・通知, 種別 戸籍統一文字情報 親字・正字, ホップ数 1
U+8822	𢧸	蠢	reduction	mj-shrink-map	merge	MJ036617: 法務省戸籍法関連通達・通知, 種別 戸籍統一文字情報 親字・正字, ホップ数 1
U+8822	𢨎	蠢	reduction	mj-shrink-map	merge	MJ036633: 法務省戸籍法関連通達・通知, 種別 戸籍統一文字情報 親字・正字, ホップ数 1
U+8822	𢨣	蠢	reduction	mj-shrink-map	merge	MJ036649: 法務省戸籍法関連通達・通知, 種別 戸籍統一文字情報 親字・正字, ホップ数 1
U+8822	𧅪	蠢	reduction	mj-shrink-map	merge	MJ047334: 法務省戸籍法関連通達・通知, 種別 戸籍統一文字情報 親字・正字, ホップ数 1
U+8822	𧓟	蠢	reduction	mj-shrink-map	merge	MJ047941: 法務省戸籍法関連通達・通知, 種別 戸籍統一文字情報 親字・正字, ホップ数 1
U+8822	𧕷	蠢	reduction	mj-shrink-map	merge	MJ048050: 法務省戸籍法関連通達・通知, 種別 戸籍統一文字情報 親字・正字, ホップ数 1
U+8828	蟰	蠨	reduction	mj-shrink-map	merge	MJ023740: 法務省戸籍法関連通達・通知, 種別 戸籍統一文字情報 親字・正字, ホップ数 1
U+8832	𧔈	蠲	reduction	mj-shrink-map	merge	MJ047971: 法務省戸籍法関連通達・通知, 種別 戸籍統一文字情報 親字・正字, ホップ数 1
U+8839	螙	蠹	reduction	mj-shrink-map	merge	MJ023644: 法務省戸籍法関連通達・通知, 種別 戸籍統一文字情報 親字・正字, ホップ数 1
U+8839	蠧	蠹	reduction	mj-shrink-map	merge	MJ023815: 法務省戸籍法関連通達・通知, 種別 戸籍統一文字情報 親字・正字, ホップ数 1
U+8839	蠧	蠹	variant	cjkvi-variants	corroborates	蠧→蠹 jisx0213/variant | 蠹→蠧 hydzd/variant | 蠹→蠧 jisx0212/variant | 蠹→蠧 twedu/variant
U+8839	蠧	蠹	variant	hng-basic-data	corroborates	10600
U+8839	蠧	蠹	variant	wikidata	corroborates	Q109761914; P248 Q10427532 | Q109761932; P248 Q10427532
U+8839	蠧	蠹	equivalent	yitizi	corroborates	ytenx/JihThex.csv
U+8839	𡕎	蠧	reduction	mj-shrink-map	merge	MJ033314: 法務省戸籍法関連通達・通知, 種別 戸籍統一文字情報 親字・正字, ホップ数 1
U+8839	𧋌	蠹	reduction	mj-shrink-map	merge	MJ047574: 法務省戸籍法関連通達・通知, 種別 戸籍統一文字情報 親字・正字, ホップ数 1
U+8839	𧓜	蠹	reduction	mj-shrink-map	merge	MJ047938: 法務省戸籍法関連通達・通知, 種別 戸籍統一文字情報 親字・正字, ホップ数 1
U+8839	𧖌	蠹	reduction	mj-shrink-map	merge	MJ048067: 法務省戸籍法関連通達・通知, 種別 戸籍統一文字情報 親字・正字, ホップ数 1
U+8840	𮕜	血	reduction	mj-shrink-map	merge	MJ058671: 法務省戸籍法関連通達・通知, 種別 戸籍統一文字情報 親字・正字, ホップ数 1
U+8842	𦤊	衂	reduction	mj-shrink-map	merge	MJ045919: 法務省戸籍法関連通達・通知, 種別 戸籍統一文字情報 親字・正字, ホップ数 1
U+8844	䘐	衄	reduction	mj-shrink-map	merge	MJ004391: 法務省戸籍法関連通達・通知, 種別 戸籍統一文字情報 親字・正字, ホップ数 1
U+8844	𧖩	衄	reduction	mj-shrink-map	merge	MJ048090: 法務省戸籍法関連通達・通知, 種別 戸籍統一文字情報 親字・正字, ホップ数 1
U+8844	𧗗	衄	reduction	mj-shrink-map	merge	MJ048128: 法務省戸籍法関連通達・通知, 種別 戸籍統一文字情報 親字・正字, ホップ数 1
U+8844	𮕝	衄	reduction	mj-shrink-map	merge	MJ058672: 法務省戸籍法関連通達・通知, 種別 戸籍統一文字情報 親字・正字, ホップ数 1
U+8846	𡿻	衆	reduction	mj-shrink-map	merge	MJ034921: 法務省戸籍法関連通達・通知, 種別 戸籍統一文字情報 親字・正字, ホップ数 1
U+884C	行	行	compatibility	unicode-ucd	merge	884C
U+8852	𧗳	衒	reduction	mj-shrink-map	merge	MJ048150: 法務省戸籍法関連通達・通知, 種別 戸籍統一文字情報 親字・正字, ホップ数 1
U+8853	𧗱	術	reduction	mj-shrink-map	merge	MJ048149: 法務省戸籍法関連通達・通知, 種別 戸籍統一文字情報 親字・正字, ホップ数 1
U+8858	䘖	衘	reduction	mj-shrink-map	merge	MJ004397: 法務省戸籍法関連通達・通知, 種別 戸籍統一文字情報 親字・正字, ホップ数 1
U+885B	衞	衛	reduction	mj-shrink-map	merge	MJ023883: 法務省戸籍法関連通達・通知, 種別 戸籍統一文字情報 親字・正字, ホップ数 1
U+885D	𢖜	衝	reduction	mj-shrink-map	merge	MJ035948: 法務省戸籍法関連通達・通知, 種別 戸籍統一文字情報 親字・正字, ホップ数 1
U+885D	𤈭	衝	reduction	mj-shrink-map	merge	MJ039914: 法務省戸籍法関連通達・通知, 種別 戸籍統一文字情報 親字・正字, ホップ数 1
U+885D	𧘂	衝	reduction	mj-shrink-map	merge	MJ048162: 法務省戸籍法関連通達・通知, 種別 戸籍統一文字情報 親字・正字, ホップ数 1
U+8860	衠	衠	compatibility	unicode-ucd	merge	8860
U+8861	衡	𢖍	itaiji	mj-kanji	merge	X0213 包摂
U+8861	𠧲	衡	reduction	mj-shrink-map	merge	MJ031794: 法務省戸籍法関連通達・通知, 種別 戸籍統一文字情報 親字・正字, ホップ数 1
U+8861	𠧽	衡	reduction	mj-shrink-map	merge	MJ031805: 法務省戸籍法関連通達・通知, 種別 戸籍統一文字情報 親字・正字, ホップ数 1
U+8861	𡘻	衡	reduction	mj-shrink-map	merge	MJ033470: 法務省戸籍法関連通達・通知, 種別 戸籍統一文字情報 親字・正字, ホップ数 1
U+8861	𡙉	衡	reduction	mj-shrink-map	merge	MJ033478: 法務省戸籍法関連通達・通知, 種別 戸籍統一文字情報 親字・正字, ホップ数 1
U+8861	𡙏	衡	reduction	mj-shrink-map	merge	MJ033482: 法務省戸籍法関連通達・通知, 種別 戸籍統一文字情報 親字・正字, ホップ数 1
U+8861	𢖍	衡	reduction	mj-shrink-map	merge	MJ023887: 法務省戸籍法関連通達・通知, 種別 戸籍統一文字情報 親字・正字, ホップ数 1
U+8861	𨏎	衡	reduction	mj-shrink-map	merge	MJ050679: 法務省戸籍法関連通達・通知, 種別 戸籍統一文字情報 親字・正字, ホップ数 1
U+8862	𧘆	衢	reduction	mj-shrink-map	merge	MJ048166: 法務省戸籍法関連通達・通知, 種別 戸籍統一文字情報 親字・正字, ホップ数 1
U+8863	衣	衣	compatibility	unicode-ucd	merge	8863
U+8868	𧘝	表	reduction	mj-shrink-map	merge	MJ048185: 法務省戸籍法関連通達・通知, 種別 戸籍統一文字情報 親字・正字, ホップ数 1
U+8868	𧘦	表	reduction	mj-shrink-map	merge	MJ048194: 法務省戸籍法関連通達・通知, 種別 戸籍統一文字情報 親字・正字, ホップ数 1
U+8868	𧘰	表	reduction	mj-shrink-map	merge	MJ048204: 法務省戸籍法関連通達・通知, 種別 戸籍統一文字情報 親字・正字, ホップ数 1
U+8868	𧞧	表	reduction	mj-shrink-map	merge	MJ048472: 法務省戸籍法関連通達・通知, 種別 戸籍統一文字情報 親字・正字, ホップ数 1
U+8868	𧞱	表	reduction	mj-shrink-map	merge	MJ048482: 法務省戸籍法関連通達・通知, 種別 戸籍統一文字情報 親字・正字, ホップ数 1
U+8868	𪊘	表	reduction	mj-shrink-map	merge	MJ055936: 法務省戸籍法関連通達・通知, 種別 戸籍統一文字情報 親字・正字, ホップ数 1
U+8868	𪊬	表	reduction	mj-shrink-map	merge	MJ055949: 法務省戸籍法関連通達・通知, 種別 戸籍統一文字情報 親字・正字, ホップ数 1
U+8868	𮭴	表	reduction	mj-shrink-map	merge	MJ048391: 法務省戸籍法関連通達・通知, 種別 戸籍統一文字情報 親字・正字, ホップ数 1
U+886B	𧟖	衫	reduction	mj-shrink-map	merge	MJ048508: 法務省戸籍法関連通達・通知, 種別 戸籍統一文字情報 親字・正字, ホップ数 1
U+886F	𧘠	衯	reduction	mj-shrink-map	merge	MJ048188: 法務省戸籍法関連通達・通知, 種別 戸籍統一文字情報 親字・正字, ホップ数 1
U+8870	𠆂	衰	reduction	mj-shrink-map	merge	MJ030512: 法務省戸籍法関連通達・通知, 種別 戸籍統一文字情報 親字・正字, ホップ数 1
U+8870	𠆏	衰	reduction	mj-shrink-map	merge	MJ030520: 法務省戸籍法関連通達・通知, 種別 戸籍統一文字情報 親字・正字, ホップ数 1
U+8870	𠌺	衰	reduction	mj-shrink-map	merge	MJ030758: 法務省戸籍法関連通達・通知, 種別 戸籍統一文字情報 親字・正字, ホップ数 1
U+8870	𣩖	衰	reduction	mj-shrink-map	merge	MJ038866: 法務省戸籍法関連通達・通知, 種別 戸籍統一文字情報 親字・正字, ホップ数 1
U+8870	𧜸	衰	reduction	mj-shrink-map	merge	MJ048399: 法務省戸籍法関連通達・通知, 種別 戸籍統一文字情報 親字・正字, ホップ数 1
U+8870	𮕩	衰	reduction	mj-shrink-map	merge	MJ058688: 法務省戸籍法関連通達・通知, 種別 戸籍統一文字情報 親字・正字, ホップ数 1
U+8870	𮕫	衰	reduction	mj-shrink-map	merge	MJ058689: 法務省戸籍法関連通達・通知, 種別 戸籍統一文字情報 親字・正字, ホップ数 1
U+8870	𮕱	衰	reduction	mj-shrink-map	merge	MJ058693: 法務省戸籍法関連通達・通知, 種別 戸籍統一文字情報 親字・正字, ホップ数 1
U+887D	𧙨	衽	reduction	mj-shrink-map	merge	MJ048247: 法務省戸籍法関連通達・通知, 種別 戸籍統一文字情報 親字・正字, ホップ数 1
U+887E	𧘭	衾	reduction	mj-shrink-map	merge	MJ048201: 法務省戸籍法関連通達・通知, 種別 戸籍統一文字情報 親字・正字, ホップ数 1
U+887E	𧙐	衾	reduction	mj-shrink-map	merge	MJ048228: 法務省戸籍法関連通達・通知, 種別 戸籍統一文字情報 親字・正字, ホップ数 1
U+8881	𡊮	袁	reduction	mj-shrink-map	merge	MJ057216: 法務省戸籍法関連通達・通知, 種別 戸籍統一文字情報 親字・正字, ホップ数 1
U+8881	𭎕	袁	reduction	mj-shrink-map	merge	MJ057220: 法務省戸籍法関連通達・通知, 種別 戸籍統一文字情報 親字・正字, ホップ数 1
U+8888	毠	袈	reduction	mj-shrink-map	merge	MJ014955: 法務省戸籍法関連通達・通知, 種別 戸籍統一文字情報 親字・正字, ホップ数 1
U+888B	𣅁	袋	reduction	mj-shrink-map	merge	MJ037615: 法務省戸籍法関連通達・通知, 種別 戸籍統一文字情報 親字・正字, ホップ数 1
U+888D	𧙘	袍	reduction	mj-shrink-map	merge	MJ048233: 法務省戸籍法関連通達・通知, 種別 戸籍統一文字情報 親字・正字, ホップ数 1
U+8892	𢅒	袒	reduction	mj-shrink-map	merge	MJ035172: 法務省戸籍法関連通達・通知, 種別 戸籍統一文字情報 親字・正字, ホップ数 1
U+8896	𧙏	袖	reduction	mj-shrink-map	merge	MJ048227: 法務省戸籍法関連通達・通知, 種別 戸籍統一文字情報 親字・正字, ホップ数 1
U+8898	𧛖	袘	reduction	mj-shrink-map	merge	MJ048324: 法務省戸籍法関連通達・通知, 種別 戸籍統一文字情報 親字・正字, ホップ数 1
U+88A0	𧙍	袠	reduction	mj-shrink-map	merge	MJ048225: 法務省戸籍法関連通達・通知, 種別 戸籍統一文字情報 親字・正字, ホップ数 1
U+88A4	𧝺	袤	reduction	mj-shrink-map	merge	MJ048443: 法務省戸籍法関連通達・通知, 種別 戸籍統一文字情報 親字・正字, ホップ数 1
U+88B4	絝	袴	reduction	mj-shrink-map	merge	MJ020084: 法務省戸籍法関連通達・通知, 種別 戸籍統一文字情報 親字・正字, ホップ数 1
U+88B4	𫋾	袴	reduction	mj-shrink-map	merge	MJ058699: 法務省戸籍法関連通達・通知, 種別 戸籍統一文字情報 親字・正字, ホップ数 1
U+88BD	䘫	袽	reduction	mj-shrink-map	merge	MJ004413: 法務省戸籍法関連通達・通知, 種別 戸籍統一文字情報 親字・正字, ホップ数 1
U+88BE	𧘣	袾	reduction	mj-shrink-map	merge	MJ048191: 法務省戸籍法関連通達・通知, 種別 戸籍統一文字情報 親字・正字, ホップ数 1
U+88C1	𧚝	裁	reduction	mj-shrink-map	merge	MJ048286: 法務省戸籍法関連通達・通知, 種別 戸籍統一文字情報 親字・正字, ホップ数 1
U+88C2	裂	裂	compatibility	unicode-ucd	merge	88C2
U+88C2	𠠌	裂	reduction	mj-shrink-map	merge	MJ031480: 法務省戸籍法関連通達・通知, 種別 戸籍統一文字情報 親字・正字, ホップ数 1
U+88C2	𧙷	裂	reduction	mj-shrink-map	merge	MJ048258: 法務省戸籍法関連通達・通知, 種別 戸籍統一文字情報 親字・正字, ホップ数 1
U+88C2	𧚲	裂	reduction	mj-shrink-map	merge	MJ048302: 法務省戸籍法関連通達・通知, 種別 戸籍統一文字情報 親字・正字, ホップ数 1
U+88C5	裝	装	reduction	mj-shrink-map	merge	MJ024011: 法務省戸籍法関連通達・通知, 種別 戸籍統一文字情報 親字・正字, ホップ数 1
U+88C5	𧙜	裝	reduction	mj-shrink-map	merge	MJ048235: 法務省戸籍法関連通達・通知, 種別 戸籍統一文字情報 親字・正字, ホップ数 1
U+88C5	𧚌	裝	reduction	mj-shrink-map	merge	MJ048276: 法務省戸籍法関連通達・通知, 種別 戸籍統一文字情報 親字・正字, ホップ数 1
U+88CF	裏	裏	compatibility	unicode-ucd	merge	88CF
U+88CF	𫟚	裏	reduction	mj-shrink-map	merge	MJ058697: 法務省戸籍法関連通達・通知, 種別 戸籍統一文字情報 親字・正字, ホップ数 1
U+88D3	𧛠	裓	reduction	mj-shrink-map	merge	MJ048334: 法務省戸籍法関連通達・通知, 種別 戸籍統一文字情報 親字・正字, ホップ数 1
U+88D4	𧘉	裔	reduction	mj-shrink-map	merge	MJ048168: 法務省戸籍法関連通達・通知, 種別 戸籍統一文字情報 親字・正字, ホップ数 1
U+88D4	𧘊	裔	reduction	mj-shrink-map	merge	MJ048169: 法務省戸籍法関連通達・通知, 種別 戸籍統一文字情報 親字・正字, ホップ数 1
U+88D4	𧘯	裔	reduction	mj-shrink-map	merge	MJ048203: 法務省戸籍法関連通達・通知, 種別 戸籍統一文字情報 親字・正字, ホップ数 1
U+88D4	𧛨	裔	reduction	mj-shrink-map	merge	MJ048342: 法務省戸籍法関連通達・通知, 種別 戸籍統一文字情報 親字・正字, ホップ数 1
U+88D4	𧜟	裔	reduction	mj-shrink-map	merge	MJ048381: 法務省戸籍法関連通達・通知, 種別 戸籍統一文字情報 親字・正字, ホップ数 1
U+88D4	𮕺	裔	reduction	mj-shrink-map	merge	MJ058695: 法務省戸籍法関連通達・通知, 種別 戸籍統一文字情報 親字・正字, ホップ数 1
U+88D5	䘱	裕	reduction	mj-shrink-map	merge	MJ004420: 法務省戸籍法関連通達・通知, 種別 戸籍統一文字情報 親字・正字, ホップ数 1
U+88D7	裗	裗	compatibility	unicode-ucd	merge	88D7
U+88D8	𣰐	裘	reduction	mj-shrink-map	merge	MJ068080: 法務省戸籍法関連通達・通知, 種別 戸籍統一文字情報 親字・正字, ホップ数 1
U+88D8	𧚍	裘	reduction	mj-shrink-map	merge	MJ048277: 法務省戸籍法関連通達・通知, 種別 戸籍統一文字情報 親字・正字, ホップ数 1
U+88D9	𧛬	裙	reduction	mj-shrink-map	merge	MJ048346: 法務省戸籍法関連通達・通知, 種別 戸籍統一文字情報 親字・正字, ホップ数 1
U+88DC	䋠	補	reduction	mj-shrink-map	merge	MJ003538: 法務省戸籍法関連通達・通知, 種別 戸籍統一文字情報 親字・正字, ホップ数 1
U+88DC	𢒏	補	reduction	mj-shrink-map	merge	MJ035758: 法務省戸籍法関連通達・通知, 種別 戸籍統一文字情報 親字・正字, ホップ数 1
U+88DE	裞	裞	compatibility	unicode-ucd	merge	88DE
U+88DF	㲚	裟	reduction	mj-shrink-map	merge	MJ002005: 法務省戸籍法関連通達・通知, 種別 戸籍統一文字情報 親字・正字, ホップ数 1
U+88E1	裡	裡	compatibility	unicode-ucd	merge	88E1
U+88E8	朇	裨	reduction	mj-shrink-map	merge	MJ013516: 法務省戸籍法関連通達・通知, 種別 戸籍統一文字情報 親字・正字, ホップ数 1
U+88F0	𧚰	裰	reduction	mj-shrink-map	merge	MJ048300: 法務省戸籍法関連通達・通知, 種別 戸籍統一文字情報 親字・正字, ホップ数 1
U+88F8	裸	裸	compatibility	unicode-ucd	merge	88F8
U+88F8	𡑤	裸	reduction	mj-shrink-map	merge	MJ033202: 法務省戸籍法関連通達・通知, 種別 戸籍統一文字情報 親字・正字, ホップ数 1
U+88F8	𧝹	裸	reduction	mj-shrink-map	merge	MJ048442: 法務省戸籍法関連通達・通知, 種別 戸籍統一文字情報 親字・正字, ホップ数 1
U+88FA	裺	裺	compatibility	unicode-ucd	merge	88FA
U+88FD	𧚳	製	reduction	mj-shrink-map	merge	MJ048303: 法務省戸籍法関連通達・通知, 種別 戸籍統一文字情報 親字・正字, ホップ数 1
U+8907	𧜰	複	reduction	mj-shrink-map	merge	MJ048395: 法務省戸籍法関連通達・通知, 種別 戸籍統一文字情報 親字・正字, ホップ数 1
U+890C	㡓	褌	reduction	mj-shrink-map	merge	MJ000979: 法務省戸籍法関連通達・通知, 種別 戸籍統一文字情報 親字・正字, ホップ数 1
U+890C	裩	褌	reduction	mj-shrink-map	merge	MJ024018: 法務省戸籍法関連通達・通知, 種別 戸籍統一文字情報 親字・正字, ホップ数 1
U+8910	褐	褐	compatibility	unicode-ucd	merge	8910
U+8910	𧝶	褐	reduction	mj-shrink-map	merge	MJ048439: 法務省戸籍法関連通達・通知, 種別 戸籍統一文字情報 親字・正字, ホップ数 1
U+8910	𧝽	褐	reduction	mj-shrink-map	merge	MJ048446: 法務省戸籍法関連通達・通知, 種別 戸籍統一文字情報 親字・正字, ホップ数 1
U+8912	襃	褒	reduction	mj-shrink-map	merge	MJ024126: 法務省戸籍法関連通達・通知, 種別 戸籍統一文字情報 親字・正字, ホップ数 1
U+8912	𧚱	襃	reduction	mj-shrink-map	merge	MJ048301: 法務省戸籍法関連通達・通知, 種別 戸籍統一文字情報 親字・正字, ホップ数 1
U+8912	𧛙	襃	reduction	mj-shrink-map	merge	MJ048327: 法務省戸籍法関連通達・通知, 種別 戸籍統一文字情報 親字・正字, ホップ数 1
U+8912	𧜯	襃	reduction	mj-shrink-map	merge	MJ048394: 法務省戸籍法関連通達・通知, 種別 戸籍統一文字情報 親字・正字, ホップ数 1
U+8912	𧝾	襃	reduction	mj-shrink-map	merge	MJ048447: 法務省戸籍法関連通達・通知, 種別 戸籍統一文字情報 親字・正字, ホップ数 1
U+8919	䋳	褙	reduction	mj-shrink-map	merge	MJ003557: 法務省戸籍法関連通達・通知, 種別 戸籍統一文字情報 親字・正字, ホップ数 1
U+892B	裭	褫	reduction	mj-shrink-map	merge	MJ024022: 法務省戸籍法関連通達・通知, 種別 戸籍統一文字情報 親字・正字, ホップ数 1
U+892B	𧚜	褫	reduction	mj-shrink-map	merge	MJ048285: 法務省戸籍法関連通達・通知, 種別 戸籍統一文字情報 親字・正字, ホップ数 1
U+8930	䙭	褰	reduction	mj-shrink-map	merge	MJ004476: 法務省戸籍法関連通達・通知, 種別 戸籍統一文字情報 親字・正字, ホップ数 1
U+8930	𧛓	褰	reduction	mj-shrink-map	merge	MJ048320: 法務省戸籍法関連通達・通知, 種別 戸籍統一文字情報 親字・正字, ホップ数 1
U+8930	𧝱	褰	reduction	mj-shrink-map	merge	MJ058710: 法務省戸籍法関連通達・通知, 種別 戸籍統一文字情報 親字・正字, ホップ数 1
U+8930	𧞼	褰	reduction	mj-shrink-map	merge	MJ048491: 法務省戸籍法関連通達・通知, 種別 戸籍統一文字情報 親字・正字, ホップ数 1
U+8937	𧚺	褷	reduction	mj-shrink-map	merge	MJ048309: 法務省戸籍法関連通達・通知, 種別 戸籍統一文字情報 親字・正字, ホップ数 1
U+8941	襁	襁	compatibility	unicode-ucd	merge	8941
U+8941	𧚴	襁	reduction	mj-shrink-map	merge	MJ048304: 法務省戸籍法関連通達・通知, 種別 戸籍統一文字情報 親字・正字, ホップ数 1
U+8941	𧝿	襁	reduction	mj-shrink-map	merge	MJ048448: 法務省戸籍法関連通達・通知, 種別 戸籍統一文字情報 親字・正字, ホップ数 1
U+8941	𧟂	襁	reduction	mj-shrink-map	merge	MJ048493: 法務省戸籍法関連通達・通知, 種別 戸籍統一文字情報 親字・正字, ホップ数 1
U+8944	𠆝	襄	reduction	mj-shrink-map	merge	MJ030530: 法務省戸籍法関連通達・通知, 種別 戸籍統一文字情報 親字・正字, ホップ数 1
U+8944	𡣿	襄	reduction	mj-shrink-map	merge	MJ033833: 法務省戸籍法関連通達・通知, 種別 戸籍統一文字情報 親字・正字, ホップ数 1
U+8944	𧞂	襄	reduction	mj-shrink-map	merge	MJ048451: 法務省戸籍法関連通達・通知, 種別 戸籍統一文字情報 親字・正字, ホップ数 1
U+8944	𧞜	襄	reduction	mj-shrink-map	merge	MJ048465: 法務省戸籍法関連通達・通知, 種別 戸籍統一文字情報 親字・正字, ホップ数 1
U+8944	𧞻	襄	reduction	mj-shrink-map	merge	MJ048490: 法務省戸籍法関連通達・通知, 種別 戸籍統一文字情報 親字・正字, ホップ数 1
U+8944	𮖚	襄	reduction	mj-shrink-map	merge	MJ058703: 法務省戸籍法関連通達・通知, 種別 戸籍統一文字情報 親字・正字, ホップ数 1
U+8944	𮖠	襄	reduction	mj-shrink-map	merge	MJ058704: 法務省戸籍法関連通達・通知, 種別 戸籍統一文字情報 親字・正字, ホップ数 1
U+8949	襇	襉	itaiji	mj-kanji	merge	X0213 包摂
U+8949	𧟉	襉	reduction	mj-shrink-map	merge	MJ048497: 法務省戸籍法関連通達・通知, 種別 戸籍統一文字情報 親字・正字, ホップ数 1
U+8964	襤	襤	compatibility	unicode-ucd	merge	8964
U+8964	繿	襤	reduction	mj-shrink-map	merge	MJ020458: 法務省戸籍法関連通達・通知, 種別 戸籍統一文字情報 親字・正字, ホップ数 1
U+8964	繿	襤	variant	cjkvi-variants	corroborates	襤→繿 hydzd/variant | 襤→繿 twedu/variant
U+8964	繿	襤	variant	wikidata	corroborates	Q109757334; P248 Q10427532 | Q109762293; P248 Q10427532
U+8964	繿	襤	equivalent	yitizi	corroborates	ytenx/JihThex.csv
U+8964	𢅡	襤	reduction	mj-shrink-map	merge	MJ035185: 法務省戸籍法関連通達・通知, 種別 戸籍統一文字情報 親字・正字, ホップ数 1
U+8966	𧝄	襦	reduction	mj-shrink-map	merge	MJ048403: 法務省戸籍法関連通達・通知, 種別 戸籍統一文字情報 親字・正字, ホップ数 1
U+8972	㦻	襲	reduction	mj-shrink-map	merge	MJ001328: 法務省戸籍法関連通達・通知, 種別 戸籍統一文字情報 親字・正字, ホップ数 1
U+8972	𧟛	襲	reduction	mj-shrink-map	merge	MJ048512: 法務省戸籍法関連通達・通知, 種別 戸籍統一文字情報 親字・正字, ホップ数 1
U+8972	𧟟	襲	reduction	mj-shrink-map	merge	MJ048515: 法務省戸籍法関連通達・通知, 種別 戸籍統一文字情報 親字・正字, ホップ数 1
U+897E	覀	襾	reduction	mj-shrink-map	merge	MJ024199: 法務省戸籍法関連通達・通知, 種別 戸籍統一文字情報 親字・正字, ホップ数 1
U+897F	㢴	西	reduction	mj-shrink-map	merge	MJ001075: 法務省戸籍法関連通達・通知, 種別 戸籍統一文字情報 親字・正字, ホップ数 1
U+897F	𠧜	西	reduction	mj-shrink-map	merge	MJ031779: 法務省戸籍法関連通達・通知, 種別 戸籍統一文字情報 親字・正字, ホップ数 1
U+8981	𡕯	要	reduction	mj-shrink-map	merge	MJ033343: 法務省戸籍法関連通達・通知, 種別 戸籍統一文字情報 親字・正字, ホップ数 1
U+8981	𡕹	要	reduction	mj-shrink-map	merge	MJ033347: 法務省戸籍法関連通達・通知, 種別 戸籍統一文字情報 親字・正字, ホップ数 1
U+8981	𡢗	要	reduction	mj-shrink-map	merge	MJ033772: 法務省戸籍法関連通達・通知, 種別 戸籍統一文字情報 親字・正字, ホップ数 1
U+8981	𦥺	要	reduction	mj-shrink-map	merge	MJ045999: 法務省戸籍法関連通達・通知, 種別 戸籍統一文字情報 親字・正字, ホップ数 1
U+8981	𦥼	要	reduction	mj-shrink-map	merge	MJ046001: 法務省戸籍法関連通達・通知, 種別 戸籍統一文字情報 親字・正字, ホップ数 1
U+8983	𧟩	覃	reduction	mj-shrink-map	merge	MJ048524: 法務省戸籍法関連通達・通知, 種別 戸籍統一文字情報 親字・正字, ホップ数 1
U+8983	𧟹	覃	reduction	mj-shrink-map	merge	MJ048532: 法務省戸籍法関連通達・通知, 種別 戸籍統一文字情報 親字・正字, ホップ数 1
U+8983	𪉞	覃	reduction	mj-shrink-map	merge	MJ055887: 法務省戸籍法関連通達・通知, 種別 戸籍統一文字情報 親字・正字, ホップ数 1
U+8983	𪉲	覃	reduction	mj-shrink-map	merge	MJ055904: 法務省戸籍法関連通達・通知, 種別 戸籍統一文字情報 親字・正字, ホップ数 1
U+8983	𪉷	覃	reduction	mj-shrink-map	merge	MJ055908: 法務省戸籍法関連通達・通知, 種別 戸籍統一文字情報 親字・正字, ホップ数 1
U+8983	𫟛	覃	reduction	mj-shrink-map	merge	MJ058714: 法務省戸籍法関連通達・通知, 種別 戸籍統一文字情報 親字・正字, ホップ数 1
U+8986	覆	覆	compatibility	unicode-ucd	merge	8986
U+8986	𧠃	覆	reduction	mj-shrink-map	merge	MJ048537: 法務省戸籍法関連通達・通知, 種別 戸籍統一文字情報 親字・正字, ホップ数 1
U+8987	霸	覇	reduction	mj-shrink-map	merge	MJ027866: 法務省戸籍法関連通達・通知, 種別 戸籍統一文字情報 親字・正字, ホップ数 1
U+8987	𣍸	霸	reduction	mj-shrink-map	merge	MJ037894: 法務省戸籍法関連通達・通知, 種別 戸籍統一文字情報 親字・正字, ホップ数 1
U+8987	𧈉	霸	reduction	mj-shrink-map	merge	MJ047442: 法務省戸籍法関連通達・通知, 種別 戸籍統一文字情報 親字・正字, ホップ数 1
U+8987	𧟲	覇	reduction	mj-shrink-map	merge	MJ048529: 法務省戸籍法関連通達・通知, 種別 戸籍統一文字情報 親字・正字, ホップ数 1
U+8987	𧟳	霸	reduction	mj-shrink-map	merge	MJ048530: 法務省戸籍法関連通達・通知, 種別 戸籍統一文字情報 親字・正字, ホップ数 1
U+8987	𩄤	霸	reduction	mj-shrink-map	merge	MJ052832: 法務省戸籍法関連通達・通知, 種別 戸籍統一文字情報 親字・正字, ホップ数 1
U+8988	𩅢	覈	reduction	mj-shrink-map	merge	MJ052871: 法務省戸籍法関連通達・通知, 種別 戸籍統一文字情報 親字・正字, ホップ数 1
U+898B	見	見	compatibility	unicode-ucd	merge	898B
U+898F	槼	規	reduction	mj-shrink-map	merge	MJ014396: 法務省戸籍法関連通達・通知, 種別 戸籍統一文字情報 親字・正字, ホップ数 1
U+8993	覔	覓	reduction	mj-shrink-map	merge	MJ024228: 法務省戸籍法関連通達・通知, 種別 戸籍統一文字情報 親字・正字, ホップ数 1
U+8996	視	視	compatibility	unicode-ucd	merge	8996
U+8996	視	視	compatibility	unicode-ucd	merge	8996
U+8996	𤋇	視	reduction	mj-shrink-map	merge	MJ039974: 法務省戸籍法関連通達・通知, 種別 戸籍統一文字情報 親字・正字, ホップ数 1
U+8996	𥄙	𥄙	compatibility	unicode-ucd	merge	25119
U+8996	𥄙	視	reduction	mj-shrink-map	merge	MJ042209: 法務省戸籍法関連通達・通知, 種別 戸籍統一文字情報 親字・正字, ホップ数 1
U+8996	𥄚	視	reduction	mj-shrink-map	merge	MJ042210: 法務省戸籍法関連通達・通知, 種別 戸籍統一文字情報 親字・正字, ホップ数 1
U+8996	𥅭	視	reduction	mj-shrink-map	merge	MJ042263: 法務省戸籍法関連通達・通知, 種別 戸籍統一文字情報 親字・正字, ホップ数 1
U+8996	𭾟	視	reduction	mj-shrink-map	merge	MJ058155: 法務省戸籍法関連通達・通知, 種別 戸籍統一文字情報 親字・正字, ホップ数 1
U+8997	𥄶	覗	reduction	mj-shrink-map	merge	MJ042225: 法務省戸籍法関連通達・通知, 種別 戸籍統一文字情報 親字・正字, ホップ数 1
U+899A	覐	覺	reduction	mj-shrink-map	merge	MJ024223: 法務省戸籍法関連通達・通知, 種別 戸籍統一文字情報 親字・正字, ホップ数 1
U+899A	覺	覚	reduction	mj-shrink-map	merge	MJ024272: 法務省戸籍法関連通達・通知, 種別 戸籍統一文字情報 親字・正字, ホップ数 1
U+899A	𡕚	覺	reduction	mj-shrink-map	merge	MJ033324: 法務省戸籍法関連通達・通知, 種別 戸籍統一文字情報 親字・正字, ホップ数 1
U+899A	𧠭	覺	reduction	mj-shrink-map	merge	MJ048569: 法務省戸籍法関連通達・通知, 種別 戸籍統一文字情報 親字・正字, ホップ数 1
U+89A7	覽	覧	reduction	mj-shrink-map	merge	MJ024275: 法務省戸籍法関連通達・通知, 種別 戸籍統一文字情報 親字・正字, ホップ数 1
U+89A7	𮗘	覽	reduction	mj-shrink-map	merge	MJ058722: 法務省戸籍法関連通達・通知, 種別 戸籍統一文字情報 親字・正字, ホップ数 1
U+89AA	媇	親	reduction	mj-shrink-map	merge	MJ009830: 法務省戸籍法関連通達・通知, 種別 戸籍統一文字情報 親字・正字, ホップ数 1
U+89AA	𢈥	親	reduction	mj-shrink-map	merge	MJ035324: 法務省戸籍法関連通達・通知, 種別 戸籍統一文字情報 親字・正字, ホップ数 1
U+89AA	𧡘	親	reduction	mj-shrink-map	merge	MJ048596: 法務省戸籍法関連通達・通知, 種別 戸籍統一文字情報 親字・正字, ホップ数 1
U+89AA	𧡿	親	reduction	mj-shrink-map	merge	MJ048628: 法務省戸籍法関連通達・通知, 種別 戸籍統一文字情報 親字・正字, ホップ数 1
U+89B0	䁦	覰	reduction	mj-shrink-map	merge	MJ002887: 法務省戸籍法関連通達・通知, 種別 戸籍統一文字情報 親字・正字, ホップ数 1
U+89B0	覷	覰	reduction	mj-shrink-map	merge	MJ024269: 法務省戸籍法関連通達・通知, 種別 戸籍統一文字情報 親字・正字, ホップ数 1
U+89B0	覻	覰	reduction	mj-shrink-map	merge	MJ024273: 法務省戸籍法関連通達・通知, 種別 戸籍統一文字情報 親字・正字, ホップ数 1
U+89B0	𡳆	覰	reduction	mj-shrink-map	merge	MJ034413: 法務省戸籍法関連通達・通知, 種別 戸籍統一文字情報 親字・正字, ホップ数 1
U+89B0	𧠢	覰	reduction	mj-shrink-map	merge	MJ048563: 法務省戸籍法関連通達・通知, 種別 戸籍統一文字情報 親字・正字, ホップ数 1
U+89B2	𧢚	覲	reduction	mj-shrink-map	merge	MJ048644: 法務省戸籍法関連通達・通知, 種別 戸籍統一文字情報 親字・正字, ホップ数 1
U+89B2	𩌶	覲	reduction	mj-shrink-map	merge	MJ053230: 法務省戸籍法関連通達・通知, 種別 戸籍統一文字情報 親字・正字, ホップ数 1
U+89B3	觀	観	reduction	mj-shrink-map	merge	MJ024278: 法務省戸籍法関連通達・通知, 種別 戸籍統一文字情報 親字・正字, ホップ数 1
U+89B3	𥍄	觀	reduction	mj-shrink-map	merge	MJ042556: 法務省戸籍法関連通達・通知, 種別 戸籍統一文字情報 親字・正字, ホップ数 1
U+89B3	𥍊	觀	reduction	mj-shrink-map	merge	MJ042558: 法務省戸籍法関連通達・通知, 種別 戸籍統一文字情報 親字・正字, ホップ数 1
U+89B3	𥍕	觀	reduction	mj-shrink-map	merge	MJ042564: 法務省戸籍法関連通達・通知, 種別 戸籍統一文字情報 親字・正字, ホップ数 1
U+89B3	𥷯	觀	reduction	mj-shrink-map	merge	MJ044145: 法務省戸籍法関連通達・通知, 種別 戸籍統一文字情報 親字・正字, ホップ数 1
U+89B3	𥸑	觀	reduction	mj-shrink-map	merge	MJ044164: 法務省戸籍法関連通達・通知, 種別 戸籍統一文字情報 親字・正字, ホップ数 1
U+89B3	𫟜	觀	reduction	mj-shrink-map	merge	MJ058727: 法務省戸籍法関連通達・通知, 種別 戸籍統一文字情報 親字・正字, ホップ数 1
U+89B3	𮗚	觀	reduction	mj-shrink-map	merge	MJ058724: 法務省戸籍法関連通達・通知, 種別 戸籍統一文字情報 親字・正字, ホップ数 1
U+89D2	𧢲	角	reduction	mj-shrink-map	merge	MJ048662: 法務省戸籍法関連通達・通知, 種別 戸籍統一文字情報 親字・正字, ホップ数 1
U+89D2	𮗟	角	reduction	mj-shrink-map	merge	MJ058731: 法務省戸籍法関連通達・通知, 種別 戸籍統一文字情報 親字・正字, ホップ数 1
U+89D2	𮗠	角	reduction	mj-shrink-map	merge	MJ058730: 法務省戸籍法関連通達・通知, 種別 戸籍統一文字情報 親字・正字, ホップ数 1
U+89DC	𠾋	觜	reduction	mj-shrink-map	merge	MJ032580: 法務省戸籍法関連通達・通知, 種別 戸籍統一文字情報 親字・正字, ホップ数 1
U+89DD	𧣎	觝	reduction	mj-shrink-map	merge	MJ048686: 法務省戸籍法関連通達・通知, 種別 戸籍統一文字情報 親字・正字, ホップ数 1
U+89DD	𧣜	觝	reduction	mj-shrink-map	merge	MJ048700: 法務省戸籍法関連通達・通知, 種別 戸籍統一文字情報 親字・正字, ホップ数 1
U+89E3	𦴘	解	reduction	mj-shrink-map	merge	MJ046640: 法務省戸籍法関連通達・通知, 種別 戸籍統一文字情報 親字・正字, ホップ数 1
U+89E3	𮗨	解	reduction	mj-shrink-map	merge	MJ058732: 法務省戸籍法関連通達・通知, 種別 戸籍統一文字情報 親字・正字, ホップ数 1
U+89E3	𮗮	解	reduction	mj-shrink-map	merge	MJ058735: 法務省戸籍法関連通達・通知, 種別 戸籍統一文字情報 親字・正字, ホップ数 1
U+89E5	觵	觥	reduction	mj-shrink-map	merge	MJ024321: 法務省戸籍法関連通達・通知, 種別 戸籍統一文字情報 親字・正字, ホップ数 1
U+89E6	觸	触	reduction	mj-shrink-map	merge	MJ024324: 法務省戸籍法関連通達・通知, 種別 戸籍統一文字情報 親字・正字, ホップ数 1
U+89E6	𧢻	觸	reduction	mj-shrink-map	merge	MJ048670: 法務省戸籍法関連通達・通知, 種別 戸籍統一文字情報 親字・正字, ホップ数 1
U+89E6	𧥘	觸	reduction	mj-shrink-map	merge	MJ048796: 法務省戸籍法関連通達・通知, 種別 戸籍統一文字情報 親字・正字, ホップ数 1
U+89F1	𧥀	觱	reduction	mj-shrink-map	merge	MJ048780: 法務省戸籍法関連通達・通知, 種別 戸籍統一文字情報 親字・正字, ホップ数 1
U+89F1	𧥑	觱	reduction	mj-shrink-map	merge	MJ048791: 法務省戸籍法関連通達・通知, 種別 戸籍統一文字情報 親字・正字, ホップ数 1
U+89F4	𣝻	觴	reduction	mj-shrink-map	merge	MJ038374: 法務省戸籍法関連通達・通知, 種別 戸籍統一文字情報 親字・正字, ホップ数 1
U+89F4	𤔰	觴	reduction	mj-shrink-map	merge	MJ040255: 法務省戸籍法関連通達・通知, 種別 戸籍統一文字情報 親字・正字, ホップ数 1
U+89F6	𧣄	觶	reduction	mj-shrink-map	merge	MJ048679: 法務省戸籍法関連通達・通知, 種別 戸籍統一文字情報 親字・正字, ホップ数 1
U+89F6	𧣨	觶	reduction	mj-shrink-map	merge	MJ048707: 法務省戸籍法関連通達・通知, 種別 戸籍統一文字情報 親字・正字, ホップ数 1
U+89FF	觹	觿	reduction	mj-shrink-map	merge	MJ024325: 法務省戸籍法関連通達・通知, 種別 戸籍統一文字情報 親字・正字, ホップ数 1
U+89FF	觽	觿	reduction	mj-shrink-map	merge	MJ024328: 法務省戸籍法関連通達・通知, 種別 戸籍統一文字情報 親字・正字, ホップ数 1
U+89FF	𧣽	觿	reduction	mj-shrink-map	merge	MJ048725: 法務省戸籍法関連通達・通知, 種別 戸籍統一文字情報 親字・正字, ホップ数 1
U+89FF	𧤢	觿	reduction	mj-shrink-map	merge	MJ048758: 法務省戸籍法関連通達・通知, 種別 戸籍統一文字情報 親字・正字, ホップ数 1
U+89FF	𧥁	觿	reduction	mj-shrink-map	merge	MJ048781: 法務省戸籍法関連通達・通知, 種別 戸籍統一文字情報 親字・正字, ホップ数 1
U+8A00	𢍗	言	reduction	mj-shrink-map	merge	MJ035516: 法務省戸籍法関連通達・通知, 種別 戸籍統一文字情報 親字・正字, ホップ数 1
U+8A00	𢍬	言	reduction	mj-shrink-map	merge	MJ035530: 法務省戸籍法関連通達・通知, 種別 戸籍統一文字情報 親字・正字, ホップ数 1
U+8A13	𧥥	訓	reduction	mj-shrink-map	merge	MJ048808: 法務省戸籍法関連通達・通知, 種別 戸籍統一文字情報 親字・正字, ホップ数 1
U+8A13	𫶧	訓	reduction	mj-shrink-map	merge	MJ057396: 法務省戸籍法関連通達・通知, 種別 戸籍統一文字情報 親字・正字, ホップ数 1
U+8A15	䚲	訕	reduction	mj-shrink-map	merge	MJ004547: 法務省戸籍法関連通達・通知, 種別 戸籍統一文字情報 親字・正字, ホップ数 1
U+8A15	𡜜	訕	reduction	mj-shrink-map	merge	MJ033589: 法務省戸籍法関連通達・通知, 種別 戸籍統一文字情報 親字・正字, ホップ数 1
U+8A15	𧧚	訕	reduction	mj-shrink-map	merge	MJ048895: 法務省戸籍法関連通達・通知, 種別 戸籍統一文字情報 親字・正字, ホップ数 1
U+8A15	𧧪	訕	reduction	mj-shrink-map	merge	MJ048907: 法務省戸籍法関連通達・通知, 種別 戸籍統一文字情報 親字・正字, ホップ数 1
U+8A16	𧥷	訖	reduction	mj-shrink-map	merge	MJ048826: 法務省戸籍法関連通達・通知, 種別 戸籍統一文字情報 親字・正字, ホップ数 1
U+8A1F	䛦	訟	reduction	mj-shrink-map	merge	MJ004600: 法務省戸籍法関連通達・通知, 種別 戸籍統一文字情報 親字・正字, ホップ数 1
U+8A1F	𧧡	訟	reduction	mj-shrink-map	merge	MJ048902: 法務省戸籍法関連通達・通知, 種別 戸籍統一文字情報 親字・正字, ホップ数 1
U+8A23	𧦾	訣	reduction	mj-shrink-map	merge	MJ048872: 法務省戸籍法関連通達・通知, 種別 戸籍統一文字情報 親字・正字, ホップ数 1
U+8A25	𧨣	訥	reduction	mj-shrink-map	merge	MJ048950: 法務省戸籍法関連通達・通知, 種別 戸籍統一文字情報 親字・正字, ホップ数 1
U+8A2E	訮	詽	z	unihan	merge	訮→詽 kZVariant | 詽→訮 kZVariant
U+8A33	譯	訳	reduction	mj-shrink-map	merge	MJ024809: 法務省戸籍法関連通達・通知, 種別 戸籍統一文字情報 親字・正字, ホップ数 1
U+8A33	𧬳	譯	reduction	mj-shrink-map	merge	MJ049173: 法務省戸籍法関連通達・通知, 種別 戸籍統一文字情報 親字・正字, ホップ数 1
U+8A34	𧦡	訴	reduction	mj-shrink-map	merge	MJ048854: 法務省戸籍法関連通達・通知, 種別 戸籍統一文字情報 親字・正字, ホップ数 1
U+8A34	𧩯	訴	reduction	mj-shrink-map	merge	MJ049015: 法務省戸籍法関連通達・通知, 種別 戸籍統一文字情報 親字・正字, ホップ数 1
U+8A36	㱒	訶	reduction	mj-shrink-map	merge	MJ001939: 法務省戸籍法関連通達・通知, 種別 戸籍統一文字情報 親字・正字, ホップ数 1
U+8A36	哬	訶	reduction	mj-shrink-map	merge	MJ008284: 法務省戸籍法関連通達・通知, 種別 戸籍統一文字情報 親字・正字, ホップ数 1
U+8A36	𧪆	訶	reduction	mj-shrink-map	merge	MJ049042: 法務省戸籍法関連通達・通知, 種別 戸籍統一文字情報 親字・正字, ホップ数 1
U+8A36	𧬱	訶	reduction	mj-shrink-map	merge	MJ049171: 法務省戸籍法関連通達・通知, 種別 戸籍統一文字情報 親字・正字, ホップ数 1
U+8A3A	𧠝	診	reduction	mj-shrink-map	merge	MJ048558: 法務省戸籍法関連通達・通知, 種別 戸籍統一文字情報 親字・正字, ホップ数 1
U+8A3A	𧦜	診	reduction	mj-shrink-map	merge	MJ048849: 法務省戸籍法関連通達・通知, 種別 戸籍統一文字情報 親字・正字, ホップ数 1
U+8A3A	𧧂	診	reduction	mj-shrink-map	merge	MJ048874: 法務省戸籍法関連通達・通知, 種別 戸籍統一文字情報 親字・正字, ホップ数 1
U+8A3A	𧭉	診	reduction	mj-shrink-map	merge	MJ049186: 法務省戸籍法関連通達・通知, 種別 戸籍統一文字情報 親字・正字, ホップ数 1
U+8A3C	䥌	證	reduction	mj-shrink-map	merge	MJ005195: 法務省戸籍法関連通達・通知, 種別 戸籍統一文字情報 親字・正字, ホップ数 1
U+8A3C	䥭	證	reduction	mj-shrink-map	merge	MJ005227: 法務省戸籍法関連通達・通知, 種別 戸籍統一文字情報 親字・正字, ホップ数 1
U+8A3C	證	証	reduction	mj-shrink-map	merge	MJ024755: 法務省戸籍法関連通達・通知, 種別 戸籍統一文字情報 親字・正字, ホップ数 1
U+8A3C	𦷘	證	reduction	mj-shrink-map	merge	MJ046731: 法務省戸籍法関連通達・通知, 種別 戸籍統一文字情報 親字・正字, ホップ数 1
U+8A3C	𦹨	證	reduction	mj-shrink-map	merge	MJ046834: 法務省戸籍法関連通達・通知, 種別 戸籍統一文字情報 親字・正字, ホップ数 1
U+8A3C	𧁅	證	reduction	mj-shrink-map	merge	MJ047154: 法務省戸籍法関連通達・通知, 種別 戸籍統一文字情報 親字・正字, ホップ数 1
U+8A3C	𨧭	證	reduction	mj-shrink-map	merge	MJ051782: 法務省戸籍法関連通達・通知, 種別 戸籍統一文字情報 親字・正字, ホップ数 1
U+8A3C	𨨼	證	reduction	mj-shrink-map	merge	MJ051815: 法務省戸籍法関連通達・通知, 種別 戸籍統一文字情報 親字・正字, ホップ数 1
U+8A3C	𨨾	證	reduction	mj-shrink-map	merge	MJ051817: 法務省戸籍法関連通達・通知, 種別 戸籍統一文字情報 親字・正字, ホップ数 1
U+8A3C	𨪔	證	reduction	mj-shrink-map	merge	MJ051851: 法務省戸籍法関連通達・通知, 種別 戸籍統一文字情報 親字・正字, ホップ数 1
U+8A3E	𢋀	訾	reduction	mj-shrink-map	merge	MJ035418: 法務省戸籍法関連通達・通知, 種別 戸籍統一文字情報 親字・正字, ホップ数 1
U+8A3E	𤺒	訾	reduction	mj-shrink-map	merge	MJ041769: 法務省戸籍法関連通達・通知, 種別 戸籍統一文字情報 親字・正字, ホップ数 1
U+8A3E	𧩢	訾	reduction	mj-shrink-map	merge	MJ049002: 法務省戸籍法関連通達・通知, 種別 戸籍統一文字情報 親字・正字, ホップ数 1
U+8A3E	𧬟	訾	reduction	mj-shrink-map	merge	MJ049153: 法務省戸籍法関連通達・通知, 種別 戸籍統一文字情報 親字・正字, ホップ数 1
U+8A46	呧	詆	reduction	mj-shrink-map	merge	MJ008157: 法務省戸籍法関連通達・通知, 種別 戸籍統一文字情報 親字・正字, ホップ数 1
U+8A46	𧦚	詆	reduction	mj-shrink-map	merge	MJ048847: 法務省戸籍法関連通達・通知, 種別 戸籍統一文字情報 親字・正字, ホップ数 1
U+8A46	𧨱	詆	reduction	mj-shrink-map	merge	MJ048962: 法務省戸籍法関連通達・通知, 種別 戸籍統一文字情報 親字・正字, ホップ数 1
U+8A48	𧧧	詈	reduction	mj-shrink-map	merge	MJ048904: 法務省戸籍法関連通達・通知, 種別 戸籍統一文字情報 親字・正字, ホップ数 1
U+8A4D	䛖	詍	reduction	mj-shrink-map	merge	MJ004583: 法務省戸籍法関連通達・通知, 種別 戸籍統一文字情報 親字・正字, ホップ数 1
U+8A4D	𧥨	詍	reduction	mj-shrink-map	merge	MJ048812: 法務省戸籍法関連通達・通知, 種別 戸籍統一文字情報 親字・正字, ホップ数 1
U+8A51	𧦧	詑	reduction	mj-shrink-map	merge	MJ048860: 法務省戸籍法関連通達・通知, 種別 戸籍統一文字情報 親字・正字, ホップ数 1
U+8A51	𧪁	詑	reduction	mj-shrink-map	merge	MJ049036: 法務省戸籍法関連通達・通知, 種別 戸籍統一文字情報 親字・正字, ホップ数 1
U+8A52	𧦫	詒	reduction	mj-shrink-map	merge	MJ048864: 法務省戸籍法関連通達・通知, 種別 戸籍統一文字情報 親字・正字, ホップ数 1
U+8A5B	𧇘	詛	reduction	mj-shrink-map	merge	MJ047413: 法務省戸籍法関連通達・通知, 種別 戸籍統一文字情報 親字・正字, ホップ数 1
U+8A5E	䛐	詞	reduction	mj-shrink-map	merge	MJ004578: 法務省戸籍法関連通達・通知, 種別 戸籍統一文字情報 親字・正字, ホップ数 1
U+8A5E	𧥝	詞	reduction	mj-shrink-map	merge	MJ048801: 法務省戸籍法関連通達・通知, 種別 戸籍統一文字情報 親字・正字, ホップ数 1
U+8A62	𧩛	詢	reduction	mj-shrink-map	merge	MJ048995: 法務省戸籍法関連通達・通知, 種別 戸籍統一文字情報 親字・正字, ホップ数 1
U+8A62	𧪂	詢	reduction	mj-shrink-map	merge	MJ049038: 法務省戸籍法関連通達・通知, 種別 戸籍統一文字情報 親字・正字, ホップ数 1
U+8A62	𧪱	詢	reduction	mj-shrink-map	merge	MJ049073: 法務省戸籍法関連通達・通知, 種別 戸籍統一文字情報 親字・正字, ホップ数 1
U+8A69	𧥳	詩	reduction	mj-shrink-map	merge	MJ048823: 法務省戸籍法関連通達・通知, 種別 戸籍統一文字情報 親字・正字, ホップ数 1
U+8A6C	訽	詬	reduction	mj-shrink-map	merge	MJ024403: 法務省戸籍法関連通達・通知, 種別 戸籍統一文字情報 親字・正字, ホップ数 1
U+8A71	䛡	話	reduction	mj-shrink-map	merge	MJ004594: 法務省戸籍法関連通達・通知, 種別 戸籍統一文字情報 親字・正字, ホップ数 1
U+8A71	𦧵	話	reduction	mj-shrink-map	merge	MJ046090: 法務省戸籍法関連通達・通知, 種別 戸籍統一文字情報 親字・正字, ホップ数 1
U+8A72	𮘈	該	reduction	mj-shrink-map	merge	MJ058744: 法務省戸籍法関連通達・通知, 種別 戸籍統一文字情報 親字・正字, ホップ数 1
U+8A79	𦧕	詹	reduction	mj-shrink-map	merge	MJ046066: 法務省戸籍法関連通達・通知, 種別 戸籍統一文字情報 親字・正字, ホップ数 1
U+8A79	𭉵	詹	reduction	mj-shrink-map	merge	MJ057186: 法務省戸籍法関連通達・通知, 種別 戸籍統一文字情報 親字・正字, ホップ数 1
U+8A79	𮍹	詹	reduction	mj-shrink-map	merge	MJ058422: 法務省戸籍法関連通達・通知, 種別 戸籍統一文字情報 親字・正字, ホップ数 1
U+8A79	𮘐	詹	reduction	mj-shrink-map	merge	MJ058746: 法務省戸籍法関連通達・通知, 種別 戸籍統一文字情報 親字・正字, ホップ数 1
U+8A82	𠻩	誂	reduction	mj-shrink-map	merge	MJ032517: 法務省戸籍法関連通達・通知, 種別 戸籍統一文字情報 親字・正字, ホップ数 1
U+8A82	𧨙	誂	reduction	mj-shrink-map	merge	MJ048942: 法務省戸籍法関連通達・通知, 種別 戸籍統一文字情報 親字・正字, ホップ数 1
U+8A84	䛶	誄	reduction	mj-shrink-map	merge	MJ004615: 法務省戸籍法関連通達・通知, 種別 戸籍統一文字情報 親字・正字, ホップ数 1
U+8A87	𧥢	誇	reduction	mj-shrink-map	merge	MJ048805: 法務省戸籍法関連通達・通知, 種別 戸籍統一文字情報 親字・正字, ホップ数 1
U+8A87	𧧳	誇	reduction	mj-shrink-map	merge	MJ048912: 法務省戸籍法関連通達・通知, 種別 戸籍統一文字情報 親字・正字, ホップ数 1
U+8A87	𧩊	誇	reduction	mj-shrink-map	merge	MJ048985: 法務省戸籍法関連通達・通知, 種別 戸籍統一文字情報 親字・正字, ホップ数 1
U+8A89	譽	誉	reduction	mj-shrink-map	merge	MJ024826: 法務省戸籍法関連通達・通知, 種別 戸籍統一文字情報 親字・正字, ホップ数 1
U+8A89	𣁎	譽	reduction	mj-shrink-map	merge	MJ037447: 法務省戸籍法関連通達・通知, 種別 戸籍統一文字情報 親字・正字, ホップ数 1
U+8A89	𧭒	譽	reduction	mj-shrink-map	merge	MJ049195: 法務省戸籍法関連通達・通知, 種別 戸籍統一文字情報 親字・正字, ホップ数 1
U+8A89	𮘤	譽	reduction	mj-shrink-map	merge	MJ058753: 法務省戸籍法関連通達・通知, 種別 戸籍統一文字情報 親字・正字, ホップ数 1
U+8A91	𧪴	誑	reduction	mj-shrink-map	merge	MJ049076: 法務省戸籍法関連通達・通知, 種別 戸籍統一文字情報 親字・正字, ホップ数 1
U+8A93	䤱	誓	reduction	mj-shrink-map	merge	MJ005163: 法務省戸籍法関連通達・通知, 種別 戸籍統一文字情報 親字・正字, ホップ数 1
U+8A93	𣂯	誓	reduction	mj-shrink-map	merge	MJ037509: 法務省戸籍法関連通達・通知, 種別 戸籍統一文字情報 親字・正字, ホップ数 1
U+8A93	𣂶	誓	reduction	mj-shrink-map	merge	MJ037516: 法務省戸籍法関連通達・通知, 種別 戸籍統一文字情報 親字・正字, ホップ数 1
U+8A95	𧥡	誕	reduction	mj-shrink-map	merge	MJ048804: 法務省戸籍法関連通達・通知, 種別 戸籍統一文字情報 親字・正字, ホップ数 1
U+8A98	䛻	誘	reduction	mj-shrink-map	merge	MJ004619: 法務省戸籍法関連通達・通知, 種別 戸籍統一文字情報 親字・正字, ホップ数 1
U+8A98	唀	誘	reduction	mj-shrink-map	merge	MJ008307: 法務省戸籍法関連通達・通知, 種別 戸籍統一文字情報 親字・正字, ホップ数 1
U+8A98	𥤃	誘	reduction	mj-shrink-map	merge	MJ043361: 法務省戸籍法関連通達・通知, 種別 戸籍統一文字情報 親字・正字, ホップ数 1
U+8A98	𦎙	誘	reduction	mj-shrink-map	merge	MJ045023: 法務省戸籍法関連通達・通知, 種別 戸籍統一文字情報 親字・正字, ホップ数 1
U+8AA0	誠	誠	compatibility	unicode-ucd	merge	8AA0
U+8AA1	䛺	誡	reduction	mj-shrink-map	merge	MJ004618: 法務省戸籍法関連通達・通知, 種別 戸籍統一文字情報 親字・正字, ホップ数 1
U+8AA1	𧪖	誡	reduction	mj-shrink-map	merge	MJ049047: 法務省戸籍法関連通達・通知, 種別 戸籍統一文字情報 親字・正字, ホップ数 1
U+8AA3	誈	誣	reduction	mj-shrink-map	merge	MJ024489: 法務省戸籍法関連通達・通知, 種別 戸籍統一文字情報 親字・正字, ホップ数 1
U+8AA4	悞	誤	reduction	mj-shrink-map	merge	MJ011606: 法務省戸籍法関連通達・通知, 種別 戸籍統一文字情報 親字・正字, ホップ数 1
U+8AA5	𧧙	誥	reduction	mj-shrink-map	merge	MJ048894: 法務省戸籍法関連通達・通知, 種別 戸籍統一文字情報 親字・正字, ホップ数 1
U+8AA5	𧧞	誥	reduction	mj-shrink-map	merge	MJ048899: 法務省戸籍法関連通達・通知, 種別 戸籍統一文字情報 親字・正字, ホップ数 1
U+8AA8	𠲯	誨	reduction	mj-shrink-map	merge	MJ032258: 法務省戸籍法関連通達・通知, 種別 戸籍統一文字情報 親字・正字, ホップ数 1
U+8AAC	說	説	z	unihan	merge	說→説 kZVariant | 説→說 kZVariant
U+8AAC	說	說	compatibility	unicode-ucd	merge	8AAA
U+8AAC	說	說	compatibility	unicode-ucd	merge	8AAA
U+8AAC	說	説	itaiji	mj-kanji	merge	X0213 包摂
U+8AAC	說	説	reduction	mj-shrink-map	merge	MJ024533: 法務省戸籍法関連通達・通知, 種別 戸籍統一文字情報 親字・正字, ホップ数 1
U+8AAD	讀	讀	compatibility	unicode-ucd	merge	8B80
U+8AAD	讀	読	reduction	mj-shrink-map	merge	MJ024829: 法務省戸籍法関連通達・通知, 種別 戸籍統一文字情報 親字・正字, ホップ数 1
U+8AAD	𡂝	讀	reduction	mj-shrink-map	merge	MJ032697: 法務省戸籍法関連通達・通知, 種別 戸籍統一文字情報 親字・正字, ホップ数 1
U+8AB7	𤣴	誷	reduction	mj-shrink-map	merge	MJ040939: 法務省戸籍法関連通達・通知, 種別 戸籍統一文字情報 親字・正字, ホップ数 1
U+8AB7	𧦘	誷	reduction	mj-shrink-map	merge	MJ048845: 法務省戸籍法関連通達・通知, 種別 戸籍統一文字情報 親字・正字, ホップ数 1
U+8ABC	竩	誼	reduction	mj-shrink-map	merge	MJ019344: 法務省戸籍法関連通達・通知, 種別 戸籍統一文字情報 親字・正字, ホップ数 1
U+8ABC	𧧼	誼	reduction	mj-shrink-map	merge	MJ048921: 法務省戸籍法関連通達・通知, 種別 戸籍統一文字情報 親字・正字, ホップ数 1
U+8ABC	𧨏	誼	reduction	mj-shrink-map	merge	MJ048938: 法務省戸籍法関連通達・通知, 種別 戸籍統一文字情報 親字・正字, ホップ数 1
U+8ABE	𨶡	誾	reduction	mj-shrink-map	merge	MJ052235: 法務省戸籍法関連通達・通知, 種別 戸籍統一文字情報 親字・正字, ホップ数 1
U+8ABF	調	調	compatibility	unicode-ucd	merge	8ABF
U+8AC2	讇	諂	reduction	mj-shrink-map	merge	MJ024836: 法務省戸籍法関連通達・通知, 種別 戸籍統一文字情報 親字・正字, ホップ数 1
U+8AC4	諄	𧩽	itaiji	mj-kanji	merge	X0213 包摂
U+8AC4	𧩽	諄	reduction	mj-shrink-map	merge	MJ049031: 法務省戸籍法関連通達・通知, 種別 戸籍統一文字情報 親字・正字, ホップ数 1
U+8AC4	𧭫	諄	reduction	mj-shrink-map	merge	MJ049218: 法務省戸籍法関連通達・通知, 種別 戸籍統一文字情報 親字・正字, ホップ数 1
U+8AC4	𧭺	諄	reduction	mj-shrink-map	merge	MJ049229: 法務省戸籍法関連通達・通知, 種別 戸籍統一文字情報 親字・正字, ホップ数 1
U+8ACB	請	請	compatibility	unicode-ucd	merge	8ACB
U+8ACF	𧩞	諏	reduction	mj-shrink-map	merge	MJ048998: 法務省戸籍法関連通達・通知, 種別 戸籍統一文字情報 親字・正字, ホップ数 1
U+8ACF	𧩻	諏	reduction	mj-shrink-map	merge	MJ049028: 法務省戸籍法関連通達・通知, 種別 戸籍統一文字情報 親字・正字, ホップ数 1
U+8AD0	𨔃	諐	reduction	mj-shrink-map	merge	MJ050922: 法務省戸籍法関連通達・通知, 種別 戸籍統一文字情報 親字・正字, ホップ数 1
U+8AD2	諒	諒	compatibility	unicode-ucd	merge	8AD2
U+8AD6	論	論	compatibility	unicode-ucd	merge	8AD6
U+8AD6	𧪺	論	reduction	mj-shrink-map	merge	MJ049081: 法務省戸籍法関連通達・通知, 種別 戸籍統一文字情報 親字・正字, ホップ数 1
U+8AD6	𮙆	論	reduction	mj-shrink-map	merge	MJ058769: 法務省戸籍法関連通達・通知, 種別 戸籍統一文字情報 親字・正字, ホップ数 1
U+8ADC	䜓	諜	reduction	mj-shrink-map	merge	MJ004643: 法務省戸籍法関連通達・通知, 種別 戸籍統一文字情報 親字・正字, ホップ数 1
U+8ADC	𧨯	諜	reduction	mj-shrink-map	merge	MJ048960: 法務省戸籍法関連通達・通知, 種別 戸籍統一文字情報 親字・正字, ホップ数 1
U+8ADC	𧩜	諜	reduction	mj-shrink-map	merge	MJ048996: 法務省戸籍法関連通達・通知, 種別 戸籍統一文字情報 親字・正字, ホップ数 1
U+8ADE	𧫲	諞	reduction	mj-shrink-map	merge	MJ049121: 法務省戸籍法関連通達・通知, 種別 戸籍統一文字情報 親字・正字, ホップ数 1
U+8AE2	𧮘	諢	reduction	mj-shrink-map	merge	MJ049253: 法務省戸籍法関連通達・通知, 種別 戸籍統一文字情報 親字・正字, ホップ数 1
U+8AE4	讍	諤	reduction	mj-shrink-map	merge	MJ024846: 法務省戸籍法関連通達・通知, 種別 戸籍統一文字情報 親字・正字, ホップ数 1
U+8AE4	𣤲	諤	reduction	mj-shrink-map	merge	MJ038634: 法務省戸籍法関連通達・通知, 種別 戸籍統一文字情報 親字・正字, ホップ数 1
U+8AED	諭	諭	compatibility	unicode-ucd	merge	8AED
U+8AED	諭	諭	compatibility	unicode-ucd	merge	8AED
U+8AF1	𮘪	諱	reduction	mj-shrink-map	merge	MJ058749: 法務省戸籍法関連通達・通知, 種別 戸籍統一文字情報 親字・正字, ホップ数 1
U+8AF3	𧩸	諳	reduction	mj-shrink-map	merge	MJ049025: 法務省戸籍法関連通達・通知, 種別 戸籍統一文字情報 親字・正字, ホップ数 1
U+8AF3	𧫧	諳	reduction	mj-shrink-map	merge	MJ049110: 法務省戸籍法関連通達・通知, 種別 戸籍統一文字情報 親字・正字, ホップ数 1
U+8AF7	𧩠	諷	reduction	mj-shrink-map	merge	MJ049000: 法務省戸籍法関連通達・通知, 種別 戸籍統一文字情報 親字・正字, ホップ数 1
U+8AF8	諸	諸	compatibility	unicode-ucd	merge	8AF8
U+8AF8	諸	諸	compatibility	unicode-ucd	merge	8AF8
U+8AF8	𢒕	諸	reduction	mj-shrink-map	merge	MJ035764: 法務省戸籍法関連通達・通知, 種別 戸籍統一文字情報 親字・正字, ホップ数 1
U+8AF8	𣦁	諸	reduction	mj-shrink-map	merge	MJ038696: 法務省戸籍法関連通達・通知, 種別 戸籍統一文字情報 親字・正字, ホップ数 1
U+8AF8	𧭷	諸	reduction	mj-shrink-map	merge	MJ049226: 法務省戸籍法関連通達・通知, 種別 戸籍統一文字情報 親字・正字, ホップ数 1
U+8AFA	𠷗	諺	reduction	mj-shrink-map	merge	MJ032410: 法務省戸籍法関連通達・通知, 種別 戸籍統一文字情報 親字・正字, ホップ数 1
U+8AFA	𧧑	諺	reduction	mj-shrink-map	merge	MJ048887: 法務省戸籍法関連通達・通知, 種別 戸籍統一文字情報 親字・正字, ホップ数 1
U+8AFE	諾	諾	compatibility	unicode-ucd	merge	8AFE
U+8AFE	諾	諾	compatibility	unicode-ucd	merge	8AFE
U+8B00	㖼	謀	reduction	mj-shrink-map	merge	MJ000387: 法務省戸籍法関連通達・通知, 種別 戸籍統一文字情報 親字・正字, ホップ数 1
U+8B00	𠰔	謀	reduction	mj-shrink-map	merge	MJ032188: 法務省戸籍法関連通達・通知, 種別 戸籍統一文字情報 親字・正字, ホップ数 1
U+8B00	𢘓	謀	reduction	mj-shrink-map	merge	MJ036030: 法務省戸籍法関連通達・通知, 種別 戸籍統一文字情報 親字・正字, ホップ数 1
U+8B00	𧦥	謀	reduction	mj-shrink-map	merge	MJ048858: 法務省戸籍法関連通達・通知, 種別 戸籍統一文字情報 親字・正字, ホップ数 1
U+8B01	謁	謁	compatibility	unicode-ucd	merge	8B01
U+8B01	謁	謁	compatibility	unicode-ucd	merge	8B01
U+8B02	𧬴	謂	reduction	mj-shrink-map	merge	MJ049174: 法務省戸籍法関連通達・通知, 種別 戸籍統一文字情報 親字・正字, ホップ数 1
U+8B04	𦫁	謄	reduction	mj-shrink-map	merge	MJ046238: 法務省戸籍法関連通達・通知, 種別 戸籍統一文字情報 親字・正字, ホップ数 1
U+8B05	𧩖	謅	reduction	mj-shrink-map	merge	MJ048992: 法務省戸籍法関連通達・通知, 種別 戸籍統一文字情報 親字・正字, ホップ数 1
U+8B07	𧬯	謇	reduction	mj-shrink-map	merge	MJ058763: 法務省戸籍法関連通達・通知, 種別 戸籍統一文字情報 親字・正字, ホップ数 1
U+8B07	𧮎	謇	reduction	mj-shrink-map	merge	MJ049245: 法務省戸籍法関連通達・通知, 種別 戸籍統一文字情報 親字・正字, ホップ数 1
U+8B07	𮘭	謇	reduction	mj-shrink-map	merge	MJ058757: 法務省戸籍法関連通達・通知, 種別 戸籍統一文字情報 親字・正字, ホップ数 1
U+8B0E	詸	謎	reduction	mj-shrink-map	merge	MJ024470: 法務省戸籍法関連通達・通知, 種別 戸籍統一文字情報 親字・正字, ホップ数 1
U+8B10	䛑	謐	reduction	mj-shrink-map	merge	MJ004579: 法務省戸籍法関連通達・通知, 種別 戸籍統一文字情報 親字・正字, ホップ数 1
U+8B14	𧫪	謔	reduction	mj-shrink-map	merge	MJ049113: 法務省戸籍法関連通達・通知, 種別 戸籍統一文字情報 親字・正字, ホップ数 1
U+8B17	𧩂	謗	reduction	mj-shrink-map	merge	MJ048978: 法務省戸籍法関連通達・通知, 種別 戸籍統一文字情報 親字・正字, ホップ数 1
U+8B19	𧫨	謙	reduction	mj-shrink-map	merge	MJ049111: 法務省戸籍法関連通達・通知, 種別 戸籍統一文字情報 親字・正字, ホップ数 1
U+8B1A	𧨦	謚	reduction	mj-shrink-map	merge	MJ048952: 法務省戸籍法関連通達・通知, 種別 戸籍統一文字情報 親字・正字, ホップ数 1
U+8B1B	𧪿	講	reduction	mj-shrink-map	merge	MJ049082: 法務省戸籍法関連通達・通知, 種別 戸籍統一文字情報 親字・正字, ホップ数 1
U+8B1D	𧬄	謝	reduction	mj-shrink-map	merge	MJ049131: 法務省戸籍法関連通達・通知, 種別 戸籍統一文字情報 親字・正字, ホップ数 1
U+8B21	謠	謡	z	unihan	merge	謠→謡 kZVariant | 謡→謠 kZVariant
U+8B21	䚺	謠	reduction	mj-shrink-map	merge	MJ004555: 法務省戸籍法関連通達・通知, 種別 戸籍統一文字情報 親字・正字, ホップ数 1
U+8B21	謠	謡	reduction	mj-shrink-map	merge	MJ024700: 法務省戸籍法関連通達・通知, 種別 戸籍統一文字情報 親字・正字, ホップ数 1
U+8B28	謩	謨	reduction	mj-shrink-map	merge	MJ024710: 法務省戸籍法関連通達・通知, 種別 戸籍統一文字情報 親字・正字, ホップ数 1
U+8B28	𠻚	謨	reduction	mj-shrink-map	merge	MJ032502: 法務省戸籍法関連通達・通知, 種別 戸籍統一文字情報 親字・正字, ホップ数 1
U+8B28	𢜯	謨	reduction	mj-shrink-map	merge	MJ036184: 法務省戸籍法関連通達・通知, 種別 戸籍統一文字情報 親字・正字, ホップ数 1
U+8B2B	𧬍	謫	reduction	mj-shrink-map	merge	MJ049140: 法務省戸籍法関連通達・通知, 種別 戸籍統一文字情報 親字・正字, ホップ数 1
U+8B2C	𧬶	謬	reduction	mj-shrink-map	merge	MJ049176: 法務省戸籍法関連通達・通知, 種別 戸籍統一文字情報 親字・正字, ホップ数 1
U+8B2C	𮘸	謬	reduction	mj-shrink-map	merge	MJ058761: 法務省戸籍法関連通達・通知, 種別 戸籍統一文字情報 親字・正字, ホップ数 1
U+8B39	謹	謹	compatibility	unicode-ucd	merge	8B39
U+8B39	謹	謹	compatibility	unicode-ucd	merge	8B39
U+8B39	𧭩	謹	reduction	mj-shrink-map	merge	MJ049216: 法務省戸籍法関連通達・通知, 種別 戸籍統一文字情報 親字・正字, ホップ数 1
U+8B3E	䛲	謾	reduction	mj-shrink-map	merge	MJ004611: 法務省戸籍法関連通達・通知, 種別 戸籍統一文字情報 親字・正字, ホップ数 1
U+8B3E	𠿐	謾	reduction	mj-shrink-map	merge	MJ032609: 法務省戸籍法関連通達・通知, 種別 戸籍統一文字情報 親字・正字, ホップ数 1
U+8B3E	𧫩	謾	reduction	mj-shrink-map	merge	MJ049112: 法務省戸籍法関連通達・通知, 種別 戸籍統一文字情報 親字・正字, ホップ数 1
U+8B3E	𧬒	謾	reduction	mj-shrink-map	merge	MJ049145: 法務省戸籍法関連通達・通知, 種別 戸籍統一文字情報 親字・正字, ホップ数 1
U+8B41	𧮉	譁	reduction	mj-shrink-map	merge	MJ049242: 法務省戸籍法関連通達・通知, 種別 戸籍統一文字情報 親字・正字, ホップ数 1
U+8B54	𧩿	譔	reduction	mj-shrink-map	merge	MJ049034: 法務省戸籍法関連通達・通知, 種別 戸籍統一文字情報 親字・正字, ホップ数 1
U+8B56	譛	譖	reduction	mj-shrink-map	merge	MJ024781: 法務省戸籍法関連通達・通知, 種別 戸籍統一文字情報 親字・正字, ホップ数 1
U+8B56	譖	譛	variant	cjkvi-variants	corroborates	譖→譛 jisx0212/variant | 譛→譖 jisx0213/variant
U+8B56	譖	譛	variant	hng-basic-data	corroborates	11169
U+8B56	譖	譛	variant	wikidata	corroborates	Q109762826; P248 Q10427532 | Q109762831; P248 Q10427532
U+8B58	識	識	compatibility	unicode-ucd	merge	8B58
U+8B58	𢨞	識	reduction	mj-shrink-map	merge	MJ036646: 法務省戸籍法関連通達・通知, 種別 戸籍統一文字情報 親字・正字, ホップ数 1
U+8B58	𧥾	識	reduction	mj-shrink-map	merge	MJ048833: 法務省戸籍法関連通達・通知, 種別 戸籍統一文字情報 親字・正字, ホップ数 1
U+8B58	𧨺	識	reduction	mj-shrink-map	merge	MJ048971: 法務省戸籍法関連通達・通知, 種別 戸籍統一文字情報 親字・正字, ホップ数 1
U+8B58	𧬣	識	reduction	mj-shrink-map	merge	MJ049157: 法務省戸籍法関連通達・通知, 種別 戸籍統一文字情報 親字・正字, ホップ数 1
U+8B5C	諩	譜	reduction	mj-shrink-map	merge	MJ024614: 法務省戸籍法関連通達・通知, 種別 戸籍統一文字情報 親字・正字, ホップ数 1
U+8B5C	𧫭	譜	reduction	mj-shrink-map	merge	MJ049116: 法務省戸籍法関連通達・通知, 種別 戸籍統一文字情報 親字・正字, ホップ数 1
U+8B5C	𧭘	譜	reduction	mj-shrink-map	merge	MJ049200: 法務省戸籍法関連通達・通知, 種別 戸籍統一文字情報 親字・正字, ホップ数 1
U+8B5E	𧭴	譞	reduction	mj-shrink-map	merge	MJ049224: 法務省戸籍法関連通達・通知, 種別 戸籍統一文字情報 親字・正字, ホップ数 1
U+8B66	䜘	警	reduction	mj-shrink-map	merge	MJ004646: 法務省戸籍法関連通達・通知, 種別 戸籍統一文字情報 親字・正字, ホップ数 1
U+8B70	𧭖	議	reduction	mj-shrink-map	merge	MJ049199: 法務省戸籍法関連通達・通知, 種別 戸籍統一文字情報 親字・正字, ホップ数 1
U+8B72	讓	譲	reduction	mj-shrink-map	merge	MJ024852: 法務省戸籍法関連通達・通知, 種別 戸籍統一文字情報 親字・正字, ホップ数 1
U+8B72	𦦬	讓	reduction	mj-shrink-map	merge	MJ046037: 法務省戸籍法関連通達・通知, 種別 戸籍統一文字情報 親字・正字, ホップ数 1
U+8B72	𧮨	讓	reduction	mj-shrink-map	merge	MJ049267: 法務省戸籍法関連通達・通知, 種別 戸籍統一文字情報 親字・正字, ホップ数 1
U+8B76	𧭛	譶	reduction	mj-shrink-map	merge	MJ049202: 法務省戸籍法関連通達・通知, 種別 戸籍統一文字情報 親字・正字, ホップ数 1
U+8B76	𨑂	譶	reduction	mj-shrink-map	merge	MJ050759: 法務省戸籍法関連通達・通知, 種別 戸籍統一文字情報 親字・正字, ホップ数 1
U+8B83	讚	讃	reduction	mj-shrink-map	merge	MJ024860: 法務省戸籍法関連通達・通知, 種別 戸籍統一文字情報 親字・正字, ホップ数 1
U+8B83	讃	讚	variant	cjkvi-variants	corroborates	讃→讚 jisx0212/variant | 讃→讚 jisx0213/variant | 讚→讃 hydzd/variant | 讚→讃 twedu/variant
U+8B83	讃	讚	variant	hng-basic-data	corroborates	11229
U+8B83	讃	讚	variant	wikidata	corroborates	Q109762876; P248 Q10427532 | Q109762900; P248 Q10427532
U+8B83	讃	讚	equivalent	yitizi	corroborates	ytenx/JihThex.csv
U+8B8B	𧮩	讋	reduction	mj-shrink-map	merge	MJ049268: 法務省戸籍法関連通達・通知, 種別 戸籍統一文字情報 親字・正字, ホップ数 1
U+8B8C	𧮃	讌	reduction	mj-shrink-map	merge	MJ049236: 法務省戸籍法関連通達・通知, 種別 戸籍統一文字情報 親字・正字, ホップ数 1
U+8B8E	讐	讎	reduction	mj-shrink-map	merge	MJ024849: 法務省戸籍法関連通達・通知, 種別 戸籍統一文字情報 親字・正字, ホップ数 1
U+8B8E	讎	讐	variant	cjkvi-variants	corroborates	讎→讐 hydzd/variant | 讎→讐 twedu/variant | 讐→讎 jisx0212/variant | 讐→讎 jisx0213/variant
U+8B8E	讎	讐	variant	wikidata	corroborates	Q109762888; P248 Q10427532 | Q109762890; P248 Q10427532
U+8B8E	𠵁	讎	reduction	mj-shrink-map	merge	MJ032332: 法務省戸籍法関連通達・通知, 種別 戸籍統一文字情報 親字・正字, ホップ数 1
U+8B8E	𢛇	讎	reduction	mj-shrink-map	merge	MJ036130: 法務省戸籍法関連通達・通知, 種別 戸籍統一文字情報 親字・正字, ホップ数 1
U+8B8E	𢢧	讎	reduction	mj-shrink-map	merge	MJ036415: 法務省戸籍法関連通達・通知, 種別 戸籍統一文字情報 親字・正字, ホップ数 1
U+8B8E	𩀕	讎	reduction	mj-shrink-map	merge	MJ052640: 法務省戸籍法関連通達・通知, 種別 戸籍統一文字情報 親字・正字, ホップ数 1
U+8B92	䜛	讒	reduction	mj-shrink-map	merge	MJ004650: 法務省戸籍法関連通達・通知, 種別 戸籍統一文字情報 親字・正字, ホップ数 1
U+8B94	𧮐	讔	reduction	mj-shrink-map	merge	MJ049247: 法務省戸籍法関連通達・通知, 種別 戸籍統一文字情報 親字・正字, ホップ数 1
U+8B95	譋	讕	reduction	mj-shrink-map	merge	MJ024757: 法務省戸籍法関連通達・通知, 種別 戸籍統一文字情報 親字・正字, ホップ数 1
U+8B96	䜟	讖	reduction	mj-shrink-map	merge	MJ004654: 法務省戸籍法関連通達・通知, 種別 戸籍統一文字情報 親字・正字, ホップ数 1
U+8B9C	譡	讜	reduction	mj-shrink-map	merge	MJ024788: 法務省戸籍法関連通達・通知, 種別 戸籍統一文字情報 親字・正字, ホップ数 1
U+8B9C	𧩡	讜	reduction	mj-shrink-map	merge	MJ049001: 法務省戸籍法関連通達・通知, 種別 戸籍統一文字情報 親字・正字, ホップ数 1
U+8B9C	𧭢	讜	reduction	mj-shrink-map	merge	MJ049209: 法務省戸籍法関連通達・通知, 種別 戸籍統一文字情報 親字・正字, ホップ数 1
U+8B9E	𤅊	讞	reduction	mj-shrink-map	merge	MJ039810: 法務省戸籍法関連通達・通知, 種別 戸籍統一文字情報 親字・正字, ホップ数 1
U+8B9E	𮘾	讞	reduction	mj-shrink-map	merge	MJ058765: 法務省戸籍法関連通達・通知, 種別 戸籍統一文字情報 親字・正字, ホップ数 1
U+8C37	𡵾	谷	reduction	mj-shrink-map	merge	MJ034521: 法務省戸籍法関連通達・通知, 種別 戸籍統一文字情報 親字・正字, ホップ数 1
U+8C3A	𧯋	谺	reduction	mj-shrink-map	merge	MJ049299: 法務省戸籍法関連通達・通知, 種別 戸籍統一文字情報 親字・正字, ホップ数 1
U+8C3A	𧯓	谺	reduction	mj-shrink-map	merge	MJ049307: 法務省戸籍法関連通達・通知, 種別 戸籍統一文字情報 親字・正字, ホップ数 1
U+8C3D	𧮰	谽	reduction	mj-shrink-map	merge	MJ049274: 法務省戸籍法関連通達・通知, 種別 戸籍統一文字情報 親字・正字, ホップ数 1
U+8C3F	嵠	谿	reduction	mj-shrink-map	merge	MJ010624: 法務省戸籍法関連通達・通知, 種別 戸籍統一文字情報 親字・正字, ホップ数 1
U+8C3F	豀	谿	reduction	mj-shrink-map	merge	MJ024880: 法務省戸籍法関連通達・通知, 種別 戸籍統一文字情報 親字・正字, ホップ数 1
U+8C41	𧯆	豁	reduction	mj-shrink-map	merge	MJ049294: 法務省戸籍法関連通達・通知, 種別 戸籍統一文字情報 親字・正字, ホップ数 1
U+8C45	𮨷	豅	reduction	mj-shrink-map	merge	MJ059040: 法務省戸籍法関連通達・通知, 種別 戸籍統一文字情報 親字・正字, ホップ数 1
U+8C46	䇺	豆	reduction	mj-shrink-map	merge	MJ003299: 法務省戸籍法関連通達・通知, 種別 戸籍統一文字情報 親字・正字, ホップ数 1
U+8C46	𣅋	豆	reduction	mj-shrink-map	merge	MJ037622: 法務省戸籍法関連通達・通知, 種別 戸籍統一文字情報 親字・正字, ホップ数 1
U+8C46	𣅣	豆	reduction	mj-shrink-map	merge	MJ037638: 法務省戸籍法関連通達・通知, 種別 戸籍統一文字情報 親字・正字, ホップ数 1
U+8C46	𤽋	豆	reduction	mj-shrink-map	merge	MJ041890: 法務省戸籍法関連通達・通知, 種別 戸籍統一文字情報 親字・正字, ホップ数 1
U+8C46	𧯚	豆	reduction	mj-shrink-map	merge	MJ049313: 法務省戸籍法関連通達・通知, 種別 戸籍統一文字情報 親字・正字, ホップ数 1
U+8C46	𧯜	豆	reduction	mj-shrink-map	merge	MJ049315: 法務省戸籍法関連通達・通知, 種別 戸籍統一文字情報 親字・正字, ホップ数 1
U+8C48	豈	豈	compatibility	unicode-ucd	merge	8C48
U+8C49	䜵	豉	reduction	mj-shrink-map	merge	MJ004670: 法務省戸籍法関連通達・通知, 種別 戸籍統一文字情報 親字・正字, ホップ数 1
U+8C49	䜻	豉	reduction	mj-shrink-map	merge	MJ004676: 法務省戸籍法関連通達・通知, 種別 戸籍統一文字情報 親字・正字, ホップ数 1
U+8C4A	灃	豐	reduction	mj-shrink-map	merge	MJ016214: 法務省戸籍法関連通達・通知, 種別 戸籍統一文字情報 親字・正字, ホップ数 1
U+8C4A	豐	豊	reduction	mj-shrink-map	merge	MJ024900: 法務省戸籍法関連通達・通知, 種別 戸籍統一文字情報 親字・正字, ホップ数 1
U+8C4A	𣍈	豐	reduction	mj-shrink-map	merge	MJ037863: 法務省戸籍法関連通達・通知, 種別 戸籍統一文字情報 親字・正字, ホップ数 1
U+8C4A	𧯮	豐	reduction	mj-shrink-map	merge	MJ049330: 法務省戸籍法関連通達・通知, 種別 戸籍統一文字情報 親字・正字, ホップ数 1
U+8C4A	𧯽	豊	reduction	mj-shrink-map	merge	MJ049343: 法務省戸籍法関連通達・通知, 種別 戸籍統一文字情報 親字・正字, ホップ数 1
U+8C4A	𮙘	豐	reduction	mj-shrink-map	merge	MJ058777: 法務省戸籍法関連通達・通知, 種別 戸籍統一文字情報 親字・正字, ホップ数 1
U+8C4C	𧯳	豌	reduction	mj-shrink-map	merge	MJ049336: 法務省戸籍法関連通達・通知, 種別 戸籍統一文字情報 親字・正字, ホップ数 1
U+8C55	豕	豕	compatibility	unicode-ucd	merge	8C55
U+8C55	𧰬	豕	reduction	mj-shrink-map	merge	MJ049377: 法務省戸籍法関連通達・通知, 種別 戸籍統一文字情報 親字・正字, ホップ数 1
U+8C57	䝇	豗	reduction	mj-shrink-map	merge	MJ004687: 法務省戸籍法関連通達・通知, 種別 戸籍統一文字情報 親字・正字, ホップ数 1
U+8C5A	㞘	豚	reduction	mj-shrink-map	merge	MJ000807: 法務省戸籍法関連通達・通知, 種別 戸籍統一文字情報 親字・正字, ホップ数 1
U+8C5A	㹠	豚	reduction	mj-shrink-map	merge	MJ002415: 法務省戸籍法関連通達・通知, 種別 戸籍統一文字情報 親字・正字, ホップ数 1
U+8C5A	豘	豚	reduction	mj-shrink-map	merge	MJ024911: 法務省戸籍法関連通達・通知, 種別 戸籍統一文字情報 親字・正字, ホップ数 1
U+8C5A	𡰪	豚	reduction	mj-shrink-map	merge	MJ034307: 法務省戸籍法関連通達・通知, 種別 戸籍統一文字情報 親字・正字, ホップ数 1
U+8C5A	𢄉	豚	reduction	mj-shrink-map	merge	MJ035116: 法務省戸籍法関連通達・通知, 種別 戸籍統一文字情報 親字・正字, ホップ数 1
U+8C5A	𤜨	㹠	reduction	mj-shrink-map	merge	MJ040613: 法務省戸籍法関連通達・通知, 種別 戸籍統一文字情報 親字・正字, ホップ数 1
U+8C5A	𦚌	豚	reduction	mj-shrink-map	merge	MJ045527: 法務省戸籍法関連通達・通知, 種別 戸籍統一文字情報 親字・正字, ホップ数 1
U+8C5A	𧱔	豚	reduction	mj-shrink-map	merge	MJ049411: 法務省戸籍法関連通達・通知, 種別 戸籍統一文字情報 親字・正字, ホップ数 1
U+8C5A	𧱮	豚	reduction	mj-shrink-map	merge	MJ049434: 法務省戸籍法関連通達・通知, 種別 戸籍統一文字情報 親字・正字, ホップ数 1
U+8C5A	𧱯	豚	reduction	mj-shrink-map	merge	MJ049435: 法務省戸籍法関連通達・通知, 種別 戸籍統一文字情報 親字・正字, ホップ数 1
U+8C5A	𭷺	㹠	reduction	mj-shrink-map	merge	MJ058028: 法務省戸籍法関連通達・通知, 種別 戸籍統一文字情報 親字・正字, ホップ数 1
U+8C5A	𮙣	豚	reduction	mj-shrink-map	merge	MJ049443: 法務省戸籍法関連通達・通知, 種別 戸籍統一文字情報 親字・正字, ホップ数 1
U+8C5C	豜	豣	z	unihan	merge	豜→豣 kZVariant | 豣→豜 kZVariant
U+8C61	象	𧰼	itaiji	mj-kanji	merge	X0213 包摂
U+8C61	𤉢	象	reduction	mj-shrink-map	merge	MJ039930: 法務省戸籍法関連通達・通知, 種別 戸籍統一文字情報 親字・正字, ホップ数 1
U+8C61	𧰼	象	reduction	mj-shrink-map	merge	MJ049391: 法務省戸籍法関連通達・通知, 種別 戸籍統一文字情報 親字・正字, ホップ数 1
U+8C62	㹖	豢	reduction	mj-shrink-map	merge	MJ002405: 法務省戸籍法関連通達・通知, 種別 戸籍統一文字情報 親字・正字, ホップ数 1
U+8C69	𧲏	豩	reduction	mj-shrink-map	merge	MJ049462: 法務省戸籍法関連通達・通知, 種別 戸籍統一文字情報 親字・正字, ホップ数 1
U+8C6A	儫	豪	reduction	mj-shrink-map	merge	MJ007181: 法務省戸籍法関連通達・通知, 種別 戸籍統一文字情報 親字・正字, ホップ数 1
U+8C6A	𢑸	豪	reduction	mj-shrink-map	merge	MJ035745: 法務省戸籍法関連通達・通知, 種別 戸籍統一文字情報 親字・正字, ホップ数 1
U+8C6A	𩫕	豪	reduction	mj-shrink-map	merge	MJ054655: 法務省戸籍法関連通達・通知, 種別 戸籍統一文字情報 親字・正字, ホップ数 1
U+8C78	𦎋	豸	reduction	mj-shrink-map	merge	MJ045016: 法務省戸籍法関連通達・通知, 種別 戸籍統一文字情報 親字・正字, ホップ数 1
U+8C78	𧋈	豸	reduction	mj-shrink-map	merge	MJ047570: 法務省戸籍法関連通達・通知, 種別 戸籍統一文字情報 親字・正字, ホップ数 1
U+8C78	𧳃	豸	reduction	mj-shrink-map	merge	MJ049509: 法務省戸籍法関連通達・通知, 種別 戸籍統一文字情報 親字・正字, ホップ数 1
U+8C7A	犲	豺	reduction	mj-shrink-map	merge	MJ016893: 法務省戸籍法関連通達・通知, 種別 戸籍統一文字情報 親字・正字, ホップ数 1
U+8C7A	犲	豺	variant	cjkvi-variants	corroborates	犲→豺 jisx0212/variant | 犲→豺 jisx0213/variant | 豺→犲 hydzd/variant | 豺→犲 twedu/variant
U+8C7A	犲	豺	variant	wikidata	corroborates	Q109753841; P248 Q10427532 | Q109763192; P248 Q10427532
U+8C7A	𤝦	犲	reduction	mj-shrink-map	merge	MJ040667: 法務省戸籍法関連通達・通知, 種別 戸籍統一文字情報 親字・正字, ホップ数 1
U+8C82	鼦	貂	reduction	mj-shrink-map	merge	MJ030010: 法務省戸籍法関連通達・通知, 種別 戸籍統一文字情報 親字・正字, ホップ数 1
U+8C82	𪔸	貂	reduction	mj-shrink-map	merge	MJ056473: 法務省戸籍法関連通達・通知, 種別 戸籍統一文字情報 親字・正字, ホップ数 1
U+8C85	㹯	貅	reduction	mj-shrink-map	merge	MJ002428: 法務省戸籍法関連通達・通知, 種別 戸籍統一文字情報 親字・正字, ホップ数 1
U+8C85	䝗	貅	reduction	mj-shrink-map	merge	MJ004703: 法務省戸籍法関連通達・通知, 種別 戸籍統一文字情報 親字・正字, ホップ数 1
U+8C8A	貃	貊	reduction	mj-shrink-map	merge	MJ024966: 法務省戸籍法関連通達・通知, 種別 戸籍統一文字情報 親字・正字, ホップ数 1
U+8C8A	𨉍	貊	reduction	mj-shrink-map	merge	MJ050416: 法務省戸籍法関連通達・通知, 種別 戸籍統一文字情報 親字・正字, ホップ数 1
U+8C8C	㹸	貌	reduction	mj-shrink-map	merge	MJ002436: 法務省戸籍法関連通達・通知, 種別 戸籍統一文字情報 親字・正字, ホップ数 1
U+8C8C	䫉	貌	reduction	mj-shrink-map	merge	MJ005553: 法務省戸籍法関連通達・通知, 種別 戸籍統一文字情報 親字・正字, ホップ数 1
U+8C8C	𧳒	貌	reduction	mj-shrink-map	merge	MJ049522: 法務省戸籍法関連通達・通知, 種別 戸籍統一文字情報 親字・正字, ホップ数 1
U+8C8C	𧳖	貌	reduction	mj-shrink-map	merge	MJ049524: 法務省戸籍法関連通達・通知, 種別 戸籍統一文字情報 親字・正字, ホップ数 1
U+8C8C	𭽇	貌	reduction	mj-shrink-map	merge	MJ058136: 法務省戸籍法関連通達・通知, 種別 戸籍統一文字情報 親字・正字, ホップ数 1
U+8C8C	𮙪	貌	reduction	mj-shrink-map	merge	MJ058782: 法務省戸籍法関連通達・通知, 種別 戸籍統一文字情報 親字・正字, ホップ数 1
U+8C8D	𧴔	貍	reduction	mj-shrink-map	merge	MJ049571: 法務省戸籍法関連通達・通知, 種別 戸籍統一文字情報 親字・正字, ホップ数 1
U+8C92	猯	貒	reduction	mj-shrink-map	merge	MJ017014: 法務省戸籍法関連通達・通知, 種別 戸籍統一文字情報 親字・正字, ホップ数 1
U+8C92	𧳩	貒	reduction	mj-shrink-map	merge	MJ049539: 法務省戸籍法関連通達・通知, 種別 戸籍統一文字情報 親字・正字, ホップ数 1
U+8C92	𧳲	貒	reduction	mj-shrink-map	merge	MJ049546: 法務省戸籍法関連通達・通知, 種別 戸籍統一文字情報 親字・正字, ホップ数 1
U+8C94	豼	貔	reduction	mj-shrink-map	merge	MJ024959: 法務省戸籍法関連通達・通知, 種別 戸籍統一文字情報 親字・正字, ホップ数 1
U+8C94	豼	貔	variant	cjkvi-variants	corroborates	豼→貔 jisx0213/variant | 貔→豼 hydzd/variant | 貔→豼 jisx0212/variant | 貔→豼 twedu/variant
U+8C94	豼	貔	variant	wikidata	corroborates	Q109763195; P248 Q10427532 | Q109763235; P248 Q10427532
U+8C94	𤠞	貔	reduction	mj-shrink-map	merge	MJ040799: 法務省戸籍法関連通達・通知, 種別 戸籍統一文字情報 親字・正字, ホップ数 1
U+8C9B	䝔	貛	reduction	mj-shrink-map	merge	MJ004700: 法務省戸籍法関連通達・通知, 種別 戸籍統一文字情報 親字・正字, ホップ数 1
U+8C9B	犿	貛	reduction	mj-shrink-map	merge	MJ016906: 法務省戸籍法関連通達・通知, 種別 戸籍統一文字情報 親字・正字, ホップ数 1
U+8C9D	𪚾	貝	reduction	mj-shrink-map	merge	MJ056799: 法務省戸籍法関連通達・通知, 種別 戸籍統一文字情報 親字・正字, ホップ数 1
U+8C9E	𠨀	貞	reduction	mj-shrink-map	merge	MJ031807: 法務省戸籍法関連通達・通知, 種別 戸籍統一文字情報 親字・正字, ホップ数 1
U+8CA1	㒲	財	reduction	mj-shrink-map	merge	MJ000138: 法務省戸籍法関連通達・通知, 種別 戸籍統一文字情報 親字・正字, ホップ数 1
U+8CA1	戝	財	reduction	mj-shrink-map	merge	MJ012076: 法務省戸籍法関連通達・通知, 種別 戸籍統一文字情報 親字・正字, ホップ数 1
U+8CA1	戝	財	variant	cjkvi-variants	corroborates	財→戝 jisx0212/variant | 財→戝 jisx0213/variant
U+8CA1	戝	財	variant	hng-basic-data	corroborates	11334
U+8CA1	𧴶	財	reduction	mj-shrink-map	merge	MJ049599: 法務省戸籍法関連通達・通知, 種別 戸籍統一文字情報 親字・正字, ホップ数 1
U+8CA1	𧸄	財	reduction	mj-shrink-map	merge	MJ049728: 法務省戸籍法関連通達・通知, 種別 戸籍統一文字情報 親字・正字, ホップ数 1
U+8CA4	䝯	貤	reduction	mj-shrink-map	merge	MJ004729: 法務省戸籍法関連通達・通知, 種別 戸籍統一文字情報 親字・正字, ホップ数 1
U+8CA7	𡧋	貧	reduction	mj-shrink-map	merge	MJ033944: 法務省戸籍法関連通達・通知, 種別 戸籍統一文字情報 親字・正字, ホップ数 1
U+8CA8	𣱷	貨	reduction	mj-shrink-map	merge	MJ039192: 法務省戸籍法関連通達・通知, 種別 戸籍統一文字情報 親字・正字, ホップ数 1
U+8CA8	𧴦	貨	reduction	mj-shrink-map	merge	MJ049588: 法務省戸籍法関連通達・通知, 種別 戸籍統一文字情報 親字・正字, ホップ数 1
U+8CA8	𧵰	貨	reduction	mj-shrink-map	merge	MJ049638: 法務省戸籍法関連通達・通知, 種別 戸籍統一文字情報 親字・正字, ホップ数 1
U+8CA9	𧶶	販	reduction	mj-shrink-map	merge	MJ049679: 法務省戸籍法関連通達・通知, 種別 戸籍統一文字情報 親字・正字, ホップ数 1
U+8CAA	𮙿	貪	reduction	mj-shrink-map	merge	MJ058787: 法務省戸籍法関連通達・通知, 種別 戸籍統一文字情報 親字・正字, ホップ数 1
U+8CAA	𮚃	貪	reduction	mj-shrink-map	merge	MJ058789: 法務省戸籍法関連通達・通知, 種別 戸籍統一文字情報 親字・正字, ホップ数 1
U+8CAB	貫	貫	compatibility	unicode-ucd	merge	8CAB
U+8CAB	䝺	貫	reduction	mj-shrink-map	merge	MJ004739: 法務省戸籍法関連通達・通知, 種別 戸籍統一文字情報 親字・正字, ホップ数 1
U+8CAB	𢿒	貫	reduction	mj-shrink-map	merge	MJ037373: 法務省戸籍法関連通達・通知, 種別 戸籍統一文字情報 親字・正字, ホップ数 1
U+8CAC	𧵩	責	reduction	mj-shrink-map	merge	MJ049631: 法務省戸籍法関連通達・通知, 種別 戸籍統一文字情報 親字・正字, ホップ数 1
U+8CAF	𡪄	貯	reduction	mj-shrink-map	merge	MJ034061: 法務省戸籍法関連通達・通知, 種別 戸籍統一文字情報 親字・正字, ホップ数 1
U+8CB0	𧴹	貰	reduction	mj-shrink-map	merge	MJ049602: 法務省戸籍法関連通達・通知, 種別 戸籍統一文字情報 親字・正字, ホップ数 1
U+8CB0	𧶚	貰	reduction	mj-shrink-map	merge	MJ049661: 法務省戸籍法関連通達・通知, 種別 戸籍統一文字情報 親字・正字, ホップ数 1
U+8CB4	䝿	貴	reduction	mj-shrink-map	merge	MJ004745: 法務省戸籍法関連通達・通知, 種別 戸籍統一文字情報 親字・正字, ホップ数 1
U+8CB4	𡭙	貴	reduction	mj-shrink-map	merge	MJ034193: 法務省戸籍法関連通達・通知, 種別 戸籍統一文字情報 親字・正字, ホップ数 1
U+8CB4	𧶪	貴	reduction	mj-shrink-map	merge	MJ049673: 法務省戸籍法関連通達・通知, 種別 戸籍統一文字情報 親字・正字, ホップ数 1
U+8CB4	𧸋	貴	reduction	mj-shrink-map	merge	MJ049734: 法務省戸籍法関連通達・通知, 種別 戸籍統一文字情報 親字・正字, ホップ数 1
U+8CB4	𮙲	貴	reduction	mj-shrink-map	merge	MJ058785: 法務省戸籍法関連通達・通知, 種別 戸籍統一文字情報 親字・正字, ホップ数 1
U+8CB6	𡬯	貶	reduction	mj-shrink-map	merge	MJ034166: 法務省戸籍法関連通達・通知, 種別 戸籍統一文字情報 親字・正字, ホップ数 1
U+8CB6	𦥧	貶	reduction	mj-shrink-map	merge	MJ045981: 法務省戸籍法関連通達・通知, 種別 戸籍統一文字情報 親字・正字, ホップ数 1
U+8CB6	𧴷	貶	reduction	mj-shrink-map	merge	MJ049600: 法務省戸籍法関連通達・通知, 種別 戸籍統一文字情報 親字・正字, ホップ数 1
U+8CB7	𧵽	買	reduction	mj-shrink-map	merge	MJ049643: 法務省戸籍法関連通達・通知, 種別 戸籍統一文字情報 親字・正字, ホップ数 1
U+8CB8	𣃐	貸	reduction	mj-shrink-map	merge	MJ037537: 法務省戸籍法関連通達・通知, 種別 戸籍統一文字情報 親字・正字, ホップ数 1
U+8CBF	𡭌	貿	reduction	mj-shrink-map	merge	MJ034185: 法務省戸籍法関連通達・通知, 種別 戸籍統一文字情報 親字・正字, ホップ数 1
U+8CBF	𧴵	貿	reduction	mj-shrink-map	merge	MJ049598: 法務省戸籍法関連通達・通知, 種別 戸籍統一文字情報 親字・正字, ホップ数 1
U+8CBF	𧵍	貿	reduction	mj-shrink-map	merge	MJ049613: 法務省戸籍法関連通達・通知, 種別 戸籍統一文字情報 親字・正字, ホップ数 1
U+8CBF	𧶻	貿	reduction	mj-shrink-map	merge	MJ049684: 法務省戸籍法関連通達・通知, 種別 戸籍統一文字情報 親字・正字, ホップ数 1
U+8CC1	賁	賁	compatibility	unicode-ucd	merge	8CC1
U+8CC2	賂	賂	compatibility	unicode-ucd	merge	8CC2
U+8CC4	𧶅	賄	reduction	mj-shrink-map	merge	MJ049647: 法務省戸籍法関連通達・通知, 種別 戸籍統一文字情報 親字・正字, ホップ数 1
U+8CC7	𣣬	資	reduction	mj-shrink-map	merge	MJ038583: 法務省戸籍法関連通達・通知, 種別 戸籍統一文字情報 親字・正字, ホップ数 1
U+8CC7	𧷕	資	reduction	mj-shrink-map	merge	MJ049701: 法務省戸籍法関連通達・通知, 種別 戸籍統一文字情報 親字・正字, ホップ数 1
U+8CC7	𪗑	資	reduction	mj-shrink-map	merge	MJ056594: 法務省戸籍法関連通達・通知, 種別 戸籍統一文字情報 親字・正字, ホップ数 1
U+8CC8	賈	賈	compatibility	unicode-ucd	merge	8CC8
U+8CCA	𧵪	賊	reduction	mj-shrink-map	merge	MJ049632: 法務省戸籍法関連通達・通知, 種別 戸籍統一文字情報 親字・正字, ホップ数 1
U+8CCA	𮚆	賊	reduction	mj-shrink-map	merge	MJ058791: 法務省戸籍法関連通達・通知, 種別 戸籍統一文字情報 親字・正字, ホップ数 1
U+8CD3	賓	賓	compatibility	unicode-ucd	merge	8CD3
U+8CD3	䆥	賓	reduction	mj-shrink-map	merge	MJ003211: 法務省戸籍法関連通達・通知, 種別 戸籍統一文字情報 親字・正字, ホップ数 1
U+8CD3	賔	賓	reduction	mj-shrink-map	merge	MJ025063: 法務省戸籍法関連通達・通知, 種別 戸籍統一文字情報 親字・正字, ホップ数 1
U+8CD3	𡪛	賓	reduction	mj-shrink-map	merge	MJ034074: 法務省戸籍法関連通達・通知, 種別 戸籍統一文字情報 親字・正字, ホップ数 1
U+8CD3	𡫅	賓	reduction	mj-shrink-map	merge	MJ034100: 法務省戸籍法関連通達・通知, 種別 戸籍統一文字情報 親字・正字, ホップ数 1
U+8CD3	𤍘	賓	reduction	mj-shrink-map	merge	MJ040025: 法務省戸籍法関連通達・通知, 種別 戸籍統一文字情報 親字・正字, ホップ数 1
U+8CD3	𥦎	賓	reduction	mj-shrink-map	merge	MJ043457: 法務省戸籍法関連通達・通知, 種別 戸籍統一文字情報 親字・正字, ホップ数 1
U+8CD3	𧶉	賓	reduction	mj-shrink-map	merge	MJ049651: 法務省戸籍法関連通達・通知, 種別 戸籍統一文字情報 親字・正字, ホップ数 1
U+8CD3	𧶎	賓	reduction	mj-shrink-map	merge	MJ049656: 法務省戸籍法関連通達・通知, 種別 戸籍統一文字情報 親字・正字, ホップ数 1
U+8CD6	賒	賖	reduction	mj-shrink-map	merge	MJ025061: 法務省戸籍法関連通達・通知, 種別 戸籍統一文字情報 親字・正字, ホップ数 1
U+8CD6	𧴳	賖	reduction	mj-shrink-map	merge	MJ049596: 法務省戸籍法関連通達・通知, 種別 戸籍統一文字情報 親字・正字, ホップ数 1
U+8CDA	𧶛	賚	reduction	mj-shrink-map	merge	MJ049662: 法務省戸籍法関連通達・通知, 種別 戸籍統一文字情報 親字・正字, ホップ数 1
U+8CDA	𧷖	賚	reduction	mj-shrink-map	merge	MJ049702: 法務省戸籍法関連通達・通知, 種別 戸籍統一文字情報 親字・正字, ホップ数 1
U+8CDA	𮚅	賚	reduction	mj-shrink-map	merge	MJ058792: 法務省戸籍法関連通達・通知, 種別 戸籍統一文字情報 親字・正字, ホップ数 1
U+8CDB	贊	賛	reduction	mj-shrink-map	merge	MJ025125: 法務省戸籍法関連通達・通知, 種別 戸籍統一文字情報 親字・正字, ホップ数 1
U+8CDB	𮚋	贊	reduction	mj-shrink-map	merge	MJ058793: 法務省戸籍法関連通達・通知, 種別 戸籍統一文字情報 親字・正字, ホップ数 1
U+8CDB	𮚌	贊	reduction	mj-shrink-map	merge	MJ058794: 法務省戸籍法関連通達・通知, 種別 戸籍統一文字情報 親字・正字, ホップ数 1
U+8CDC	𧶽	賜	reduction	mj-shrink-map	merge	MJ049685: 法務省戸籍法関連通達・通知, 種別 戸籍統一文字情報 親字・正字, ホップ数 1
U+8CDE	𮚑	賞	reduction	mj-shrink-map	merge	MJ058795: 法務省戸籍法関連通達・通知, 種別 戸籍統一文字情報 親字・正字, ホップ数 1
U+8CE2	䝨	賢	reduction	mj-shrink-map	merge	MJ004721: 法務省戸籍法関連通達・通知, 種別 戸籍統一文字情報 親字・正字, ホップ数 1
U+8CE2	贒	賢	reduction	mj-shrink-map	merge	MJ025139: 法務省戸籍法関連通達・通知, 種別 戸籍統一文字情報 親字・正字, ホップ数 1
U+8CE4	𧶤	賤	reduction	mj-shrink-map	merge	MJ049671: 法務省戸籍法関連通達・通知, 種別 戸籍統一文字情報 親字・正字, ホップ数 1
U+8CE6	䝾	賦	reduction	mj-shrink-map	merge	MJ004744: 法務省戸籍法関連通達・通知, 種別 戸籍統一文字情報 親字・正字, ホップ数 1
U+8CE6	𧵐	賦	reduction	mj-shrink-map	merge	MJ049617: 法務省戸籍法関連通達・通知, 種別 戸籍統一文字情報 親字・正字, ホップ数 1
U+8CE6	𧶣	賦	reduction	mj-shrink-map	merge	MJ049670: 法務省戸籍法関連通達・通知, 種別 戸籍統一文字情報 親字・正字, ホップ数 1
U+8CE6	𧷲	賦	reduction	mj-shrink-map	merge	MJ049717: 法務省戸籍法関連通達・通知, 種別 戸籍統一文字情報 親字・正字, ホップ数 1
U+8CEA	貭	質	reduction	mj-shrink-map	merge	MJ025017: 法務省戸籍法関連通達・通知, 種別 戸籍統一文字情報 親字・正字, ホップ数 1
U+8CEA	貭	質	variant	cjkvi-variants	corroborates	質→貭 hydzd/variant | 質→貭 jisx0212/variant | 質→貭 jisx0213/variant | 質→貭 twedu/variant
U+8CEA	貭	質	variant	hng-basic-data	corroborates	11404
U+8CEA	貭	質	variant	wikidata	corroborates	Q109763269; P248 Q10427532 | Q54901429; P248 Q10427532
U+8CEA	貭	質	equivalent	yitizi	corroborates	ytenx/JihThex.csv
U+8CED	𧶴	賭	reduction	mj-shrink-map	merge	MJ049677: 法務省戸籍法関連通達・通知, 種別 戸籍統一文字情報 親字・正字, ホップ数 1
U+8CF8	𦫂	賸	reduction	mj-shrink-map	merge	MJ046239: 法務省戸籍法関連通達・通知, 種別 戸籍統一文字情報 親字・正字, ホップ数 1
U+8CF8	𧷽	賸	reduction	mj-shrink-map	merge	MJ049721: 法務省戸籍法関連通達・通知, 種別 戸籍統一文字情報 親字・正字, ホップ数 1
U+8CFC	𧶩	購	reduction	mj-shrink-map	merge	MJ049672: 法務省戸籍法関連通達・通知, 種別 戸籍統一文字情報 親字・正字, ホップ数 1
U+8CFC	𧸊	購	reduction	mj-shrink-map	merge	MJ049733: 法務省戸籍法関連通達・通知, 種別 戸籍統一文字情報 親字・正字, ホップ数 1
U+8CFE	𡁃	賾	reduction	mj-shrink-map	merge	MJ032653: 法務省戸籍法関連通達・通知, 種別 戸籍統一文字情報 親字・正字, ホップ数 1
U+8CFE	𡄙	賾	reduction	mj-shrink-map	merge	MJ032746: 法務省戸籍法関連通達・通知, 種別 戸籍統一文字情報 親字・正字, ホップ数 1
U+8CFE	𧷤	賾	reduction	mj-shrink-map	merge	MJ049710: 法務省戸籍法関連通達・通知, 種別 戸籍統一文字情報 親字・正字, ホップ数 1
U+8D05	𧷌	贅	reduction	mj-shrink-map	merge	MJ049692: 法務省戸籍法関連通達・通知, 種別 戸籍統一文字情報 親字・正字, ホップ数 1
U+8D05	𧸆	贅	reduction	mj-shrink-map	merge	MJ049730: 法務省戸籍法関連通達・通知, 種別 戸籍統一文字情報 親字・正字, ホップ数 1
U+8D05	𧸞	贅	reduction	mj-shrink-map	merge	MJ049744: 法務省戸籍法関連通達・通知, 種別 戸籍統一文字情報 親字・正字, ホップ数 1
U+8D07	𧸔	贇	reduction	mj-shrink-map	merge	MJ049737: 法務省戸籍法関連通達・通知, 種別 戸籍統一文字情報 親字・正字, ホップ数 1
U+8D08	贈	贈	compatibility	unicode-ucd	merge	8D08
U+8D08	贈	贈	compatibility	unicode-ucd	merge	8D08
U+8D08	𧸑	贈	reduction	mj-shrink-map	merge	MJ049736: 法務省戸籍法関連通達・通知, 種別 戸籍統一文字情報 親字・正字, ホップ数 1
U+8D0D	𧸸	贍	reduction	mj-shrink-map	merge	MJ049756: 法務省戸籍法関連通達・通知, 種別 戸籍統一文字情報 親字・正字, ホップ数 1
U+8D0F	𦢼	贏	reduction	mj-shrink-map	merge	MJ045862: 法務省戸籍法関連通達・通知, 種別 戸籍統一文字情報 親字・正字, ホップ数 1
U+8D13	賍	贓	reduction	mj-shrink-map	merge	MJ025055: 法務省戸籍法関連通達・通知, 種別 戸籍統一文字情報 親字・正字, ホップ数 1
U+8D13	賍	贓	variant	cjkvi-variants	corroborates	賍→贓 jisx0213/variant | 贓→賍 hydzd/variant | 贓→賍 jisx0212/variant | 贓→賍 twedu/variant
U+8D13	賍	贓	variant	wikidata	corroborates	Q109763312; P248 Q10427532 | Q109763392; P248 Q10427532
U+8D13	賍	贓	equivalent	yitizi	corroborates	ytenx/JihThex.csv
U+8D13	𧷢	贓	reduction	mj-shrink-map	merge	MJ049708: 法務省戸籍法関連通達・通知, 種別 戸籍統一文字情報 親字・正字, ホップ数 1
U+8D16	𧹎	贖	reduction	mj-shrink-map	merge	MJ049769: 法務省戸籍法関連通達・通知, 種別 戸籍統一文字情報 親字・正字, ホップ数 1
U+8D1B	贛	贛	compatibility	unicode-ucd	merge	8D1B
U+8D1B	𥫔	贛	reduction	mj-shrink-map	merge	MJ043638: 法務省戸籍法関連通達・通知, 種別 戸籍統一文字情報 親字・正字, ホップ数 1
U+8D1B	𧹉	贛	reduction	mj-shrink-map	merge	MJ049766: 法務省戸籍法関連通達・通知, 種別 戸籍統一文字情報 親字・正字, ホップ数 1
U+8D64	灻	赤	reduction	mj-shrink-map	merge	MJ016281: 法務省戸籍法関連通達・通知, 種別 戸籍統一文字情報 親字・正字, ホップ数 1
U+8D64	烾	赤	reduction	mj-shrink-map	merge	MJ016403: 法務省戸籍法関連通達・通知, 種別 戸籍統一文字情報 親字・正字, ホップ数 1
U+8D64	𤆍	赤	reduction	mj-shrink-map	merge	MJ039852: 法務省戸籍法関連通達・通知, 種別 戸籍統一文字情報 親字・正字, ホップ数 1
U+8D66	𢼜	赦	reduction	mj-shrink-map	merge	MJ037256: 法務省戸籍法関連通達・通知, 種別 戸籍統一文字情報 親字・正字, ホップ数 1
U+8D66	𢽀	赦	reduction	mj-shrink-map	merge	MJ037282: 法務省戸籍法関連通達・通知, 種別 戸籍統一文字情報 親字・正字, ホップ数 1
U+8D66	𤆅	赦	reduction	mj-shrink-map	merge	MJ039849: 法務省戸籍法関連通達・通知, 種別 戸籍統一文字情報 親字・正字, ホップ数 1
U+8D66	𥘦	𥘦	compatibility	unicode-ucd	merge	25626
U+8D66	𥘦	赦	reduction	mj-shrink-map	merge	MJ042970: 法務省戸籍法関連通達・通知, 種別 戸籍統一文字情報 親字・正字, ホップ数 1
U+8D67	𧹠	赧	reduction	mj-shrink-map	merge	MJ049777: 法務省戸籍法関連通達・通知, 種別 戸籍統一文字情報 親字・正字, ホップ数 1
U+8D6B	爀	赫	reduction	mj-shrink-map	merge	MJ016684: 法務省戸籍法関連通達・通知, 種別 戸籍統一文字情報 親字・正字, ホップ数 1
U+8D6B	𠵢	赫	reduction	mj-shrink-map	merge	MJ032345: 法務省戸籍法関連通達・通知, 種別 戸籍統一文字情報 親字・正字, ホップ数 1
U+8D6C	䞓	赬	reduction	mj-shrink-map	merge	MJ004758: 法務省戸籍法関連通達・通知, 種別 戸籍統一文字情報 親字・正字, ホップ数 1
U+8D70	㞫	走	reduction	mj-shrink-map	merge	MJ000824: 法務省戸籍法関連通達・通知, 種別 戸籍統一文字情報 親字・正字, ホップ数 1
U+8D70	赱	走	reduction	mj-shrink-map	merge	MJ025170: 法務省戸籍法関連通達・通知, 種別 戸籍統一文字情報 親字・正字, ホップ数 1
U+8D70	走	赱	variant	cjkvi-variants	corroborates	走→赱 hydzd/variant | 走→赱 jisx0212/variant | 走→赱 jisx0213/variant | 走→赱 twedu/variant | 走→赱 ucs-scs/variant
U+8D70	走	赱	variant	hng-basic-data	corroborates	11454 | 11454b
U+8D70	走	赱	variant	wikidata	corroborates	Q109763489; P248 Q10427532 | Q54553211; P248 Q10427532
U+8D70	走	赱	equivalent	yitizi	corroborates	ytenx/JihThex.csv
U+8D70	𧺆	走	reduction	mj-shrink-map	merge	MJ049798: 法務省戸籍法関連通達・通知, 種別 戸籍統一文字情報 親字・正字, ホップ数 1
U+8D73	﨣	𧺯	z	cjkvi-variants	merge	﨣→𧺯 cjkvi/duplicate
U+8D73	﨣	赳	reduction	mj-shrink-map	merge	MJ030227: 法務省戸籍法関連通達・通知, 種別 戸籍統一文字情報 親字・正字, ホップ数 1
U+8D73	𧺇	赳	reduction	mj-shrink-map	merge	MJ049799: 法務省戸籍法関連通達・通知, 種別 戸籍統一文字情報 親字・正字, ホップ数 1
U+8D74	𨕍	赴	reduction	mj-shrink-map	merge	MJ050962: 法務省戸籍法関連通達・通知, 種別 戸籍統一文字情報 親字・正字, ホップ数 1
U+8D77	起	起	compatibility	unicode-ucd	merge	8D77
U+8D77	𡆡	起	reduction	mj-shrink-map	merge	MJ032804: 法務省戸籍法関連通達・通知, 種別 戸籍統一文字情報 親字・正字, ホップ数 1
U+8D77	𨑓	起	reduction	mj-shrink-map	merge	MJ050776: 法務省戸籍法関連通達・通知, 種別 戸籍統一文字情報 親字・正字, ホップ数 1
U+8D77	𨑔	起	reduction	mj-shrink-map	merge	MJ050778: 法務省戸籍法関連通達・通知, 種別 戸籍統一文字情報 親字・正字, ホップ数 1
U+8D81	𢌝	趁	reduction	mj-shrink-map	merge	MJ035472: 法務省戸籍法関連通達・通知, 種別 戸籍統一文字情報 親字・正字, ホップ数 1
U+8D81	𮚶	趁	reduction	mj-shrink-map	merge	MJ058799: 法務省戸籍法関連通達・通知, 種別 戸籍統一文字情報 親字・正字, ホップ数 1
U+8D8A	𦈭	越	reduction	mj-shrink-map	merge	MJ044783: 法務省戸籍法関連通達・通知, 種別 戸籍統一文字情報 親字・正字, ホップ数 1
U+8D8A	𧻂	越	reduction	mj-shrink-map	merge	MJ049837: 法務省戸籍法関連通達・通知, 種別 戸籍統一文字情報 親字・正字, ホップ数 1
U+8DA3	𧺥	趣	reduction	mj-shrink-map	merge	MJ049818: 法務省戸籍法関連通達・通知, 種別 戸籍統一文字情報 親字・正字, ホップ数 1
U+8DA3	𧻽	趣	reduction	mj-shrink-map	merge	MJ049871: 法務省戸籍法関連通達・通知, 種別 戸籍統一文字情報 親字・正字, ホップ数 1
U+8DA3	𧼝	趣	reduction	mj-shrink-map	merge	MJ049890: 法務省戸籍法関連通達・通知, 種別 戸籍統一文字情報 親字・正字, ホップ数 1
U+8DA8	𧻫	趨	reduction	mj-shrink-map	merge	MJ049855: 法務省戸籍法関連通達・通知, 種別 戸籍統一文字情報 親字・正字, ホップ数 1
U+8DA8	𧼜	趨	reduction	mj-shrink-map	merge	MJ049889: 法務省戸籍法関連通達・通知, 種別 戸籍統一文字情報 親字・正字, ホップ数 1
U+8DAF	𧾟	趯	reduction	mj-shrink-map	merge	MJ049984: 法務省戸籍法関連通達・通知, 種別 戸籍統一文字情報 親字・正字, ホップ数 1
U+8DB3	𠯁	足	reduction	mj-shrink-map	merge	MJ032133: 法務省戸籍法関連通達・通知, 種別 戸籍統一文字情報 親字・正字, ホップ数 1
U+8DB3	𤴕	足	reduction	mj-shrink-map	merge	MJ041507: 法務省戸籍法関連通達・通知, 種別 戸籍統一文字情報 親字・正字, ホップ数 1
U+8DBA	呋	趺	reduction	mj-shrink-map	merge	MJ008137: 法務省戸籍法関連通達・通知, 種別 戸籍統一文字情報 親字・正字, ホップ数 1
U+8DBA	𨁜	趺	reduction	mj-shrink-map	merge	MJ050119: 法務省戸籍法関連通達・通知, 種別 戸籍統一文字情報 親字・正字, ホップ数 1
U+8DBC	趼	趼	compatibility	unicode-ucd	merge	8DBC
U+8DBE	䟖	趾	reduction	mj-shrink-map	merge	MJ004824: 法務省戸籍法関連通達・通知, 種別 戸籍統一文字情報 親字・正字, ホップ数 1
U+8DC2	𩨝	跂	reduction	mj-shrink-map	merge	MJ054521: 法務省戸籍法関連通達・通知, 種別 戸籍統一文字情報 親字・正字, ホップ数 1
U+8DCB	跋	跋	compatibility	unicode-ucd	merge	8DCB
U+8DCB	䟦	跋	reduction	mj-shrink-map	merge	MJ004840: 法務省戸籍法関連通達・通知, 種別 戸籍統一文字情報 親字・正字, ホップ数 1
U+8DCE	𧿶	跎	reduction	mj-shrink-map	merge	MJ050049: 法務省戸籍法関連通達・通知, 種別 戸籍統一文字情報 親字・正字, ホップ数 1
U+8DD7	𧿤	跗	reduction	mj-shrink-map	merge	MJ050038: 法務省戸籍法関連通達・通知, 種別 戸籍統一文字情報 親字・正字, ホップ数 1
U+8DD7	𨁵	跗	reduction	mj-shrink-map	merge	MJ050128: 法務省戸籍法関連通達・通知, 種別 戸籍統一文字情報 親字・正字, ホップ数 1
U+8DD9	𨆄	跙	reduction	mj-shrink-map	merge	MJ050292: 法務省戸籍法関連通達・通知, 種別 戸籍統一文字情報 親字・正字, ホップ数 1
U+8DDA	𨀢	跚	reduction	mj-shrink-map	merge	MJ050078: 法務省戸籍法関連通達・通知, 種別 戸籍統一文字情報 親字・正字, ホップ数 1
U+8DDB	𨈵	跛	reduction	mj-shrink-map	merge	MJ050400: 法務省戸籍法関連通達・通知, 種別 戸籍統一文字情報 親字・正字, ホップ数 1
U+8DDF	𣥦	跟	reduction	mj-shrink-map	merge	MJ038674: 法務省戸籍法関連通達・通知, 種別 戸籍統一文字情報 親字・正字, ホップ数 1
U+8DDF	𨁞	跟	reduction	mj-shrink-map	merge	MJ050121: 法務省戸籍法関連通達・通知, 種別 戸籍統一文字情報 親字・正字, ホップ数 1
U+8DE8	𧿾	跨	reduction	mj-shrink-map	merge	MJ050057: 法務省戸籍法関連通達・通知, 種別 戸籍統一文字情報 親字・正字, ホップ数 1
U+8DE8	𨀗	跨	reduction	mj-shrink-map	merge	MJ050067: 法務省戸籍法関連通達・通知, 種別 戸籍統一文字情報 親字・正字, ホップ数 1
U+8DE8	𨁣	跨	reduction	mj-shrink-map	merge	MJ050126: 法務省戸籍法関連通達・通知, 種別 戸籍統一文字情報 親字・正字, ホップ数 1
U+8DE8	𨃖	跨	reduction	mj-shrink-map	merge	MJ050189: 法務省戸籍法関連通達・通知, 種別 戸籍統一文字情報 親字・正字, ホップ数 1
U+8DEA	𥜏	跪	reduction	mj-shrink-map	merge	MJ043077: 法務省戸籍法関連通達・通知, 種別 戸籍統一文字情報 親字・正字, ホップ数 1
U+8DEA	𧻜	跪	reduction	mj-shrink-map	merge	MJ049851: 法務省戸籍法関連通達・通知, 種別 戸籍統一文字情報 親字・正字, ホップ数 1
U+8DEA	𨅠	跪	reduction	mj-shrink-map	merge	MJ050273: 法務省戸籍法関連通達・通知, 種別 戸籍統一文字情報 親字・正字, ホップ数 1
U+8DEB	𧿖	跫	reduction	mj-shrink-map	merge	MJ050027: 法務省戸籍法関連通達・通知, 種別 戸籍統一文字情報 親字・正字, ホップ数 1
U+8DEC	䞨	跬	reduction	mj-shrink-map	merge	MJ004780: 法務省戸籍法関連通達・通知, 種別 戸籍統一文字情報 親字・正字, ホップ数 1
U+8DEF	路	路	compatibility	unicode-ucd	merge	8DEF
U+8DEF	𡽘	路	reduction	mj-shrink-map	merge	MJ034806: 法務省戸籍法関連通達・通知, 種別 戸籍統一文字情報 親字・正字, ホップ数 1
U+8DEF	𨱴	路	reduction	mj-shrink-map	merge	MJ052017: 法務省戸籍法関連通達・通知, 種別 戸籍統一文字情報 親字・正字, ホップ数 1
U+8DF0	跰	跰	compatibility	unicode-ucd	merge	8DF0
U+8DF3	𨁓	跳	reduction	mj-shrink-map	merge	MJ050116: 法務省戸籍法関連通達・通知, 種別 戸籍統一文字情報 親字・正字, ホップ数 1
U+8DF3	𨃜	跳	reduction	mj-shrink-map	merge	MJ050195: 法務省戸籍法関連通達・通知, 種別 戸籍統一文字情報 親字・正字, ホップ数 1
U+8DF5	踐	践	reduction	mj-shrink-map	merge	MJ025337: 法務省戸籍法関連通達・通知, 種別 戸籍統一文字情報 親字・正字, ホップ数 1
U+8DFD	𦜕	跽	reduction	mj-shrink-map	merge	MJ045621: 法務省戸籍法関連通達・通知, 種別 戸籍統一文字情報 親字・正字, ホップ数 1
U+8DFF	𨃝	跿	reduction	mj-shrink-map	merge	MJ050196: 法務省戸籍法関連通達・通知, 種別 戸籍統一文字情報 親字・正字, ホップ数 1
U+8E0A	𧻹	踊	reduction	mj-shrink-map	merge	MJ049867: 法務省戸籍法関連通達・通知, 種別 戸籍統一文字情報 親字・正字, ホップ数 1
U+8E0F	𨅵	踏	reduction	mj-shrink-map	merge	MJ050287: 法務省戸籍法関連通達・通知, 種別 戸籍統一文字情報 親字・正字, ホップ数 1
U+8E16	𨅦	踖	reduction	mj-shrink-map	merge	MJ050279: 法務省戸籍法関連通達・通知, 種別 戸籍統一文字情報 親字・正字, ホップ数 1
U+8E21	䠰	踡	reduction	mj-shrink-map	merge	MJ004911: 法務省戸籍法関連通達・通知, 種別 戸籍統一文字情報 親字・正字, ホップ数 1
U+8E27	𨀚	踧	reduction	mj-shrink-map	merge	MJ050070: 法務省戸籍法関連通達・通知, 種別 戸籍統一文字情報 親字・正字, ホップ数 1
U+8E27	𨁕	踧	reduction	mj-shrink-map	merge	MJ050118: 法務省戸籍法関連通達・通知, 種別 戸籍統一文字情報 親字・正字, ホップ数 1
U+8E30	𡫞	踰	reduction	mj-shrink-map	merge	MJ034108: 法務省戸籍法関連通達・通知, 種別 戸籍統一文字情報 親字・正字, ホップ数 1
U+8E30	𨄫	踰	reduction	mj-shrink-map	merge	MJ050243: 法務省戸籍法関連通達・通知, 種別 戸籍統一文字情報 親字・正字, ホップ数 1
U+8E34	𨃒	踴	reduction	mj-shrink-map	merge	MJ050185: 法務省戸籍法関連通達・通知, 種別 戸籍統一文字情報 親字・正字, ホップ数 1
U+8E44	𨂶	蹄	reduction	mj-shrink-map	merge	MJ050181: 法務省戸籍法関連通達・通知, 種別 戸籍統一文字情報 親字・正字, ホップ数 1
U+8E44	𨄪	蹄	reduction	mj-shrink-map	merge	MJ050242: 法務省戸籍法関連通達・通知, 種別 戸籍統一文字情報 親字・正字, ホップ数 1
U+8E47	𨇥	蹇	reduction	mj-shrink-map	merge	MJ050348: 法務省戸籍法関連通達・通知, 種別 戸籍統一文字情報 親字・正字, ホップ数 1
U+8E48	𨂆	蹈	reduction	mj-shrink-map	merge	MJ050145: 法務省戸籍法関連通達・通知, 種別 戸籍統一文字情報 親字・正字, ホップ数 1
U+8E49	𨇏	蹉	reduction	mj-shrink-map	merge	MJ050336: 法務省戸籍法関連通達・通知, 種別 戸籍統一文字情報 親字・正字, ホップ数 1
U+8E4B	𨆚	蹋	reduction	mj-shrink-map	merge	MJ050307: 法務省戸籍法関連通達・通知, 種別 戸籍統一文字情報 親字・正字, ホップ数 1
U+8E4C	𦭫	蹌	reduction	mj-shrink-map	merge	MJ046352: 法務省戸籍法関連通達・通知, 種別 戸籍統一文字情報 親字・正字, ホップ数 1
U+8E50	𨇋	蹐	reduction	mj-shrink-map	merge	MJ050334: 法務省戸籍法関連通達・通知, 種別 戸籍統一文字情報 親字・正字, ホップ数 1
U+8E55	𢕏	蹕	reduction	mj-shrink-map	merge	MJ035898: 法務省戸籍法関連通達・通知, 種別 戸籍統一文字情報 親字・正字, ホップ数 1
U+8E59	䠞	蹙	reduction	mj-shrink-map	merge	MJ004893: 法務省戸籍法関連通達・通知, 種別 戸籍統一文字情報 親字・正字, ホップ数 1
U+8E59	𠏔	蹙	reduction	mj-shrink-map	merge	MJ030829: 法務省戸籍法関連通達・通知, 種別 戸籍統一文字情報 親字・正字, ホップ数 1
U+8E5F	㺓	蹟	reduction	mj-shrink-map	merge	MJ002462: 法務省戸籍法関連通達・通知, 種別 戸籍統一文字情報 親字・正字, ホップ数 1
U+8E60	𨂂	蹠	reduction	mj-shrink-map	merge	MJ050141: 法務省戸籍法関連通達・通知, 種別 戸籍統一文字情報 親字・正字, ホップ数 1
U+8E62	豴	蹢	reduction	mj-shrink-map	merge	MJ024949: 法務省戸籍法関連通達・通知, 種別 戸籍統一文字情報 親字・正字, ホップ数 1
U+8E63	跘	蹣	reduction	mj-shrink-map	merge	MJ025280: 法務省戸籍法関連通達・通知, 種別 戸籍統一文字情報 親字・正字, ホップ数 1
U+8E63	𨃟	蹣	reduction	mj-shrink-map	merge	MJ050198: 法務省戸籍法関連通達・通知, 種別 戸籍統一文字情報 親字・正字, ホップ数 1
U+8E64	踨	蹤	reduction	mj-shrink-map	merge	MJ025360: 法務省戸籍法関連通達・通知, 種別 戸籍統一文字情報 親字・正字, ホップ数 1
U+8E6F	籵	蹯	reduction	mj-shrink-map	merge	MJ019796: 法務省戸籍法関連通達・通知, 種別 戸籍統一文字情報 親字・正字, ホップ数 1
U+8E6F	𣫯	蹯	reduction	mj-shrink-map	merge	MJ038962: 法務省戸籍法関連通達・通知, 種別 戸籍統一文字情報 親字・正字, ホップ数 1
U+8E6F	𨁢	蹯	reduction	mj-shrink-map	merge	MJ050125: 法務省戸籍法関連通達・通知, 種別 戸籍統一文字情報 親字・正字, ホップ数 1
U+8E6F	𨅴	蹯	reduction	mj-shrink-map	merge	MJ050286: 法務省戸籍法関連通達・通知, 種別 戸籍統一文字情報 親字・正字, ホップ数 1
U+8E6F	𨆌	蹯	reduction	mj-shrink-map	merge	MJ050300: 法務省戸籍法関連通達・通知, 種別 戸籍統一文字情報 親字・正字, ホップ数 1
U+8E6F	𩕈	蹯	reduction	mj-shrink-map	merge	MJ068091: 法務省戸籍法関連通達・通知, 種別 戸籍統一文字情報 親字・正字, ホップ数 1
U+8E72	𣦝	蹲	reduction	mj-shrink-map	merge	MJ038715: 法務省戸籍法関連通達・通知, 種別 戸籍統一文字情報 親字・正字, ホップ数 1
U+8E72	𨀛	蹲	reduction	mj-shrink-map	merge	MJ050071: 法務省戸籍法関連通達・通知, 種別 戸籍統一文字情報 親字・正字, ホップ数 1
U+8E74	𨉌	蹴	reduction	mj-shrink-map	merge	MJ050415: 法務省戸籍法関連通達・通知, 種別 戸籍統一文字情報 親字・正字, ホップ数 1
U+8E76	𨇙	蹶	reduction	mj-shrink-map	merge	MJ050342: 法務省戸籍法関連通達・通知, 種別 戸籍統一文字情報 親字・正字, ホップ数 1
U+8E76	𨇮	蹶	reduction	mj-shrink-map	merge	MJ050356: 法務省戸籍法関連通達・通知, 種別 戸籍統一文字情報 親字・正字, ホップ数 1
U+8E7B	𨃧	蹻	reduction	mj-shrink-map	merge	MJ050205: 法務省戸籍法関連通達・通知, 種別 戸籍統一文字情報 親字・正字, ホップ数 1
U+8E7C	𨆯	蹼	reduction	mj-shrink-map	merge	MJ050318: 法務省戸籍法関連通達・通知, 種別 戸籍統一文字情報 親字・正字, ホップ数 1
U+8E81	趮	躁	reduction	mj-shrink-map	merge	MJ025236: 法務省戸籍法関連通達・通知, 種別 戸籍統一文字情報 親字・正字, ホップ数 1
U+8E81	𨅶	躁	reduction	mj-shrink-map	merge	MJ050288: 法務省戸籍法関連通達・通知, 種別 戸籍統一文字情報 親字・正字, ホップ数 1
U+8E84	躃	躄	reduction	mj-shrink-map	merge	MJ025457: 法務省戸籍法関連通達・通知, 種別 戸籍統一文字情報 親字・正字, ホップ数 1
U+8E85	𨄃	躅	reduction	mj-shrink-map	merge	MJ050213: 法務省戸籍法関連通達・通知, 種別 戸籍統一文字情報 親字・正字, ホップ数 1
U+8E87	䠧	躇	reduction	mj-shrink-map	merge	MJ004902: 法務省戸籍法関連通達・通知, 種別 戸籍統一文字情報 親字・正字, ホップ数 1
U+8E87	𣦡	躇	reduction	mj-shrink-map	merge	MJ038718: 法務省戸籍法関連通達・通知, 種別 戸籍統一文字情報 親字・正字, ホップ数 1
U+8E8A	𨅡	躊	reduction	mj-shrink-map	merge	MJ050274: 法務省戸籍法関連通達・通知, 種別 戸籍統一文字情報 親字・正字, ホップ数 1
U+8E8B	䠁	躋	reduction	mj-shrink-map	merge	MJ004865: 法務省戸籍法関連通達・通知, 種別 戸籍統一文字情報 親字・正字, ホップ数 1
U+8E8B	𢁃	躋	reduction	mj-shrink-map	merge	MJ034968: 法務省戸籍法関連通達・通知, 種別 戸籍統一文字情報 親字・正字, ホップ数 1
U+8E8B	𤼥	躋	reduction	mj-shrink-map	merge	MJ041861: 法務省戸籍法関連通達・通知, 種別 戸籍統一文字情報 親字・正字, ホップ数 1
U+8E8B	𧾙	躋	reduction	mj-shrink-map	merge	MJ049978: 法務省戸籍法関連通達・通知, 種別 戸籍統一文字情報 親字・正字, ホップ数 1
U+8E8B	𨹶	躋	reduction	mj-shrink-map	merge	MJ052346: 法務省戸籍法関連通達・通知, 種別 戸籍統一文字情報 親字・正字, ホップ数 1
U+8E93	𨆑	躓	reduction	mj-shrink-map	merge	MJ050305: 法務省戸籍法関連通達・通知, 種別 戸籍統一文字情報 親字・正字, ホップ数 1
U+8E94	𨇠	躔	reduction	mj-shrink-map	merge	MJ050346: 法務省戸籍法関連通達・通知, 種別 戸籍統一文字情報 親字・正字, ホップ数 1
U+8E97	躗	躛	z	unihan	merge	躗→躛 kZVariant | 躛→躗 kZVariant
U+8EAA	躙	躪	reduction	mj-shrink-map	merge	MJ025484: 法務省戸籍法関連通達・通知, 種別 戸籍統一文字情報 親字・正字, ホップ数 1
U+8EAA	躙	躪	variant	cjkvi-variants	corroborates	躙→躪 jisx0212/variant | 躙→躪 jisx0213/variant
U+8EAB	𡰬	身	reduction	mj-shrink-map	merge	MJ034309: 法務省戸籍法関連通達・通知, 種別 戸籍統一文字情報 親字・正字, ホップ数 1
U+8EB1	躱	躲	z	unihan	merge	躱→躲 kZVariant | 躲→躱 kZVariant
U+8EB1	躲	躱	reduction	mj-shrink-map	merge	MJ025515: 法務省戸籍法関連通達・通知, 種別 戸籍統一文字情報 親字・正字, ホップ数 1
U+8EB1	𩒜	躱	reduction	mj-shrink-map	merge	MJ053515: 法務省戸籍法関連通達・通知, 種別 戸籍統一文字情報 親字・正字, ホップ数 1
U+8EB3	𨈴	躳	reduction	mj-shrink-map	merge	MJ050399: 法務省戸籍法関連通達・通知, 種別 戸籍統一文字情報 親字・正字, ホップ数 1
U+8EC0	𨈬	軀	reduction	mj-shrink-map	merge	MJ050396: 法務省戸籍法関連通達・通知, 種別 戸籍統一文字情報 親字・正字, ホップ数 1
U+8EC0	𩪍	軀	reduction	mj-shrink-map	merge	MJ054605: 法務省戸籍法関連通達・通知, 種別 戸籍統一文字情報 親字・正字, ホップ数 1
U+8ECA	車	車	compatibility	unicode-ucd	merge	8ECA
U+8ECA	𠦴	車	reduction	mj-shrink-map	merge	MJ031762: 法務省戸籍法関連通達・通知, 種別 戸籍統一文字情報 親字・正字, ホップ数 1
U+8ECA	𨏖	車	reduction	mj-shrink-map	merge	MJ050686: 法務省戸籍法関連通達・通知, 種別 戸籍統一文字情報 親字・正字, ホップ数 1
U+8ECC	䡄	軌	reduction	mj-shrink-map	merge	MJ004929: 法務省戸籍法関連通達・通知, 種別 戸籍統一文字情報 親字・正字, ホップ数 1
U+8ECC	𧗝	軌	reduction	mj-shrink-map	merge	MJ048134: 法務省戸籍法関連通達・通知, 種別 戸籍統一文字情報 親字・正字, ホップ数 1
U+8ECC	𨑍	軌	reduction	mj-shrink-map	merge	MJ050768: 法務省戸籍法関連通達・通知, 種別 戸籍統一文字情報 親字・正字, ホップ数 1
U+8ECC	𮜿	軌	reduction	mj-shrink-map	merge	MJ025549: 法務省戸籍法関連通達・通知, 種別 戸籍統一文字情報 親字・正字, ホップ数 1
U+8ECD	𠣞	𠣞	compatibility	unicode-ucd	merge	208DE
U+8ECD	𠣞	軍	reduction	mj-shrink-map	merge	MJ031612: 法務省戸籍法関連通達・通知, 種別 戸籍統一文字情報 親字・正字, ホップ数 1
U+8ECD	𡗺	軍	reduction	mj-shrink-map	merge	MJ033431: 法務省戸籍法関連通達・通知, 種別 戸籍統一文字情報 親字・正字, ホップ数 1
U+8ECD	𡗽	軍	reduction	mj-shrink-map	merge	MJ033434: 法務省戸籍法関連通達・通知, 種別 戸籍統一文字情報 親字・正字, ホップ数 1
U+8ECD	𡨏	軍	reduction	mj-shrink-map	merge	MJ033993: 法務省戸籍法関連通達・通知, 種別 戸籍統一文字情報 親字・正字, ホップ数 1
U+8ECD	𦉼	軍	reduction	mj-shrink-map	merge	MJ044835: 法務省戸籍法関連通達・通知, 種別 戸籍統一文字情報 親字・正字, ホップ数 1
U+8ED2	𨍓	軒	reduction	mj-shrink-map	merge	MJ050597: 法務省戸籍法関連通達・通知, 種別 戸籍統一文字情報 親字・正字, ホップ数 1
U+8ED2	𩋱	軒	reduction	mj-shrink-map	merge	MJ053182: 法務省戸籍法関連通達・通知, 種別 戸籍統一文字情報 親字・正字, ホップ数 1
U+8ED4	軔	軔	compatibility	unicode-ucd	merge	8ED4
U+8EDF	輭	軟	reduction	mj-shrink-map	merge	MJ025656: 法務省戸籍法関連通達・通知, 種別 戸籍統一文字情報 親字・正字, ホップ数 1
U+8EDF	𨉿	軟	reduction	mj-shrink-map	merge	MJ050447: 法務省戸籍法関連通達・通知, 種別 戸籍統一文字情報 親字・正字, ホップ数 1
U+8EE2	轉	転	reduction	mj-shrink-map	merge	MJ025689: 法務省戸籍法関連通達・通知, 種別 戸籍統一文字情報 親字・正字, ホップ数 1
U+8EEB	𨋎	軫	reduction	mj-shrink-map	merge	MJ050496: 法務省戸籍法関連通達・通知, 種別 戸籍統一文字情報 親字・正字, ホップ数 1
U+8EEB	𨋏	軫	reduction	mj-shrink-map	merge	MJ050497: 法務省戸籍法関連通達・通知, 種別 戸籍統一文字情報 親字・正字, ホップ数 1
U+8EEB	𨏤	軫	reduction	mj-shrink-map	merge	MJ050697: 法務省戸籍法関連通達・通知, 種別 戸籍統一文字情報 親字・正字, ホップ数 1
U+8EF8	𨌇	軸	reduction	mj-shrink-map	merge	MJ050541: 法務省戸籍法関連通達・通知, 種別 戸籍統一文字情報 親字・正字, ホップ数 1
U+8EFA	𨍳	軺	reduction	mj-shrink-map	merge	MJ050617: 法務省戸籍法関連通達・通知, 種別 戸籍統一文字情報 親字・正字, ホップ数 1
U+8EFD	輕	軽	reduction	mj-shrink-map	merge	MJ025626: 法務省戸籍法関連通達・通知, 種別 戸籍統一文字情報 親字・正字, ホップ数 1
U+8EFD	𨌷	輕	reduction	mj-shrink-map	merge	MJ050577: 法務省戸籍法関連通達・通知, 種別 戸籍統一文字情報 親字・正字, ホップ数 1
U+8EFD	𨓷	輕	reduction	mj-shrink-map	merge	MJ050910: 法務省戸籍法関連通達・通知, 種別 戸籍統一文字情報 親字・正字, ホップ数 1
U+8F00	𨎪	輀	reduction	mj-shrink-map	merge	MJ050653: 法務省戸籍法関連通達・通知, 種別 戸籍統一文字情報 親字・正字, ホップ数 1
U+8F03	䡈	較	reduction	mj-shrink-map	merge	MJ004933: 法務省戸籍法関連通達・通知, 種別 戸籍統一文字情報 親字・正字, ホップ数 1
U+8F05	𨎲	輅	reduction	mj-shrink-map	merge	MJ050660: 法務省戸籍法関連通達・通知, 種別 戸籍統一文字情報 親字・正字, ホップ数 1
U+8F08	𨏺	輈	reduction	mj-shrink-map	merge	MJ050718: 法務省戸籍法関連通達・通知, 種別 戸籍統一文字情報 親字・正字, ホップ数 1
U+8F09	𡔬	載	reduction	mj-shrink-map	merge	MJ033294: 法務省戸籍法関連通達・通知, 種別 戸籍統一文字情報 親字・正字, ホップ数 1
U+8F09	𡙚	載	reduction	mj-shrink-map	merge	MJ033492: 法務省戸籍法関連通達・通知, 種別 戸籍統一文字情報 親字・正字, ホップ数 1
U+8F09	𡙺	載	reduction	mj-shrink-map	merge	MJ033508: 法務省戸籍法関連通達・通知, 種別 戸籍統一文字情報 親字・正字, ホップ数 1
U+8F09	𢀃	載	reduction	mj-shrink-map	merge	MJ034929: 法務省戸籍法関連通達・通知, 種別 戸籍統一文字情報 親字・正字, ホップ数 1
U+8F09	𤱱	載	reduction	mj-shrink-map	merge	MJ041397: 法務省戸籍法関連通達・通知, 種別 戸籍統一文字情報 親字・正字, ホップ数 1
U+8F09	𨌏	載	reduction	mj-shrink-map	merge	MJ050548: 法務省戸籍法関連通達・通知, 種別 戸籍統一文字情報 親字・正字, ホップ数 1
U+8F0A	𦥎	輊	reduction	mj-shrink-map	merge	MJ045965: 法務省戸籍法関連通達・通知, 種別 戸籍統一文字情報 親字・正字, ホップ数 1
U+8F0A	𨍀	輊	reduction	mj-shrink-map	merge	MJ050579: 法務省戸籍法関連通達・通知, 種別 戸籍統一文字情報 親字・正字, ホップ数 1
U+8F0A	𨎘	輊	reduction	mj-shrink-map	merge	MJ050641: 法務省戸籍法関連通達・通知, 種別 戸籍統一文字情報 親字・正字, ホップ数 1
U+8F0A	𨏑	輊	reduction	mj-shrink-map	merge	MJ050681: 法務省戸籍法関連通達・通知, 種別 戸籍統一文字情報 親字・正字, ホップ数 1
U+8F0A	𨏡	輊	reduction	mj-shrink-map	merge	MJ050694: 法務省戸籍法関連通達・通知, 種別 戸籍統一文字情報 親字・正字, ホップ数 1
U+8F12	輙	輒	reduction	mj-shrink-map	merge	MJ025631: 法務省戸籍法関連通達・通知, 種別 戸籍統一文字情報 親字・正字, ホップ数 1
U+8F12	輒	輙	variant	cjkvi-variants	corroborates	輒→輙 dypytz/variant | 輒→輙 hydzd/variant | 輒→輙 jisx0212/variant | 輒→輙 jisx0213/variant | 輒→輙 twedu/variant
U+8F12	輒	輙	variant	hng-basic-data	corroborates	11799
U+8F12	輒	輙	variant	wikidata	corroborates	Q109763989; P248 Q10427532 | Q109763996; P248 Q10427532
U+8F14	俌	輔	reduction	mj-shrink-map	merge	MJ006765: 法務省戸籍法関連通達・通知, 種別 戸籍統一文字情報 親字・正字, ホップ数 1
U+8F14	誧	輔	reduction	mj-shrink-map	merge	MJ024529: 法務省戸籍法関連通達・通知, 種別 戸籍統一文字情報 親字・正字, ホップ数 1
U+8F14	𨊽	輔	reduction	mj-shrink-map	merge	MJ050485: 法務省戸籍法関連通達・通知, 種別 戸籍統一文字情報 親字・正字, ホップ数 1
U+8F17	𨌊	輗	reduction	mj-shrink-map	merge	MJ050544: 法務省戸籍法関連通達・通知, 種別 戸籍統一文字情報 親字・正字, ホップ数 1
U+8F1B	輌	輛	reduction	mj-shrink-map	merge	MJ025615: 法務省戸籍法関連通達・通知, 種別 戸籍統一文字情報 親字・正字, ホップ数 1
U+8F1B	輌	輛	variant	cjkvi-variants	corroborates	輌→輛 jisx0213/variant | 輛→輌 jisx0212/variant
U+8F1B	輛	輌	shinjitai	opencc	corroborates	JPShinjitaiCharacters (self first)
U+8F1B	輌	輛	variant	wikidata	corroborates	Q109763983; P248 Q10427532 | Q109763998; P248 Q10427532
U+8F1B	輌	輛	equivalent	yitizi	corroborates	ytenx/JihThex.csv
U+8F1C	輺	輜	reduction	mj-shrink-map	merge	MJ025672: 法務省戸籍法関連通達・通知, 種別 戸籍統一文字情報 親字・正字, ホップ数 1
U+8F1C	𨍟	輜	reduction	mj-shrink-map	merge	MJ050602: 法務省戸籍法関連通達・通知, 種別 戸籍統一文字情報 親字・正字, ホップ数 1
U+8F1C	𨎜	輜	reduction	mj-shrink-map	merge	MJ050643: 法務省戸籍法関連通達・通知, 種別 戸籍統一文字情報 親字・正字, ホップ数 1
U+8F1D	灳	輝	reduction	mj-shrink-map	merge	MJ016270: 法務省戸籍法関連通達・通知, 種別 戸籍統一文字情報 親字・正字, ホップ数 1
U+8F1D	𤐕	輝	reduction	mj-shrink-map	merge	MJ040102: 法務省戸籍法関連通達・通知, 種別 戸籍統一文字情報 親字・正字, ホップ数 1
U+8F1E	棢	輞	reduction	mj-shrink-map	merge	MJ014068: 法務省戸籍法関連通達・通知, 種別 戸籍統一文字情報 親字・正字, ホップ数 1
U+8F1F	𨌸	輟	reduction	mj-shrink-map	merge	MJ050578: 法務省戸籍法関連通達・通知, 種別 戸籍統一文字情報 親字・正字, ホップ数 1
U+8F26	輦	輦	compatibility	unicode-ucd	merge	8F26
U+8F26	𨍻	輦	reduction	mj-shrink-map	merge	MJ050623: 法務省戸籍法関連通達・通知, 種別 戸籍統一文字情報 親字・正字, ホップ数 1
U+8F26	𨘪	輦	reduction	mj-shrink-map	merge	MJ051126: 法務省戸籍法関連通達・通知, 種別 戸籍統一文字情報 親字・正字, ホップ数 1
U+8F29	軰	輩	reduction	mj-shrink-map	merge	MJ025585: 法務省戸籍法関連通達・通知, 種別 戸籍統一文字情報 親字・正字, ホップ数 1
U+8F2A	輪	輪	compatibility	unicode-ucd	merge	8F2A
U+8F36	輏	輶	reduction	mj-shrink-map	merge	MJ025619: 法務省戸籍法関連通達・通知, 種別 戸籍統一文字情報 親字・正字, ホップ数 1
U+8F38	輸	輸	compatibility	unicode-ucd	merge	8F38
U+8F38	輸	輸	compatibility	unicode-ucd	merge	8F38
U+8F3B	輻	輻	compatibility	unicode-ucd	merge	8F3B
U+8F3C	輼	轀	itaiji	mj-kanji	merge	X0213 包摂
U+8F3F	轝	輿	reduction	mj-shrink-map	merge	MJ025713: 法務省戸籍法関連通達・通知, 種別 戸籍統一文字情報 親字・正字, ホップ数 1
U+8F42	𨍔	轂	reduction	mj-shrink-map	merge	MJ050598: 法務省戸籍法関連通達・通知, 種別 戸籍統一文字情報 親字・正字, ホップ数 1
U+8F44	𩏓	轄	reduction	mj-shrink-map	merge	MJ053350: 法務省戸籍法関連通達・通知, 種別 戸籍統一文字情報 親字・正字, ホップ数 1
U+8F46	𨌠	轆	reduction	mj-shrink-map	merge	MJ050555: 法務省戸籍法関連通達・通知, 種別 戸籍統一文字情報 親字・正字, ホップ数 1
U+8F46	𨏔	轆	reduction	mj-shrink-map	merge	MJ050684: 法務省戸籍法関連通達・通知, 種別 戸籍統一文字情報 親字・正字, ホップ数 1
U+8F4A	䡺	轊	reduction	mj-shrink-map	merge	MJ004984: 法務省戸籍法関連通達・通知, 種別 戸籍統一文字情報 親字・正字, ホップ数 1
U+8F4D	𨏁	轍	reduction	mj-shrink-map	merge	MJ050669: 法務省戸籍法関連通達・通知, 種別 戸籍統一文字情報 親字・正字, ホップ数 1
U+8F4D	𨏣	轍	reduction	mj-shrink-map	merge	MJ050696: 法務省戸籍法関連通達・通知, 種別 戸籍統一文字情報 親字・正字, ホップ数 1
U+8F4E	𨎄	轎	reduction	mj-shrink-map	merge	MJ050626: 法務省戸籍法関連通達・通知, 種別 戸籍統一文字情報 親字・正字, ホップ数 1
U+8F54	𨏏	轔	reduction	mj-shrink-map	merge	MJ050680: 法務省戸籍法関連通達・通知, 種別 戸籍統一文字情報 親字・正字, ホップ数 1
U+8F57	輡	轗	reduction	mj-shrink-map	merge	MJ025641: 法務省戸籍法関連通達・通知, 種別 戸籍統一文字情報 親字・正字, ホップ数 1
U+8F57	𨎕	轗	reduction	mj-shrink-map	merge	MJ050638: 法務省戸籍法関連通達・通知, 種別 戸籍統一文字情報 親字・正字, ホップ数 1
U+8F58	𨏙	轘	reduction	mj-shrink-map	merge	MJ050688: 法務省戸籍法関連通達・通知, 種別 戸籍統一文字情報 親字・正字, ホップ数 1
U+8F5F	軣	轟	reduction	mj-shrink-map	merge	MJ025572: 法務省戸籍法関連通達・通知, 種別 戸籍統一文字情報 親字・正字, ホップ数 1
U+8F5F	軣	轟	variant	cjkvi-variants	corroborates	轟→軣 jisx0212/variant | 轟→軣 jisx0213/variant
U+8F5F	軣	轟	variant	wikidata	corroborates	Q109763940; P248 Q22001375; P282 Q1147857 | Q109764076; P248 Q22001375; P282 Q1055887
U+8F5F	軣	轟	equivalent	yitizi	corroborates	ytenx/JihThex.csv
U+8F5F	𨋌	轟	reduction	mj-shrink-map	merge	MJ050495: 法務省戸籍法関連通達・通知, 種別 戸籍統一文字情報 親字・正字, ホップ数 1
U+8F61	𢢦	轡	reduction	mj-shrink-map	merge	MJ036414: 法務省戸籍法関連通達・通知, 種別 戸籍統一文字情報 親字・正字, ホップ数 1
U+8F61	𢥩	轡	reduction	mj-shrink-map	merge	MJ036523: 法務省戸籍法関連通達・通知, 種別 戸籍統一文字情報 親字・正字, ホップ数 1
U+8F61	𣦱	轡	reduction	mj-shrink-map	merge	MJ038729: 法務省戸籍法関連通達・通知, 種別 戸籍統一文字情報 親字・正字, ホップ数 1
U+8F61	𦆕	轡	reduction	mj-shrink-map	merge	MJ044696: 法務省戸籍法関連通達・通知, 種別 戸籍統一文字情報 親字・正字, ホップ数 1
U+8F61	𦇷	轡	reduction	mj-shrink-map	merge	MJ044760: 法務省戸籍法関連通達・通知, 種別 戸籍統一文字情報 親字・正字, ホップ数 1
U+8F61	𨏯	轡	reduction	mj-shrink-map	merge	MJ050705: 法務省戸籍法関連通達・通知, 種別 戸籍統一文字情報 親字・正字, ホップ数 1
U+8F62	轢	轢	compatibility	unicode-ucd	merge	8F62
U+8F62	𨍮	轢	reduction	mj-shrink-map	merge	MJ050612: 法務省戸籍法関連通達・通知, 種別 戸籍統一文字情報 親字・正字, ホップ数 1
U+8F62	𨏬	轢	reduction	mj-shrink-map	merge	MJ050704: 法務省戸籍法関連通達・通知, 種別 戸籍統一文字情報 親字・正字, ホップ数 1
U+8F63	轣	𮝬	itaiji	mj-kanji	merge	X0213 包摂
U+8F63	𨏽	轣	reduction	mj-shrink-map	merge	MJ050719: 法務省戸籍法関連通達・通知, 種別 戸籍統一文字情報 親字・正字, ホップ数 1
U+8F9B	𨐌	辛	reduction	mj-shrink-map	merge	MJ050724: 法務省戸籍法関連通達・通知, 種別 戸籍統一文字情報 親字・正字, ホップ数 1
U+8F9C	㱠	辜	reduction	mj-shrink-map	merge	MJ001951: 法務省戸籍法関連通達・通知, 種別 戸籍統一文字情報 親字・正字, ホップ数 1
U+8F9C	𡱨	辜	reduction	mj-shrink-map	merge	MJ034355: 法務省戸籍法関連通達・通知, 種別 戸籍統一文字情報 親字・正字, ホップ数 1
U+8F9C	𡲞	辜	reduction	mj-shrink-map	merge	MJ034388: 法務省戸籍法関連通達・通知, 種別 戸籍統一文字情報 親字・正字, ホップ数 1
U+8F9C	𢩍	辜	reduction	mj-shrink-map	merge	MJ036680: 法務省戸籍法関連通達・通知, 種別 戸籍統一文字情報 親字・正字, ホップ数 1
U+8F9C	𢪿	辜	reduction	mj-shrink-map	merge	MJ036744: 法務省戸籍法関連通達・通知, 種別 戸籍統一文字情報 親字・正字, ホップ数 1
U+8F9C	𢻄	辜	reduction	mj-shrink-map	merge	MJ037191: 法務省戸籍法関連通達・通知, 種別 戸籍統一文字情報 親字・正字, ホップ数 1
U+8F9C	𤿛	辜	reduction	mj-shrink-map	merge	MJ041987: 法務省戸籍法関連通達・通知, 種別 戸籍統一文字情報 親字・正字, ホップ数 1
U+8F9C	𦍬	辜	reduction	mj-shrink-map	merge	MJ044993: 法務省戸籍法関連通達・通知, 種別 戸籍統一文字情報 親字・正字, ホップ数 1
U+8F9C	𨑀	辜	reduction	mj-shrink-map	merge	MJ050757: 法務省戸籍法関連通達・通知, 種別 戸籍統一文字情報 親字・正字, ホップ数 1
U+8F9E	辞	辞	compatibility	unicode-ucd	merge	8F9E
U+8F9E	辭	辞	reduction	mj-shrink-map	merge	MJ025742: 法務省戸籍法関連通達・通知, 種別 戸籍統一文字情報 親字・正字, ホップ数 1
U+8F9E	𤔧	辭	reduction	mj-shrink-map	merge	MJ040249: 法務省戸籍法関連通達・通知, 種別 戸籍統一文字情報 親字・正字, ホップ数 1
U+8F9E	𦧦	辭	reduction	mj-shrink-map	merge	MJ046080: 法務省戸籍法関連通達・通知, 種別 戸籍統一文字情報 親字・正字, ホップ数 1
U+8F9E	𨐲	辭	reduction	mj-shrink-map	merge	MJ050748: 法務省戸籍法関連通達・通知, 種別 戸籍統一文字情報 親字・正字, ホップ数 1
U+8F9F	𠈳	辟	reduction	mj-shrink-map	merge	MJ030609: 法務省戸籍法関連通達・通知, 種別 戸籍統一文字情報 親字・正字, ホップ数 1
U+8F9F	𠊸	辟	reduction	mj-shrink-map	merge	MJ030680: 法務省戸籍法関連通達・通知, 種別 戸籍統一文字情報 親字・正字, ホップ数 1
U+8F9F	𦜺	辟	reduction	mj-shrink-map	merge	MJ045640: 法務省戸籍法関連通達・通知, 種別 戸籍統一文字情報 親字・正字, ホップ数 1
U+8F9F	𪿢	辟	reduction	mj-shrink-map	merge	MJ058830: 法務省戸籍法関連通達・通知, 種別 戸籍統一文字情報 親字・正字, ホップ数 1
U+8F9F	𮝻	辟	reduction	mj-shrink-map	merge	MJ058831: 法務省戸籍法関連通達・通知, 種別 戸籍統一文字情報 親字・正字, ホップ数 1
U+8FA4	辝	辤	reduction	mj-shrink-map	merge	MJ025728: 法務省戸籍法関連通達・通知, 種別 戸籍統一文字情報 親字・正字, ホップ数 1
U+8FA8	㸤	辨	reduction	mj-shrink-map	merge	MJ002355: 法務省戸籍法関連通達・通知, 種別 戸籍統一文字情報 親字・正字, ホップ数 1
U+8FA8	辧	辨	reduction	mj-shrink-map	merge	MJ025738: 法務省戸籍法関連通達・通知, 種別 戸籍統一文字情報 親字・正字, ホップ数 1
U+8FA8	辧	辨	variant	cjkvi-variants	corroborates	辧→辨 jisx0213/variant | 辨→辧 hydzd/variant | 辨→辧 jisx0212/variant | 辨→辧 twedu/variant
U+8FA8	辧	辨	variant	hng-basic-data	corroborates	11908
U+8FA8	辧	辨	variant	wikidata	corroborates	Q109764150; P248 Q10427532 | Q109764151; P248 Q10427532
U+8FA8	辧	辨	equivalent	yitizi	corroborates	ytenx/JihThex.csv
U+8FA8	𨐾	辨	reduction	mj-shrink-map	merge	MJ050756: 法務省戸籍法関連通達・通知, 種別 戸籍統一文字情報 親字・正字, ホップ数 1
U+8FAF	䛒	辯	reduction	mj-shrink-map	merge	MJ004580: 法務省戸籍法関連通達・通知, 種別 戸籍統一文字情報 親字・正字, ホップ数 1
U+8FAF	𧦪	辯	reduction	mj-shrink-map	merge	MJ048863: 法務省戸籍法関連通達・通知, 種別 戸籍統一文字情報 親字・正字, ホップ数 1
U+8FAF	𧩵	辯	reduction	mj-shrink-map	merge	MJ049021: 法務省戸籍法関連通達・通知, 種別 戸籍統一文字情報 親字・正字, ホップ数 1
U+8FAF	𦌽	𧮀	z	cjkvi-variants	merge	𦌽→𧮀 cjkvi/duplicate
U+8FAF	𧮀	辯	reduction	mj-shrink-map	merge	MJ049235: 法務省戸籍法関連通達・通知, 種別 戸籍統一文字情報 親字・正字, ホップ数 1
U+8FB0	辰	辰	compatibility	unicode-ucd	merge	8FB0
U+8FB0	𠂮	辰	reduction	mj-shrink-map	merge	MJ030395: 法務省戸籍法関連通達・通知, 種別 戸籍統一文字情報 親字・正字, ホップ数 1
U+8FB0	𠨱	辰	reduction	mj-shrink-map	merge	MJ031847: 法務省戸籍法関連通達・通知, 種別 戸籍統一文字情報 親字・正字, ホップ数 1
U+8FB0	𠨷	辰	reduction	mj-shrink-map	merge	MJ031852: 法務省戸籍法関連通達・通知, 種別 戸籍統一文字情報 親字・正字, ホップ数 1
U+8FB0	𠩟	辰	reduction	mj-shrink-map	merge	MJ031881: 法務省戸籍法関連通達・通知, 種別 戸籍統一文字情報 親字・正字, ホップ数 1
U+8FB0	𨑃	辰	reduction	mj-shrink-map	merge	MJ050760: 法務省戸籍法関連通達・通知, 種別 戸籍統一文字情報 親字・正字, ホップ数 1
U+8FB0	𨑄	辰	reduction	mj-shrink-map	merge	MJ050761: 法務省戸籍法関連通達・通知, 種別 戸籍統一文字情報 親字・正字, ホップ数 1
U+8FB0	𫝕	辰	reduction	mj-shrink-map	merge	MJ058834: 法務省戸籍法関連通達・通知, 種別 戸籍統一文字情報 親字・正字, ホップ数 1
U+8FB0	𮝾	辰	reduction	mj-shrink-map	merge	MJ058835: 法務省戸籍法関連通達・通知, 種別 戸籍統一文字情報 親字・正字, ホップ数 1
U+8FB1	𢛚	辱	reduction	mj-shrink-map	merge	MJ036148: 法務省戸籍法関連通達・通知, 種別 戸籍統一文字情報 親字・正字, ホップ数 1
U+8FB1	𭔱	辱	reduction	mj-shrink-map	merge	MJ057348: 法務省戸籍法関連通達・通知, 種別 戸籍統一文字情報 親字・正字, ホップ数 1
U+8FB2	欁	農	reduction	mj-shrink-map	merge	MJ014712: 法務省戸籍法関連通達・通知, 種別 戸籍統一文字情報 親字・正字, ホップ数 1
U+8FB2	𢖢	農	reduction	mj-shrink-map	merge	MJ035953: 法務省戸籍法関連通達・通知, 種別 戸籍統一文字情報 親字・正字, ホップ数 1
U+8FB2	𣊤	農	reduction	mj-shrink-map	merge	MJ037796: 法務省戸籍法関連通達・通知, 種別 戸籍統一文字情報 親字・正字, ホップ数 1
U+8FB2	𣎭	農	reduction	mj-shrink-map	merge	MJ037915: 法務省戸籍法関連通達・通知, 種別 戸籍統一文字情報 親字・正字, ホップ数 1
U+8FB2	𦦤	農	reduction	mj-shrink-map	merge	MJ046032: 法務省戸籍法関連通達・通知, 種別 戸籍統一文字情報 親字・正字, ホップ数 1
U+8FB2	𦦥	農	reduction	mj-shrink-map	merge	MJ046033: 法務省戸籍法関連通達・通知, 種別 戸籍統一文字情報 親字・正字, ホップ数 1
U+8FB2	𨑇	農	reduction	mj-shrink-map	merge	MJ050763: 法務省戸籍法関連通達・通知, 種別 戸籍統一文字情報 親字・正字, ホップ数 1
U+8FB2	𨑋	農	reduction	mj-shrink-map	merge	MJ050766: 法務省戸籍法関連通達・通知, 種別 戸籍統一文字情報 親字・正字, ホップ数 1
U+8FB2	𭆒	農	reduction	mj-shrink-map	merge	MJ058836: 法務省戸籍法関連通達・通知, 種別 戸籍統一文字情報 親字・正字, ホップ数 1
U+8FB5	辶	辶	compatibility	unicode-ucd	merge	8FB6
U+8FB5	辶	辵	reduction	mj-shrink-map	merge	MJ025753: 法務省戸籍法関連通達・通知, 種別 戸籍統一文字情報 親字・正字, ホップ数 1
U+8FBA	邊	辺	reduction	mj-shrink-map	merge	MJ026200: 法務省戸籍法関連通達・通知, 種別 戸籍統一文字情報 親字・正字, ホップ数 1
U+8FBA	𦍇	邊	reduction	mj-shrink-map	merge	MJ044966: 法務省戸籍法関連通達・通知, 種別 戸籍統一文字情報 親字・正字, ホップ数 1
U+8FBA	𨓉	邊	reduction	mj-shrink-map	merge	MJ050872: 法務省戸籍法関連通達・通知, 種別 戸籍統一文字情報 親字・正字, ホップ数 1
U+8FBA	𨕙	邊	reduction	mj-shrink-map	merge	MJ058859: 法務省戸籍法関連通達・通知, 種別 戸籍統一文字情報 親字・正字, ホップ数 1
U+8FBA	𨘢	辺	reduction	mj-shrink-map	merge	MJ051123: 法務省戸籍法関連通達・通知, 種別 戸籍統一文字情報 親字・正字, ホップ数 1
U+8FBA	𮞽	邊	reduction	mj-shrink-map	merge	MJ058864: 法務省戸籍法関連通達・通知, 種別 戸籍統一文字情報 親字・正字, ホップ数 1
U+8FC2	𨑛	迂	reduction	mj-shrink-map	merge	MJ050782: 法務省戸籍法関連通達・通知, 種別 戸籍統一文字情報 親字・正字, ホップ数 1
U+8FC4	𨑐	迄	reduction	mj-shrink-map	merge	MJ050772: 法務省戸籍法関連通達・通知, 種別 戸籍統一文字情報 親字・正字, ホップ数 1
U+8FC4	𨑵	迄	reduction	mj-shrink-map	merge	MJ050803: 法務省戸籍法関連通達・通知, 種別 戸籍統一文字情報 親字・正字, ホップ数 1
U+8FC4	𮞂	迄	reduction	mj-shrink-map	merge	MJ058840: 法務省戸籍法関連通達・通知, 種別 戸籍統一文字情報 親字・正字, ホップ数 1
U+8FC5	𨑷	迅	reduction	mj-shrink-map	merge	MJ050804: 法務省戸籍法関連通達・通知, 種別 戸籍統一文字情報 親字・正字, ホップ数 1
U+8FCD	𨑞	迍	reduction	mj-shrink-map	merge	MJ050785: 法務省戸籍法関連通達・通知, 種別 戸籍統一文字情報 親字・正字, ホップ数 1
U+8FCE	𦑤	迎	reduction	mj-shrink-map	merge	MJ045179: 法務省戸籍法関連通達・通知, 種別 戸籍統一文字情報 親字・正字, ホップ数 1
U+8FD1	𠧣	近	reduction	mj-shrink-map	merge	MJ031786: 法務省戸籍法関連通達・通知, 種別 戸籍統一文字情報 親字・正字, ホップ数 1
U+8FD1	𣂠	近	reduction	mj-shrink-map	merge	MJ037496: 法務省戸籍法関連通達・通知, 種別 戸籍統一文字情報 親字・正字, ホップ数 1
U+8FD1	𣥍	近	reduction	mj-shrink-map	merge	MJ038657: 法務省戸籍法関連通達・通知, 種別 戸籍統一文字情報 親字・正字, ホップ数 1
U+8FD1	𣥪	近	reduction	mj-shrink-map	merge	MJ038678: 法務省戸籍法関連通達・通知, 種別 戸籍統一文字情報 親字・正字, ホップ数 1
U+8FD4	𢓉	返	reduction	mj-shrink-map	merge	MJ035806: 法務省戸籍法関連通達・通知, 種別 戸籍統一文字情報 親字・正字, ホップ数 1
U+8FE5	䢛	迥	reduction	mj-shrink-map	merge	MJ005017: 法務省戸籍法関連通達・通知, 種別 戸籍統一文字情報 親字・正字, ホップ数 1
U+8FEA	廸	迪	reduction	mj-shrink-map	merge	MJ011106: 法務省戸籍法関連通達・通知, 種別 戸籍統一文字情報 親字・正字, ホップ数 1
U+8FEA	廸	迪	variant	cjkvi-variants	corroborates	廸→迪 jisx0212/variant | 廸→迪 jisx0213/variant | 迪→廸 hydzd/variant | 迪→廸 twedu/variant
U+8FEA	廸	迪	variant	wikidata	corroborates	Q109742253; P248 Q10427532 | Q109764218; P248 Q10427532
U+8FEA	𨔅	迪	reduction	mj-shrink-map	merge	MJ050924: 法務省戸籍法関連通達・通知, 種別 戸籍統一文字情報 親字・正字, ホップ数 1
U+8FF0	䢤	述	reduction	mj-shrink-map	merge	MJ005026: 法務省戸籍法関連通達・通知, 種別 戸籍統一文字情報 親字・正字, ホップ数 1
U+8FF7	𨒲	迷	reduction	mj-shrink-map	merge	MJ050855: 法務省戸籍法関連通達・通知, 種別 戸籍統一文字情報 親字・正字, ホップ数 1
U+8FF9	䟱	迹	reduction	mj-shrink-map	merge	MJ004851: 法務省戸籍法関連通達・通知, 種別 戸籍統一文字情報 親字・正字, ホップ数 1
U+8FF9	𨒏	迹	reduction	mj-shrink-map	merge	MJ050825: 法務省戸籍法関連通達・通知, 種別 戸籍統一文字情報 親字・正字, ホップ数 1
U+8FF9	𨒪	迹	reduction	mj-shrink-map	merge	MJ050844: 法務省戸籍法関連通達・通知, 種別 戸籍統一文字情報 親字・正字, ホップ数 1
U+8FFB	𢼏	迻	reduction	mj-shrink-map	merge	MJ037249: 法務省戸籍法関連通達・通知, 種別 戸籍統一文字情報 親字・正字, ホップ数 1
U+8FFD	𤤷	追	reduction	mj-shrink-map	merge	MJ040972: 法務省戸籍法関連通達・通知, 種別 戸籍統一文字情報 親字・正字, ホップ数 1
U+9000	𨑧	退	reduction	mj-shrink-map	merge	MJ050794: 法務省戸籍法関連通達・通知, 種別 戸籍統一文字情報 親字・正字, ホップ数 1
U+9000	𨓤	退	reduction	mj-shrink-map	merge	MJ050889: 法務省戸籍法関連通達・通知, 種別 戸籍統一文字情報 親字・正字, ホップ数 1
U+9000	𨔫	退	reduction	mj-shrink-map	merge	MJ050950: 法務省戸籍法関連通達・通知, 種別 戸籍統一文字情報 親字・正字, ホップ数 1
U+9001	䢠	送	reduction	mj-shrink-map	merge	MJ005022: 法務省戸籍法関連通達・通知, 種別 戸籍統一文字情報 親字・正字, ホップ数 1
U+9001	𨓵	送	reduction	mj-shrink-map	merge	MJ050908: 法務省戸籍法関連通達・通知, 種別 戸籍統一文字情報 親字・正字, ホップ数 1
U+9001	𨔮	送	reduction	mj-shrink-map	merge	MJ050955: 法務省戸籍法関連通達・通知, 種別 戸籍統一文字情報 親字・正字, ホップ数 1
U+9001	𨕩	送	reduction	mj-shrink-map	merge	MJ050988: 法務省戸籍法関連通達・通知, 種別 戸籍統一文字情報 親字・正字, ホップ数 1
U+9001	𨕪	送	reduction	mj-shrink-map	merge	MJ050989: 法務省戸籍法関連通達・通知, 種別 戸籍統一文字情報 親字・正字, ホップ数 1
U+9001	𨕼	送	reduction	mj-shrink-map	merge	MJ050998: 法務省戸籍法関連通達・通知, 種別 戸籍統一文字情報 親字・正字, ホップ数 1
U+9002	𨓈	适	reduction	mj-shrink-map	merge	MJ050871: 法務省戸籍法関連通達・通知, 種別 戸籍統一文字情報 親字・正字, ホップ数 1
U+9003	迯	逃	reduction	mj-shrink-map	merge	MJ025848: 法務省戸籍法関連通達・通知, 種別 戸籍統一文字情報 親字・正字, ホップ数 1
U+9003	迯	逃	variant	cjkvi-variants	corroborates	逃→迯 hydzd/variant | 逃→迯 jisx0212/variant | 逃→迯 jisx0213/variant | 逃→迯 twedu/variant
U+9003	迯	逃	variant	hng-basic-data	corroborates	11984
U+9003	迯	逃	variant	wikidata	corroborates	Q109764223; P248 Q10427532 | Q55814978; P248 Q10427532
U+9003	迯	逃	equivalent	yitizi	corroborates	ytenx/JihThex.csv
U+9003	𨒯	逃	reduction	mj-shrink-map	merge	MJ050851: 法務省戸籍法関連通達・通知, 種別 戸籍統一文字情報 親字・正字, ホップ数 1
U+9003	𨓖	逃	reduction	mj-shrink-map	merge	MJ050880: 法務省戸籍法関連通達・通知, 種別 戸籍統一文字情報 親字・正字, ホップ数 1
U+900B	𨕝	逋	reduction	mj-shrink-map	merge	MJ050973: 法務省戸籍法関連通達・通知, 種別 戸籍統一文字情報 親字・正字, ホップ数 1
U+900B	𨗗	逋	reduction	mj-shrink-map	merge	MJ051069: 法務省戸籍法関連通達・通知, 種別 戸籍統一文字情報 親字・正字, ホップ数 1
U+900C	𨓘	逌	reduction	mj-shrink-map	merge	MJ050882: 法務省戸籍法関連通達・通知, 種別 戸籍統一文字情報 親字・正字, ホップ数 1
U+900F	䞬	透	reduction	mj-shrink-map	merge	MJ004784: 法務省戸籍法関連通達・通知, 種別 戸籍統一文字情報 親字・正字, ホップ数 1
U+9010	𢄘	逐	reduction	mj-shrink-map	merge	MJ035130: 法務省戸籍法関連通達・通知, 種別 戸籍統一文字情報 親字・正字, ホップ数 1
U+9013	遞	逓	reduction	mj-shrink-map	merge	MJ026083: 法務省戸籍法関連通達・通知, 種別 戸籍統一文字情報 親字・正字, ホップ数 1
U+9013	𨓝	逓	reduction	mj-shrink-map	merge	MJ050885: 法務省戸籍法関連通達・通知, 種別 戸籍統一文字情報 親字・正字, ホップ数 1
U+9013	𨔄	遞	reduction	mj-shrink-map	merge	MJ050923: 法務省戸籍法関連通達・通知, 種別 戸籍統一文字情報 親字・正字, ホップ数 1
U+901A	𢓶	通	reduction	mj-shrink-map	merge	MJ035838: 法務省戸籍法関連通達・通知, 種別 戸籍統一文字情報 親字・正字, ホップ数 1
U+901A	𥲆	通	reduction	mj-shrink-map	merge	MJ043903: 法務省戸籍法関連通達・通知, 種別 戸籍統一文字情報 親字・正字, ホップ数 1
U+901A	𨓛	通	reduction	mj-shrink-map	merge	MJ050884: 法務省戸籍法関連通達・通知, 種別 戸籍統一文字情報 親字・正字, ホップ数 1
U+901F	𧫣	速	reduction	mj-shrink-map	merge	MJ049106: 法務省戸籍法関連通達・通知, 種別 戸籍統一文字情報 親字・正字, ホップ数 1
U+901F	𧫷	速	reduction	mj-shrink-map	merge	MJ058762: 法務省戸籍法関連通達・通知, 種別 戸籍統一文字情報 親字・正字, ホップ数 1
U+9020	艁	造	reduction	mj-shrink-map	merge	MJ021409: 法務省戸籍法関連通達・通知, 種別 戸籍統一文字情報 親字・正字, ホップ数 1
U+9020	𦹢	造	reduction	mj-shrink-map	merge	MJ046828: 法務省戸籍法関連通達・通知, 種別 戸籍統一文字情報 親字・正字, ホップ数 1
U+9020	𨒽	造	reduction	mj-shrink-map	merge	MJ050860: 法務省戸籍法関連通達・通知, 種別 戸籍統一文字情報 親字・正字, ホップ数 1
U+9020	𨕡	造	reduction	mj-shrink-map	merge	MJ050978: 法務省戸籍法関連通達・通知, 種別 戸籍統一文字情報 親字・正字, ホップ数 1
U+9023	連	連	compatibility	unicode-ucd	merge	9023
U+9023	𨘑	連	reduction	mj-shrink-map	merge	MJ051111: 法務省戸籍法関連通達・通知, 種別 戸籍統一文字情報 親字・正字, ホップ数 1
U+902D	𩁧	逭	reduction	mj-shrink-map	merge	MJ052713: 法務省戸籍法関連通達・通知, 種別 戸籍統一文字情報 親字・正字, ホップ数 1
U+902E	𨓻	逮	reduction	mj-shrink-map	merge	MJ050914: 法務省戸籍法関連通達・通知, 種別 戸籍統一文字情報 親字・正字, ホップ数 1
U+902E	𨗻	逮	reduction	mj-shrink-map	merge	MJ051098: 法務省戸籍法関連通達・通知, 種別 戸籍統一文字情報 親字・正字, ホップ数 1
U+9032	𨗃	進	reduction	mj-shrink-map	merge	MJ051056: 法務省戸籍法関連通達・通知, 種別 戸籍統一文字情報 親字・正字, ホップ数 1
U+9032	𨙟	進	reduction	mj-shrink-map	merge	MJ051172: 法務省戸籍法関連通達・通知, 種別 戸籍統一文字情報 親字・正字, ホップ数 1
U+9035	𨘫	逵	reduction	mj-shrink-map	merge	MJ051127: 法務省戸籍法関連通達・通知, 種別 戸籍統一文字情報 親字・正字, ホップ数 1
U+9036	㣦	逶	reduction	mj-shrink-map	merge	MJ001119: 法務省戸籍法関連通達・通知, 種別 戸籍統一文字情報 親字・正字, ホップ数 1
U+9038	逸	𨓜	z	cjkvi-variants	merge	逸→𨓜 cjkvi/duplicate
U+9038	逸	𨓜	z	unihan	merge	逸→𨓜 kZVariant | 𨓜→逸 kZVariant
U+9038	逸	逸	compatibility	unicode-ucd	merge	9038
U+9038	逸	逸	compatibility	unicode-ucd	merge	9038
U+9038	𠡓	逸	reduction	mj-shrink-map	merge	MJ031512: 法務省戸籍法関連通達・通知, 種別 戸籍統一文字情報 親字・正字, ホップ数 1
U+9038	𤖍	逸	reduction	mj-shrink-map	merge	MJ040317: 法務省戸籍法関連通達・通知, 種別 戸籍統一文字情報 親字・正字, ホップ数 1
U+9038	𤖚	逸	reduction	mj-shrink-map	merge	MJ040327: 法務省戸籍法関連通達・通知, 種別 戸籍統一文字情報 親字・正字, ホップ数 1
U+9042	𨓸	遂	reduction	mj-shrink-map	merge	MJ050911: 法務省戸籍法関連通達・通知, 種別 戸籍統一文字情報 親字・正字, ホップ数 1
U+9042	𨔱	遂	reduction	mj-shrink-map	merge	MJ050959: 法務省戸籍法関連通達・通知, 種別 戸籍統一文字情報 親字・正字, ホップ数 1
U+9042	𨔲	遂	reduction	mj-shrink-map	merge	MJ050960: 法務省戸籍法関連通達・通知, 種別 戸籍統一文字情報 親字・正字, ホップ数 1
U+9044	𨒎	遄	reduction	mj-shrink-map	merge	MJ050824: 法務省戸籍法関連通達・通知, 種別 戸籍統一文字情報 親字・正字, ホップ数 1
U+9044	𨖇	遄	reduction	mj-shrink-map	merge	MJ051006: 法務省戸籍法関連通達・通知, 種別 戸籍統一文字情報 親字・正字, ホップ数 1
U+9045	遲	遲	compatibility	unicode-ucd	merge	9072
U+9045	遟	遅	reduction	mj-shrink-map	merge	MJ026085: 法務省戸籍法関連通達・通知, 種別 戸籍統一文字情報 親字・正字, ホップ数 1
U+9045	遲	遅	reduction	mj-shrink-map	merge	MJ026127: 法務省戸籍法関連通達・通知, 種別 戸籍統一文字情報 親字・正字, ホップ数 1
U+9045	𨒈	遲	reduction	mj-shrink-map	merge	MJ050817: 法務省戸籍法関連通達・通知, 種別 戸籍統一文字情報 親字・正字, ホップ数 1
U+9047	𠓱	遇	reduction	mj-shrink-map	merge	MJ030967: 法務省戸籍法関連通達・通知, 種別 戸籍統一文字情報 親字・正字, ホップ数 1
U+904A	䢊	遊	reduction	mj-shrink-map	merge	MJ004996: 法務省戸籍法関連通達・通知, 種別 戸籍統一文字情報 親字・正字, ホップ数 1
U+904A	逰	遊	reduction	mj-shrink-map	merge	MJ025976: 法務省戸籍法関連通達・通知, 種別 戸籍統一文字情報 親字・正字, ホップ数 1
U+904B	𨔪	運	reduction	mj-shrink-map	merge	MJ050948: 法務省戸籍法関連通達・通知, 種別 戸籍統一文字情報 親字・正字, ホップ数 1
U+904E	𨓺	過	reduction	mj-shrink-map	merge	MJ050913: 法務省戸籍法関連通達・通知, 種別 戸籍統一文字情報 親字・正字, ホップ数 1
U+9053	噵	道	reduction	mj-shrink-map	merge	MJ008700: 法務省戸籍法関連通達・通知, 種別 戸籍統一文字情報 親字・正字, ホップ数 1
U+9053	衜	道	reduction	mj-shrink-map	merge	MJ023881: 法務省戸籍法関連通達・通知, 種別 戸籍統一文字情報 親字・正字, ホップ数 1
U+9053	衟	道	reduction	mj-shrink-map	merge	MJ023884: 法務省戸籍法関連通達・通知, 種別 戸籍統一文字情報 親字・正字, ホップ数 1
U+9053	𡬹	道	reduction	mj-shrink-map	merge	MJ034175: 法務省戸籍法関連通達・通知, 種別 戸籍統一文字情報 親字・正字, ホップ数 1
U+9053	𧗞	道	reduction	mj-shrink-map	merge	MJ048135: 法務省戸籍法関連通達・通知, 種別 戸籍統一文字情報 親字・正字, ホップ数 1
U+9053	𨔞	道	reduction	mj-shrink-map	merge	MJ050935: 法務省戸籍法関連通達・通知, 種別 戸籍統一文字情報 親字・正字, ホップ数 1
U+9053	𨕥	道	reduction	mj-shrink-map	merge	MJ050984: 法務省戸籍法関連通達・通知, 種別 戸籍統一文字情報 親字・正字, ホップ数 1
U+9053	𨖁	道	reduction	mj-shrink-map	merge	MJ051002: 法務省戸籍法関連通達・通知, 種別 戸籍統一文字情報 親字・正字, ホップ数 1
U+9053	𨗓	道	reduction	mj-shrink-map	merge	MJ051066: 法務省戸籍法関連通達・通知, 種別 戸籍統一文字情報 親字・正字, ホップ数 1
U+9054	逹	達	reduction	mj-shrink-map	merge	MJ025999: 法務省戸籍法関連通達・通知, 種別 戸籍統一文字情報 親字・正字, ホップ数 1
U+9054	逹	達	variant	cjkvi-variants	corroborates	達→逹 jisx0212/variant | 達→逹 jisx0213/variant
U+9054	逹	達	variant	hng-basic-data	corroborates	12052 | 12052b
U+9054	逹	達	variant	wikidata	corroborates	Q109764301; P248 Q10427532 | Q54881951; P248 Q10427532
U+9054	逹	達	equivalent	yitizi	corroborates	ytenx/JihThex.csv
U+9054	𨔬	達	reduction	mj-shrink-map	merge	MJ050951: 法務省戸籍法関連通達・通知, 種別 戸籍統一文字情報 親字・正字, ホップ数 1
U+9054	𨔶	達	reduction	mj-shrink-map	merge	MJ050952: 法務省戸籍法関連通達・通知, 種別 戸籍統一文字情報 親字・正字, ホップ数 1
U+9054	𨖫	達	reduction	mj-shrink-map	merge	MJ051030: 法務省戸籍法関連通達・通知, 種別 戸籍統一文字情報 親字・正字, ホップ数 1
U+9055	𨔻	違	reduction	mj-shrink-map	merge	MJ058854: 法務省戸籍法関連通達・通知, 種別 戸籍統一文字情報 親字・正字, ホップ数 1
U+9055	𨕸	違	reduction	mj-shrink-map	merge	MJ050995: 法務省戸籍法関連通達・通知, 種別 戸籍統一文字情報 親字・正字, ホップ数 1
U+9058	𢔵	遘	reduction	mj-shrink-map	merge	MJ035888: 法務省戸籍法関連通達・通知, 種別 戸籍統一文字情報 親字・正字, ホップ数 1
U+9058	𧽝	遘	reduction	mj-shrink-map	merge	MJ049933: 法務省戸籍法関連通達・通知, 種別 戸籍統一文字情報 親字・正字, ホップ数 1
U+9059	𨓧	遙	reduction	mj-shrink-map	merge	MJ050893: 法務省戸籍法関連通達・通知, 種別 戸籍統一文字情報 親字・正字, ホップ数 1
U+9059	𨗽	遙	reduction	mj-shrink-map	merge	MJ051100: 法務省戸籍法関連通達・通知, 種別 戸籍統一文字情報 親字・正字, ホップ数 1
U+9060	逺	遠	reduction	mj-shrink-map	merge	MJ058857: 法務省戸籍法関連通達・通知, 種別 戸籍統一文字情報 親字・正字, ホップ数 1
U+9060	𢕱	遠	reduction	mj-shrink-map	merge	MJ035923: 法務省戸籍法関連通達・通知, 種別 戸籍統一文字情報 親字・正字, ホップ数 1
U+9060	𨖸	遠	reduction	mj-shrink-map	merge	MJ051043: 法務省戸籍法関連通達・通知, 種別 戸籍統一文字情報 親字・正字, ホップ数 1
U+9060	𫟨	遠	reduction	mj-shrink-map	merge	MJ058853: 法務省戸籍法関連通達・通知, 種別 戸籍統一文字情報 親字・正字, ホップ数 1
U+9061	㴑	遡	reduction	mj-shrink-map	merge	MJ002108: 法務省戸籍法関連通達・通知, 種別 戸籍統一文字情報 親字・正字, ホップ数 1
U+9061	溸	㴑	reduction	mj-shrink-map	merge	MJ015721: 法務省戸籍法関連通達・通知, 種別 戸籍統一文字情報 親字・正字, ホップ数 1
U+9063	𮞭	遣	reduction	mj-shrink-map	merge	MJ058858: 法務省戸籍法関連通達・通知, 種別 戸籍統一文字情報 親字・正字, ホップ数 1
U+9068	𨗯	遨	reduction	mj-shrink-map	merge	MJ051091: 法務省戸籍法関連通達・通知, 種別 戸籍統一文字情報 親字・正字, ホップ数 1
U+9069	𨗁	適	reduction	mj-shrink-map	merge	MJ051054: 法務省戸籍法関連通達・通知, 種別 戸籍統一文字情報 親字・正字, ホップ数 1
U+906D	蹧	遭	reduction	mj-shrink-map	merge	MJ025428: 法務省戸籍法関連通達・通知, 種別 戸籍統一文字情報 親字・正字, ホップ数 1
U+906D	𨗐	遭	reduction	mj-shrink-map	merge	MJ051064: 法務省戸籍法関連通達・通知, 種別 戸籍統一文字情報 親字・正字, ホップ数 1
U+906D	𨘜	遭	reduction	mj-shrink-map	merge	MJ051117: 法務省戸籍法関連通達・通知, 種別 戸籍統一文字情報 親字・正字, ホップ数 1
U+906D	𨙠	遭	reduction	mj-shrink-map	merge	MJ051175: 法務省戸籍法関連通達・通知, 種別 戸籍統一文字情報 親字・正字, ホップ数 1
U+906E	𨖥	遮	reduction	mj-shrink-map	merge	MJ051028: 法務省戸籍法関連通達・通知, 種別 戸籍統一文字情報 親字・正字, ホップ数 1
U+906F	𨘭	遯	reduction	mj-shrink-map	merge	MJ051129: 法務省戸籍法関連通達・通知, 種別 戸籍統一文字情報 親字・正字, ホップ数 1
U+906F	𨘹	遯	reduction	mj-shrink-map	merge	MJ051140: 法務省戸籍法関連通達・通知, 種別 戸籍統一文字情報 親字・正字, ホップ数 1
U+9075	𢍲	遵	reduction	mj-shrink-map	merge	MJ035536: 法務省戸籍法関連通達・通知, 種別 戸籍統一文字情報 親字・正字, ホップ数 1
U+9075	𢕰	遵	reduction	mj-shrink-map	merge	MJ035922: 法務省戸籍法関連通達・通知, 種別 戸籍統一文字情報 親字・正字, ホップ数 1
U+9075	𨗕	遵	reduction	mj-shrink-map	merge	MJ051068: 法務省戸籍法関連通達・通知, 種別 戸籍統一文字情報 親字・正字, ホップ数 1
U+9075	𨘊	遵	reduction	mj-shrink-map	merge	MJ051108: 法務省戸籍法関連通達・通知, 種別 戸籍統一文字情報 親字・正字, ホップ数 1
U+9077	䢬	遷	reduction	mj-shrink-map	merge	MJ005037: 法務省戸籍法関連通達・通知, 種別 戸籍統一文字情報 親字・正字, ホップ数 1
U+9077	𢫥	遷	reduction	mj-shrink-map	merge	MJ036751: 法務省戸籍法関連通達・通知, 種別 戸籍統一文字情報 親字・正字, ホップ数 1
U+9077	𢰕	遷	reduction	mj-shrink-map	merge	MJ036902: 法務省戸籍法関連通達・通知, 種別 戸籍統一文字情報 親字・正字, ホップ数 1
U+9077	𨒿	遷	reduction	mj-shrink-map	merge	MJ050862: 法務省戸籍法関連通達・通知, 種別 戸籍統一文字情報 親字・正字, ホップ数 1
U+9077	𨔰	遷	reduction	mj-shrink-map	merge	MJ050957: 法務省戸籍法関連通達・通知, 種別 戸籍統一文字情報 親字・正字, ホップ数 1
U+9077	𨕞	遷	reduction	mj-shrink-map	merge	MJ050974: 法務省戸籍法関連通達・通知, 種別 戸籍統一文字情報 親字・正字, ホップ数 1
U+9077	𨗢	遷	reduction	mj-shrink-map	merge	MJ051078: 法務省戸籍法関連通達・通知, 種別 戸籍統一文字情報 親字・正字, ホップ数 1
U+9077	𨗺	遷	reduction	mj-shrink-map	merge	MJ051097: 法務省戸籍法関連通達・通知, 種別 戸籍統一文字情報 親字・正字, ホップ数 1
U+9077	𨙙	遷	reduction	mj-shrink-map	merge	MJ051166: 法務省戸籍法関連通達・通知, 種別 戸籍統一文字情報 親字・正字, ホップ数 1
U+9077	𨙞	遷	reduction	mj-shrink-map	merge	MJ051171: 法務省戸籍法関連通達・通知, 種別 戸籍統一文字情報 親字・正字, ホップ数 1
U+9078	𨕖	選	reduction	mj-shrink-map	merge	MJ050968: 法務省戸籍法関連通達・通知, 種別 戸籍統一文字情報 親字・正字, ホップ数 1
U+907A	𧸃	遺	reduction	mj-shrink-map	merge	MJ049727: 法務省戸籍法関連通達・通知, 種別 戸籍統一文字情報 親字・正字, ホップ数 1
U+907A	𧸯	遺	reduction	mj-shrink-map	merge	MJ049751: 法務省戸籍法関連通達・通知, 種別 戸籍統一文字情報 親字・正字, ホップ数 1
U+907A	𧸽	遺	reduction	mj-shrink-map	merge	MJ049758: 法務省戸籍法関連通達・通知, 種別 戸籍統一文字情報 親字・正字, ホップ数 1
U+907A	𨗔	遺	reduction	mj-shrink-map	merge	MJ051067: 法務省戸籍法関連通達・通知, 種別 戸籍統一文字情報 親字・正字, ホップ数 1
U+907A	𨗭	𨗭	compatibility	unicode-ucd	merge	285ED
U+907A	𨗭	遺	reduction	mj-shrink-map	merge	MJ051088: 法務省戸籍法関連通達・通知, 種別 戸籍統一文字情報 親字・正字, ホップ数 1
U+907A	𨗮	遺	reduction	mj-shrink-map	merge	MJ051090: 法務省戸籍法関連通達・通知, 種別 戸籍統一文字情報 親字・正字, ホップ数 1
U+907C	遼	遼	compatibility	unicode-ucd	merge	907C
U+907C	𢊻	遼	reduction	mj-shrink-map	merge	MJ035417: 法務省戸籍法関連通達・通知, 種別 戸籍統一文字情報 親字・正字, ホップ数 1
U+907F	𢕾	避	reduction	mj-shrink-map	merge	MJ035932: 法務省戸籍法関連通達・通知, 種別 戸籍統一文字情報 親字・正字, ホップ数 1
U+907F	𨓶	避	reduction	mj-shrink-map	merge	MJ050909: 法務省戸籍法関連通達・通知, 種別 戸籍統一文字情報 親字・正字, ホップ数 1
U+9083	𥤼	邃	reduction	mj-shrink-map	merge	MJ043400: 法務省戸籍法関連通達・通知, 種別 戸籍統一文字情報 親字・正字, ホップ数 1
U+9084	𨕔	還	reduction	mj-shrink-map	merge	MJ050966: 法務省戸籍法関連通達・通知, 種別 戸籍統一文字情報 親字・正字, ホップ数 1
U+9084	𨖞	還	reduction	mj-shrink-map	merge	MJ051020: 法務省戸籍法関連通達・通知, 種別 戸籍統一文字情報 親字・正字, ホップ数 1
U+9084	𨘣	還	reduction	mj-shrink-map	merge	MJ051125: 法務省戸籍法関連通達・通知, 種別 戸籍統一文字情報 親字・正字, ホップ数 1
U+9084	𮟃	還	reduction	mj-shrink-map	merge	MJ058863: 法務省戸籍法関連通達・通知, 種別 戸籍統一文字情報 親字・正字, ホップ数 1
U+9085	𧾍	邅	reduction	mj-shrink-map	merge	MJ049970: 法務省戸籍法関連通達・通知, 種別 戸籍統一文字情報 親字・正字, ホップ数 1
U+9087	𨒛	邇	reduction	mj-shrink-map	merge	MJ050829: 法務省戸籍法関連通達・通知, 種別 戸籍統一文字情報 親字・正字, ホップ数 1
U+9087	𮞘	邇	reduction	mj-shrink-map	merge	MJ058851: 法務省戸籍法関連通達・通知, 種別 戸籍統一文字情報 親字・正字, ホップ数 1
U+9087	𮟞	邇	reduction	mj-shrink-map	merge	MJ058873: 法務省戸籍法関連通達・通知, 種別 戸籍統一文字情報 親字・正字, ホップ数 1
U+9088	𨙁	邈	reduction	mj-shrink-map	merge	MJ051145: 法務省戸籍法関連通達・通知, 種別 戸籍統一文字情報 親字・正字, ホップ数 1
U+9089	𫟪	邉	reduction	mj-shrink-map	merge	MJ058869: 法務省戸籍法関連通達・通知, 種別 戸籍統一文字情報 親字・正字, ホップ数 1
U+908F	邏	邏	compatibility	unicode-ucd	merge	908F
U+9091	𡇃	邑	reduction	mj-shrink-map	merge	MJ032831: 法務省戸籍法関連通達・通知, 種別 戸籍統一文字情報 親字・正字, ホップ数 1
U+9094	邔	𨙬	z	cjkvi-variants	merge	邔→𨙬 cjkvi/duplicate
U+9094	邔	邔	compatibility	unicode-ucd	merge	9094
U+9095	𡿷	邕	reduction	mj-shrink-map	merge	MJ034917: 法務省戸籍法関連通達・通知, 種別 戸籍統一文字情報 親字・正字, ホップ数 1
U+90A3	㑚	那	reduction	mj-shrink-map	merge	MJ000067: 法務省戸籍法関連通達・通知, 種別 戸籍統一文字情報 親字・正字, ホップ数 1
U+90A3	𢑽	那	reduction	mj-shrink-map	merge	MJ035747: 法務省戸籍法関連通達・通知, 種別 戸籍統一文字情報 親字・正字, ホップ数 1
U+90A3	𨚗	那	reduction	mj-shrink-map	merge	MJ051212: 法務省戸籍法関連通達・通知, 種別 戸籍統一文字情報 親字・正字, ホップ数 1
U+90A6	䢶	邦	reduction	mj-shrink-map	merge	MJ005048: 法務省戸籍法関連通達・通知, 種別 戸籍統一文字情報 親字・正字, ホップ数 1
U+90A6	峀	峀	compatibility	unicode-ucd	merge	5CC0
U+90A6	峀	邦	reduction	mj-shrink-map	merge	MJ010468: 法務省戸籍法関連通達・通知, 種別 戸籍統一文字情報 親字・正字, ホップ数 1
U+90A6	邫	邦	reduction	mj-shrink-map	merge	MJ026257: 法務省戸籍法関連通達・通知, 種別 戸籍統一文字情報 親字・正字, ホップ数 1
U+90A6	𤰫	邦	reduction	mj-shrink-map	merge	MJ041355: 法務省戸籍法関連通達・通知, 種別 戸籍統一文字情報 親字・正字, ホップ数 1
U+90A6	𨚚	邦	reduction	mj-shrink-map	merge	MJ051215: 法務省戸籍法関連通達・通知, 種別 戸籍統一文字情報 親字・正字, ホップ数 1
U+90A6	𨛁	邦	reduction	mj-shrink-map	merge	MJ051241: 法務省戸籍法関連通達・通知, 種別 戸籍統一文字情報 親字・正字, ホップ数 1
U+90A6	𨛟	邦	reduction	mj-shrink-map	merge	MJ051267: 法務省戸籍法関連通達・通知, 種別 戸籍統一文字情報 親字・正字, ホップ数 1
U+90A8	𨙲	邨	reduction	mj-shrink-map	merge	MJ051189: 法務省戸籍法関連通達・通知, 種別 戸籍統一文字情報 親字・正字, ホップ数 1
U+90AF	𨚠	邯	reduction	mj-shrink-map	merge	MJ051217: 法務省戸籍法関連通達・通知, 種別 戸籍統一文字情報 親字・正字, ホップ数 1
U+90B1	𨚑	邱	reduction	mj-shrink-map	merge	MJ051206: 法務省戸籍法関連通達・通知, 種別 戸籍統一文字情報 親字・正字, ホップ数 1
U+90B1	𨚬	邱	reduction	mj-shrink-map	merge	MJ051224: 法務省戸籍法関連通達・通知, 種別 戸籍統一文字情報 親字・正字, ホップ数 1
U+90B1	𨛆	邱	reduction	mj-shrink-map	merge	MJ051244: 法務省戸籍法関連通達・通知, 種別 戸籍統一文字情報 親字・正字, ホップ数 1
U+90B8	䣌	邸	reduction	mj-shrink-map	merge	MJ005068: 法務省戸籍法関連通達・通知, 種別 戸籍統一文字情報 親字・正字, ホップ数 1
U+90B8	𨚏	邸	reduction	mj-shrink-map	merge	MJ051205: 法務省戸籍法関連通達・通知, 種別 戸籍統一文字情報 親字・正字, ホップ数 1
U+90C1	𨚼	郁	reduction	mj-shrink-map	merge	MJ051237: 法務省戸籍法関連通達・通知, 種別 戸籍統一文字情報 親字・正字, ホップ数 1
U+90C3	㪉	郃	reduction	mj-shrink-map	merge	MJ001512: 法務省戸籍法関連通達・通知, 種別 戸籍統一文字情報 親字・正字, ホップ数 1
U+90C7	𨝁	郇	reduction	mj-shrink-map	merge	MJ051347: 法務省戸籍法関連通達・通知, 種別 戸籍統一文字情報 親字・正字, ホップ数 1
U+90C8	𨚨	郈	reduction	mj-shrink-map	merge	MJ051222: 法務省戸籍法関連通達・通知, 種別 戸籍統一文字情報 親字・正字, ホップ数 1
U+90CE	郎	郞	z	unihan	merge	郎→郞 kZVariant | 郞→郎 kZVariant
U+90CE	郎	郎	compatibility	unicode-ucd	merge	90CE
U+90CE	郞	郞	compatibility	unicode-ucd	merge	90DE
U+90CE	郒	郎	reduction	mj-shrink-map	merge	MJ026296: 法務省戸籍法関連通達・通知, 種別 戸籍統一文字情報 親字・正字, ホップ数 1
U+90CE	郞	郎	reduction	mj-shrink-map	merge	MJ026309: 法務省戸籍法関連通達・通知, 種別 戸籍統一文字情報 親字・正字, ホップ数 1
U+90CE	𨝥	郞	reduction	mj-shrink-map	merge	MJ051376: 法務省戸籍法関連通達・通知, 種別 戸籍統一文字情報 親字・正字, ホップ数 1
U+90DB	𡎽	郛	reduction	mj-shrink-map	merge	MJ033130: 法務省戸籍法関連通達・通知, 種別 戸籍統一文字情報 親字・正字, ホップ数 1
U+90DC	𨜋	郜	reduction	mj-shrink-map	merge	MJ051302: 法務省戸籍法関連通達・通知, 種別 戸籍統一文字情報 親字・正字, ホップ数 1
U+90E1	𨛦	郡	reduction	mj-shrink-map	merge	MJ051274: 法務省戸籍法関連通達・通知, 種別 戸籍統一文字情報 親字・正字, ホップ数 1
U+90E2	𨙼	郢	reduction	mj-shrink-map	merge	MJ051198: 法務省戸籍法関連通達・通知, 種別 戸籍統一文字情報 親字・正字, ホップ数 1
U+90E4	郄	郤	reduction	mj-shrink-map	merge	MJ026284: 法務省戸籍法関連通達・通知, 種別 戸籍統一文字情報 親字・正字, ホップ数 1
U+90E4	𠜗	郄	reduction	mj-shrink-map	merge	MJ031321: 法務省戸籍法関連通達・通知, 種別 戸籍統一文字情報 親字・正字, ホップ数 1
U+90E4	𨚥	郤	reduction	mj-shrink-map	merge	MJ051220: 法務省戸籍法関連通達・通知, 種別 戸籍統一文字情報 親字・正字, ホップ数 1
U+90E4	𨜪	郤	reduction	mj-shrink-map	merge	MJ051327: 法務省戸籍法関連通達・通知, 種別 戸籍統一文字情報 親字・正字, ホップ数 1
U+90E8	郶	部	reduction	mj-shrink-map	merge	MJ026335: 法務省戸籍法関連通達・通知, 種別 戸籍統一文字情報 親字・正字, ホップ数 1
U+90ED	𨟍	郭	reduction	mj-shrink-map	merge	MJ051449: 法務省戸籍法関連通達・通知, 種別 戸籍統一文字情報 親字・正字, ホップ数 1
U+90ED	𩫏	郭	reduction	mj-shrink-map	merge	MJ054653: 法務省戸籍法関連通達・通知, 種別 戸籍統一文字情報 親字・正字, ホップ数 1
U+90ED	𩫩	郭	reduction	mj-shrink-map	merge	MJ054664: 法務省戸籍法関連通達・通知, 種別 戸籍統一文字情報 親字・正字, ホップ数 1
U+90F1	郱	郱	compatibility	unicode-ucd	merge	90F1
U+90F5	𨜚	郵	reduction	mj-shrink-map	merge	MJ051317: 法務省戸籍法関連通達・通知, 種別 戸籍統一文字情報 親字・正字, ホップ数 1
U+90F5	𨜲	郵	reduction	mj-shrink-map	merge	MJ051332: 法務省戸籍法関連通達・通知, 種別 戸籍統一文字情報 親字・正字, ホップ数 1
U+90F5	𨞄	郵	reduction	mj-shrink-map	merge	MJ051400: 法務省戸籍法関連通達・通知, 種別 戸籍統一文字情報 親字・正字, ホップ数 1
U+90F7	郷	鄉	z	unihan	merge	郷→鄉 kZVariant | 鄉→郷 kZVariant
U+90F7	郷	鄕	z	unihan	merge	郷→鄕 kZVariant | 鄕→郷 kZVariant
U+90F7	鄉	鄕	z	unihan	merge	鄉→鄕 kZVariant | 鄕→鄉 kZVariant
U+90F7	郷	鄕	itaiji	mj-kanji	merge	X0213 包摂
U+90F7	鄊	郷	reduction	mj-shrink-map	merge	MJ026356: 法務省戸籍法関連通達・通知, 種別 戸籍統一文字情報 親字・正字, ホップ数 1
U+90F7	鄕	郷	reduction	mj-shrink-map	merge	MJ026367: 法務省戸籍法関連通達・通知, 種別 戸籍統一文字情報 親字・正字, ホップ数 1
U+90F7	𨞰	郷	reduction	mj-shrink-map	merge	MJ051429: 法務省戸籍法関連通達・通知, 種別 戸籍統一文字情報 親字・正字, ホップ数 1
U+90F7	𭅽	郷	reduction	mj-shrink-map	merge	MJ057111: 法務省戸籍法関連通達・通知, 種別 戸籍統一文字情報 親字・正字, ホップ数 1
U+90FD	都	都	compatibility	unicode-ucd	merge	90FD
U+90FD	𨛷	都	reduction	mj-shrink-map	merge	MJ051287: 法務省戸籍法関連通達・通知, 種別 戸籍統一文字情報 親字・正字, ホップ数 1
U+90FD	𨟞	都	reduction	mj-shrink-map	merge	MJ051463: 法務省戸籍法関連通達・通知, 種別 戸籍統一文字情報 親字・正字, ホップ数 1
U+90FD	𮟾	都	reduction	mj-shrink-map	merge	MJ051296: 法務省戸籍法関連通達・通知, 種別 戸籍統一文字情報 親字・正字, ホップ数 1
U+90FF	𨞅	郿	reduction	mj-shrink-map	merge	MJ051401: 法務省戸籍法関連通達・通知, 種別 戸籍統一文字情報 親字・正字, ホップ数 1
U+9102	䣞	鄂	reduction	mj-shrink-map	merge	MJ005085: 法務省戸籍法関連通達・通知, 種別 戸籍統一文字情報 親字・正字, ホップ数 1
U+9102	𨟨	鄂	reduction	mj-shrink-map	merge	MJ051471: 法務省戸籍法関連通達・通知, 種別 戸籍統一文字情報 親字・正字, ホップ数 1
U+9104	𨞉	鄄	reduction	mj-shrink-map	merge	MJ051402: 法務省戸籍法関連通達・通知, 種別 戸籍統一文字情報 親字・正字, ホップ数 1
U+9111	鄑	鄑	compatibility	unicode-ucd	merge	9111
U+9112	𨛃	鄒	reduction	mj-shrink-map	merge	MJ051242: 法務省戸籍法関連通達・通知, 種別 戸籍統一文字情報 親字・正字, ホップ数 1
U+9112	𨛄	鄒	reduction	mj-shrink-map	merge	MJ051243: 法務省戸籍法関連通達・通知, 種別 戸籍統一文字情報 親字・正字, ホップ数 1
U+9116	䢵	鄖	reduction	mj-shrink-map	merge	MJ005047: 法務省戸籍法関連通達・通知, 種別 戸籍統一文字情報 親字・正字, ホップ数 1
U+9116	妘	䢵	reduction	mj-shrink-map	merge	MJ009583: 法務省戸籍法関連通達・通知, 種別 戸籍統一文字情報 親字・正字, ホップ数 1
U+9119	𨝣	鄙	reduction	mj-shrink-map	merge	MJ051374: 法務省戸籍法関連通達・通知, 種別 戸籍統一文字情報 親字・正字, ホップ数 1
U+911B	鄛	鄛	compatibility	unicode-ucd	merge	911B
U+911C	𨞻	鄜	reduction	mj-shrink-map	merge	MJ051438: 法務省戸籍法関連通達・通知, 種別 戸籍統一文字情報 親字・正字, ホップ数 1
U+911C	𨟤	鄜	reduction	mj-shrink-map	merge	MJ051468: 法務省戸籍法関連通達・通知, 種別 戸籍統一文字情報 親字・正字, ホップ数 1
U+912F	𨟪	鄯	reduction	mj-shrink-map	merge	MJ051472: 法務省戸籍法関連通達・通知, 種別 戸籍統一文字情報 親字・正字, ホップ数 1
U+9146	鄷	酆	reduction	mj-shrink-map	merge	MJ026412: 法務省戸籍法関連通達・通知, 種別 戸籍統一文字情報 親字・正字, ホップ数 1
U+9147	鄼	酇	reduction	mj-shrink-map	merge	MJ026418: 法務省戸籍法関連通達・通知, 種別 戸籍統一文字情報 親字・正字, ホップ数 1
U+9148	𨜥	酈	reduction	mj-shrink-map	merge	MJ051323: 法務省戸籍法関連通達・通知, 種別 戸籍統一文字情報 親字・正字, ホップ数 1
U+9148	𨟫	酈	reduction	mj-shrink-map	merge	MJ051473: 法務省戸籍法関連通達・通知, 種別 戸籍統一文字情報 親字・正字, ホップ数 1
U+9148	𨼓	酈	reduction	mj-shrink-map	merge	MJ052446: 法務省戸籍法関連通達・通知, 種別 戸籍統一文字情報 親字・正字, ホップ数 1
U+9149	𬻕	酉	reduction	mj-shrink-map	merge	MJ058881: 法務省戸籍法関連通達・通知, 種別 戸籍統一文字情報 親字・正字, ホップ数 1
U+9149	𮠕	酉	reduction	mj-shrink-map	merge	MJ058880: 法務省戸籍法関連通達・通知, 種別 戸籍統一文字情報 親字・正字, ホップ数 1
U+914B	𮠖	酋	reduction	mj-shrink-map	merge	MJ058882: 法務省戸籍法関連通達・通知, 種別 戸籍統一文字情報 親字・正字, ホップ数 1
U+914B	𮠚	酋	reduction	mj-shrink-map	merge	MJ058883: 法務省戸籍法関連通達・通知, 種別 戸籍統一文字情報 親字・正字, ホップ数 1
U+9152	𨠆	酒	reduction	mj-shrink-map	merge	MJ051494: 法務省戸籍法関連通達・通知, 種別 戸籍統一文字情報 親字・正字, ホップ数 1
U+9152	𨠊	酒	reduction	mj-shrink-map	merge	MJ051497: 法務省戸籍法関連通達・通知, 種別 戸籍統一文字情報 親字・正字, ホップ数 1
U+9154	醉	酔	reduction	mj-shrink-map	merge	MJ026505: 法務省戸籍法関連通達・通知, 種別 戸籍統一文字情報 親字・正字, ホップ数 1
U+9156	𨠁	酖	reduction	mj-shrink-map	merge	MJ051492: 法務省戸籍法関連通達・通知, 種別 戸籍統一文字情報 親字・正字, ホップ数 1
U+9157	䣱	酗	reduction	mj-shrink-map	merge	MJ005102: 法務省戸籍法関連通達・通知, 種別 戸籍統一文字情報 親字・正字, ホップ数 1
U+9157	䣴	酗	reduction	mj-shrink-map	merge	MJ005105: 法務省戸籍法関連通達・通知, 種別 戸籍統一文字情報 親字・正字, ホップ数 1
U+9157	𨠮	酗	reduction	mj-shrink-map	merge	MJ051520: 法務省戸籍法関連通達・通知, 種別 戸籍統一文字情報 親字・正字, ホップ数 1
U+9163	佄	酣	reduction	mj-shrink-map	merge	MJ006621: 法務省戸籍法関連通達・通知, 種別 戸籍統一文字情報 親字・正字, ホップ数 1
U+9165	䜹	酥	reduction	mj-shrink-map	merge	MJ004674: 法務省戸籍法関連通達・通知, 種別 戸籍統一文字情報 親字・正字, ホップ数 1
U+9165	𦢦	酥	reduction	mj-shrink-map	merge	MJ045846: 法務省戸籍法関連通達・通知, 種別 戸籍統一文字情報 親字・正字, ホップ数 1
U+9165	𦣑	酥	reduction	mj-shrink-map	merge	MJ045879: 法務省戸籍法関連通達・通知, 種別 戸籍統一文字情報 親字・正字, ホップ数 1
U+9165	𨢭	酥	reduction	mj-shrink-map	merge	MJ051594: 法務省戸籍法関連通達・通知, 種別 戸籍統一文字情報 親字・正字, ホップ数 1
U+9165	𨣺	酥	reduction	mj-shrink-map	merge	MJ051652: 法務省戸籍法関連通達・通知, 種別 戸籍統一文字情報 親字・正字, ホップ数 1
U+9169	𠋶	酩	reduction	mj-shrink-map	merge	MJ030717: 法務省戸籍法関連通達・通知, 種別 戸籍統一文字情報 親字・正字, ホップ数 1
U+916A	酪	酪	compatibility	unicode-ucd	merge	916A
U+916A	嗠	酪	reduction	mj-shrink-map	merge	MJ008543: 法務省戸籍法関連通達・通知, 種別 戸籍統一文字情報 親字・正字, ホップ数 1
U+9175	𨢀	酵	reduction	mj-shrink-map	merge	MJ051564: 法務省戸籍法関連通達・通知, 種別 戸籍統一文字情報 親字・正字, ホップ数 1
U+9175	𨣑	酵	reduction	mj-shrink-map	merge	MJ051619: 法務省戸籍法関連通達・通知, 種別 戸籍統一文字情報 親字・正字, ホップ数 1
U+9185	𨟷	醅	reduction	mj-shrink-map	merge	MJ051482: 法務省戸籍法関連通達・通知, 種別 戸籍統一文字情報 親字・正字, ホップ数 1
U+9185	𨡋	醅	reduction	mj-shrink-map	merge	MJ051530: 法務省戸籍法関連通達・通知, 種別 戸籍統一文字情報 親字・正字, ホップ数 1
U+9187	䣩	醇	reduction	mj-shrink-map	merge	MJ005095: 法務省戸籍法関連通達・通知, 種別 戸籍統一文字情報 親字・正字, ホップ数 1
U+9187	𨣳	醇	reduction	mj-shrink-map	merge	MJ051646: 法務省戸籍法関連通達・通知, 種別 戸籍統一文字情報 親字・正字, ホップ数 1
U+9187	𨣶	醇	reduction	mj-shrink-map	merge	MJ051648: 法務省戸籍法関連通達・通知, 種別 戸籍統一文字情報 親字・正字, ホップ数 1
U+918B	𨣋	醋	reduction	mj-shrink-map	merge	MJ051615: 法務省戸籍法関連通達・通知, 種別 戸籍統一文字情報 親字・正字, ホップ数 1
U+918D	𨠏	醍	reduction	mj-shrink-map	merge	MJ051503: 法務省戸籍法関連通達・通知, 種別 戸籍統一文字情報 親字・正字, ホップ数 1
U+9190	𨠀	醐	reduction	mj-shrink-map	merge	MJ051491: 法務省戸籍法関連通達・通知, 種別 戸籍統一文字情報 親字・正字, ホップ数 1
U+9190	𨠂	醐	reduction	mj-shrink-map	merge	MJ051493: 法務省戸籍法関連通達・通知, 種別 戸籍統一文字情報 親字・正字, ホップ数 1
U+9190	𨡷	醐	reduction	mj-shrink-map	merge	MJ051562: 法務省戸籍法関連通達・通知, 種別 戸籍統一文字情報 親字・正字, ホップ数 1
U+9199	醙	醙	compatibility	unicode-ucd	merge	9199
U+919C	魗	醜	reduction	mj-shrink-map	merge	MJ029043: 法務省戸籍法関連通達・通知, 種別 戸籍統一文字情報 親字・正字, ホップ数 1
U+919E	醖	醞	itaiji	mj-kanji	merge	X0213 包摂
U+919E	醖	醞	reduction	mj-shrink-map	merge	MJ026519: 法務省戸籍法関連通達・通知, 種別 戸籍統一文字情報 親字・正字, ホップ数 1
U+91AA	𮡄	醪	reduction	mj-shrink-map	merge	MJ058890: 法務省戸籍法関連通達・通知, 種別 戸籍統一文字情報 親字・正字, ホップ数 1
U+91AC	醤	醬	reduction	mj-shrink-map	merge	MJ026535: 法務省戸籍法関連通達・通知, 種別 戸籍統一文字情報 親字・正字, ホップ数 1
U+91AC	𤖕	醬	reduction	mj-shrink-map	merge	MJ040322: 法務省戸籍法関連通達・通知, 種別 戸籍統一文字情報 親字・正字, ホップ数 1
U+91AC	𤖙	醬	reduction	mj-shrink-map	merge	MJ040326: 法務省戸籍法関連通達・通知, 種別 戸籍統一文字情報 親字・正字, ホップ数 1
U+91AC	𨟻	醬	reduction	mj-shrink-map	merge	MJ051486: 法務省戸籍法関連通達・通知, 種別 戸籍統一文字情報 親字・正字, ホップ数 1
U+91AC	𨡓	醬	reduction	mj-shrink-map	merge	MJ051538: 法務省戸籍法関連通達・通知, 種別 戸籍統一文字情報 親字・正字, ホップ数 1
U+91AC	𨡰	醬	reduction	mj-shrink-map	merge	MJ051555: 法務省戸籍法関連通達・通知, 種別 戸籍統一文字情報 親字・正字, ホップ数 1
U+91AE	𤎂	醮	reduction	mj-shrink-map	merge	MJ040034: 法務省戸籍法関連通達・通知, 種別 戸籍統一文字情報 親字・正字, ホップ数 1
U+91AE	𨣐	醮	reduction	mj-shrink-map	merge	MJ051618: 法務省戸籍法関連通達・通知, 種別 戸籍統一文字情報 親字・正字, ホップ数 1
U+91AF	䤈	醯	reduction	mj-shrink-map	merge	MJ005124: 法務省戸籍法関連通達・通知, 種別 戸籍統一文字情報 親字・正字, ホップ数 1
U+91B1	𨡩	醱	reduction	mj-shrink-map	merge	MJ051548: 法務省戸籍法関連通達・通知, 種別 戸籍統一文字情報 親字・正字, ホップ数 1
U+91B3	𨣠	醳	reduction	mj-shrink-map	merge	MJ051630: 法務省戸籍法関連通達・通知, 種別 戸籍統一文字情報 親字・正字, ホップ数 1
U+91B4	醴	醴	compatibility	unicode-ucd	merge	91B4
U+91B5	䣰	醵	reduction	mj-shrink-map	merge	MJ005101: 法務省戸籍法関連通達・通知, 種別 戸籍統一文字情報 親字・正字, ホップ数 1
U+91B5	𦟳	醵	reduction	mj-shrink-map	merge	MJ045746: 法務省戸籍法関連通達・通知, 種別 戸籍統一文字情報 親字・正字, ホップ数 1
U+91B8	釀	醸	reduction	mj-shrink-map	merge	MJ026575: 法務省戸籍法関連通達・通知, 種別 戸籍統一文字情報 親字・正字, ホップ数 1
U+91B8	𮡌	釀	reduction	mj-shrink-map	merge	MJ058892: 法務省戸籍法関連通達・通知, 種別 戸籍統一文字情報 親字・正字, ホップ数 1
U+91BA	𨤁	醺	reduction	mj-shrink-map	merge	MJ051657: 法務省戸籍法関連通達・通知, 種別 戸籍統一文字情報 親字・正字, ホップ数 1
U+91C1	𮍲	釁	reduction	mj-shrink-map	merge	MJ058421: 法務省戸籍法関連通達・通知, 種別 戸籍統一文字情報 親字・正字, ホップ数 1
U+91C7	𤓳	采	reduction	mj-shrink-map	merge	MJ040211: 法務省戸籍法関連通達・通知, 種別 戸籍統一文字情報 親字・正字, ホップ数 1
U+91C8	釋	釈	reduction	mj-shrink-map	merge	MJ026590: 法務省戸籍法関連通達・通知, 種別 戸籍統一文字情報 親字・正字, ホップ数 1
U+91CC	里	里	compatibility	unicode-ucd	merge	91CC
U+91CD	𡍴	重	reduction	mj-shrink-map	merge	MJ033095: 法務省戸籍法関連通達・通知, 種別 戸籍統一文字情報 親字・正字, ホップ数 1
U+91CD	𡍺	重	reduction	mj-shrink-map	merge	MJ033099: 法務省戸籍法関連通達・通知, 種別 戸籍統一文字情報 親字・正字, ホップ数 1
U+91CD	𨤣	重	reduction	mj-shrink-map	merge	MJ051681: 法務省戸籍法関連通達・通知, 種別 戸籍統一文字情報 親字・正字, ホップ数 1
U+91CD	𫟯	重	reduction	mj-shrink-map	merge	MJ058895: 法務省戸籍法関連通達・通知, 種別 戸籍統一文字情報 親字・正字, ホップ数 1
U+91CE	㙒	野	reduction	mj-shrink-map	merge	MJ000511: 法務省戸籍法関連通達・通知, 種別 戸籍統一文字情報 親字・正字, ホップ数 1
U+91CF	量	量	compatibility	unicode-ucd	merge	91CF
U+91CF	𨤥	量	reduction	mj-shrink-map	merge	MJ051682: 法務省戸籍法関連通達・通知, 種別 戸籍統一文字情報 親字・正字, ホップ数 1
U+91CF	𨤦	量	reduction	mj-shrink-map	merge	MJ051683: 法務省戸籍法関連通達・通知, 種別 戸籍統一文字情報 親字・正字, ホップ数 1
U+91D0	𠩺	釐	reduction	mj-shrink-map	merge	MJ031901: 法務省戸籍法関連通達・通知, 種別 戸籍統一文字情報 親字・正字, ホップ数 1
U+91D0	𡪂	釐	reduction	mj-shrink-map	merge	MJ034059: 法務省戸籍法関連通達・通知, 種別 戸籍統一文字情報 親字・正字, ホップ数 1
U+91D0	𣫥	釐	reduction	mj-shrink-map	merge	MJ038953: 法務省戸籍法関連通達・通知, 種別 戸籍統一文字情報 親字・正字, ホップ数 1
U+91D0	𨤭	釐	reduction	mj-shrink-map	merge	MJ051688: 法務省戸籍法関連通達・通知, 種別 戸籍統一文字情報 親字・正字, ホップ数 1
U+91D0	𨤺	釐	reduction	mj-shrink-map	merge	MJ051693: 法務省戸籍法関連通達・通知, 種別 戸籍統一文字情報 親字・正字, ホップ数 1
U+91D1	金	金	compatibility	unicode-ucd	merge	91D1
U+91D1	𨤾	金	reduction	mj-shrink-map	merge	MJ051695: 法務省戸籍法関連通達・通知, 種別 戸籍統一文字情報 親字・正字, ホップ数 1
U+91D1	𠊍	𨥀	z	cjkvi-variants	merge	𠊍→𨥀 cjkvi/duplicate
U+91D1	𨥀	金	reduction	mj-shrink-map	merge	MJ051697: 法務省戸籍法関連通達・通知, 種別 戸籍統一文字情報 親字・正字, ホップ数 1
U+91D1	𨥄	金	reduction	mj-shrink-map	merge	MJ051701: 法務省戸籍法関連通達・通知, 種別 戸籍統一文字情報 親字・正字, ホップ数 1
U+91DA	釻	釚	reduction	mj-shrink-map	merge	MJ026646: 法務省戸籍法関連通達・通知, 種別 戸籍統一文字情報 親字・正字, ホップ数 1
U+91DC	釡	釜	reduction	mj-shrink-map	merge	MJ026614: 法務省戸籍法関連通達・通知, 種別 戸籍統一文字情報 親字・正字, ホップ数 1
U+91DC	釜	釡	variant	cjkvi-variants	corroborates	釜→釡 jisx0212/variant | 釜→釡 jisx0213/variant
U+91DC	釜	釡	variant	hng-basic-data	corroborates	12385
U+91DC	釜	釡	variant	wikidata	corroborates	Q109764750; P248 Q10427532 | Q55851843; P248 Q10427532
U+91DC	釜	釡	equivalent	yitizi	corroborates	ytenx/JihThex.csv
U+91E3	鈟	釣	reduction	mj-shrink-map	merge	MJ026691: 法務省戸籍法関連通達・通知, 種別 戸籍統一文字情報 親字・正字, ホップ数 1
U+91E6	𫃜	釦	reduction	mj-shrink-map	merge	MJ058299: 法務省戸籍法関連通達・通知, 種別 戸籍統一文字情報 親字・正字, ホップ数 1
U+91ED	𨊧	釭	reduction	mj-shrink-map	merge	MJ050471: 法務省戸籍法関連通達・通知, 種別 戸籍統一文字情報 親字・正字, ホップ数 1
U+91F1	鉪	釱	reduction	mj-shrink-map	merge	MJ026776: 法務省戸籍法関連通達・通知, 種別 戸籍統一文字情報 親字・正字, ホップ数 1
U+920D	䤜	鈍	reduction	mj-shrink-map	merge	MJ005143: 法務省戸籍法関連通達・通知, 種別 戸籍統一文字情報 親字・正字, ホップ数 1
U+9210	𨥩	鈐	reduction	mj-shrink-map	merge	MJ051724: 法務省戸籍法関連通達・通知, 種別 戸籍統一文字情報 親字・正字, ホップ数 1
U+9215	㺲	鈕	reduction	mj-shrink-map	merge	MJ002489: 法務省戸籍法関連通達・通知, 種別 戸籍統一文字情報 親字・正字, ホップ数 1
U+921E	銁	鈞	reduction	mj-shrink-map	merge	MJ026799: 法務省戸籍法関連通達・通知, 種別 戸籍統一文字情報 親字・正字, ホップ数 1
U+921E	銞	鈞	reduction	mj-shrink-map	merge	MJ026833: 法務省戸籍法関連通達・通知, 種別 戸籍統一文字情報 親字・正字, ホップ数 1
U+921E	𨥒	鈞	reduction	mj-shrink-map	merge	MJ051714: 法務省戸籍法関連通達・通知, 種別 戸籍統一文字情報 親字・正字, ホップ数 1
U+9233	鎶	鈳	reduction	mj-shrink-map	merge	MJ027144: 法務省戸籍法関連通達・通知, 種別 戸籍統一文字情報 親字・正字, ホップ数 1
U+9234	鈴	鈴	compatibility	unicode-ucd	merge	9234
U+9238	鈸	鈸	compatibility	unicode-ucd	merge	9238
U+9239	鉟	鈹	reduction	mj-shrink-map	merge	MJ026763: 法務省戸籍法関連通達・通知, 種別 戸籍統一文字情報 親字・正字, ホップ数 1
U+923F	䥖	鈿	reduction	mj-shrink-map	merge	MJ005205: 法務省戸籍法関連通達・通知, 種別 戸籍統一文字情報 親字・正字, ホップ数 1
U+923F	𨰎	鈿	reduction	mj-shrink-map	merge	MJ051969: 法務省戸籍法関連通達・通知, 種別 戸籍統一文字情報 親字・正字, ホップ数 1
U+9244	䥫	鐵	reduction	mj-shrink-map	merge	MJ005224: 法務省戸籍法関連通達・通知, 種別 戸籍統一文字情報 親字・正字, ホップ数 1
U+9244	鈇	鉄	reduction	mj-shrink-map	merge	MJ026661: 法務省戸籍法関連通達・通知, 種別 戸籍統一文字情報 親字・正字, ホップ数 1
U+9244	鉃	鉄	reduction	mj-shrink-map	merge	MJ026730: 法務省戸籍法関連通達・通知, 種別 戸籍統一文字情報 親字・正字, ホップ数 1
U+9244	鐵	鉄	reduction	mj-shrink-map	merge	MJ027290: 法務省戸籍法関連通達・通知, 種別 戸籍統一文字情報 親字・正字, ホップ数 1
U+9244	𨫓	鐵	reduction	mj-shrink-map	merge	MJ051868: 法務省戸籍法関連通達・通知, 種別 戸籍統一文字情報 親字・正字, ホップ数 1
U+9244	𨬿	鐵	reduction	mj-shrink-map	merge	MJ051902: 法務省戸籍法関連通達・通知, 種別 戸籍統一文字情報 親字・正字, ホップ数 1
U+9244	𨮯	鐵	reduction	mj-shrink-map	merge	MJ051938: 法務省戸籍法関連通達・通知, 種別 戸籍統一文字情報 親字・正字, ホップ数 1
U+9248	𨧯	鉈	reduction	mj-shrink-map	merge	MJ051785: 法務省戸籍法関連通達・通知, 種別 戸籍統一文字情報 親字・正字, ホップ数 1
U+924B	𨥹	鉋	reduction	mj-shrink-map	merge	MJ051729: 法務省戸籍法関連通達・通知, 種別 戸籍統一文字情報 親字・正字, ホップ数 1
U+924E	鍟	鉎	reduction	mj-shrink-map	merge	MJ027043: 法務省戸籍法関連通達・通知, 種別 戸籍統一文字情報 親字・正字, ホップ数 1
U+924F	刞	鉏	reduction	mj-shrink-map	merge	MJ007484: 法務省戸籍法関連通達・通知, 種別 戸籍統一文字情報 親字・正字, ホップ数 1
U+925E	𨬓	鉞	reduction	mj-shrink-map	merge	MJ051891: 法務省戸籍法関連通達・通知, 種別 戸籍統一文字情報 親字・正字, ホップ数 1
U+9262	盋	鉢	reduction	mj-shrink-map	merge	MJ018080: 法務省戸籍法関連通達・通知, 種別 戸籍統一文字情報 親字・正字, ホップ数 1
U+9262	缽	鉢	reduction	mj-shrink-map	merge	MJ020506: 法務省戸籍法関連通達・通知, 種別 戸籍統一文字情報 親字・正字, ホップ数 1
U+9264	𠛎	鉤	reduction	mj-shrink-map	merge	MJ031268: 法務省戸籍法関連通達・通知, 種別 戸籍統一文字情報 親字・正字, ホップ数 1
U+9271	磺	鑛	reduction	mj-shrink-map	merge	MJ018676: 法務省戸籍法関連通達・通知, 種別 戸籍統一文字情報 親字・正字, ホップ数 1
U+9271	鑛	鉱	reduction	mj-shrink-map	merge	MJ027334: 法務省戸籍法関連通達・通知, 種別 戸籍統一文字情報 親字・正字, ホップ数 1
U+9271	𥐫	磺	reduction	mj-shrink-map	merge	MJ042716: 法務省戸籍法関連通達・通知, 種別 戸籍統一文字情報 親字・正字, ホップ数 1
U+9271	𨥑	磺	reduction	mj-shrink-map	merge	MJ051713: 法務省戸籍法関連通達・通知, 種別 戸籍統一文字情報 親字・正字, ホップ数 1
U+9271	𨥥	鑛	reduction	mj-shrink-map	merge	MJ051720: 法務省戸籍法関連通達・通知, 種別 戸籍統一文字情報 親字・正字, ホップ数 1
U+9276	鉶	鉶	compatibility	unicode-ucd	merge	9276
U+927C	鉼	鉼	compatibility	unicode-ucd	merge	927C
U+927E	𨦜	鉾	reduction	mj-shrink-map	merge	MJ051743: 法務省戸籍法関連通達・通知, 種別 戸籍統一文字情報 親字・正字, ホップ数 1
U+9280	𨧏	銀	reduction	mj-shrink-map	merge	MJ051767: 法務省戸籍法関連通達・通知, 種別 戸籍統一文字情報 親字・正字, ホップ数 1
U+928D	𨫐	銍	reduction	mj-shrink-map	merge	MJ051865: 法務省戸籍法関連通達・通知, 種別 戸籍統一文字情報 親字・正字, ホップ数 1
U+9293	硂	銓	reduction	mj-shrink-map	merge	MJ018480: 法務省戸籍法関連通達・通知, 種別 戸籍統一文字情報 親字・正字, ホップ数 1
U+929A	鑃	銚	reduction	mj-shrink-map	merge	MJ027307: 法務省戸籍法関連通達・通知, 種別 戸籍統一文字情報 親字・正字, ホップ数 1
U+929A	𨰑	銚	reduction	mj-shrink-map	merge	MJ051973: 法務省戸籍法関連通達・通知, 種別 戸籍統一文字情報 親字・正字, ホップ数 1
U+929C	㘅	銜	reduction	mj-shrink-map	merge	MJ000445: 法務省戸籍法関連通達・通知, 種別 戸籍統一文字情報 親字・正字, ホップ数 1
U+92AD	錢	銭	reduction	mj-shrink-map	merge	MJ026983: 法務省戸籍法関連通達・通知, 種別 戸籍統一文字情報 親字・正字, ホップ数 1
U+92B9	鏥	銹	reduction	mj-shrink-map	merge	MJ027203: 法務省戸籍法関連通達・通知, 種別 戸籍統一文字情報 親字・正字, ホップ数 1
U+92B9	銹	鏥	variant	cjkvi-variants	corroborates	銹→鏥 hydzd/variant
U+92B9	鏽	銹	reduction	mj-shrink-map	merge	MJ027229: 法務省戸籍法関連通達・通知, 種別 戸籍統一文字情報 親字・正字, ホップ数 1
U+92D2	𨦟	鋒	reduction	mj-shrink-map	merge	MJ051746: 法務省戸籍法関連通達・通知, 種別 戸籍統一文字情報 親字・正字, ホップ数 1
U+92D7	鋗	鋗	compatibility	unicode-ucd	merge	92D7
U+92D8	鋘	鋘	compatibility	unicode-ucd	merge	92D8
U+92E9	釯	鋩	reduction	mj-shrink-map	merge	MJ026632: 法務省戸籍法関連通達・通知, 種別 戸籍統一文字情報 親字・正字, ホップ数 1
U+92E9	𨦵	鋩	reduction	mj-shrink-map	merge	MJ051759: 法務省戸籍法関連通達・通知, 種別 戸籍統一文字情報 親字・正字, ホップ数 1
U+92ED	銳	鋭	z	unihan	merge	銳→鋭 kZVariant | 鋭→銳 kZVariant
U+92ED	銳	鋭	itaiji	mj-kanji	merge	X0213 包摂
U+92ED	銳	鋭	reduction	mj-shrink-map	merge	MJ026853: 法務省戸籍法関連通達・通知, 種別 戸籍統一文字情報 親字・正字, ホップ数 1
U+92ED	𨦣	鋭	reduction	mj-shrink-map	merge	MJ051748: 法務省戸籍法関連通達・通知, 種別 戸籍統一文字情報 親字・正字, ホップ数 1
U+92F3	鑄	鋳	reduction	mj-shrink-map	merge	MJ027308: 法務省戸籍法関連通達・通知, 種別 戸籍統一文字情報 親字・正字, ホップ数 1
U+92F3	𤎧	鑄	reduction	mj-shrink-map	merge	MJ040049: 法務省戸籍法関連通達・通知, 種別 戸籍統一文字情報 親字・正字, ホップ数 1
U+92F3	𨮚	鑄	reduction	mj-shrink-map	merge	MJ051936: 法務省戸籍法関連通達・通知, 種別 戸籍統一文字情報 親字・正字, ホップ数 1
U+9306	䥊	錆	reduction	mj-shrink-map	merge	MJ005193: 法務省戸籍法関連通達・通知, 種別 戸籍統一文字情報 親字・正字, ホップ数 1
U+930D	𨤽	錍	reduction	mj-shrink-map	merge	MJ051694: 法務省戸籍法関連通達・通知, 種別 戸籍統一文字情報 親字・正字, ホップ数 1
U+930F	鐚	錏	reduction	mj-shrink-map	merge	MJ027265: 法務省戸籍法関連通達・通知, 種別 戸籍統一文字情報 親字・正字, ホップ数 1
U+930F	錏	鐚	variant	cjkvi-variants	corroborates	錏→鐚 hydzd/variant | 錏→鐚 twedu/variant
U+930F	錏	鐚	variant	wikidata	corroborates	Q109765104; P248 Q10427532 | Q109765378; P248 Q10427532
U+9318	𨪼	錘	reduction	mj-shrink-map	merge	MJ051860: 法務省戸籍法関連通達・通知, 種別 戸籍統一文字情報 親字・正字, ホップ数 1
U+9318	𨫻	錘	reduction	mj-shrink-map	merge	MJ051878: 法務省戸籍法関連通達・通知, 種別 戸籍統一文字情報 親字・正字, ホップ数 1
U+9318	𨭇	錘	reduction	mj-shrink-map	merge	MJ051907: 法務省戸籍法関連通達・通知, 種別 戸籍統一文字情報 親字・正字, ホップ数 1
U+9319	鍿	錙	reduction	mj-shrink-map	merge	MJ027081: 法務省戸籍法関連通達・通知, 種別 戸籍統一文字情報 親字・正字, ホップ数 1
U+931E	𨯢	錞	reduction	mj-shrink-map	merge	MJ051957: 法務省戸籍法関連通達・通知, 種別 戸籍統一文字情報 親字・正字, ホップ数 1
U+9326	𣁙	錦	reduction	mj-shrink-map	merge	MJ037450: 法務省戸籍法関連通達・通知, 種別 戸籍統一文字情報 親字・正字, ホップ数 1
U+932B	㒪	錫	reduction	mj-shrink-map	merge	MJ000133: 法務省戸籍法関連通達・通知, 種別 戸籍統一文字情報 親字・正字, ホップ数 1
U+932F	䥘	錯	reduction	mj-shrink-map	merge	MJ005207: 法務省戸籍法関連通達・通知, 種別 戸籍統一文字情報 親字・正字, ホップ数 1
U+9332	錄	錄	compatibility	unicode-ucd	merge	9304
U+9332	錄	録	reduction	mj-shrink-map	merge	MJ026948: 法務省戸籍法関連通達・通知, 種別 戸籍統一文字情報 親字・正字, ホップ数 1
U+9332	𧧱	錄	reduction	mj-shrink-map	merge	MJ048910: 法務省戸籍法関連通達・通知, 種別 戸籍統一文字情報 親字・正字, ホップ数 1
U+9348	鉠	鍈	reduction	mj-shrink-map	merge	MJ026764: 法務省戸籍法関連通達・通知, 種別 戸籍統一文字情報 親字・正字, ホップ数 1
U+934A	鍊	鍊	compatibility	unicode-ucd	merge	934A
U+934B	鈛	鍋	reduction	mj-shrink-map	merge	MJ026687: 法務省戸籍法関連通達・通知, 種別 戸籍統一文字情報 親字・正字, ホップ数 1
U+934B	𩰭	鍋	reduction	mj-shrink-map	merge	MJ054867: 法務省戸籍法関連通達・通知, 種別 戸籍統一文字情報 親字・正字, ホップ数 1
U+9351	鍢	鍑	reduction	mj-shrink-map	merge	MJ027046: 法務省戸籍法関連通達・通知, 種別 戸籍統一文字情報 親字・正字, ホップ数 1
U+9351	𨫙	鍑	reduction	mj-shrink-map	merge	MJ051873: 法務省戸籍法関連通達・通知, 種別 戸籍統一文字情報 親字・正字, ホップ数 1
U+9354	𨫘	鍔	reduction	mj-shrink-map	merge	MJ051872: 法務省戸籍法関連通達・通知, 種別 戸籍統一文字情報 親字・正字, ホップ数 1
U+935B	煅	煅	compatibility	unicode-ucd	merge	7145
U+935B	煅	鍛	reduction	mj-shrink-map	merge	MJ016470: 法務省戸籍法関連通達・通知, 種別 戸籍統一文字情報 親字・正字, ホップ数 1
U+9360	𨪽	鍠	reduction	mj-shrink-map	merge	MJ051861: 法務省戸籍法関連通達・通知, 種別 戸籍統一文字情報 親字・正字, ホップ数 1
U+936A	䥐	鍪	reduction	mj-shrink-map	merge	MJ005200: 法務省戸籍法関連通達・通知, 種別 戸籍統一文字情報 親字・正字, ホップ数 1
U+936A	𨩺	鍪	reduction	mj-shrink-map	merge	MJ051832: 法務省戸籍法関連通達・通知, 種別 戸籍統一文字情報 親字・正字, ホップ数 1
U+936C	鍫	鍬	reduction	mj-shrink-map	merge	MJ027058: 法務省戸籍法関連通達・通知, 種別 戸籍統一文字情報 親字・正字, ホップ数 1
U+936C	𢊙	鍫	reduction	mj-shrink-map	merge	MJ035400: 法務省戸籍法関連通達・通知, 種別 戸籍統一文字情報 親字・正字, ホップ数 1
U+9371	𨧲	鍱	reduction	mj-shrink-map	merge	MJ051788: 法務省戸籍法関連通達・通知, 種別 戸籍統一文字情報 親字・正字, ホップ数 1
U+9371	𨬘	鍱	reduction	mj-shrink-map	merge	MJ051895: 法務省戸籍法関連通達・通知, 種別 戸籍統一文字情報 親字・正字, ホップ数 1
U+937C	𨮼	鍼	reduction	mj-shrink-map	merge	MJ051943: 法務省戸籍法関連通達・通知, 種別 戸籍統一文字情報 親字・正字, ホップ数 1
U+938C	劆	鎌	reduction	mj-shrink-map	merge	MJ007598: 法務省戸籍法関連通達・通知, 種別 戸籍統一文字情報 親字・正字, ホップ数 1
U+9396	鎖	鎻	itaiji	mj-kanji	merge	X0213 包摂
U+9396	鎻	鎖	reduction	mj-shrink-map	merge	MJ027154: 法務省戸籍法関連通達・通知, 種別 戸籍統一文字情報 親字・正字, ホップ数 1
U+9396	鏁	鎖	reduction	mj-shrink-map	merge	MJ027157: 法務省戸籍法関連通達・通知, 種別 戸籍統一文字情報 親字・正字, ホップ数 1
U+9396	𩪑	鏁	reduction	mj-shrink-map	merge	MJ054609: 法務省戸籍法関連通達・通知, 種別 戸籍統一文字情報 親字・正字, ホップ数 1
U+939A	𨮀	鎚	reduction	mj-shrink-map	merge	MJ051926: 法務省戸籍法関連通達・通知, 種別 戸籍統一文字情報 親字・正字, ホップ数 1
U+93AE	鎭	鎮	z	unihan	merge	鎭→鎮 kZVariant | 鎮→鎭 kZVariant
U+93AE	鎭	鎮	reduction	mj-shrink-map	merge	MJ027132: 法務省戸籍法関連通達・通知, 種別 戸籍統一文字情報 親字・正字, ホップ数 1
U+93AE	𨥵	鎭	reduction	mj-shrink-map	merge	MJ051728: 法務省戸籍法関連通達・通知, 種別 戸籍統一文字情報 親字・正字, ホップ数 1
U+93AE	𨦸	鎭	reduction	mj-shrink-map	merge	MJ051762: 法務省戸籍法関連通達・通知, 種別 戸籍統一文字情報 親字・正字, ホップ数 1
U+93BA	鈨	鎺	reduction	mj-shrink-map	merge	MJ026700: 法務省戸籍法関連通達・通知, 種別 戸籍統一文字情報 親字・正字, ホップ数 1
U+93C3	𥎫	鏃	reduction	mj-shrink-map	merge	MJ042640: 法務省戸籍法関連通達・通知, 種別 戸籍統一文字情報 親字・正字, ホップ数 1
U+93C3	𥏀	鏃	reduction	mj-shrink-map	merge	MJ042657: 法務省戸籍法関連通達・通知, 種別 戸籍統一文字情報 親字・正字, ホップ数 1
U+93D0	𨦰	鏐	reduction	mj-shrink-map	merge	MJ051754: 法務省戸籍法関連通達・通知, 種別 戸籍統一文字情報 親字・正字, ホップ数 1
U+93D1	𨬙	鏑	reduction	mj-shrink-map	merge	MJ051896: 法務省戸籍法関連通達・通知, 種別 戸籍統一文字情報 親字・正字, ホップ数 1
U+93D1	𨮹	鏑	reduction	mj-shrink-map	merge	MJ051941: 法務省戸籍法関連通達・通知, 種別 戸籍統一文字情報 親字・正字, ホップ数 1
U+93D8	𢐓	鏘	reduction	mj-shrink-map	merge	MJ035662: 法務省戸籍法関連通達・通知, 種別 戸籍統一文字情報 親字・正字, ホップ数 1
U+93DF	𠚿	鏟	reduction	mj-shrink-map	merge	MJ031258: 法務省戸籍法関連通達・通知, 種別 戸籍統一文字情報 親字・正字, ホップ数 1
U+93DF	𨪑	鏟	reduction	mj-shrink-map	merge	MJ051849: 法務省戸籍法関連通達・通知, 種別 戸籍統一文字情報 親字・正字, ホップ数 1
U+93DF	𨲨	鏟	reduction	mj-shrink-map	merge	MJ052060: 法務省戸籍法関連通達・通知, 種別 戸籍統一文字情報 親字・正字, ホップ数 1
U+93DF	𩮲	鏟	reduction	mj-shrink-map	merge	MJ054785: 法務省戸籍法関連通達・通知, 種別 戸籍統一文字情報 親字・正字, ホップ数 1
U+93E2	𨰐	鏢	reduction	mj-shrink-map	merge	MJ051972: 法務省戸籍法関連通達・通知, 種別 戸籍統一文字情報 親字・正字, ホップ数 1
U+93E4	𨩐	鏤	reduction	mj-shrink-map	merge	MJ051819: 法務省戸籍法関連通達・通知, 種別 戸籍統一文字情報 親字・正字, ホップ数 1
U+93F5	𨫽	鏵	reduction	mj-shrink-map	merge	MJ051880: 法務省戸籍法関連通達・通知, 種別 戸籍統一文字情報 親字・正字, ホップ数 1
U+93F9	鏹	鏹	compatibility	unicode-ucd	merge	93F9
U+9410	𨭼	鐐	reduction	mj-shrink-map	merge	MJ051924: 法務省戸籍法関連通達・通知, 種別 戸籍統一文字情報 親字・正字, ホップ数 1
U+9413	鐜	鐓	reduction	mj-shrink-map	merge	MJ027267: 法務省戸籍法関連通達・通知, 種別 戸籍統一文字情報 親字・正字, ホップ数 1
U+9413	𨰩	鐓	reduction	mj-shrink-map	merge	MJ051982: 法務省戸籍法関連通達・通知, 種別 戸籍統一文字情報 親字・正字, ホップ数 1
U+9413	𨰮	鐓	reduction	mj-shrink-map	merge	MJ051984: 法務省戸籍法関連通達・通知, 種別 戸籍統一文字情報 親字・正字, ホップ数 1
U+9413	𨰯	鐓	reduction	mj-shrink-map	merge	MJ051985: 法務省戸籍法関連通達・通知, 種別 戸籍統一文字情報 親字・正字, ホップ数 1
U+9414	𨰳	鐔	reduction	mj-shrink-map	merge	MJ051987: 法務省戸籍法関連通達・通知, 種別 戸籍統一文字情報 親字・正字, ホップ数 1
U+9415	鐕	鐕	compatibility	unicode-ucd	merge	9415
U+9419	𨭕	鐙	reduction	mj-shrink-map	merge	MJ051911: 法務省戸籍法関連通達・通知, 種別 戸籍統一文字情報 親字・正字, ホップ数 1
U+942B	鎸	鐫	reduction	mj-shrink-map	merge	MJ027146: 法務省戸籍法関連通達・通知, 種別 戸籍統一文字情報 親字・正字, ホップ数 1
U+942B	𨷫	鐫	reduction	mj-shrink-map	merge	MJ052274: 法務省戸籍法関連通達・通知, 種別 戸籍統一文字情報 親字・正字, ホップ数 1
U+9434	鐾	鐴	reduction	mj-shrink-map	merge	MJ027302: 法務省戸籍法関連通達・通知, 種別 戸籍統一文字情報 親字・正字, ホップ数 1
U+9436	𨫑	鐶	reduction	mj-shrink-map	merge	MJ051866: 法務省戸籍法関連通達・通知, 種別 戸籍統一文字情報 親字・正字, ホップ数 1
U+9438	鈬	鐸	reduction	mj-shrink-map	merge	MJ026704: 法務省戸籍法関連通達・通知, 種別 戸籍統一文字情報 親字・正字, ホップ数 1
U+9438	鈬	鐸	variant	cjkvi-variants	corroborates	鐸→鈬 jisx0212/variant | 鐸→鈬 jisx0213/variant
U+9438	鈬	鐸	variant	hng-basic-data	corroborates	12657
U+9438	鈬	鐸	variant	wikidata	corroborates	Q109764827; P248 Q22001375; P282 Q1147857 | Q109765408; P248 Q22001375; P282 Q1055887
U+9438	鈬	鐸	equivalent	yitizi	corroborates	ytenx/JihThex.csv
U+943A	鏜	鐺	reduction	mj-shrink-map	merge	MJ027191: 法務省戸籍法関連通達・通知, 種別 戸籍統一文字情報 親字・正字, ホップ数 1
U+943A	𫟰	鐺	reduction	mj-shrink-map	merge	MJ058910: 法務省戸籍法関連通達・通知, 種別 戸籍統一文字情報 親字・正字, ホップ数 1
U+944A	𨯟	鑊	reduction	mj-shrink-map	merge	MJ051954: 法務省戸籍法関連通達・通知, 種別 戸籍統一文字情報 親字・正字, ホップ数 1
U+944A	𮓈	鑊	reduction	mj-shrink-map	merge	MJ058566: 法務省戸籍法関連通達・通知, 種別 戸籍統一文字情報 親字・正字, ホップ数 1
U+9451	鍳	鑑	reduction	mj-shrink-map	merge	MJ027067: 法務省戸籍法関連通達・通知, 種別 戸籍統一文字情報 親字・正字, ホップ数 1
U+9451	鑬	鑑	reduction	mj-shrink-map	merge	MJ027356: 法務省戸籍法関連通達・通知, 種別 戸籍統一文字情報 親字・正字, ホップ数 1
U+9451	𨰲	鑑	reduction	mj-shrink-map	merge	MJ051986: 法務省戸籍法関連通達・通知, 種別 戸籍統一文字情報 親字・正字, ホップ数 1
U+9453	𨯯	鑓	reduction	mj-shrink-map	merge	MJ051959: 法務省戸籍法関連通達・通知, 種別 戸籍統一文字情報 親字・正字, ホップ数 1
U+9459	鑙	𨮺	z	unihan	merge	鑙→𨮺 kZVariant | 𨮺→鑙 kZVariant
U+9460	𡤤	鑠	reduction	mj-shrink-map	merge	MJ033850: 法務省戸籍法関連通達・通知, 種別 戸籍統一文字情報 親字・正字, ホップ数 1
U+9460	𨰤	鑠	reduction	mj-shrink-map	merge	MJ051980: 法務省戸籍法関連通達・通知, 種別 戸籍統一文字情報 親字・正字, ホップ数 1
U+9463	䮽	鑣	reduction	mj-shrink-map	merge	MJ005819: 法務省戸籍法関連通達・通知, 種別 戸籍統一文字情報 親字・正字, ホップ数 1
U+9463	𨮄	鑣	reduction	mj-shrink-map	merge	MJ051928: 法務省戸籍法関連通達・通知, 種別 戸籍統一文字情報 親字・正字, ホップ数 1
U+946A	鈩	鑪	reduction	mj-shrink-map	merge	MJ026701: 法務省戸籍法関連通達・通知, 種別 戸籍統一文字情報 親字・正字, ホップ数 1
U+946A	鈩	鑪	variant	cjkvi-variants	corroborates	鈩→鑪 jisx0213/variant | 鑪→鈩 jisx0212/variant
U+946A	鈩	鑪	variant	wikidata	corroborates	Q109764824; P248 Q22001375; P282 Q1147857 | Q109765458; P248 Q22001375; P282 Q1055887
U+9471	䤫	鑱	reduction	mj-shrink-map	merge	MJ005157: 法務省戸籍法関連通達・通知, 種別 戸籍統一文字情報 親字・正字, ホップ数 1
U+9472	𮣐	鑲	reduction	mj-shrink-map	merge	MJ058947: 法務省戸籍法関連通達・通知, 種別 戸籍統一文字情報 親字・正字, ホップ数 1
U+947D	鑚	鑽	reduction	mj-shrink-map	merge	MJ027333: 法務省戸籍法関連通達・通知, 種別 戸籍統一文字情報 親字・正字, ホップ数 1
U+947D	鑚	鑽	variant	cjkvi-variants	corroborates	鑚→鑽 jisx0213/variant | 鑽→鑚 dypytz/variant | 鑽→鑚 hydzd/variant | 鑽→鑚 jisx0212/variant | 鑽→鑚 twedu/variant
U+947D	鑚	鑽	variant	hng-basic-data	corroborates	12692
U+947D	鑚	鑽	variant	wikidata	corroborates	Q109765442; P248 Q10427532 | Q109765477; P248 Q10427532
U+947F	䥣	鑿	reduction	mj-shrink-map	merge	MJ005217: 法務省戸籍法関連通達・通知, 種別 戸籍統一文字情報 親字・正字, ホップ数 1
U+947F	𣫞	鑿	reduction	mj-shrink-map	merge	MJ038948: 法務省戸籍法関連通達・通知, 種別 戸籍統一文字情報 親字・正字, ホップ数 1
U+947F	𣫩	鑿	reduction	mj-shrink-map	merge	MJ038957: 法務省戸籍法関連通達・通知, 種別 戸籍統一文字情報 親字・正字, ホップ数 1
U+947F	𦦹	鑿	reduction	mj-shrink-map	merge	MJ046044: 法務省戸籍法関連通達・通知, 種別 戸籍統一文字情報 親字・正字, ホップ数 1
U+947F	𨖐	鑿	reduction	mj-shrink-map	merge	MJ051018: 法務省戸籍法関連通達・通知, 種別 戸籍統一文字情報 親字・正字, ホップ数 1
U+947F	𨰒	鑿	reduction	mj-shrink-map	merge	MJ051974: 法務省戸籍法関連通達・通知, 種別 戸籍統一文字情報 親字・正字, ホップ数 1
U+9577	仧	長	reduction	mj-shrink-map	merge	MJ006535: 法務省戸籍法関連通達・通知, 種別 戸籍統一文字情報 親字・正字, ホップ数 1
U+9577	兏	長	reduction	mj-shrink-map	merge	MJ007233: 法務省戸籍法関連通達・通知, 種別 戸籍統一文字情報 親字・正字, ホップ数 1
U+9577	镸	長	reduction	mj-shrink-map	merge	MJ027401: 法務省戸籍法関連通達・通知, 種別 戸籍統一文字情報 親字・正字, ホップ数 1
U+9577	𠑷	長	reduction	mj-shrink-map	merge	MJ030905: 法務省戸籍法関連通達・通知, 種別 戸籍統一文字情報 親字・正字, ホップ数 1
U+9577	𠑻	長	reduction	mj-shrink-map	merge	MJ030908: 法務省戸籍法関連通達・通知, 種別 戸籍統一文字情報 親字・正字, ホップ数 1
U+9577	𠑿	長	reduction	mj-shrink-map	merge	MJ030911: 法務省戸籍法関連通達・通知, 種別 戸籍統一文字情報 親字・正字, ホップ数 1
U+9577	𠔊	長	reduction	mj-shrink-map	merge	MJ030985: 法務省戸籍法関連通達・通知, 種別 戸籍統一文字情報 親字・正字, ホップ数 1
U+9577	𠤐	長	reduction	mj-shrink-map	merge	MJ031646: 法務省戸籍法関連通達・通知, 種別 戸籍統一文字情報 親字・正字, ホップ数 1
U+9577	𡕣	長	reduction	mj-shrink-map	merge	MJ033333: 法務省戸籍法関連通達・通知, 種別 戸籍統一文字情報 親字・正字, ホップ数 1
U+9577	𨱗	長	reduction	mj-shrink-map	merge	MJ051991: 法務省戸籍法関連通達・通知, 種別 戸籍統一文字情報 親字・正字, ホップ数 1
U+9577	𨱘	長	reduction	mj-shrink-map	merge	MJ051992: 法務省戸籍法関連通達・通知, 種別 戸籍統一文字情報 親字・正字, ホップ数 1
U+9577	𭀟	長	reduction	mj-shrink-map	merge	MJ056968: 法務省戸籍法関連通達・通知, 種別 戸籍統一文字情報 親字・正字, ホップ数 1
U+9580	閅	門	reduction	mj-shrink-map	merge	MJ027414: 法務省戸籍法関連通達・通知, 種別 戸籍統一文字情報 親字・正字, ホップ数 1
U+9589	閇	閉	reduction	mj-shrink-map	merge	MJ027416: 法務省戸籍法関連通達・通知, 種別 戸籍統一文字情報 親字・正字, ホップ数 1
U+9589	閇	閉	variant	cjkvi-variants	corroborates	閉→閇 hydzd/variant | 閉→閇 jisx0212/variant | 閉→閇 jisx0213/variant | 閉→閇 twedu/variant
U+9589	閇	閉	variant	hng-basic-data	corroborates	12714
U+9589	閇	閉	variant	wikidata	corroborates	Q109765748; P248 Q10427532 | Q54918680; P248 Q10427532
U+9589	閇	閉	equivalent	yitizi	corroborates	ytenx/JihThex.csv
U+958B	開	開	compatibility	unicode-ucd	merge	958B
U+958B	𨴂	開	reduction	mj-shrink-map	merge	MJ052127: 法務省戸籍法関連通達・通知, 種別 戸籍統一文字情報 親字・正字, ホップ数 1
U+958B	𨵑	開	reduction	mj-shrink-map	merge	MJ052183: 法務省戸籍法関連通達・通知, 種別 戸籍統一文字情報 親字・正字, ホップ数 1
U+958B	𨵹	開	reduction	mj-shrink-map	merge	MJ052212: 法務省戸籍法関連通達・通知, 種別 戸籍統一文字情報 親字・正字, ホップ数 1
U+958B	𨶘	開	reduction	mj-shrink-map	merge	MJ052248: 法務省戸籍法関連通達・通知, 種別 戸籍統一文字情報 親字・正字, ホップ数 1
U+958F	䦞	閏	reduction	mj-shrink-map	merge	MJ005262: 法務省戸籍法関連通達・通知, 種別 戸籍統一文字情報 親字・正字, ホップ数 1
U+958F	閠	閏	reduction	mj-shrink-map	merge	MJ027445: 法務省戸籍法関連通達・通知, 種別 戸籍統一文字情報 親字・正字, ホップ数 1
U+958F	閏	閠	variant	cjkvi-variants	corroborates	閏→閠 cjkvi/variant | 閏→閠 hydzd/variant
U+958F	閏	閠	variant	wikidata	corroborates	Q109765756; P248 Q10427532 | Q109765773; P248 Q10427532
U+958F	閏	閠	equivalent	yitizi	corroborates	yitizi.txt 閏閠
U+958F	𥹿	閏	reduction	mj-shrink-map	merge	MJ044239: 法務省戸籍法関連通達・通知, 種別 戸籍統一文字情報 親字・正字, ホップ数 1
U+95A2	闗	關	reduction	mj-shrink-map	merge	MJ027510: 法務省戸籍法関連通達・通知, 種別 戸籍統一文字情報 親字・正字, ホップ数 1
U+95A2	關	関	reduction	mj-shrink-map	merge	MJ027515: 法務省戸籍法関連通達・通知, 種別 戸籍統一文字情報 親字・正字, ホップ数 1
U+95A2	𨳹	關	reduction	mj-shrink-map	merge	MJ052118: 法務省戸籍法関連通達・通知, 種別 戸籍統一文字情報 親字・正字, ホップ数 1
U+95A2	𨶚	關	reduction	mj-shrink-map	merge	MJ052229: 法務省戸籍法関連通達・通知, 種別 戸籍統一文字情報 親字・正字, ホップ数 1
U+95A3	擱	閣	reduction	mj-shrink-map	merge	MJ012863: 法務省戸籍法関連通達・通知, 種別 戸籍統一文字情報 親字・正字, ホップ数 1
U+95A3	擱	閣	variant	cjkvi-variants	corroborates	擱→閣 hydzd/variant
U+95A6	𨴠	閦	reduction	mj-shrink-map	merge	MJ052148: 法務省戸籍法関連通達・通知, 種別 戸籍統一文字情報 親字・正字, ホップ数 1
U+95A6	𨴳	閦	reduction	mj-shrink-map	merge	MJ052161: 法務省戸籍法関連通達・通知, 種別 戸籍統一文字情報 親字・正字, ホップ数 1
U+95AD	閭	閭	compatibility	unicode-ucd	merge	95AD
U+95B2	閱	閲	itaiji	mj-kanji	merge	X0213 包摂
U+95B2	閱	閲	reduction	mj-shrink-map	merge	MJ027465: 法務省戸籍法関連通達・通知, 種別 戸籍統一文字情報 親字・正字, ホップ数 1
U+95B2	𧢅	閲	reduction	mj-shrink-map	merge	MJ048632: 法務省戸籍法関連通達・通知, 種別 戸籍統一文字情報 親字・正字, ホップ数 1
U+95B7	閷	閷	compatibility	unicode-ucd	merge	95B7
U+95B9	剦	閹	reduction	mj-shrink-map	merge	MJ007556: 法務省戸籍法関連通達・通知, 種別 戸籍統一文字情報 親字・正字, ホップ数 1
U+95B9	𠝢	閹	reduction	mj-shrink-map	merge	MJ031365: 法務省戸籍法関連通達・通知, 種別 戸籍統一文字情報 親字・正字, ホップ数 1
U+95BB	壛	閻	reduction	mj-shrink-map	merge	MJ009363: 法務省戸籍法関連通達・通知, 種別 戸籍統一文字情報 親字・正字, ホップ数 1
U+95BB	𨵀	閻	reduction	mj-shrink-map	merge	MJ052169: 法務省戸籍法関連通達・通知, 種別 戸籍統一文字情報 親字・正字, ホップ数 1
U+95BB	𨵁	閻	reduction	mj-shrink-map	merge	MJ052170: 法務省戸籍法関連通達・通知, 種別 戸籍統一文字情報 親字・正字, ホップ数 1
U+95BE	𨵨	閾	reduction	mj-shrink-map	merge	MJ052199: 法務省戸籍法関連通達・通知, 種別 戸籍統一文字情報 親字・正字, ホップ数 1
U+95C3	閴	闃	reduction	mj-shrink-map	merge	MJ027468: 法務省戸籍法関連通達・通知, 種別 戸籍統一文字情報 親字・正字, ホップ数 1
U+95CA	濶	闊	reduction	mj-shrink-map	merge	MJ016107: 法務省戸籍法関連通達・通知, 種別 戸籍統一文字情報 親字・正字, ホップ数 1
U+95CA	濶	闊	variant	cjkvi-variants	corroborates	濶→闊 jisx0213/variant | 闊→濶 dypytz/variant | 闊→濶 hydzd/variant | 闊→濶 jisx0212/variant | 闊→濶 twedu/variant
U+95CA	濶	闊	variant	hng-basic-data	corroborates	12771
U+95CA	濶	闊	variant	wikidata	corroborates	Q109753081; P248 Q10427532 | Q109765815; P248 Q10427532
U+95CA	濶	闊	equivalent	yitizi	corroborates	ytenx/JihThex.csv
U+95CA	𨴿	闊	reduction	mj-shrink-map	merge	MJ052168: 法務省戸籍法関連通達・通知, 種別 戸籍統一文字情報 親字・正字, ホップ数 1
U+95CA	𨶖	闊	reduction	mj-shrink-map	merge	MJ052227: 法務省戸籍法関連通達・通知, 種別 戸籍統一文字情報 親字・正字, ホップ数 1
U+95CC	䦨	闌	itaiji	mj-kanji	merge	X0213 包摂
U+95D4	𨵵	闔	reduction	mj-shrink-map	merge	MJ052209: 法務省戸籍法関連通達・通知, 種別 戸籍統一文字情報 親字・正字, ホップ数 1
U+95D5	𨴸	闕	reduction	mj-shrink-map	merge	MJ052163: 法務省戸籍法関連通達・通知, 種別 戸籍統一文字情報 親字・正字, ホップ数 1
U+95D5	𨵗	闕	reduction	mj-shrink-map	merge	MJ052186: 法務省戸籍法関連通達・通知, 種別 戸籍統一文字情報 親字・正字, ホップ数 1
U+95D5	𨷂	闕	reduction	mj-shrink-map	merge	MJ052255: 法務省戸籍法関連通達・通知, 種別 戸籍統一文字情報 親字・正字, ホップ数 1
U+95D8	鬦	鬭	reduction	mj-shrink-map	merge	MJ028985: 法務省戸籍法関連通達・通知, 種別 戸籍統一文字情報 親字・正字, ホップ数 1
U+95D8	鬭	闘	reduction	mj-shrink-map	merge	MJ028993: 法務省戸籍法関連通達・通知, 種別 戸籍統一文字情報 親字・正字, ホップ数 1
U+95D8	𨶜	鬭	reduction	mj-shrink-map	merge	MJ052230: 法務省戸籍法関連通達・通知, 種別 戸籍統一文字情報 親字・正字, ホップ数 1
U+95D8	𩰑	鬭	reduction	mj-shrink-map	merge	MJ054843: 法務省戸籍法関連通達・通知, 種別 戸籍統一文字情報 親字・正字, ホップ数 1
U+95D8	𩰒	鬭	reduction	mj-shrink-map	merge	MJ054844: 法務省戸籍法関連通達・通知, 種別 戸籍統一文字情報 親字・正字, ホップ数 1
U+95D8	𩰖	鬭	reduction	mj-shrink-map	merge	MJ054849: 法務省戸籍法関連通達・通知, 種別 戸籍統一文字情報 親字・正字, ホップ数 1
U+95DE	𨶞	闞	reduction	mj-shrink-map	merge	MJ052232: 法務省戸籍法関連通達・通知, 種別 戸籍統一文字情報 親字・正字, ホップ数 1
U+95E1	𨴁	闡	reduction	mj-shrink-map	merge	MJ052126: 法務省戸籍法関連通達・通知, 種別 戸籍統一文字情報 親字・正字, ホップ数 1
U+95E1	𨴝	闡	reduction	mj-shrink-map	merge	MJ052145: 法務省戸籍法関連通達・通知, 種別 戸籍統一文字情報 親字・正字, ホップ数 1
U+95E2	𨵓	闢	reduction	mj-shrink-map	merge	MJ052185: 法務省戸籍法関連通達・通知, 種別 戸籍統一文字情報 親字・正字, ホップ数 1
U+95E5	𮤨	闥	reduction	mj-shrink-map	merge	MJ058965: 法務省戸籍法関連通達・通知, 種別 戸籍統一文字情報 親字・正字, ホップ数 1
U+961C	𨸏	阜	reduction	mj-shrink-map	merge	MJ052286: 法務省戸籍法関連通達・通知, 種別 戸籍統一文字情報 親字・正字, ホップ数 1
U+962A	𠭔	阪	reduction	mj-shrink-map	merge	MJ032050: 法務省戸籍法関連通達・通知, 種別 戸籍統一文字情報 親字・正字, ホップ数 1
U+962E	阮	阮	compatibility	unicode-ucd	merge	962E
U+962E	𨸘	阮	reduction	mj-shrink-map	merge	MJ052294: 法務省戸籍法関連通達・通知, 種別 戸籍統一文字情報 親字・正字, ホップ数 1
U+9640	𨹕	陀	reduction	mj-shrink-map	merge	MJ052331: 法務省戸籍法関連通達・通知, 種別 戸籍統一文字情報 親字・正字, ホップ数 1
U+9641	𡶊	陁	reduction	mj-shrink-map	merge	MJ034530: 法務省戸籍法関連通達・通知, 種別 戸籍統一文字情報 親字・正字, ホップ数 1
U+964B	陋	陋	compatibility	unicode-ucd	merge	964B
U+964B	𨹟	陋	reduction	mj-shrink-map	merge	MJ052339: 法務省戸籍法関連通達・通知, 種別 戸籍統一文字情報 親字・正字, ホップ数 1
U+964D	降	降	compatibility	unicode-ucd	merge	964D
U+964D	𡲣	降	reduction	mj-shrink-map	merge	MJ034392: 法務省戸籍法関連通達・通知, 種別 戸籍統一文字情報 親字・正字, ホップ数 1
U+964D	𨹓	降	reduction	mj-shrink-map	merge	MJ052330: 法務省戸籍法関連通達・通知, 種別 戸籍統一文字情報 親字・正字, ホップ数 1
U+964D	𮥃	降	reduction	mj-shrink-map	merge	MJ058976: 法務省戸籍法関連通達・通知, 種別 戸籍統一文字情報 親字・正字, ホップ数 1
U+9650	𨵬	限	reduction	mj-shrink-map	merge	MJ052203: 法務省戸籍法関連通達・通知, 種別 戸籍統一文字情報 親字・正字, ホップ数 1
U+9650	𨹨	限	reduction	mj-shrink-map	merge	MJ052344: 法務省戸籍法関連通達・通知, 種別 戸籍統一文字情報 親字・正字, ホップ数 1
U+9658	𨹢	陘	reduction	mj-shrink-map	merge	MJ052342: 法務省戸籍法関連通達・通知, 種別 戸籍統一文字情報 親字・正字, ホップ数 1
U+9658	𨺄	陘	reduction	mj-shrink-map	merge	MJ052360: 法務省戸籍法関連通達・通知, 種別 戸籍統一文字情報 親字・正字, ホップ数 1
U+965B	㙄	陛	reduction	mj-shrink-map	merge	MJ000499: 法務省戸籍法関連通達・通知, 種別 戸籍統一文字情報 親字・正字, ホップ数 1
U+965B	𨹼	陛	reduction	mj-shrink-map	merge	MJ052352: 法務省戸籍法関連通達・通知, 種別 戸籍統一文字情報 親字・正字, ホップ数 1
U+965B	𨻘	陛	reduction	mj-shrink-map	merge	MJ052413: 法務省戸籍法関連通達・通知, 種別 戸籍統一文字情報 親字・正字, ホップ数 1
U+965C	陿	陜	reduction	mj-shrink-map	merge	MJ027628: 法務省戸籍法関連通達・通知, 種別 戸籍統一文字情報 親字・正字, ホップ数 1
U+965E	阩	陞	reduction	mj-shrink-map	merge	MJ027542: 法務省戸籍法関連通達・通知, 種別 戸籍統一文字情報 親字・正字, ホップ数 1
U+965E	𧿘	陞	reduction	mj-shrink-map	merge	MJ050029: 法務省戸籍法関連通達・通知, 種別 戸籍統一文字情報 親字・正字, ホップ数 1
U+965E	𨁠	陞	reduction	mj-shrink-map	merge	MJ050123: 法務省戸籍法関連通達・通知, 種別 戸籍統一文字情報 親字・正字, ホップ数 1
U+965F	徏	陟	reduction	mj-shrink-map	merge	MJ011306: 法務省戸籍法関連通達・通知, 種別 戸籍統一文字情報 親字・正字, ホップ数 1
U+965F	𠉡	陟	reduction	mj-shrink-map	merge	MJ030634: 法務省戸籍法関連通達・通知, 種別 戸籍統一文字情報 親字・正字, ホップ数 1
U+965F	𠌹	陟	reduction	mj-shrink-map	merge	MJ030756: 法務省戸籍法関連通達・通知, 種別 戸籍統一文字情報 親字・正字, ホップ数 1
U+9661	阧	陡	reduction	mj-shrink-map	merge	MJ027540: 法務省戸籍法関連通達・通知, 種別 戸籍統一文字情報 親字・正字, ホップ数 1
U+9663	塦	陣	reduction	mj-shrink-map	merge	MJ009230: 法務省戸籍法関連通達・通知, 種別 戸籍統一文字情報 親字・正字, ホップ数 1
U+9665	䧟	陷	reduction	mj-shrink-map	merge	MJ068096: 法務省戸籍法関連通達・通知, 種別 戸籍統一文字情報 親字・正字, ホップ数 1
U+9665	陷	陥	reduction	mj-shrink-map	merge	MJ027619: 法務省戸籍法関連通達・通知, 種別 戸籍統一文字情報 親字・正字, ホップ数 1
U+9665	𨺂	陷	reduction	mj-shrink-map	merge	MJ052358: 法務省戸籍法関連通達・通知, 種別 戸籍統一文字情報 親字・正字, ホップ数 1
U+966A	𨻓	陪	reduction	mj-shrink-map	merge	MJ052408: 法務省戸籍法関連通達・通知, 種別 戸籍統一文字情報 親字・正字, ホップ数 1
U+966C	𨽁	陬	reduction	mj-shrink-map	merge	MJ052468: 法務省戸籍法関連通達・通知, 種別 戸籍統一文字情報 親字・正字, ホップ数 1
U+9670	侌	陰	reduction	mj-shrink-map	merge	MJ006701: 法務省戸籍法関連通達・通知, 種別 戸籍統一文字情報 親字・正字, ホップ数 1
U+9670	阥	陰	reduction	mj-shrink-map	merge	MJ027538: 法務省戸籍法関連通達・通知, 種別 戸籍統一文字情報 親字・正字, ホップ数 1
U+9670	隂	陰	reduction	mj-shrink-map	merge	MJ027633: 法務省戸籍法関連通達・通知, 種別 戸籍統一文字情報 親字・正字, ホップ数 1
U+9670	霒	陰	reduction	mj-shrink-map	merge	MJ027821: 法務省戸籍法関連通達・通知, 種別 戸籍統一文字情報 親字・正字, ホップ数 1
U+9670	𠊺	陰	reduction	mj-shrink-map	merge	MJ030682: 法務省戸籍法関連通達・通知, 種別 戸籍統一文字情報 親字・正字, ホップ数 1
U+9670	𣍤	陰	reduction	mj-shrink-map	merge	MJ037882: 法務省戸籍法関連通達・通知, 種別 戸籍統一文字情報 親字・正字, ホップ数 1
U+9670	𤽎	陰	reduction	mj-shrink-map	merge	MJ041894: 法務省戸籍法関連通達・通知, 種別 戸籍統一文字情報 親字・正字, ホップ数 1
U+9670	𦺼	陰	reduction	mj-shrink-map	merge	MJ046897: 法務省戸籍法関連通達・通知, 種別 戸籍統一文字情報 親字・正字, ホップ数 1
U+9670	𨹉	陰	reduction	mj-shrink-map	merge	MJ052326: 法務省戸籍法関連通達・通知, 種別 戸籍統一文字情報 親字・正字, ホップ数 1
U+9670	𨻔	陰	reduction	mj-shrink-map	merge	MJ052409: 法務省戸籍法関連通達・通知, 種別 戸籍統一文字情報 親字・正字, ホップ数 1
U+9670	𨼖	陰	reduction	mj-shrink-map	merge	MJ052449: 法務省戸籍法関連通達・通知, 種別 戸籍統一文字情報 親字・正字, ホップ数 1
U+9670	𨽙	陰	reduction	mj-shrink-map	merge	MJ052481: 法務省戸籍法関連通達・通知, 種別 戸籍統一文字情報 親字・正字, ホップ数 1
U+9670	𮥏	陰	reduction	mj-shrink-map	merge	MJ058970: 法務省戸籍法関連通達・通知, 種別 戸籍統一文字情報 親字・正字, ホップ数 1
U+9673	軙	陳	reduction	mj-shrink-map	merge	MJ025562: 法務省戸籍法関連通達・通知, 種別 戸籍統一文字情報 親字・正字, ホップ数 1
U+9673	𣃵	陳	reduction	mj-shrink-map	merge	MJ037559: 法務省戸籍法関連通達・通知, 種別 戸籍統一文字情報 親字・正字, ホップ数 1
U+9673	𣃻	陳	reduction	mj-shrink-map	merge	MJ037561: 法務省戸籍法関連通達・通知, 種別 戸籍統一文字情報 親字・正字, ホップ数 1
U+9673	𨸬	陳	reduction	mj-shrink-map	merge	MJ052305: 法務省戸籍法関連通達・通知, 種別 戸籍統一文字情報 親字・正字, ホップ数 1
U+9673	𨻰	陳	reduction	mj-shrink-map	merge	MJ052419: 法務省戸籍法関連通達・通知, 種別 戸籍統一文字情報 親字・正字, ホップ数 1
U+9675	陵	陵	compatibility	unicode-ucd	merge	9675
U+9675	䧙	陵	reduction	mj-shrink-map	merge	MJ005314: 法務省戸籍法関連通達・通知, 種別 戸籍統一文字情報 親字・正字, ホップ数 1
U+9675	琌	陵	reduction	mj-shrink-map	merge	MJ017264: 法務省戸籍法関連通達・通知, 種別 戸籍統一文字情報 親字・正字, ホップ数 1
U+9675	𨹧	陵	reduction	mj-shrink-map	merge	MJ052343: 法務省戸籍法関連通達・通知, 種別 戸籍統一文字情報 親字・正字, ホップ数 1
U+9675	𨻪	陵	reduction	mj-shrink-map	merge	MJ052416: 法務省戸籍法関連通達・通知, 種別 戸籍統一文字情報 親字・正字, ホップ数 1
U+9676	𥿐	陶	reduction	mj-shrink-map	merge	MJ044446: 法務省戸籍法関連通達・通知, 種別 戸籍統一文字情報 親字・正字, ホップ数 1
U+9676	𨹋	陶	reduction	mj-shrink-map	merge	MJ052327: 法務省戸籍法関連通達・通知, 種別 戸籍統一文字情報 親字・正字, ホップ数 1
U+9676	𨺃	陶	reduction	mj-shrink-map	merge	MJ052359: 法務省戸籍法関連通達・通知, 種別 戸籍統一文字情報 親字・正字, ホップ数 1
U+9678	陸	陸	compatibility	unicode-ucd	merge	9678
U+9678	𤱒	陸	reduction	mj-shrink-map	merge	MJ041377: 法務省戸籍法関連通達・通知, 種別 戸籍統一文字情報 親字・正字, ホップ数 1
U+9678	𨸪	陸	reduction	mj-shrink-map	merge	MJ052303: 法務省戸籍法関連通達・通知, 種別 戸籍統一文字情報 親字・正字, ホップ数 1
U+9678	𨽫	陸	reduction	mj-shrink-map	merge	MJ052491: 法務省戸籍法関連通達・通知, 種別 戸籍統一文字情報 親字・正字, ホップ数 1
U+9678	𨽰	陸	reduction	mj-shrink-map	merge	MJ052495: 法務省戸籍法関連通達・通知, 種別 戸籍統一文字情報 親字・正字, ホップ数 1
U+967A	險	険	reduction	mj-shrink-map	merge	MJ027691: 法務省戸籍法関連通達・通知, 種別 戸籍統一文字情報 親字・正字, ホップ数 1
U+967C	陼	陼	compatibility	unicode-ucd	merge	967C
U+967D	阦	陽	reduction	mj-shrink-map	merge	MJ027539: 法務省戸籍法関連通達・通知, 種別 戸籍統一文字情報 親字・正字, ホップ数 1
U+967D	𥌖	陽	reduction	mj-shrink-map	merge	MJ042524: 法務省戸籍法関連通達・通知, 種別 戸籍統一文字情報 親字・正字, ホップ数 1
U+967D	𨼗	陽	reduction	mj-shrink-map	merge	MJ052450: 法務省戸籍法関連通達・通知, 種別 戸籍統一文字情報 親字・正字, ホップ数 1
U+967D	𨼘	陽	reduction	mj-shrink-map	merge	MJ052451: 法務省戸籍法関連通達・通知, 種別 戸籍統一文字情報 親字・正字, ホップ数 1
U+9686	隆	𨺓	z	cjkvi-variants	merge	隆→𨺓 cjkvi/duplicate
U+9686	隆	𨺓	z	unihan	merge	隆→𨺓 kZVariant | 𨺓→隆 kZVariant
U+9686	隆	隆	compatibility	unicode-ucd	merge	9686
U+9686	䧏	隆	reduction	mj-shrink-map	merge	MJ005303: 法務省戸籍法関連通達・通知, 種別 戸籍統一文字情報 親字・正字, ホップ数 1
U+9686	𤯲	隆	reduction	mj-shrink-map	merge	MJ041320: 法務省戸籍法関連通達・通知, 種別 戸籍統一文字情報 親字・正字, ホップ数 1
U+9686	𨹠	隆	reduction	mj-shrink-map	merge	MJ052340: 法務省戸籍法関連通達・通知, 種別 戸籍統一文字情報 親字・正字, ホップ数 1
U+9686	𨹿	隆	reduction	mj-shrink-map	merge	MJ052355: 法務省戸籍法関連通達・通知, 種別 戸籍統一文字情報 親字・正字, ホップ数 1
U+9686	𨻦	隆	reduction	mj-shrink-map	merge	MJ052414: 法務省戸籍法関連通達・通知, 種別 戸籍統一文字情報 親字・正字, ホップ数 1
U+9686	𮥓	隆	reduction	mj-shrink-map	merge	MJ058973: 法務省戸籍法関連通達・通知, 種別 戸籍統一文字情報 親字・正字, ホップ数 1
U+9688	𨺯	隈	reduction	mj-shrink-map	merge	MJ052385: 法務省戸籍法関連通達・通知, 種別 戸籍統一文字情報 親字・正字, ホップ数 1
U+968E	堦	階	reduction	mj-shrink-map	merge	MJ009157: 法務省戸籍法関連通達・通知, 種別 戸籍統一文字情報 親字・正字, ホップ数 1
U+968F	䢫	随	reduction	mj-shrink-map	merge	MJ005036: 法務省戸籍法関連通達・通知, 種別 戸籍統一文字情報 親字・正字, ホップ数 1
U+968F	遀	随	reduction	mj-shrink-map	merge	MJ026011: 法務省戸籍法関連通達・通知, 種別 戸籍統一文字情報 親字・正字, ホップ数 1
U+968F	隨	随	reduction	mj-shrink-map	merge	MJ027689: 法務省戸籍法関連通達・通知, 種別 戸籍統一文字情報 親字・正字, ホップ数 1
U+968F	𨼕	隨	reduction	mj-shrink-map	merge	MJ052448: 法務省戸籍法関連通達・通知, 種別 戸籍統一文字情報 親字・正字, ホップ数 1
U+9694	𤗦	隔	reduction	mj-shrink-map	merge	MJ040388: 法務省戸籍法関連通達・通知, 種別 戸籍統一文字情報 親字・正字, ホップ数 1
U+9698	𨻹	隘	reduction	mj-shrink-map	merge	MJ052428: 法務省戸籍法関連通達・通知, 種別 戸籍統一文字情報 親字・正字, ホップ数 1
U+9698	𨽝	隘	reduction	mj-shrink-map	merge	MJ052482: 法務省戸籍法関連通達・通知, 種別 戸籍統一文字情報 親字・正字, ホップ数 1
U+9698	𨽪	隘	reduction	mj-shrink-map	merge	MJ052490: 法務省戸籍法関連通達・通知, 種別 戸籍統一文字情報 親字・正字, ホップ数 1
U+9698	𨽴	隘	reduction	mj-shrink-map	merge	MJ052497: 法務省戸籍法関連通達・通知, 種別 戸籍統一文字情報 親字・正字, ホップ数 1
U+9699	䧍	隙	reduction	mj-shrink-map	merge	MJ005302: 法務省戸籍法関連通達・通知, 種別 戸籍統一文字情報 親字・正字, ホップ数 1
U+9699	隟	隙	reduction	mj-shrink-map	merge	MJ027673: 法務省戸籍法関連通達・通知, 種別 戸籍統一文字情報 親字・正字, ホップ数 1
U+9699	𡭴	隙	reduction	mj-shrink-map	merge	MJ034211: 法務省戸籍法関連通達・通知, 種別 戸籍統一文字情報 親字・正字, ホップ数 1
U+9699	𡮱	隙	reduction	mj-shrink-map	merge	MJ034233: 法務省戸籍法関連通達・通知, 種別 戸籍統一文字情報 親字・正字, ホップ数 1
U+9699	𧯊	隙	reduction	mj-shrink-map	merge	MJ049298: 法務省戸籍法関連通達・通知, 種別 戸籍統一文字情報 親字・正字, ホップ数 1
U+96A0	隱	隠	reduction	mj-shrink-map	merge	MJ027698: 法務省戸籍法関連通達・通知, 種別 戸籍統一文字情報 親字・正字, ホップ数 1
U+96A0	𨼆	隱	reduction	mj-shrink-map	merge	MJ052435: 法務省戸籍法関連通達・通知, 種別 戸籍統一文字情報 親字・正字, ホップ数 1
U+96A0	𮥚	隱	reduction	mj-shrink-map	merge	MJ058974: 法務省戸籍法関連通達・通知, 種別 戸籍統一文字情報 親字・正字, ホップ数 1
U+96A3	隣	隣	compatibility	unicode-ucd	merge	96A3
U+96A3	鄰	隣	reduction	mj-shrink-map	merge	MJ026403: 法務省戸籍法関連通達・通知, 種別 戸籍統一文字情報 親字・正字, ホップ数 1
U+96A3	鄰	隣	variant	cjkvi-variants	corroborates	鄰→隣 dypytz/variant | 鄰→隣 hydzd/variant | 鄰→隣 twedu/variant | 隣→鄰 jisx0212/variant | 隣→鄰 jisx0213/variant
U+96A3	鄰	隣	variant	hng-basic-data	corroborates	12234
U+96A3	鄰	隣	shinjitai	opencc	corroborates	JPShinjitaiCharacters (self first)
U+96A3	鄰	隣	variant	wikidata	corroborates	Q109764571; P248 Q10427532 | Q55814926; P248 Q10427532
U+96A3	鄰	隣	equivalent	yitizi	corroborates	ytenx/JihThex.csv
U+96A3	𠄈	鄰	reduction	mj-shrink-map	merge	MJ030442: 法務省戸籍法関連通達・通知, 種別 戸籍統一文字情報 親字・正字, ホップ数 1
U+96A3	𨞁	鄰	reduction	mj-shrink-map	merge	MJ051397: 法務省戸籍法関連通達・通知, 種別 戸籍統一文字情報 親字・正字, ホップ数 1
U+96A3	𨞧	鄰	reduction	mj-shrink-map	merge	MJ051422: 法務省戸籍法関連通達・通知, 種別 戸籍統一文字情報 親字・正字, ホップ数 1
U+96A3	𨽃	鄰	reduction	mj-shrink-map	merge	MJ052471: 法務省戸籍法関連通達・通知, 種別 戸籍統一文字情報 親字・正字, ホップ数 1
U+96A3	𪌛	鄰	reduction	mj-shrink-map	merge	MJ056034: 法務省戸籍法関連通達・通知, 種別 戸籍統一文字情報 親字・正字, ホップ数 1
U+96A4	𨓾	隤	reduction	mj-shrink-map	merge	MJ050918: 法務省戸籍法関連通達・通知, 種別 戸籍統一文字情報 親字・正字, ホップ数 1
U+96A4	𨘿	隤	reduction	mj-shrink-map	merge	MJ051143: 法務省戸籍法関連通達・通知, 種別 戸籍統一文字情報 親字・正字, ホップ数 1
U+96A4	𨽟	隤	reduction	mj-shrink-map	merge	MJ052483: 法務省戸籍法関連通達・通知, 種別 戸籍統一文字情報 親字・正字, ホップ数 1
U+96A4	𨽠	隤	reduction	mj-shrink-map	merge	MJ052484: 法務省戸籍法関連通達・通知, 種別 戸籍統一文字情報 親字・正字, ホップ数 1
U+96A7	𨽡	隧	reduction	mj-shrink-map	merge	MJ052485: 法務省戸籍法関連通達・通知, 種別 戸籍統一文字情報 親字・正字, ホップ数 1
U+96B0	𨻋	隰	reduction	mj-shrink-map	merge	MJ052401: 法務省戸籍法関連通達・通知, 種別 戸籍統一文字情報 親字・正字, ホップ数 1
U+96B0	𨻸	隰	reduction	mj-shrink-map	merge	MJ052427: 法務省戸籍法関連通達・通知, 種別 戸籍統一文字情報 親字・正字, ホップ数 1
U+96B0	𨻽	隰	reduction	mj-shrink-map	merge	MJ052432: 法務省戸籍法関連通達・通知, 種別 戸籍統一文字情報 親字・正字, ホップ数 1
U+96B0	𨻿	隰	reduction	mj-shrink-map	merge	MJ052434: 法務省戸籍法関連通達・通知, 種別 戸籍統一文字情報 親字・正字, ホップ数 1
U+96B7	隷	隸	z	unihan	merge	隷→隸 kZVariant | 隸→隷 kZVariant
U+96B7	隸	隸	compatibility	unicode-ucd	merge	96B8
U+96B7	隷	隷	compatibility	unicode-ucd	merge	96B7
U+96B7	隸	隷	reduction	mj-shrink-map	merge	MJ027708: 法務省戸籍法関連通達・通知, 種別 戸籍統一文字情報 親字・正字, ホップ数 1
U+96B7	𥻳	隸	reduction	mj-shrink-map	merge	MJ044304: 法務省戸籍法関連通達・通知, 種別 戸籍統一文字情報 親字・正字, ホップ数 1
U+96B7	𨾀	隸	reduction	mj-shrink-map	merge	MJ052506: 法務省戸籍法関連通達・通知, 種別 戸籍統一文字情報 親字・正字, ホップ数 1
U+96B7	𨾁	隸	reduction	mj-shrink-map	merge	MJ052507: 法務省戸籍法関連通達・通知, 種別 戸籍統一文字情報 親字・正字, ホップ数 1
U+96B7	𮇬	隸	reduction	mj-shrink-map	merge	MJ058296: 法務省戸籍法関連通達・通知, 種別 戸籍統一文字情報 親字・正字, ホップ数 1
U+96B9	嶵	隹	reduction	mj-shrink-map	merge	MJ010717: 法務省戸籍法関連通達・通知, 種別 戸籍統一文字情報 親字・正字, ホップ数 1
U+96BB	𨾏	隻	reduction	mj-shrink-map	merge	MJ052520: 法務省戸籍法関連通達・通知, 種別 戸籍統一文字情報 親字・正字, ホップ数 1
U+96BB	𮥺	隻	reduction	mj-shrink-map	merge	MJ058979: 法務省戸籍法関連通達・通知, 種別 戸籍統一文字情報 親字・正字, ホップ数 1
U+96C0	䲵	雀	reduction	mj-shrink-map	merge	MJ006043: 法務省戸籍法関連通達・通知, 種別 戸籍統一文字情報 親字・正字, ホップ数 1
U+96C3	雃	雃	compatibility	unicode-ucd	merge	96C3
U+96C4	䧺	雄	reduction	mj-shrink-map	merge	MJ005346: 法務省戸籍法関連通達・通知, 種別 戸籍統一文字情報 親字・正字, ホップ数 1
U+96C5	䧽	雅	reduction	mj-shrink-map	merge	MJ005349: 法務省戸籍法関連通達・通知, 種別 戸籍統一文字情報 親字・正字, ホップ数 1
U+96C5	𤙵	雅	reduction	mj-shrink-map	merge	MJ040487: 法務省戸籍法関連通達・通知, 種別 戸籍統一文字情報 親字・正字, ホップ数 1
U+96C6	雦	集	reduction	mj-shrink-map	merge	MJ027768: 法務省戸籍法関連通達・通知, 種別 戸籍統一文字情報 親字・正字, ホップ数 1
U+96C6	雧	集	reduction	mj-shrink-map	merge	MJ027769: 法務省戸籍法関連通達・通知, 種別 戸籍統一文字情報 親字・正字, ホップ数 1
U+96C6	𠍱	集	reduction	mj-shrink-map	merge	MJ030782: 法務省戸籍法関連通達・通知, 種別 戸籍統一文字情報 親字・正字, ホップ数 1
U+96C7	𩿇	雇	reduction	mj-shrink-map	merge	MJ055439: 法務省戸籍法関連通達・通知, 種別 戸籍統一文字情報 親字・正字, ホップ数 1
U+96C9	𥏷	雉	reduction	mj-shrink-map	merge	MJ042691: 法務省戸籍法関連通達・通知, 種別 戸籍統一文字情報 親字・正字, ホップ数 1
U+96C9	𨿘	雉	reduction	mj-shrink-map	merge	MJ052587: 法務省戸籍法関連通達・通知, 種別 戸籍統一文字情報 親字・正字, ホップ数 1
U+96C9	𪁰	雉	reduction	mj-shrink-map	merge	MJ055558: 法務省戸籍法関連通達・通知, 種別 戸籍統一文字情報 親字・正字, ホップ数 1
U+96C9	𪅊	雉	reduction	mj-shrink-map	merge	MJ055718: 法務省戸籍法関連通達・通知, 種別 戸籍統一文字情報 親字・正字, ホップ数 1
U+96CC	䧳	雌	reduction	mj-shrink-map	merge	MJ005339: 法務省戸籍法関連通達・通知, 種別 戸籍統一文字情報 親字・正字, ホップ数 1
U+96CC	𩾰	雌	reduction	mj-shrink-map	merge	MJ055418: 法務省戸籍法関連通達・通知, 種別 戸籍統一文字情報 親字・正字, ホップ数 1
U+96CD	𬽜	雍	reduction	mj-shrink-map	merge	MJ058981: 法務省戸籍法関連通達・通知, 種別 戸籍統一文字情報 親字・正字, ホップ数 1
U+96D1	襍	雜	reduction	mj-shrink-map	merge	MJ024138: 法務省戸籍法関連通達・通知, 種別 戸籍統一文字情報 親字・正字, ホップ数 1
U+96D1	襍	雑	variant	cjkvi-variants	corroborates	雑→襍 jisx0213/variant
U+96D1	襍	雜	variant	cjkvi-variants	corroborates	雜→襍 dypytz/variant | 雜→襍 hydzd/variant | 雜→襍 jisx0213/variant | 雜→襍 twedu/variant
U+96D1	襍	雜	variant	hng-basic-data	corroborates	12997 | 12997b
U+96D1	襍	雜	variant	wikidata	corroborates	Q109762268; P248 Q10427532 | Q109766096; P248 Q10427532
U+96D1	雜	雑	reduction	mj-shrink-map	merge	MJ027755: 法務省戸籍法関連通達・通知, 種別 戸籍統一文字情報 親字・正字, ホップ数 1
U+96D2	𩁗	雒	reduction	mj-shrink-map	merge	MJ052701: 法務省戸籍法関連通達・通知, 種別 戸籍統一文字情報 親字・正字, ホップ数 1
U+96D6	𨿽	雖	reduction	mj-shrink-map	merge	MJ052619: 法務省戸籍法関連通達・通知, 種別 戸籍統一文字情報 親字・正字, ホップ数 1
U+96DA	𮥶	雚	reduction	mj-shrink-map	merge	MJ058978: 法務省戸籍法関連通達・通知, 種別 戸籍統一文字情報 親字・正字, ホップ数 1
U+96DA	𮥹	雚	reduction	mj-shrink-map	merge	MJ058980: 法務省戸籍法関連通達・通知, 種別 戸籍統一文字情報 親字・正字, ホップ数 1
U+96DA	𮥿	雚	reduction	mj-shrink-map	merge	MJ058982: 法務省戸籍法関連通達・通知, 種別 戸籍統一文字情報 親字・正字, ホップ数 1
U+96DB	𨿉	雛	reduction	mj-shrink-map	merge	MJ052573: 法務省戸籍法関連通達・通知, 種別 戸籍統一文字情報 親字・正字, ホップ数 1
U+96DD	𪄉	雝	reduction	mj-shrink-map	merge	MJ055675: 法務省戸籍法関連通達・通知, 種別 戸籍統一文字情報 親字・正字, ホップ数 1
U+96E2	離	離	compatibility	unicode-ucd	merge	96E2
U+96E2	𩀌	離	reduction	mj-shrink-map	merge	MJ052633: 法務省戸籍法関連通達・通知, 種別 戸籍統一文字情報 親字・正字, ホップ数 1
U+96E3	難	難	compatibility	unicode-ucd	merge	96E3
U+96E3	難	難	compatibility	unicode-ucd	merge	96E3
U+96E3	𩀡	難	reduction	mj-shrink-map	merge	MJ052651: 法務省戸籍法関連通達・通知, 種別 戸籍統一文字情報 親字・正字, ホップ数 1
U+96E3	𩁳	難	reduction	mj-shrink-map	merge	MJ052722: 法務省戸籍法関連通達・通知, 種別 戸籍統一文字情報 親字・正字, ホップ数 1
U+96E8	㲾	雨	reduction	mj-shrink-map	merge	MJ002038: 法務省戸籍法関連通達・通知, 種別 戸籍統一文字情報 親字・正字, ホップ数 1
U+96E8	𠕒	雨	reduction	mj-shrink-map	merge	MJ031040: 法務省戸籍法関連通達・通知, 種別 戸籍統一文字情報 親字・正字, ホップ数 1
U+96E8	𠕘	雨	reduction	mj-shrink-map	merge	MJ031044: 法務省戸籍法関連通達・通知, 種別 戸籍統一文字情報 親字・正字, ホップ数 1
U+96E8	𠕲	雨	reduction	mj-shrink-map	merge	MJ031064: 法務省戸籍法関連通達・通知, 種別 戸籍統一文字情報 親字・正字, ホップ数 1
U+96E8	𩁼	雨	reduction	mj-shrink-map	merge	MJ052729: 法務省戸籍法関連通達・通知, 種別 戸籍統一文字情報 親字・正字, ホップ数 1
U+96E8	𮦄	雨	reduction	mj-shrink-map	merge	MJ058989: 法務省戸籍法関連通達・通知, 種別 戸籍統一文字情報 親字・正字, ホップ数 1
U+96E9	𦏻	雩	reduction	mj-shrink-map	merge	MJ045100: 法務省戸籍法関連通達・通知, 種別 戸籍統一文字情報 親字・正字, ホップ数 1
U+96E9	𩁹	雩	reduction	mj-shrink-map	merge	MJ052726: 法務省戸籍法関連通達・通知, 種別 戸籍統一文字情報 親字・正字, ホップ数 1
U+96EA	䨮	雪	reduction	mj-shrink-map	merge	MJ005398: 法務省戸籍法関連通達・通知, 種別 戸籍統一文字情報 親字・正字, ホップ数 1
U+96F2	𦤆	雲	reduction	mj-shrink-map	merge	MJ045915: 法務省戸籍法関連通達・通知, 種別 戸籍統一文字情報 親字・正字, ホップ数 1
U+96F6	零	零	compatibility	unicode-ucd	merge	96F6
U+96F6	霗	零	reduction	mj-shrink-map	merge	MJ027827: 法務省戸籍法関連通達・通知, 種別 戸籍統一文字情報 親字・正字, ホップ数 1
U+96F6	𤅫	零	reduction	mj-shrink-map	merge	MJ039830: 法務省戸籍法関連通達・通知, 種別 戸籍統一文字情報 親字・正字, ホップ数 1
U+96F6	𩆖	零	reduction	mj-shrink-map	merge	MJ052906: 法務省戸籍法関連通達・通知, 種別 戸籍統一文字情報 親字・正字, ホップ数 1
U+96F7	雷	雷	compatibility	unicode-ucd	merge	96F7
U+96F7	壨	雷	reduction	mj-shrink-map	merge	MJ009381: 法務省戸籍法関連通達・通知, 種別 戸籍統一文字情報 親字・正字, ホップ数 1
U+96F7	䨓	靁	reduction	mj-shrink-map	merge	MJ005371: 法務省戸籍法関連通達・通知, 種別 戸籍統一文字情報 親字・正字, ホップ数 1
U+96F7	靁	雷	reduction	mj-shrink-map	merge	MJ027875: 法務省戸籍法関連通達・通知, 種別 戸籍統一文字情報 親字・正字, ホップ数 1
U+96F7	𤴌	雷	reduction	mj-shrink-map	merge	MJ041500: 法務省戸籍法関連通達・通知, 種別 戸籍統一文字情報 親字・正字, ホップ数 1
U+96F7	𤴐	靁	reduction	mj-shrink-map	merge	MJ041502: 法務省戸籍法関連通達・通知, 種別 戸籍統一文字情報 親字・正字, ホップ数 1
U+96F7	𤴑	雷	reduction	mj-shrink-map	merge	MJ041503: 法務省戸籍法関連通達・通知, 種別 戸籍統一文字情報 親字・正字, ホップ数 1
U+96F7	𩂩	靁	reduction	mj-shrink-map	merge	MJ052759: 法務省戸籍法関連通達・通知, 種別 戸籍統一文字情報 親字・正字, ホップ数 1
U+96F7	𩄣	靁	reduction	mj-shrink-map	merge	MJ052831: 法務省戸籍法関連通達・通知, 種別 戸籍統一文字情報 親字・正字, ホップ数 1
U+96F7	𩄥	雷	reduction	mj-shrink-map	merge	MJ052833: 法務省戸籍法関連通達・通知, 種別 戸籍統一文字情報 親字・正字, ホップ数 1
U+96F7	𩇓	靁	reduction	mj-shrink-map	merge	MJ052941: 法務省戸籍法関連通達・通知, 種別 戸籍統一文字情報 親字・正字, ホップ数 1
U+96F9	䨌	雹	reduction	mj-shrink-map	merge	MJ005364: 法務省戸籍法関連通達・通知, 種別 戸籍統一文字情報 親字・正字, ホップ数 1
U+96F9	𩄉	雹	reduction	mj-shrink-map	merge	MJ052815: 法務省戸籍法関連通達・通知, 種別 戸籍統一文字情報 親字・正字, ホップ数 1
U+96F9	𩅒	雹	reduction	mj-shrink-map	merge	MJ052862: 法務省戸籍法関連通達・通知, 種別 戸籍統一文字情報 親字・正字, ホップ数 1
U+96F9	𩅟	雹	reduction	mj-shrink-map	merge	MJ052868: 法務省戸籍法関連通達・通知, 種別 戸籍統一文字情報 親字・正字, ホップ数 1
U+96F9	𩆗	雹	reduction	mj-shrink-map	merge	MJ052907: 法務省戸籍法関連通達・通知, 種別 戸籍統一文字情報 親字・正字, ホップ数 1
U+96F9	𩇌	雹	reduction	mj-shrink-map	merge	MJ052937: 法務省戸籍法関連通達・通知, 種別 戸籍統一文字情報 親字・正字, ホップ数 1
U+96FB	𩂬	電	reduction	mj-shrink-map	merge	MJ052761: 法務省戸籍法関連通達・通知, 種別 戸籍統一文字情報 親字・正字, ホップ数 1
U+96FB	𩂵	電	reduction	mj-shrink-map	merge	MJ052765: 法務省戸籍法関連通達・通知, 種別 戸籍統一文字情報 親字・正字, ホップ数 1
U+96FB	𩃓	電	reduction	mj-shrink-map	merge	MJ052783: 法務省戸籍法関連通達・通知, 種別 戸籍統一文字情報 親字・正字, ホップ数 1
U+96FB	𩃡	電	reduction	mj-shrink-map	merge	MJ052797: 法務省戸籍法関連通達・通知, 種別 戸籍統一文字情報 親字・正字, ホップ数 1
U+96FB	𩃿	電	reduction	mj-shrink-map	merge	MJ052810: 法務省戸籍法関連通達・通知, 種別 戸籍統一文字情報 親字・正字, ホップ数 1
U+96FB	𩅎	電	reduction	mj-shrink-map	merge	MJ052859: 法務省戸籍法関連通達・通知, 種別 戸籍統一文字情報 親字・正字, ホップ数 1
U+96FB	𩅏	電	reduction	mj-shrink-map	merge	MJ052860: 法務省戸籍法関連通達・通知, 種別 戸籍統一文字情報 親字・正字, ホップ数 1
U+9700	𠟺	需	reduction	mj-shrink-map	merge	MJ031460: 法務省戸籍法関連通達・通知, 種別 戸籍統一文字情報 親字・正字, ホップ数 1
U+9700	𩂉	需	reduction	mj-shrink-map	merge	MJ052737: 法務省戸籍法関連通達・通知, 種別 戸籍統一文字情報 親字・正字, ホップ数 1
U+9704	㲵	霄	reduction	mj-shrink-map	merge	MJ002029: 法務省戸籍法関連通達・通知, 種別 戸籍統一文字情報 親字・正字, ホップ数 1
U+9704	䨭	霄	reduction	mj-shrink-map	merge	MJ005397: 法務省戸籍法関連通達・通知, 種別 戸籍統一文字情報 親字・正字, ホップ数 1
U+9706	𨗒	𨗒	compatibility	unicode-ucd	merge	285D2
U+9706	𨗒	霆	reduction	mj-shrink-map	merge	MJ051065: 法務省戸籍法関連通達・通知, 種別 戸籍統一文字情報 親字・正字, ホップ数 1
U+9706	𩄫	霆	reduction	mj-shrink-map	merge	MJ052837: 法務省戸籍法関連通達・通知, 種別 戸籍統一文字情報 親字・正字, ホップ数 1
U+9707	𩆉	震	reduction	mj-shrink-map	merge	MJ052900: 法務省戸籍法関連通達・通知, 種別 戸籍統一文字情報 親字・正字, ホップ数 1
U+9707	𩇒	震	reduction	mj-shrink-map	merge	MJ052940: 法務省戸籍法関連通達・通知, 種別 戸籍統一文字情報 親字・正字, ホップ数 1
U+970A	靈	靈	compatibility	unicode-ucd	merge	9748
U+970A	䨩	靈	reduction	mj-shrink-map	merge	MJ005393: 法務省戸籍法関連通達・通知, 種別 戸籍統一文字情報 親字・正字, ホップ数 1
U+970A	霛	靈	reduction	mj-shrink-map	merge	MJ027832: 法務省戸籍法関連通達・通知, 種別 戸籍統一文字情報 親字・正字, ホップ数 1
U+970A	靈	霊	reduction	mj-shrink-map	merge	MJ027886: 法務省戸籍法関連通達・通知, 種別 戸籍統一文字情報 親字・正字, ホップ数 1
U+970A	𡀓	靈	reduction	mj-shrink-map	merge	MJ032639: 法務省戸籍法関連通達・通知, 種別 戸籍統一文字情報 親字・正字, ホップ数 1
U+970A	𢩙	靈	reduction	mj-shrink-map	merge	MJ036688: 法務省戸籍法関連通達・通知, 種別 戸籍統一文字情報 親字・正字, ホップ数 1
U+970A	𤫊	靈	reduction	mj-shrink-map	merge	MJ041120: 法務省戸籍法関連通達・通知, 種別 戸籍統一文字情報 親字・正字, ホップ数 1
U+970A	𤴤	靈	reduction	mj-shrink-map	merge	MJ041518: 法務省戸籍法関連通達・通知, 種別 戸籍統一文字情報 親字・正字, ホップ数 1
U+970A	𧈀	靈	reduction	mj-shrink-map	merge	MJ047437: 法務省戸籍法関連通達・通知, 種別 戸籍統一文字情報 親字・正字, ホップ数 1
U+970A	𩄀	靈	reduction	mj-shrink-map	merge	MJ052811: 法務省戸籍法関連通達・通知, 種別 戸籍統一文字情報 親字・正字, ホップ数 1
U+970F	䬠	霏	reduction	mj-shrink-map	merge	MJ005641: 法務省戸籍法関連通達・通知, 種別 戸籍統一文字情報 親字・正字, ホップ数 1
U+9723	霣	霣	compatibility	unicode-ucd	merge	9723
U+9723	䆬	霣	reduction	mj-shrink-map	merge	MJ003218: 法務省戸籍法関連通達・通知, 種別 戸籍統一文字情報 親字・正字, ホップ数 1
U+9723	𩆹	霣	reduction	mj-shrink-map	merge	MJ052930: 法務省戸籍法関連通達・通知, 種別 戸籍統一文字情報 親字・正字, ホップ数 1
U+9723	𩇂	霣	reduction	mj-shrink-map	merge	MJ052931: 法務省戸籍法関連通達・通知, 種別 戸籍統一文字情報 親字・正字, ホップ数 1
U+9724	𩅐	霤	reduction	mj-shrink-map	merge	MJ052861: 法務省戸籍法関連通達・通知, 種別 戸籍統一文字情報 親字・正字, ホップ数 1
U+9724	𩅸	霤	reduction	mj-shrink-map	merge	MJ058997: 法務省戸籍法関連通達・通知, 種別 戸籍統一文字情報 親字・正字, ホップ数 1
U+9727	霚	霧	reduction	mj-shrink-map	merge	MJ027831: 法務省戸籍法関連通達・通知, 種別 戸籍統一文字情報 親字・正字, ホップ数 1
U+9730	䨘	霰	reduction	mj-shrink-map	merge	MJ005375: 法務省戸籍法関連通達・通知, 種別 戸籍統一文字情報 親字・正字, ホップ数 1
U+9730	䨷	霰	reduction	mj-shrink-map	merge	MJ005406: 法務省戸籍法関連通達・通知, 種別 戸籍統一文字情報 親字・正字, ホップ数 1
U+9730	𩃂	霰	reduction	mj-shrink-map	merge	MJ052776: 法務省戸籍法関連通達・通知, 種別 戸籍統一文字情報 親字・正字, ホップ数 1
U+9730	𩃝	霰	reduction	mj-shrink-map	merge	MJ052793: 法務省戸籍法関連通達・通知, 種別 戸籍統一文字情報 親字・正字, ホップ数 1
U+9730	𩄧	霰	reduction	mj-shrink-map	merge	MJ052835: 法務省戸籍法関連通達・通知, 種別 戸籍統一文字情報 親字・正字, ホップ数 1
U+9730	𩅤	霰	reduction	mj-shrink-map	merge	MJ052873: 法務省戸籍法関連通達・通知, 種別 戸籍統一文字情報 親字・正字, ホップ数 1
U+9730	𩆥	霰	reduction	mj-shrink-map	merge	MJ052913: 法務省戸籍法関連通達・通知, 種別 戸籍統一文字情報 親字・正字, ホップ数 1
U+9732	露	露	compatibility	unicode-ucd	merge	9732
U+973D	䨖	霽	reduction	mj-shrink-map	merge	MJ005373: 法務省戸籍法関連通達・通知, 種別 戸籍統一文字情報 親字・正字, ホップ数 1
U+973D	𩃟	霽	reduction	mj-shrink-map	merge	MJ052795: 法務省戸籍法関連通達・通知, 種別 戸籍統一文字情報 親字・正字, ホップ数 1
U+973D	𩄄	霽	reduction	mj-shrink-map	merge	MJ052813: 法務省戸籍法関連通達・通知, 種別 戸籍統一文字情報 親字・正字, ホップ数 1
U+973E	䨪	霾	reduction	mj-shrink-map	merge	MJ005394: 法務省戸籍法関連通達・通知, 種別 戸籍統一文字情報 親字・正字, ホップ数 1
U+973E	𩃻	霾	reduction	mj-shrink-map	merge	MJ052808: 法務省戸籍法関連通達・通知, 種別 戸籍統一文字情報 親字・正字, ホップ数 1
U+9742	靂	𮦷	itaiji	mj-kanji	merge	X0213 包摂
U+9744	䨠	靄	reduction	mj-shrink-map	merge	MJ005382: 法務省戸籍法関連通達・通知, 種別 戸籍統一文字情報 親字・正字, ホップ数 1
U+9746	霴	靆	reduction	mj-shrink-map	merge	MJ027861: 法務省戸籍法関連通達・通知, 種別 戸籍統一文字情報 親字・正字, ホップ数 1
U+9752	靑	青	itaiji	mj-kanji	merge	X0213 包摂
U+9752	寈	青	reduction	mj-shrink-map	merge	MJ010188: 法務省戸籍法関連通達・通知, 種別 戸籍統一文字情報 親字・正字, ホップ数 1
U+9752	靑	青	reduction	mj-shrink-map	merge	MJ027896: 法務省戸籍法関連通達・通知, 種別 戸籍統一文字情報 親字・正字, ホップ数 1
U+9752	𡗡	青	reduction	mj-shrink-map	merge	MJ033419: 法務省戸籍法関連通達・通知, 種別 戸籍統一文字情報 親字・正字, ホップ数 1
U+9752	𡴏	青	reduction	mj-shrink-map	merge	MJ034448: 法務省戸籍法関連通達・通知, 種別 戸籍統一文字情報 親字・正字, ホップ数 1
U+9752	𡴐	青	reduction	mj-shrink-map	merge	MJ034449: 法務省戸籍法関連通達・通知, 種別 戸籍統一文字情報 親字・正字, ホップ数 1
U+9752	𡴑	青	reduction	mj-shrink-map	merge	MJ034450: 法務省戸籍法関連通達・通知, 種別 戸籍統一文字情報 親字・正字, ホップ数 1
U+9752	𡷉	青	reduction	mj-shrink-map	merge	MJ034563: 法務省戸籍法関連通達・通知, 種別 戸籍統一文字情報 親字・正字, ホップ数 1
U+9756	靖	靖	compatibility	unicode-ucd	merge	9756
U+9756	靖	靖	compatibility	unicode-ucd	merge	9756
U+9759	㣏	靜	reduction	mj-shrink-map	merge	MJ001100: 法務省戸籍法関連通達・通知, 種別 戸籍統一文字情報 親字・正字, ホップ数 1
U+9759	靜	静	reduction	mj-shrink-map	merge	MJ027913: 法務省戸籍法関連通達・通知, 種別 戸籍統一文字情報 親字・正字, ホップ数 1
U+9761	𠠣	靡	reduction	mj-shrink-map	merge	MJ031487: 法務省戸籍法関連通達・通知, 種別 戸籍統一文字情報 親字・正字, ホップ数 1
U+9761	𪎓	靡	reduction	mj-shrink-map	merge	MJ056131: 法務省戸籍法関連通達・通知, 種別 戸籍統一文字情報 親字・正字, ホップ数 1
U+9762	靣	面	reduction	mj-shrink-map	merge	MJ027930: 法務省戸籍法関連通達・通知, 種別 戸籍統一文字情報 親字・正字, ホップ数 1
U+9762	𠚑	面	reduction	mj-shrink-map	merge	MJ031223: 法務省戸籍法関連通達・通知, 種別 戸籍統一文字情報 親字・正字, ホップ数 1
U+9762	𡇢	面	reduction	mj-shrink-map	merge	MJ032860: 法務省戸籍法関連通達・通知, 種別 戸籍統一文字情報 親字・正字, ホップ数 1
U+9766	𡆎	靦	reduction	mj-shrink-map	merge	MJ032795: 法務省戸籍法関連通達・通知, 種別 戸籍統一文字情報 親字・正字, ホップ数 1
U+9766	𥆞	靦	reduction	mj-shrink-map	merge	MJ042300: 法務省戸籍法関連通達・通知, 種別 戸籍統一文字情報 親字・正字, ホップ数 1
U+9766	𥈅	靦	reduction	mj-shrink-map	merge	MJ042362: 法務省戸籍法関連通達・通知, 種別 戸籍統一文字情報 親字・正字, ホップ数 1
U+9766	𧡻	靦	reduction	mj-shrink-map	merge	MJ048624: 法務省戸籍法関連通達・通知, 種別 戸籍統一文字情報 親字・正字, ホップ数 1
U+9766	𩈍	靦	reduction	mj-shrink-map	merge	MJ052987: 法務省戸籍法関連通達・通知, 種別 戸籍統一文字情報 親字・正字, ホップ数 1
U+9766	𩉊	靦	reduction	mj-shrink-map	merge	MJ053037: 法務省戸籍法関連通達・通知, 種別 戸籍統一文字情報 親字・正字, ホップ数 1
U+9768	𩉂	靨	reduction	mj-shrink-map	merge	MJ053030: 法務省戸籍法関連通達・通知, 種別 戸籍統一文字情報 親字・正字, ホップ数 1
U+9768	𩉇	靨	reduction	mj-shrink-map	merge	MJ053034: 法務省戸籍法関連通達・通知, 種別 戸籍統一文字情報 親字・正字, ホップ数 1
U+9769	𠦶	革	reduction	mj-shrink-map	merge	MJ031764: 法務省戸籍法関連通達・通知, 種別 戸籍統一文字情報 親字・正字, ホップ数 1
U+9769	𮧓	革	reduction	mj-shrink-map	merge	MJ059005: 法務省戸籍法関連通達・通知, 種別 戸籍統一文字情報 親字・正字, ホップ数 1
U+977C	𩍕	靼	reduction	mj-shrink-map	merge	MJ053253: 法務省戸籍法関連通達・通知, 種別 戸籍統一文字情報 親字・正字, ホップ数 1
U+9784	䩝	鞄	reduction	mj-shrink-map	merge	MJ005443: 法務省戸籍法関連通達・通知, 種別 戸籍統一文字情報 親字・正字, ホップ数 1
U+9784	𩊋	鞄	reduction	mj-shrink-map	merge	MJ053092: 法務省戸籍法関連通達・通知, 種別 戸籍統一文字情報 親字・正字, ホップ数 1
U+9784	𩋲	鞄	reduction	mj-shrink-map	merge	MJ053183: 法務省戸籍法関連通達・通知, 種別 戸籍統一文字情報 親字・正字, ホップ数 1
U+9784	𩍂	鞄	reduction	mj-shrink-map	merge	MJ053238: 法務省戸籍法関連通達・通知, 種別 戸籍統一文字情報 親字・正字, ホップ数 1
U+9784	𩎘	鞄	reduction	mj-shrink-map	merge	MJ053305: 法務省戸籍法関連通達・通知, 種別 戸籍統一文字情報 親字・正字, ホップ数 1
U+978B	𩋔	鞋	reduction	mj-shrink-map	merge	MJ053157: 法務省戸籍法関連通達・通知, 種別 戸籍統一文字情報 親字・正字, ホップ数 1
U+978F	𩊳	鞏	reduction	mj-shrink-map	merge	MJ053128: 法務省戸籍法関連通達・通知, 種別 戸籍統一文字情報 親字・正字, ホップ数 1
U+9795	𩋸	鞕	reduction	mj-shrink-map	merge	MJ053185: 法務省戸籍法関連通達・通知, 種別 戸籍統一文字情報 親字・正字, ホップ数 1
U+9798	鞩	鞘	reduction	mj-shrink-map	merge	MJ028011: 法務省戸籍法関連通達・通知, 種別 戸籍統一文字情報 親字・正字, ホップ数 1
U+9798	韒	鞘	reduction	mj-shrink-map	merge	MJ028076: 法務省戸籍法関連通達・通知, 種別 戸籍統一文字情報 親字・正字, ホップ数 1
U+9798	𤿨	鞘	reduction	mj-shrink-map	merge	MJ041997: 法務省戸籍法関連通達・通知, 種別 戸籍統一文字情報 親字・正字, ホップ数 1
U+979E	𩌛	鞞	reduction	mj-shrink-map	merge	MJ053211: 法務省戸籍法関連通達・通知, 種別 戸籍統一文字情報 親字・正字, ホップ数 1
U+97A0	毱	鞠	reduction	mj-shrink-map	merge	MJ014971: 法務省戸籍法関連通達・通知, 種別 戸籍統一文字情報 親字・正字, ホップ数 1
U+97A0	𠮑	鞠	reduction	mj-shrink-map	merge	MJ032095: 法務省戸籍法関連通達・通知, 種別 戸籍統一文字情報 親字・正字, ホップ数 1
U+97A0	𡖁	鞠	reduction	mj-shrink-map	merge	MJ033355: 法務省戸籍法関連通達・通知, 種別 戸籍統一文字情報 親字・正字, ホップ数 1
U+97A0	𡫭	鞠	reduction	mj-shrink-map	merge	MJ034114: 法務省戸籍法関連通達・通知, 種別 戸籍統一文字情報 親字・正字, ホップ数 1
U+97A0	𣮕	毱	reduction	mj-shrink-map	merge	MJ039058: 法務省戸籍法関連通達・通知, 種別 戸籍統一文字情報 親字・正字, ホップ数 1
U+97A0	𣯲	毱	reduction	mj-shrink-map	merge	MJ039111: 法務省戸籍法関連通達・通知, 種別 戸籍統一文字情報 親字・正字, ホップ数 1
U+97A0	𩍸	鞠	reduction	mj-shrink-map	merge	MJ053280: 法務省戸籍法関連通達・通知, 種別 戸籍統一文字情報 親字・正字, ホップ数 1
U+97A2	𩋑	鞢	reduction	mj-shrink-map	merge	MJ053154: 法務省戸籍法関連通達・通知, 種別 戸籍統一文字情報 親字・正字, ホップ数 1
U+97A3	𦎤	鞣	reduction	mj-shrink-map	merge	MJ045030: 法務省戸籍法関連通達・通知, 種別 戸籍統一文字情報 親字・正字, ホップ数 1
U+97A8	㓭	鞨	reduction	mj-shrink-map	merge	MJ000197: 法務省戸籍法関連通達・通知, 種別 戸籍統一文字情報 親字・正字, ホップ数 1
U+97A8	𠞃	鞨	reduction	mj-shrink-map	merge	MJ031383: 法務省戸籍法関連通達・通知, 種別 戸籍統一文字情報 親字・正字, ホップ数 1
U+97A8	𧤠	鞨	reduction	mj-shrink-map	merge	MJ048756: 法務省戸籍法関連通達・通知, 種別 戸籍統一文字情報 親字・正字, ホップ数 1
U+97A8	𩍛	鞨	reduction	mj-shrink-map	merge	MJ053260: 法務省戸籍法関連通達・通知, 種別 戸籍統一文字情報 親字・正字, ホップ数 1
U+97AB	𥷚	鞫	reduction	mj-shrink-map	merge	MJ044129: 法務省戸籍法関連通達・通知, 種別 戸籍統一文字情報 親字・正字, ホップ数 1
U+97B4	𩌎	鞴	reduction	mj-shrink-map	merge	MJ053204: 法務省戸籍法関連通達・通知, 種別 戸籍統一文字情報 親字・正字, ホップ数 1
U+97B4	𩍁	鞴	reduction	mj-shrink-map	merge	MJ053237: 法務省戸籍法関連通達・通知, 種別 戸籍統一文字情報 親字・正字, ホップ数 1
U+97B4	𩍘	鞴	reduction	mj-shrink-map	merge	MJ053257: 法務省戸籍法関連通達・通知, 種別 戸籍統一文字情報 親字・正字, ホップ数 1
U+97BE	𩍇	鞾	reduction	mj-shrink-map	merge	MJ053243: 法務省戸籍法関連通達・通知, 種別 戸籍統一文字情報 親字・正字, ホップ数 1
U+97BE	𩎁	鞾	reduction	mj-shrink-map	merge	MJ053287: 法務省戸籍法関連通達・通知, 種別 戸籍統一文字情報 親字・正字, ホップ数 1
U+97C1	繮	韁	reduction	mj-shrink-map	merge	MJ020434: 法務省戸籍法関連通達・通知, 種別 戸籍統一文字情報 親字・正字, ホップ数 1
U+97C9	𦆉	韉	reduction	mj-shrink-map	merge	MJ044690: 法務省戸籍法関連通達・通知, 種別 戸籍統一文字情報 親字・正字, ホップ数 1
U+97C9	𦇩	韉	reduction	mj-shrink-map	merge	MJ044751: 法務省戸籍法関連通達・通知, 種別 戸籍統一文字情報 親字・正字, ホップ数 1
U+97CB	𡙝	韋	reduction	mj-shrink-map	merge	MJ033494: 法務省戸籍法関連通達・通知, 種別 戸籍統一文字情報 親字・正字, ホップ数 1
U+97CB	𣍄	韋	reduction	mj-shrink-map	merge	MJ037860: 法務省戸籍法関連通達・通知, 種別 戸籍統一文字情報 親字・正字, ホップ数 1
U+97CB	𥀊	韋	reduction	mj-shrink-map	merge	MJ042019: 法務省戸籍法関連通達・通知, 種別 戸籍統一文字情報 親字・正字, ホップ数 1
U+97CB	𥐄	韋	reduction	mj-shrink-map	merge	MJ042701: 法務省戸籍法関連通達・通知, 種別 戸籍統一文字情報 親字・正字, ホップ数 1
U+97CB	𭘣	韋	reduction	mj-shrink-map	merge	MJ057425: 法務省戸籍法関連通達・通知, 種別 戸籍統一文字情報 親字・正字, ホップ数 1
U+97CB	𮧮	韋	reduction	mj-shrink-map	merge	MJ059018: 法務省戸籍法関連通達・通知, 種別 戸籍統一文字情報 親字・正字, ホップ数 1
U+97CB	𮧯	韋	reduction	mj-shrink-map	merge	MJ059017: 法務省戸籍法関連通達・通知, 種別 戸籍統一文字情報 親字・正字, ホップ数 1
U+97CB	𮧰	韋	reduction	mj-shrink-map	merge	MJ059016: 法務省戸籍法関連通達・通知, 種別 戸籍統一文字情報 親字・正字, ホップ数 1
U+97D3	𩏑	韓	reduction	mj-shrink-map	merge	MJ053348: 法務省戸籍法関連通達・通知, 種別 戸籍統一文字情報 親字・正字, ホップ数 1
U+97D4	䩨	韔	reduction	mj-shrink-map	merge	MJ005454: 法務省戸籍法関連通達・通知, 種別 戸籍統一文字情報 親字・正字, ホップ数 1
U+97D8	𩏁	韘	reduction	mj-shrink-map	merge	MJ053338: 法務省戸籍法関連通達・通知, 種別 戸籍統一文字情報 親字・正字, ホップ数 1
U+97D9	䪘	韙	reduction	mj-shrink-map	merge	MJ005502: 法務省戸籍法関連通達・通知, 種別 戸籍統一文字情報 親字・正字, ホップ数 1
U+97DB	韛	韛	compatibility	unicode-ucd	merge	97DB
U+97DB	㰆	韛	reduction	mj-shrink-map	merge	MJ001864: 法務省戸籍法関連通達・通知, 種別 戸籍統一文字情報 親字・正字, ホップ数 1
U+97DB	𩎻	韛	reduction	mj-shrink-map	merge	MJ053334: 法務省戸籍法関連通達・通知, 種別 戸籍統一文字情報 親字・正字, ホップ数 1
U+97DB	𩏃	韛	reduction	mj-shrink-map	merge	MJ053339: 法務省戸籍法関連通達・通知, 種別 戸籍統一文字情報 親字・正字, ホップ数 1
U+97DB	𩏕	韛	reduction	mj-shrink-map	merge	MJ053352: 法務省戸籍法関連通達・通知, 種別 戸籍統一文字情報 親字・正字, ホップ数 1
U+97DC	轁	韜	reduction	mj-shrink-map	merge	MJ025679: 法務省戸籍法関連通達・通知, 種別 戸籍統一文字情報 親字・正字, ホップ数 1
U+97DC	鞱	韜	reduction	mj-shrink-map	merge	MJ028019: 法務省戸籍法関連通達・通知, 種別 戸籍統一文字情報 親字・正字, ホップ数 1
U+97DC	𩊹	韜	reduction	mj-shrink-map	merge	MJ053133: 法務省戸籍法関連通達・通知, 種別 戸籍統一文字情報 親字・正字, ホップ数 1
U+97DC	𩏋	鞱	reduction	mj-shrink-map	merge	MJ053345: 法務省戸籍法関連通達・通知, 種別 戸籍統一文字情報 親字・正字, ホップ数 1
U+97DE	鞰	韞	reduction	mj-shrink-map	merge	MJ028018: 法務省戸籍法関連通達・通知, 種別 戸籍統一文字情報 親字・正字, ホップ数 1
U+97E0	韠	韠	compatibility	unicode-ucd	merge	97E0
U+97E1	𩏧	韡	reduction	mj-shrink-map	merge	MJ053367: 法務省戸籍法関連通達・通知, 種別 戸籍統一文字情報 親字・正字, ホップ数 1
U+97E1	𩏬	韡	reduction	mj-shrink-map	merge	MJ053372: 法務省戸籍法関連通達・通知, 種別 戸籍統一文字情報 親字・正字, ホップ数 1
U+97F1	韯	韱	reduction	mj-shrink-map	merge	MJ028118: 法務省戸籍法関連通達・通知, 種別 戸籍統一文字情報 親字・正字, ホップ数 1
U+97F1	𮧇	韱	reduction	mj-shrink-map	merge	MJ059000: 法務省戸籍法関連通達・通知, 種別 戸籍統一文字情報 親字・正字, ホップ数 1
U+97F6	𢨍	韶	reduction	mj-shrink-map	merge	MJ036632: 法務省戸籍法関連通達・通知, 種別 戸籍統一文字情報 親字・正字, ホップ数 1
U+97FB	𡁩	韻	reduction	mj-shrink-map	merge	MJ032675: 法務省戸籍法関連通達・通知, 種別 戸籍統一文字情報 親字・正字, ホップ数 1
U+97FF	響	響	compatibility	unicode-ucd	merge	97FF
U+97FF	響	響	compatibility	unicode-ucd	merge	97FF
U+97FF	㗽	響	reduction	mj-shrink-map	merge	MJ000439: 法務省戸籍法関連通達・通知, 種別 戸籍統一文字情報 親字・正字, ホップ数 1
U+97FF	𡨇	響	reduction	mj-shrink-map	merge	MJ033986: 法務省戸籍法関連通達・通知, 種別 戸籍統一文字情報 親字・正字, ホップ数 1
U+97FF	𡪆	響	reduction	mj-shrink-map	merge	MJ034063: 法務省戸籍法関連通達・通知, 種別 戸籍統一文字情報 親字・正字, ホップ数 1
U+97FF	𥖡	響	reduction	mj-shrink-map	merge	MJ042916: 法務省戸籍法関連通達・通知, 種別 戸籍統一文字情報 親字・正字, ホップ数 1
U+97FF	𩐢	響	reduction	mj-shrink-map	merge	MJ053412: 法務省戸籍法関連通達・通知, 種別 戸籍統一文字情報 親字・正字, ホップ数 1
U+97FF	𩐿	響	reduction	mj-shrink-map	merge	MJ053437: 法務省戸籍法関連通達・通知, 種別 戸籍統一文字情報 親字・正字, ホップ数 1
U+9801	𩑋	頁	reduction	mj-shrink-map	merge	MJ053447: 法務省戸籍法関連通達・通知, 種別 戸籍統一文字情報 親字・正字, ホップ数 1
U+9802	𧵜	頂	reduction	mj-shrink-map	merge	MJ049620: 法務省戸籍法関連通達・通知, 種別 戸籍統一文字情報 親字・正字, ホップ数 1
U+9802	𩒆	頂	reduction	mj-shrink-map	merge	MJ053496: 法務省戸籍法関連通達・通知, 種別 戸籍統一文字情報 親字・正字, ホップ数 1
U+9802	𩕢	頂	reduction	mj-shrink-map	merge	MJ053651: 法務省戸籍法関連通達・通知, 種別 戸籍統一文字情報 親字・正字, ホップ数 1
U+9802	𩠑	頂	reduction	mj-shrink-map	merge	MJ054184: 法務省戸籍法関連通達・通知, 種別 戸籍統一文字情報 親字・正字, ホップ数 1
U+9803	𩒵	頃	reduction	mj-shrink-map	merge	MJ053532: 法務省戸籍法関連通達・通知, 種別 戸籍統一文字情報 親字・正字, ホップ数 1
U+9803	𩔥	頃	reduction	mj-shrink-map	merge	MJ053609: 法務省戸籍法関連通達・通知, 種別 戸籍統一文字情報 親字・正字, ホップ数 1
U+9806	㥧	順	reduction	mj-shrink-map	merge	MJ001241: 法務省戸籍法関連通達・通知, 種別 戸籍統一文字情報 親字・正字, ホップ数 1
U+9806	𠈼	順	reduction	mj-shrink-map	merge	MJ030619: 法務省戸籍法関連通達・通知, 種別 戸籍統一文字情報 親字・正字, ホップ数 1
U+9808	䰅	須	reduction	mj-shrink-map	merge	MJ005883: 法務省戸籍法関連通達・通知, 種別 戸籍統一文字情報 親字・正字, ホップ数 1
U+980B	頋	頋	compatibility	unicode-ucd	merge	980B
U+980B	頋	頋	compatibility	unicode-ucd	merge	980B
U+980B	頋	頋	compatibility	unicode-ucd	merge	980B
U+980C	𩔜	頌	reduction	mj-shrink-map	merge	MJ053600: 法務省戸籍法関連通達・通知, 種別 戸籍統一文字情報 親字・正字, ホップ数 1
U+9810	𩕓	預	reduction	mj-shrink-map	merge	MJ053640: 法務省戸籍法関連通達・通知, 種別 戸籍統一文字情報 親字・正字, ホップ数 1
U+9812	朌	頒	reduction	mj-shrink-map	merge	MJ013526: 法務省戸籍法関連通達・通知, 種別 戸籍統一文字情報 親字・正字, ホップ数 1
U+9813	𩠫	頓	reduction	mj-shrink-map	merge	MJ054200: 法務省戸籍法関連通達・通知, 種別 戸籍統一文字情報 親字・正字, ホップ数 1
U+9818	領	領	compatibility	unicode-ucd	merge	9818
U+9824	頥	頤	reduction	mj-shrink-map	merge	MJ028197: 法務省戸籍法関連通達・通知, 種別 戸籍統一文字情報 親字・正字, ホップ数 1
U+9824	𩑪	頤	reduction	mj-shrink-map	merge	MJ053473: 法務省戸籍法関連通達・通知, 種別 戸籍統一文字情報 親字・正字, ホップ数 1
U+9824	𩠛	頤	reduction	mj-shrink-map	merge	MJ054190: 法務省戸籍法関連通達・通知, 種別 戸籍統一文字情報 親字・正字, ホップ数 1
U+9824	𮨈	頤	reduction	mj-shrink-map	merge	MJ059025: 法務省戸籍法関連通達・通知, 種別 戸籍統一文字情報 親字・正字, ホップ数 1
U+9829	頩	頩	compatibility	unicode-ucd	merge	9829
U+982D	𥘖	頭	reduction	mj-shrink-map	merge	MJ042969: 法務省戸籍法関連通達・通知, 種別 戸籍統一文字情報 親字・正字, ホップ数 1
U+9830	頬	頰	reduction	mj-shrink-map	merge	MJ028205: 法務省戸籍法関連通達・通知, 種別 戸籍統一文字情報 親字・正字, ホップ数 1
U+9830	𩔯	頰	reduction	mj-shrink-map	merge	MJ053612: 法務省戸籍法関連通達・通知, 種別 戸籍統一文字情報 親字・正字, ホップ数 1
U+9830	𩠗	頰	reduction	mj-shrink-map	merge	MJ054187: 法務省戸籍法関連通達・通知, 種別 戸籍統一文字情報 親字・正字, ホップ数 1
U+9830	𩠣	頰	reduction	mj-shrink-map	merge	MJ054195: 法務省戸籍法関連通達・通知, 種別 戸籍統一文字情報 親字・正字, ホップ数 1
U+9832	頲	𫸔	z	unihan	merge	頲→𫸔 kZVariant | 𫸔→頲 kZVariant
U+9837	𩩊	頷	reduction	mj-shrink-map	merge	MJ054555: 法務省戸籍法関連通達・通知, 種別 戸籍統一文字情報 親字・正字, ホップ数 1
U+9838	𩒤	頸	reduction	mj-shrink-map	merge	MJ053519: 法務省戸籍法関連通達・通知, 種別 戸籍統一文字情報 親字・正字, ホップ数 1
U+983B	頻	頻	compatibility	unicode-ucd	merge	983B
U+983B	頻	頻	compatibility	unicode-ucd	merge	983B
U+983B	𩓯	頻	reduction	mj-shrink-map	merge	MJ053573: 法務省戸籍法関連通達・通知, 種別 戸籍統一文字情報 親字・正字, ホップ数 1
U+983B	𩔤	頻	reduction	mj-shrink-map	merge	MJ053608: 法務省戸籍法関連通達・通知, 種別 戸籍統一文字情報 親字・正字, ホップ数 1
U+983C	賴	頼	reduction	mj-shrink-map	merge	MJ025096: 法務省戸籍法関連通達・通知, 種別 戸籍統一文字情報 親字・正字, ホップ数 1
U+983C	𧡽	賴	reduction	mj-shrink-map	merge	MJ048626: 法務省戸籍法関連通達・通知, 種別 戸籍統一文字情報 親字・正字, ホップ数 1
U+983C	𩓃	賴	reduction	mj-shrink-map	merge	MJ053545: 法務省戸籍法関連通達・通知, 種別 戸籍統一文字情報 親字・正字, ホップ数 1
U+983D	頹	頽	itaiji	mj-kanji	merge	X0213 包摂
U+983D	頹	頽	reduction	mj-shrink-map	merge	MJ028220: 法務省戸籍法関連通達・通知, 種別 戸籍統一文字情報 親字・正字, ホップ数 1
U+983D	頺	頽	reduction	mj-shrink-map	merge	MJ028221: 法務省戸籍法関連通達・通知, 種別 戸籍統一文字情報 親字・正字, ホップ数 1
U+984D	頟	額	reduction	mj-shrink-map	merge	MJ028189: 法務省戸籍法関連通達・通知, 種別 戸籍統一文字情報 親字・正字, ホップ数 1
U+984E	𩖀	顎	reduction	mj-shrink-map	merge	MJ053673: 法務省戸籍法関連通達・通知, 種別 戸籍統一文字情報 親字・正字, ホップ数 1
U+9852	𩔔	顒	reduction	mj-shrink-map	merge	MJ053594: 法務省戸籍法関連通達・通知, 種別 戸籍統一文字情報 親字・正字, ホップ数 1
U+9854	顏	顔	reduction	mj-shrink-map	merge	MJ028246: 法務省戸籍法関連通達・通知, 種別 戸籍統一文字情報 親字・正字, ホップ数 1
U+9854	顏	顔	shinjitai	cjkvi-variants	corroborates	顔󠄀→顏󠄀 jp-old-style
U+9854	顏	顔	variant	cjkvi-variants	corroborates	顏→顔 twedu/variant | 顏→顔 ucs-scs/variant | 顔→顏 jisx0212/variant | 顔→顏 jisx0213/variant
U+9854	顏	顔	variant	hng-basic-data	corroborates	13380
U+9854	顏	顔	shinjitai	opencc	corroborates	JPShinjitaiCharacters
U+9854	顏	顔	variant	wikidata	corroborates	Q109766524; P248 Q115296982 Q10427532; P282 Q1055887 | Q54552817; P248 Q115296982 Q10427532; P282 Q1147857
U+9854	顏	顔	equivalent	yitizi	corroborates	ytenx/JihThex.csv
U+9854	𦫞	顏	reduction	mj-shrink-map	merge	MJ046259: 法務省戸籍法関連通達・通知, 種別 戸籍統一文字情報 親字・正字, ホップ数 1
U+9854	𦫤	顏	reduction	mj-shrink-map	merge	MJ046263: 法務省戸籍法関連通達・通知, 種別 戸籍統一文字情報 親字・正字, ホップ数 1
U+9854	𦫨	顏	reduction	mj-shrink-map	merge	MJ046265: 法務省戸籍法関連通達・通知, 種別 戸籍統一文字情報 親字・正字, ホップ数 1
U+9854	𩕝	顏	reduction	mj-shrink-map	merge	MJ053646: 法務省戸籍法関連通達・通知, 種別 戸籍統一文字情報 親字・正字, ホップ数 1
U+9854	𩠪	顏	reduction	mj-shrink-map	merge	MJ054199: 法務省戸籍法関連通達・通知, 種別 戸籍統一文字情報 親字・正字, ホップ数 1
U+9855	㫫	顯	reduction	mj-shrink-map	merge	MJ001600: 法務省戸籍法関連通達・通知, 種別 戸籍統一文字情報 親字・正字, ホップ数 1
U+9855	顯	顕	reduction	mj-shrink-map	merge	MJ028281: 法務省戸籍法関連通達・通知, 種別 戸籍統一文字情報 親字・正字, ホップ数 1
U+9855	𩔰	顯	reduction	mj-shrink-map	merge	MJ053613: 法務省戸籍法関連通達・通知, 種別 戸籍統一文字情報 親字・正字, ホップ数 1
U+9856	䪿	顖	reduction	mj-shrink-map	merge	MJ005543: 法務省戸籍法関連通達・通知, 種別 戸籍統一文字情報 親字・正字, ホップ数 1
U+9856	𠚁	顖	reduction	mj-shrink-map	merge	MJ031211: 法務省戸籍法関連通達・通知, 種別 戸籍統一文字情報 親字・正字, ホップ数 1
U+9858	𢥧	願	reduction	mj-shrink-map	merge	MJ036521: 法務省戸籍法関連通達・通知, 種別 戸籍統一文字情報 親字・正字, ホップ数 1
U+9858	𩕮	願	reduction	mj-shrink-map	merge	MJ053659: 法務省戸籍法関連通達・通知, 種別 戸籍統一文字情報 親字・正字, ホップ数 1
U+9859	䫙	顙	reduction	mj-shrink-map	merge	MJ005568: 法務省戸籍法関連通達・通知, 種別 戸籍統一文字情報 親字・正字, ホップ数 1
U+985A	𡬅	顚	reduction	mj-shrink-map	merge	MJ034133: 法務省戸籍法関連通達・通知, 種別 戸籍統一文字情報 親字・正字, ホップ数 1
U+985A	𨈃	顚	reduction	mj-shrink-map	merge	MJ050366: 法務省戸籍法関連通達・通知, 種別 戸籍統一文字情報 親字・正字, ホップ数 1
U+985E	類	類	compatibility	unicode-ucd	merge	985E
U+985E	𣈪	類	reduction	mj-shrink-map	merge	MJ037747: 法務省戸籍法関連通達・通知, 種別 戸籍統一文字情報 親字・正字, ホップ数 1
U+9865	䯫	顥	reduction	mj-shrink-map	merge	MJ005860: 法務省戸籍法関連通達・通知, 種別 戸籍統一文字情報 親字・正字, ホップ数 1
U+9867	𪆚	顧	reduction	mj-shrink-map	merge	MJ055763: 法務省戸籍法関連通達・通知, 種別 戸籍統一文字情報 親字・正字, ホップ数 1
U+986C	䫱	顬	reduction	mj-shrink-map	merge	MJ005591: 法務省戸籍法関連通達・通知, 種別 戸籍統一文字情報 親字・正字, ホップ数 1
U+9870	矉	顰	reduction	mj-shrink-map	merge	MJ018365: 法務省戸籍法関連通達・通知, 種別 戸籍統一文字情報 親字・正字, ホップ数 1
U+9870	𩖓	顰	reduction	mj-shrink-map	merge	MJ053684: 法務省戸籍法関連通達・通知, 種別 戸籍統一文字情報 親字・正字, ホップ数 1
U+9871	髗	顱	reduction	mj-shrink-map	merge	MJ028900: 法務省戸籍法関連通達・通知, 種別 戸籍統一文字情報 親字・正字, ホップ数 1
U+9871	𩔺	顱	reduction	mj-shrink-map	merge	MJ053621: 法務省戸籍法関連通達・通知, 種別 戸籍統一文字情報 親字・正字, ホップ数 1
U+9874	𩪼	顴	reduction	mj-shrink-map	merge	MJ054641: 法務省戸籍法関連通達・通知, 種別 戸籍統一文字情報 親字・正字, ホップ数 1
U+98A8	凬	風	reduction	mj-shrink-map	merge	MJ007426: 法務省戸籍法関連通達・通知, 種別 戸籍統一文字情報 親字・正字, ホップ数 1
U+98A8	凮	風	reduction	mj-shrink-map	merge	MJ007428: 法務省戸籍法関連通達・通知, 種別 戸籍統一文字情報 親字・正字, ホップ数 1
U+98A8	𠙊	風	reduction	mj-shrink-map	merge	MJ031179: 法務省戸籍法関連通達・通知, 種別 戸籍統一文字情報 親字・正字, ホップ数 1
U+98A8	𠙗	風	reduction	mj-shrink-map	merge	MJ031188: 法務省戸籍法関連通達・通知, 種別 戸籍統一文字情報 親字・正字, ホップ数 1
U+98AB	𩖬	颫	reduction	mj-shrink-map	merge	MJ053700: 法務省戸籍法関連通達・通知, 種別 戸籍統一文字情報 親字・正字, ホップ数 1
U+98AF	䬃	颯	reduction	mj-shrink-map	merge	MJ005609: 法務省戸籍法関連通達・通知, 種別 戸籍統一文字情報 親字・正字, ホップ数 1
U+98AF	𩗁	颯	reduction	mj-shrink-map	merge	MJ053719: 法務省戸籍法関連通達・通知, 種別 戸籍統一文字情報 親字・正字, ホップ数 1
U+98B0	𩖽	颰	reduction	mj-shrink-map	merge	MJ053716: 法務省戸籍法関連通達・通知, 種別 戸籍統一文字情報 親字・正字, ホップ数 1
U+98B8	𩗮	颸	reduction	mj-shrink-map	merge	MJ053753: 法務省戸籍法関連通達・通知, 種別 戸籍統一文字情報 親字・正字, ホップ数 1
U+98BA	䬗	颺	reduction	mj-shrink-map	merge	MJ005630: 法務省戸籍法関連通達・通知, 種別 戸籍統一文字情報 親字・正字, ホップ数 1
U+98BB	䬙	颻	reduction	mj-shrink-map	merge	MJ005632: 法務省戸籍法関連通達・通知, 種別 戸籍統一文字情報 親字・正字, ホップ数 1
U+98BC	𩘦	颼	reduction	mj-shrink-map	merge	MJ053798: 法務省戸籍法関連通達・通知, 種別 戸籍統一文字情報 親字・正字, ホップ数 1
U+98BF	䬚	颿	reduction	mj-shrink-map	merge	MJ005634: 法務省戸籍法関連通達・通知, 種別 戸籍統一文字情報 親字・正字, ホップ数 1
U+98C2	𩘷	飂	reduction	mj-shrink-map	merge	MJ053808: 法務省戸籍法関連通達・通知, 種別 戸籍統一文字情報 親字・正字, ホップ数 1
U+98C4	飃	飄	reduction	mj-shrink-map	merge	MJ028323: 法務省戸籍法関連通達・通知, 種別 戸籍統一文字情報 親字・正字, ホップ数 1
U+98C4	飃	飄	variant	cjkvi-variants	corroborates	飄→飃 dypytz/variant | 飄→飃 hydzd/variant | 飄→飃 jisx0212/variant | 飄→飃 jisx0213/variant | 飄→飃 twedu/variant
U+98C4	飃	飄	variant	hng-basic-data	corroborates	13479
U+98C4	飃	飄	variant	wikidata	corroborates	Q109766645; P248 Q10427532 | Q109766646; P248 Q10427532
U+98C4	飃	飄	equivalent	yitizi	corroborates	ytenx/JihThex.csv
U+98C4	𩘞	飄	reduction	mj-shrink-map	merge	MJ053793: 法務省戸籍法関連通達・通知, 種別 戸籍統一文字情報 親字・正字, ホップ数 1
U+98C4	𩙞	飄	reduction	mj-shrink-map	merge	MJ053840: 法務省戸籍法関連通達・通知, 種別 戸籍統一文字情報 親字・正字, ホップ数 1
U+98C6	颷	飆	reduction	mj-shrink-map	merge	MJ028310: 法務省戸籍法関連通達・通知, 種別 戸籍統一文字情報 親字・正字, ホップ数 1
U+98C6	飇	飆	reduction	mj-shrink-map	merge	MJ028327: 法務省戸籍法関連通達・通知, 種別 戸籍統一文字情報 親字・正字, ホップ数 1
U+98C6	飈	飆	reduction	mj-shrink-map	merge	MJ028328: 法務省戸籍法関連通達・通知, 種別 戸籍統一文字情報 親字・正字, ホップ数 1
U+98C6	𩖚	飆	reduction	mj-shrink-map	merge	MJ053687: 法務省戸籍法関連通達・通知, 種別 戸籍統一文字情報 親字・正字, ホップ数 1
U+98C6	𩖡	飆	reduction	mj-shrink-map	merge	MJ053692: 法務省戸籍法関連通達・通知, 種別 戸籍統一文字情報 親字・正字, ホップ数 1
U+98C6	𩗈	飆	reduction	mj-shrink-map	merge	MJ053724: 法務省戸籍法関連通達・通知, 種別 戸籍統一文字情報 親字・正字, ホップ数 1
U+98DB	𠃧	飛	reduction	mj-shrink-map	merge	MJ030429: 法務省戸籍法関連通達・通知, 種別 戸籍統一文字情報 親字・正字, ホップ数 1
U+98DB	𦐭	飛	reduction	mj-shrink-map	merge	MJ045140: 法務省戸籍法関連通達・通知, 種別 戸籍統一文字情報 親字・正字, ホップ数 1
U+98DB	𦒮	飛	reduction	mj-shrink-map	merge	MJ045230: 法務省戸籍法関連通達・通知, 種別 戸籍統一文字情報 親字・正字, ホップ数 1
U+98DB	𩙱	飛	reduction	mj-shrink-map	merge	MJ053847: 法務省戸籍法関連通達・通知, 種別 戸籍統一文字情報 親字・正字, ホップ数 1
U+98DB	𬾘	飛	reduction	mj-shrink-map	merge	MJ056927: 法務省戸籍法関連通達・通知, 種別 戸籍統一文字情報 親字・正字, ホップ数 1
U+98DB	𭐸	飛	reduction	mj-shrink-map	merge	MJ057268: 法務省戸籍法関連通達・通知, 種別 戸籍統一文字情報 親字・正字, ホップ数 1
U+98DB	𭮖	飛	reduction	mj-shrink-map	merge	MJ057908: 法務省戸籍法関連通達・通知, 種別 戸籍統一文字情報 親字・正字, ホップ数 1
U+98DF	𠊊	食	reduction	mj-shrink-map	merge	MJ030651: 法務省戸籍法関連通達・通知, 種別 戸籍統一文字情報 親字・正字, ホップ数 1
U+98DF	𨢁	食	reduction	mj-shrink-map	merge	MJ051565: 法務省戸籍法関連通達・通知, 種別 戸籍統一文字情報 親字・正字, ホップ数 1
U+98DF	𩙿	食	reduction	mj-shrink-map	merge	MJ053858: 法務省戸籍法関連通達・通知, 種別 戸籍統一文字情報 親字・正字, ホップ数 1
U+98DF	𩚀	食	reduction	mj-shrink-map	merge	MJ053859: 法務省戸籍法関連通達・通知, 種別 戸籍統一文字情報 親字・正字, ホップ数 1
U+98DF	𩚁	食	reduction	mj-shrink-map	merge	MJ053860: 法務省戸籍法関連通達・通知, 種別 戸籍統一文字情報 親字・正字, ホップ数 1
U+98DF	𩚃	食	reduction	mj-shrink-map	merge	MJ053863: 法務省戸籍法関連通達・通知, 種別 戸籍統一文字情報 親字・正字, ホップ数 1
U+98E2	飢	飢	compatibility	unicode-ucd	merge	98E2
U+98E2	𩚎	飢	reduction	mj-shrink-map	merge	MJ053875: 法務省戸籍法関連通達・通知, 種別 戸籍統一文字情報 親字・正字, ホップ数 1
U+98E3	𦘭	飣	reduction	mj-shrink-map	merge	MJ045462: 法務省戸籍法関連通達・通知, 種別 戸籍統一文字情報 親字・正字, ホップ数 1
U+98E5	𩟰	飥	reduction	mj-shrink-map	merge	MJ054172: 法務省戸籍法関連通達・通知, 種別 戸籍統一文字情報 親字・正字, ホップ数 1
U+98E5	𪌂	飥	reduction	mj-shrink-map	merge	MJ056014: 法務省戸籍法関連通達・通知, 種別 戸籍統一文字情報 親字・正字, ホップ数 1
U+98E7	𩚏	飧	reduction	mj-shrink-map	merge	MJ053876: 法務省戸籍法関連通達・通知, 種別 戸籍統一文字情報 親字・正字, ホップ数 1
U+98E9	𥸵	飩	reduction	mj-shrink-map	merge	MJ044186: 法務省戸籍法関連通達・通知, 種別 戸籍統一文字情報 親字・正字, ホップ数 1
U+98E9	𩚊	飩	reduction	mj-shrink-map	merge	MJ053871: 法務省戸籍法関連通達・通知, 種別 戸籍統一文字情報 親字・正字, ホップ数 1
U+98EA	㶵	飪	reduction	mj-shrink-map	merge	MJ002260: 法務省戸籍法関連通達・通知, 種別 戸籍統一文字情報 親字・正字, ホップ数 1
U+98EA	𤇲	飪	reduction	mj-shrink-map	merge	MJ039892: 法務省戸籍法関連通達・通知, 種別 戸籍統一文字情報 親字・正字, ホップ数 1
U+98EA	𤏼	飪	reduction	mj-shrink-map	merge	MJ040095: 法務省戸籍法関連通達・通知, 種別 戸籍統一文字情報 親字・正字, ホップ数 1
U+98EA	𦜙	飪	reduction	mj-shrink-map	merge	MJ045625: 法務省戸籍法関連通達・通知, 種別 戸籍統一文字情報 親字・正字, ホップ数 1
U+98EB	秗	飫	reduction	mj-shrink-map	merge	MJ019018: 法務省戸籍法関連通達・通知, 種別 戸籍統一文字情報 親字・正字, ホップ数 1
U+98EB	𩚿	飫	reduction	mj-shrink-map	merge	MJ053916: 法務省戸籍法関連通達・通知, 種別 戸籍統一文字情報 親字・正字, ホップ数 1
U+98EF	飯	飯	compatibility	unicode-ucd	merge	98EF
U+98EF	飰	飯	reduction	mj-shrink-map	merge	MJ028365: 法務省戸籍法関連通達・通知, 種別 戸籍統一文字情報 親字・正字, ホップ数 1
U+98EF	𩚳	飯	reduction	mj-shrink-map	merge	MJ053905: 法務省戸籍法関連通達・通知, 種別 戸籍統一文字情報 親字・正字, ホップ数 1
U+98F2	飮	飲	z	unihan	merge	飮→飲 kZVariant | 飲→飮 kZVariant
U+98F2	㱃	飲	reduction	mj-shrink-map	merge	MJ001925: 法務省戸籍法関連通達・通知, 種別 戸籍統一文字情報 親字・正字, ホップ数 1
U+98F2	淾	飮	reduction	mj-shrink-map	merge	MJ015515: 法務省戸籍法関連通達・通知, 種別 戸籍統一文字情報 親字・正字, ホップ数 1
U+98F2	飮	飲	reduction	mj-shrink-map	merge	MJ028363: 法務省戸籍法関連通達・通知, 種別 戸籍統一文字情報 親字・正字, ホップ数 1
U+98F2	𣤗	飮	reduction	mj-shrink-map	merge	MJ038617: 法務省戸籍法関連通達・通知, 種別 戸籍統一文字情報 親字・正字, ホップ数 1
U+98F2	𣶗	飮	reduction	mj-shrink-map	merge	MJ039319: 法務省戸籍法関連通達・通知, 種別 戸籍統一文字情報 親字・正字, ホップ数 1
U+98F2	𨡢	飮	reduction	mj-shrink-map	merge	MJ051545: 法務省戸籍法関連通達・通知, 種別 戸籍統一文字情報 親字・正字, ホップ数 1
U+98F2	𨡳	飮	reduction	mj-shrink-map	merge	MJ051558: 法務省戸籍法関連通達・通知, 種別 戸籍統一文字情報 親字・正字, ホップ数 1
U+98F2	𩚕	飲	reduction	mj-shrink-map	merge	MJ053880: 法務省戸籍法関連通達・通知, 種別 戸籍統一文字情報 親字・正字, ホップ数 1
U+98F4	𨭄	飴	reduction	mj-shrink-map	merge	MJ051905: 法務省戸籍法関連通達・通知, 種別 戸籍統一文字情報 親字・正字, ホップ数 1
U+98F4	𩛮	飴	reduction	mj-shrink-map	merge	MJ053956: 法務省戸籍法関連通達・通知, 種別 戸籍統一文字情報 親字・正字, ホップ数 1
U+98FC	飼	飼	compatibility	unicode-ucd	merge	98FC
U+98FC	𩚅	飼	reduction	mj-shrink-map	merge	MJ053865: 法務省戸籍法関連通達・通知, 種別 戸籍統一文字情報 親字・正字, ホップ数 1
U+98FD	䭋	飽	reduction	mj-shrink-map	merge	MJ005700: 法務省戸籍法関連通達・通知, 種別 戸籍統一文字情報 親字・正字, ホップ数 1
U+98FD	𩛁	飽	reduction	mj-shrink-map	merge	MJ053918: 法務省戸籍法関連通達・通知, 種別 戸籍統一文字情報 親字・正字, ホップ数 1
U+98FD	𩛊	飽	reduction	mj-shrink-map	merge	MJ053924: 法務省戸籍法関連通達・通知, 種別 戸籍統一文字情報 親字・正字, ホップ数 1
U+98FD	𩛞	飽	reduction	mj-shrink-map	merge	MJ053939: 法務省戸籍法関連通達・通知, 種別 戸籍統一文字情報 親字・正字, ホップ数 1
U+98FD	𩜕	飽	reduction	mj-shrink-map	merge	MJ053996: 法務省戸籍法関連通達・通知, 種別 戸籍統一文字情報 親字・正字, ホップ数 1
U+98FD	𩜿	飽	reduction	mj-shrink-map	merge	MJ054028: 法務省戸籍法関連通達・通知, 種別 戸籍統一文字情報 親字・正字, ホップ数 1
U+98FD	𩝰	飽	reduction	mj-shrink-map	merge	MJ054063: 法務省戸籍法関連通達・通知, 種別 戸籍統一文字情報 親字・正字, ホップ数 1
U+98FE	𩚍	飾	reduction	mj-shrink-map	merge	MJ053874: 法務省戸籍法関連通達・通知, 種別 戸籍統一文字情報 親字・正字, ホップ数 1
U+9905	䴵	餅	reduction	mj-shrink-map	merge	MJ006166: 法務省戸籍法関連通達・通知, 種別 戸籍統一文字情報 親字・正字, ホップ数 1
U+9908	𥻓	餈	reduction	mj-shrink-map	merge	MJ044282: 法務省戸籍法関連通達・通知, 種別 戸籍統一文字情報 親字・正字, ホップ数 1
U+9909	䊑	餉	reduction	mj-shrink-map	merge	MJ003453: 法務省戸籍法関連通達・通知, 種別 戸籍統一文字情報 親字・正字, ホップ数 1
U+9909	𥹝	餉	reduction	mj-shrink-map	merge	MJ044214: 法務省戸籍法関連通達・通知, 種別 戸籍統一文字情報 親字・正字, ホップ数 1
U+990A	羪	養	reduction	mj-shrink-map	merge	MJ020629: 法務省戸籍法関連通達・通知, 種別 戸籍統一文字情報 親字・正字, ホップ数 1
U+990A	𢼝	養	reduction	mj-shrink-map	merge	MJ037257: 法務省戸籍法関連通達・通知, 種別 戸籍統一文字情報 親字・正字, ホップ数 1
U+990A	𢽁	養	reduction	mj-shrink-map	merge	MJ037283: 法務省戸籍法関連通達・通知, 種別 戸籍統一文字情報 親字・正字, ホップ数 1
U+990A	𩛬	養	reduction	mj-shrink-map	merge	MJ053954: 法務省戸籍法関連通達・通知, 種別 戸籍統一文字情報 親字・正字, ホップ数 1
U+990C	𩚪	餌	reduction	mj-shrink-map	merge	MJ053896: 法務省戸籍法関連通達・通知, 種別 戸籍統一文字情報 親字・正字, ホップ数 1
U+9914	䊇	餔	reduction	mj-shrink-map	merge	MJ003444: 法務省戸籍法関連通達・通知, 種別 戸籍統一文字情報 親字・正字, ホップ数 1
U+9914	𥂈	餔	reduction	mj-shrink-map	merge	MJ042109: 法務省戸籍法関連通達・通知, 種別 戸籍統一文字情報 親字・正字, ホップ数 1
U+9914	𧗉	餔	reduction	mj-shrink-map	merge	MJ048117: 法務省戸籍法関連通達・通知, 種別 戸籍統一文字情報 親字・正字, ホップ数 1
U+9917	𢐌	餗	reduction	mj-shrink-map	merge	MJ035657: 法務省戸籍法関連通達・通知, 種別 戸籍統一文字情報 親字・正字, ホップ数 1
U+9917	𩱖	餗	reduction	mj-shrink-map	merge	MJ054896: 法務省戸籍法関連通達・通知, 種別 戸籍統一文字情報 親字・正字, ホップ数 1
U+991D	𩜓	餝	reduction	mj-shrink-map	merge	MJ053995: 法務省戸籍法関連通達・通知, 種別 戸籍統一文字情報 親字・正字, ホップ数 1
U+9928	館	館	compatibility	unicode-ucd	merge	9928
U+9928	舘	舘	compatibility	unicode-ucd	merge	8218
U+9928	舘	館	reduction	mj-shrink-map	merge	MJ021362: 法務省戸籍法関連通達・通知, 種別 戸籍統一文字情報 親字・正字, ホップ数 1
U+9928	舘	館	variant	cjkvi-variants	corroborates	館→舘 dypytz/variant | 館→舘 hydzd/variant | 館→舘 jisx0212/variant | 館→舘 jisx0213/variant | 館→舘 twedu/variant
U+9928	舘	館	variant	hng-basic-data	corroborates	13584 | 13584b
U+9928	舘	館	variant	wikidata	corroborates	Q109759417; P248 Q10427532 | Q54872916; P248 Q10427532
U+9929	餩	餩	compatibility	unicode-ucd	merge	9929
U+992C	䭌	餬	reduction	mj-shrink-map	merge	MJ005701: 法務省戸籍法関連通達・通知, 種別 戸籍統一文字情報 親字・正字, ホップ数 1
U+992C	𩞵	餬	reduction	mj-shrink-map	merge	MJ054122: 法務省戸籍法関連通達・通知, 種別 戸籍統一文字情報 親字・正字, ホップ数 1
U+9931	𩛫	餱	reduction	mj-shrink-map	merge	MJ053953: 法務省戸籍法関連通達・通知, 種別 戸籍統一文字情報 親字・正字, ホップ数 1
U+9932	𩟮	餲	reduction	mj-shrink-map	merge	MJ054170: 法務省戸籍法関連通達・通知, 種別 戸籍統一文字情報 親字・正字, ホップ数 1
U+9933	𩛿	餳	reduction	mj-shrink-map	merge	MJ053969: 法務省戸籍法関連通達・通知, 種別 戸籍統一文字情報 親字・正字, ホップ数 1
U+993A	䭦	餺	reduction	mj-shrink-map	merge	MJ005731: 法務省戸籍法関連通達・通知, 種別 戸籍統一文字情報 親字・正字, ホップ数 1
U+993A	𩞽	餺	reduction	mj-shrink-map	merge	MJ054129: 法務省戸籍法関連通達・通知, 種別 戸籍統一文字情報 親字・正字, ホップ数 1
U+993A	𩟛	餺	reduction	mj-shrink-map	merge	MJ054157: 法務省戸籍法関連通達・通知, 種別 戸籍統一文字情報 親字・正字, ホップ数 1
U+993A	𪍡	餺	reduction	mj-shrink-map	merge	MJ056094: 法務省戸籍法関連通達・通知, 種別 戸籍統一文字情報 親字・正字, ホップ数 1
U+9941	𩝉	饁	reduction	mj-shrink-map	merge	MJ054033: 法務省戸籍法関連通達・通知, 種別 戸籍統一文字情報 親字・正字, ホップ数 1
U+9945	𪍩	饅	reduction	mj-shrink-map	merge	MJ056101: 法務省戸籍法関連通達・通知, 種別 戸籍統一文字情報 親字・正字, ホップ数 1
U+9946	𪍪	饆	reduction	mj-shrink-map	merge	MJ056102: 法務省戸籍法関連通達・通知, 種別 戸籍統一文字情報 親字・正字, ホップ数 1
U+9949	𩞎	饉	reduction	mj-shrink-map	merge	MJ054091: 法務省戸籍法関連通達・通知, 種別 戸籍統一文字情報 親字・正字, ホップ数 1
U+994B	𠩸	饋	reduction	mj-shrink-map	merge	MJ031899: 法務省戸籍法関連通達・通知, 種別 戸籍統一文字情報 親字・正字, ホップ数 1
U+994C	𩝁	饌	reduction	mj-shrink-map	merge	MJ054030: 法務省戸籍法関連通達・通知, 種別 戸籍統一文字情報 親字・正字, ホップ数 1
U+994E	糦	饎	reduction	mj-shrink-map	merge	MJ019927: 法務省戸籍法関連通達・通知, 種別 戸籍統一文字情報 親字・正字, ホップ数 1
U+994E	𩛉	饎	reduction	mj-shrink-map	merge	MJ053923: 法務省戸籍法関連通達・通知, 種別 戸籍統一文字情報 親字・正字, ホップ数 1
U+994E	𩜂	饎	reduction	mj-shrink-map	merge	MJ053973: 法務省戸籍法関連通達・通知, 種別 戸籍統一文字情報 親字・正字, ホップ数 1
U+994E	𩝮	饎	reduction	mj-shrink-map	merge	MJ054061: 法務省戸籍法関連通達・通知, 種別 戸籍統一文字情報 親字・正字, ホップ数 1
U+9950	䬥	饐	reduction	mj-shrink-map	merge	MJ005647: 法務省戸籍法関連通達・通知, 種別 戸籍統一文字情報 親字・正字, ホップ数 1
U+9955	䬭	饕	reduction	mj-shrink-map	merge	MJ005656: 法務省戸籍法関連通達・通知, 種別 戸籍統一文字情報 親字・正字, ホップ数 1
U+9955	飸	饕	reduction	mj-shrink-map	merge	MJ028376: 法務省戸籍法関連通達・通知, 種別 戸籍統一文字情報 親字・正字, ホップ数 1
U+9955	𧈐	饕	reduction	mj-shrink-map	merge	MJ047447: 法務省戸籍法関連通達・通知, 種別 戸籍統一文字情報 親字・正字, ホップ数 1
U+9955	𩚓	饕	reduction	mj-shrink-map	merge	MJ053878: 法務省戸籍法関連通達・通知, 種別 戸籍統一文字情報 親字・正字, ホップ数 1
U+9955	𩜻	饕	reduction	mj-shrink-map	merge	MJ054024: 法務省戸籍法関連通達・通知, 種別 戸籍統一文字情報 親字・正字, ホップ数 1
U+9955	𩝵	饕	reduction	mj-shrink-map	merge	MJ054065: 法務省戸籍法関連通達・通知, 種別 戸籍統一文字情報 親字・正字, ホップ数 1
U+9955	𩞂	饕	reduction	mj-shrink-map	merge	MJ054077: 法務省戸籍法関連通達・通知, 種別 戸籍統一文字情報 親字・正字, ホップ数 1
U+9955	𩞣	饕	reduction	mj-shrink-map	merge	MJ054102: 法務省戸籍法関連通達・通知, 種別 戸籍統一文字情報 親字・正字, ホップ数 1
U+9958	𢐹	饘	reduction	mj-shrink-map	merge	MJ035688: 法務省戸籍法関連通達・通知, 種別 戸籍統一文字情報 親字・正字, ホップ数 1
U+9958	𥼷	饘	reduction	mj-shrink-map	merge	MJ044342: 法務省戸籍法関連通達・通知, 種別 戸籍統一文字情報 親字・正字, ホップ数 1
U+995C	𤹍	饜	reduction	mj-shrink-map	merge	MJ041721: 法務省戸籍法関連通達・通知, 種別 戸籍統一文字情報 親字・正字, ホップ数 1
U+995C	𩞚	饜	reduction	mj-shrink-map	merge	MJ054097: 法務省戸籍法関連通達・通知, 種別 戸籍統一文字情報 親字・正字, ホップ数 1
U+995C	𩩶	饜	reduction	mj-shrink-map	merge	MJ054587: 法務省戸籍法関連通達・通知, 種別 戸籍統一文字情報 親字・正字, ホップ数 1
U+995F	𩝾	饟	reduction	mj-shrink-map	merge	MJ054072: 法務省戸籍法関連通達・通知, 種別 戸籍統一文字情報 親字・正字, ホップ数 1
U+9996	𥃻	首	reduction	mj-shrink-map	merge	MJ042180: 法務省戸籍法関連通達・通知, 種別 戸籍統一文字情報 親字・正字, ホップ数 1
U+9996	𩖐	首	reduction	mj-shrink-map	merge	MJ053682: 法務省戸籍法関連通達・通知, 種別 戸籍統一文字情報 親字・正字, ホップ数 1
U+9996	𩠐	首	reduction	mj-shrink-map	merge	MJ054183: 法務省戸籍法関連通達・通知, 種別 戸籍統一文字情報 親字・正字, ホップ数 1
U+9997	𠃳	馗	reduction	mj-shrink-map	merge	MJ030433: 法務省戸籍法関連通達・通知, 種別 戸籍統一文字情報 親字・正字, ホップ数 1
U+9998	𩠲	馘	reduction	mj-shrink-map	merge	MJ054203: 法務省戸籍法関連通達・通知, 種別 戸籍統一文字情報 親字・正字, ホップ数 1
U+9999	䅨	香	reduction	mj-shrink-map	merge	MJ003150: 法務省戸籍法関連通達・通知, 種別 戸籍統一文字情報 親字・正字, ホップ数 1
U+9999	𩠼	香	reduction	mj-shrink-map	merge	MJ054209: 法務省戸籍法関連通達・通知, 種別 戸籍統一文字情報 親字・正字, ホップ数 1
U+9999	𪏰	香	reduction	mj-shrink-map	merge	MJ056211: 法務省戸籍法関連通達・通知, 種別 戸籍統一文字情報 親字・正字, ホップ数 1
U+9999	𪏽	香	reduction	mj-shrink-map	merge	MJ056222: 法務省戸籍法関連通達・通知, 種別 戸籍統一文字情報 親字・正字, ホップ数 1
U+999E	䭯	馞	reduction	mj-shrink-map	merge	MJ005741: 法務省戸籍法関連通達・通知, 種別 戸籍統一文字情報 親字・正字, ホップ数 1
U+999E	馟	馞	reduction	mj-shrink-map	merge	MJ028604: 法務省戸籍法関連通達・通知, 種別 戸籍統一文字情報 親字・正字, ホップ数 1
U+999E	𩡒	馞	reduction	mj-shrink-map	merge	MJ054224: 法務省戸籍法関連通達・通知, 種別 戸籍統一文字情報 親字・正字, ホップ数 1
U+99A6	㽐	馦	reduction	mj-shrink-map	merge	MJ002617: 法務省戸籍法関連通達・通知, 種別 戸籍統一文字情報 親字・正字, ホップ数 1
U+99A7	馧	馧	compatibility	unicode-ucd	merge	99A7
U+99A8	𡄈	馨	reduction	mj-shrink-map	merge	MJ032735: 法務省戸籍法関連通達・通知, 種別 戸籍統一文字情報 親字・正字, ホップ数 1
U+99A8	𤯒	𪐕	z	cjkvi-variants	merge	𤯒→𪐕 cjkvi/duplicate
U+99A8	𪐕	馨	reduction	mj-shrink-map	merge	MJ056240: 法務省戸籍法関連通達・通知, 種別 戸籍統一文字情報 親字・正字, ホップ数 1
U+99AC	𢒗	馬	reduction	mj-shrink-map	merge	MJ035766: 法務省戸籍法関連通達・通知, 種別 戸籍統一文字情報 親字・正字, ホップ数 1
U+99AC	𢒠	馬	reduction	mj-shrink-map	merge	MJ035772: 法務省戸籍法関連通達・通知, 種別 戸籍統一文字情報 親字・正字, ホップ数 1
U+99AC	𢒧	馬	reduction	mj-shrink-map	merge	MJ035778: 法務省戸籍法関連通達・通知, 種別 戸籍統一文字情報 親字・正字, ホップ数 1
U+99AC	𩡬	馬	reduction	mj-shrink-map	merge	MJ054244: 法務省戸籍法関連通達・通知, 種別 戸籍統一文字情報 親字・正字, ホップ数 1
U+99AE	𠗦	馮	reduction	mj-shrink-map	merge	MJ031120: 法務省戸籍法関連通達・通知, 種別 戸籍統一文字情報 親字・正字, ホップ数 1
U+99B3	䮈	馳	reduction	mj-shrink-map	merge	MJ005764: 法務省戸籍法関連通達・通知, 種別 戸籍統一文字情報 親字・正字, ホップ数 1
U+99B3	𧂓	馳	reduction	mj-shrink-map	merge	MJ047197: 法務省戸籍法関連通達・通知, 種別 戸籍統一文字情報 親字・正字, ホップ数 1
U+99B9	𩡲	馹	reduction	mj-shrink-map	merge	MJ054249: 法務省戸籍法関連通達・通知, 種別 戸籍統一文字情報 親字・正字, ホップ数 1
U+99BD	𩡳	馽	reduction	mj-shrink-map	merge	MJ054250: 法務省戸籍法関連通達・通知, 種別 戸籍統一文字情報 親字・正字, ホップ数 1
U+99C1	𩣄	駁	reduction	mj-shrink-map	merge	MJ054317: 法務省戸籍法関連通達・通知, 種別 戸籍統一文字情報 親字・正字, ホップ数 1
U+99C2	駂	駂	compatibility	unicode-ucd	merge	99C2
U+99C4	馱	駄	reduction	mj-shrink-map	merge	MJ028625: 法務省戸籍法関連通達・通知, 種別 戸籍統一文字情報 親字・正字, ホップ数 1
U+99C5	驛	駅	reduction	mj-shrink-map	merge	MJ028825: 法務省戸籍法関連通達・通知, 種別 戸籍統一文字情報 親字・正字, ホップ数 1
U+99C6	䮃	驅	reduction	mj-shrink-map	merge	MJ005760: 法務省戸籍法関連通達・通知, 種別 戸籍統一文字情報 親字・正字, ホップ数 1
U+99C6	駈	駆	reduction	mj-shrink-map	merge	MJ028651: 法務省戸籍法関連通達・通知, 種別 戸籍統一文字情報 親字・正字, ホップ数 1
U+99C6	駆	駈	variant	cjkvi-variants	corroborates	駆→駈 jinmei2/variant | 駆→駈 jisx0212/variant | 駆→駈 jisx0213/variant
U+99C6	駆	駈	equivalent	yitizi	corroborates	ytenx/JihThex.csv
U+99C6	駈	驅	variant	cjkvi-variants	corroborates	驅→駈 dypytz/variant | 驅→駈 hydzd/variant | 驅→駈 jisx0212/variant | 驅→駈 jisx0213/variant | 驅→駈 twedu/variant
U+99C6	駈	驅	variant	hng-basic-data	corroborates	13839 | 13839b
U+99C6	驅	駈	shinjitai	opencc	corroborates	JPShinjitaiCharacters (self first)
U+99C6	駈	驅	variant	wikidata	corroborates	Q109768980; P248 Q10427532 | Q109769129; P248 Q10427532
U+99C6	駈	驅	equivalent	yitizi	corroborates	ytenx/JihThex.csv
U+99C6	驅	駆	reduction	mj-shrink-map	merge	MJ028795: 法務省戸籍法関連通達・通知, 種別 戸籍統一文字情報 親字・正字, ホップ数 1
U+99C6	𣦑	駈	reduction	mj-shrink-map	merge	MJ068079: 法務省戸籍法関連通達・通知, 種別 戸籍統一文字情報 親字・正字, ホップ数 1
U+99C6	𩣕	驅	reduction	mj-shrink-map	merge	MJ054325: 法務省戸籍法関連通達・通知, 種別 戸籍統一文字情報 親字・正字, ホップ数 1
U+99C6	𩤀	駈	reduction	mj-shrink-map	merge	MJ054361: 法務省戸籍法関連通達・通知, 種別 戸籍統一文字情報 親字・正字, ホップ数 1
U+99C9	䮐	駉	reduction	mj-shrink-map	merge	MJ005772: 法務省戸籍法関連通達・通知, 種別 戸籍統一文字情報 親字・正字, ホップ数 1
U+99D1	𮩼	駑	reduction	mj-shrink-map	merge	MJ059049: 法務省戸籍法関連通達・通知, 種別 戸籍統一文字情報 親字・正字, ホップ数 1
U+99D5	𩢟	駕	reduction	mj-shrink-map	merge	MJ054287: 法務省戸籍法関連通達・通知, 種別 戸籍統一文字情報 親字・正字, ホップ数 1
U+99D8	𩢠	駘	reduction	mj-shrink-map	merge	MJ054288: 法務省戸籍法関連通達・通知, 種別 戸籍統一文字情報 親字・正字, ホップ数 1
U+99D8	𩦽	駘	reduction	mj-shrink-map	merge	MJ054481: 法務省戸籍法関連通達・通知, 種別 戸籍統一文字情報 親字・正字, ホップ数 1
U+99D9	䮛	駙	reduction	mj-shrink-map	merge	MJ005784: 法務省戸籍法関連通達・通知, 種別 戸籍統一文字情報 親字・正字, ホップ数 1
U+99DD	駞	駝	reduction	mj-shrink-map	merge	MJ028675: 法務省戸籍法関連通達・通知, 種別 戸籍統一文字情報 親字・正字, ホップ数 1
U+99DD	𩣾	駝	reduction	mj-shrink-map	merge	MJ054359: 法務省戸籍法関連通達・通知, 種別 戸籍統一文字情報 親字・正字, ホップ数 1
U+99E2	䮁	駢	reduction	mj-shrink-map	merge	MJ005758: 法務省戸籍法関連通達・通知, 種別 戸籍統一文字情報 親字・正字, ホップ数 1
U+99E2	𩡼	駢	reduction	mj-shrink-map	merge	MJ054258: 法務省戸籍法関連通達・通知, 種別 戸籍統一文字情報 親字・正字, ホップ数 1
U+99E2	𩢝	駢	reduction	mj-shrink-map	merge	MJ054284: 法務省戸籍法関連通達・通知, 種別 戸籍統一文字情報 親字・正字, ホップ数 1
U+99E2	𩤳	駢	reduction	mj-shrink-map	merge	MJ054391: 法務省戸籍法関連通達・通知, 種別 戸籍統一文字情報 親字・正字, ホップ数 1
U+99F1	駱	駱	compatibility	unicode-ucd	merge	99F1
U+99F1	𢆇	駱	reduction	mj-shrink-map	merge	MJ035211: 法務省戸籍法関連通達・通知, 種別 戸籍統一文字情報 親字・正字, ホップ数 1
U+99F1	𩦼	駱	reduction	mj-shrink-map	merge	MJ054480: 法務省戸籍法関連通達・通知, 種別 戸籍統一文字情報 親字・正字, ホップ数 1
U+99F8	𩤨	駸	reduction	mj-shrink-map	merge	MJ054385: 法務省戸籍法関連通達・通知, 種別 戸籍統一文字情報 親字・正字, ホップ数 1
U+99F8	𩤿	駸	reduction	mj-shrink-map	merge	MJ054397: 法務省戸籍法関連通達・通知, 種別 戸籍統一文字情報 親字・正字, ホップ数 1
U+99FC	𪊸	駼	reduction	mj-shrink-map	merge	MJ055958: 法務省戸籍法関連通達・通知, 種別 戸籍統一文字情報 親字・正字, ホップ数 1
U+99FE	駾	駾	compatibility	unicode-ucd	merge	99FE
U+9A01	𩣁	騁	reduction	mj-shrink-map	merge	MJ054314: 法務省戸籍法関連通達・通知, 種別 戸籍統一文字情報 親字・正字, ホップ数 1
U+9A01	𩧢	騁	reduction	mj-shrink-map	merge	MJ054509: 法務省戸籍法関連通達・通知, 種別 戸籍統一文字情報 親字・正字, ホップ数 1
U+9A02	𤙡	騂	reduction	mj-shrink-map	merge	MJ040474: 法務省戸籍法関連通達・通知, 種別 戸籍統一文字情報 親字・正字, ホップ数 1
U+9A02	𤛫	騂	reduction	mj-shrink-map	merge	MJ040566: 法務省戸籍法関連通達・通知, 種別 戸籍統一文字情報 親字・正字, ホップ数 1
U+9A02	𩥍	騂	reduction	mj-shrink-map	merge	MJ054411: 法務省戸籍法関連通達・通知, 種別 戸籍統一文字情報 親字・正字, ホップ数 1
U+9A0E	𮪍	騎	reduction	mj-shrink-map	merge	MJ059052: 法務省戸籍法関連通達・通知, 種別 戸籍統一文字情報 親字・正字, ホップ数 1
U+9A0F	䭶	騏	reduction	mj-shrink-map	merge	MJ005748: 法務省戸籍法関連通達・通知, 種別 戸籍統一文字情報 親字・正字, ホップ数 1
U+9A0F	䭼	騏	reduction	mj-shrink-map	merge	MJ005754: 法務省戸籍法関連通達・通知, 種別 戸籍統一文字情報 親字・正字, ホップ数 1
U+9A0F	騹	騏	reduction	mj-shrink-map	merge	MJ028779: 法務省戸籍法関連通達・通知, 種別 戸籍統一文字情報 親字・正字, ホップ数 1
U+9A12	騷	騒	reduction	mj-shrink-map	merge	MJ028777: 法務省戸籍法関連通達・通知, 種別 戸籍統一文字情報 親字・正字, ホップ数 1
U+9A13	驗	験	reduction	mj-shrink-map	merge	MJ028818: 法務省戸籍法関連通達・通知, 種別 戸籍統一文字情報 親字・正字, ホップ数 1
U+9A16	𩤝	騖	reduction	mj-shrink-map	merge	MJ054375: 法務省戸籍法関連通達・通知, 種別 戸籍統一文字情報 親字・正字, ホップ数 1
U+9A20	𩤢	騠	reduction	mj-shrink-map	merge	MJ054380: 法務省戸籍法関連通達・通知, 種別 戸籍統一文字情報 親字・正字, ホップ数 1
U+9A2B	䮿	騫	reduction	mj-shrink-map	merge	MJ005821: 法務省戸籍法関連通達・通知, 種別 戸籍統一文字情報 親字・正字, ホップ数 1
U+9A2D	隲	騭	reduction	mj-shrink-map	merge	MJ027700: 法務省戸籍法関連通達・通知, 種別 戸籍統一文字情報 親字・正字, ホップ数 1
U+9A2E	𩣒	騮	reduction	mj-shrink-map	merge	MJ054324: 法務省戸籍法関連通達・通知, 種別 戸籍統一文字情報 親字・正字, ホップ数 1
U+9A2E	𩥖	騮	reduction	mj-shrink-map	merge	MJ054419: 法務省戸籍法関連通達・通知, 種別 戸籍統一文字情報 親字・正字, ホップ数 1
U+9A30	䠮	騰	reduction	mj-shrink-map	merge	MJ004909: 法務省戸籍法関連通達・通知, 種別 戸籍統一文字情報 親字・正字, ホップ数 1
U+9A30	駦	騰	reduction	mj-shrink-map	merge	MJ028683: 法務省戸籍法関連通達・通知, 種別 戸籍統一文字情報 親字・正字, ホップ数 1
U+9A30	驣	騰	reduction	mj-shrink-map	merge	MJ028835: 法務省戸籍法関連通達・通知, 種別 戸籍統一文字情報 親字・正字, ホップ数 1
U+9A30	𦫀	騰	reduction	mj-shrink-map	merge	MJ046237: 法務省戸籍法関連通達・通知, 種別 戸籍統一文字情報 親字・正字, ホップ数 1
U+9A30	𩥱	騰	reduction	mj-shrink-map	merge	MJ054432: 法務省戸籍法関連通達・通知, 種別 戸籍統一文字情報 親字・正字, ホップ数 1
U+9A30	𩧖	騰	reduction	mj-shrink-map	merge	MJ054501: 法務省戸籍法関連通達・通知, 種別 戸籍統一文字情報 親字・正字, ホップ数 1
U+9A31	𩤻	騱	reduction	mj-shrink-map	merge	MJ054394: 法務省戸籍法関連通達・通知, 種別 戸籍統一文字情報 親字・正字, ホップ数 1
U+9A36	𩣿	騶	reduction	mj-shrink-map	merge	MJ054360: 法務省戸籍法関連通達・通知, 種別 戸籍統一文字情報 親字・正字, ホップ数 1
U+9A3E	驘	騾	reduction	mj-shrink-map	merge	MJ028819: 法務省戸籍法関連通達・通知, 種別 戸籍統一文字情報 親字・正字, ホップ数 1
U+9A3E	𦝠	驘	reduction	mj-shrink-map	merge	MJ045661: 法務省戸籍法関連通達・通知, 種別 戸籍統一文字情報 親字・正字, ホップ数 1
U+9A3E	𩦻	驘	reduction	mj-shrink-map	merge	MJ054479: 法務省戸籍法関連通達・通知, 種別 戸籍統一文字情報 親字・正字, ホップ数 1
U+9A3E	𩧣	驘	reduction	mj-shrink-map	merge	MJ054510: 法務省戸籍法関連通達・通知, 種別 戸籍統一文字情報 親字・正字, ホップ数 1
U+9A40	䮬	驀	reduction	mj-shrink-map	merge	MJ005801: 法務省戸籍法関連通達・通知, 種別 戸籍統一文字情報 親字・正字, ホップ数 1
U+9A43	𩦈	驃	reduction	mj-shrink-map	merge	MJ054446: 法務省戸籍法関連通達・通知, 種別 戸籍統一文字情報 親字・正字, ホップ数 1
U+9A43	𩦾	驃	reduction	mj-shrink-map	merge	MJ054482: 法務省戸籍法関連通達・通知, 種別 戸籍統一文字情報 親字・正字, ホップ数 1
U+9A43	𩧙	驃	reduction	mj-shrink-map	merge	MJ054503: 法務省戸籍法関連通達・通知, 種別 戸籍統一文字情報 親字・正字, ホップ数 1
U+9A44	騘	驄	reduction	mj-shrink-map	merge	MJ028740: 法務省戸籍法関連通達・通知, 種別 戸籍統一文字情報 親字・正字, ホップ数 1
U+9A44	𩣢	驄	reduction	mj-shrink-map	merge	MJ054337: 法務省戸籍法関連通達・通知, 種別 戸籍統一文字情報 親字・正字, ホップ数 1
U+9A44	𩣭	驄	reduction	mj-shrink-map	merge	MJ054342: 法務省戸籍法関連通達・通知, 種別 戸籍統一文字情報 親字・正字, ホップ数 1
U+9A4A	𦽊	驊	reduction	mj-shrink-map	merge	MJ046983: 法務省戸籍法関連通達・通知, 種別 戸籍統一文字情報 親字・正字, ホップ数 1
U+9A4A	𧄋	驊	reduction	mj-shrink-map	merge	MJ047263: 法務省戸籍法関連通達・通知, 種別 戸籍統一文字情報 親字・正字, ホップ数 1
U+9A4A	𧄪	驊	reduction	mj-shrink-map	merge	MJ047290: 法務省戸籍法関連通達・通知, 種別 戸籍統一文字情報 親字・正字, ホップ数 1
U+9A4A	𩤉	驊	reduction	mj-shrink-map	merge	MJ054364: 法務省戸籍法関連通達・通知, 種別 戸籍統一文字情報 親字・正字, ホップ数 1
U+9A55	獢	驕	reduction	mj-shrink-map	merge	MJ017074: 法務省戸籍法関連通達・通知, 種別 戸籍統一文字情報 親字・正字, ホップ数 1
U+9A62	馿	驢	reduction	mj-shrink-map	merge	MJ028642: 法務省戸籍法関連通達・通知, 種別 戸籍統一文字情報 親字・正字, ホップ数 1
U+9A62	𩢉	馿	reduction	mj-shrink-map	merge	MJ054265: 法務省戸籍法関連通達・通知, 種別 戸籍統一文字情報 親字・正字, ホップ数 1
U+9A62	𩧥	驢	reduction	mj-shrink-map	merge	MJ054512: 法務省戸籍法関連通達・通知, 種別 戸籍統一文字情報 親字・正字, ホップ数 1
U+9A65	𩥉	驥	reduction	mj-shrink-map	merge	MJ054406: 法務省戸籍法関連通達・通知, 種別 戸籍統一文字情報 親字・正字, ホップ数 1
U+9A65	𩦸	驥	reduction	mj-shrink-map	merge	MJ054476: 法務省戸籍法関連通達・通知, 種別 戸籍統一文字情報 親字・正字, ホップ数 1
U+9A6A	驪	驪	compatibility	unicode-ucd	merge	9A6A
U+9A6B	䮶	驫	reduction	mj-shrink-map	merge	MJ005812: 法務省戸籍法関連通達・通知, 種別 戸籍統一文字情報 親字・正字, ホップ数 1
U+9AAF	𩨺	骯	reduction	mj-shrink-map	merge	MJ054545: 法務省戸籍法関連通達・通知, 種別 戸籍統一文字情報 親字・正字, ホップ数 1
U+9AB8	䠹	骸	reduction	mj-shrink-map	merge	MJ004919: 法務省戸籍法関連通達・通知, 種別 戸籍統一文字情報 親字・正字, ホップ数 1
U+9AB8	䯐	骸	reduction	mj-shrink-map	merge	MJ005834: 法務省戸籍法関連通達・通知, 種別 戸籍統一文字情報 親字・正字, ホップ数 1
U+9AB8	𡱍	骸	reduction	mj-shrink-map	merge	MJ034334: 法務省戸籍法関連通達・通知, 種別 戸籍統一文字情報 親字・正字, ホップ数 1
U+9AB8	𮪬	骸	reduction	mj-shrink-map	merge	MJ059063: 法務省戸籍法関連通達・通知, 種別 戸籍統一文字情報 親字・正字, ホップ数 1
U+9AB9	𩨟	骹	reduction	mj-shrink-map	merge	MJ054523: 法務省戸籍法関連通達・通知, 種別 戸籍統一文字情報 親字・正字, ホップ数 1
U+9AC0	𩩙	髀	reduction	mj-shrink-map	merge	MJ059062: 法務省戸籍法関連通達・通知, 種別 戸籍統一文字情報 親字・正字, ホップ数 1
U+9AC0	𩩚	髀	reduction	mj-shrink-map	merge	MJ054565: 法務省戸籍法関連通達・通知, 種別 戸籍統一文字情報 親字・正字, ホップ数 1
U+9AC0	𩪅	髀	reduction	mj-shrink-map	merge	MJ054598: 法務省戸籍法関連通達・通知, 種別 戸籍統一文字情報 親字・正字, ホップ数 1
U+9AC3	腢	髃	reduction	mj-shrink-map	merge	MJ021135: 法務省戸籍法関連通達・通知, 種別 戸籍統一文字情報 親字・正字, ホップ数 1
U+9AC4	䯝	髓	reduction	mj-shrink-map	merge	MJ005847: 法務省戸籍法関連通達・通知, 種別 戸籍統一文字情報 親字・正字, ホップ数 1
U+9AC4	髓	髄	reduction	mj-shrink-map	merge	MJ028893: 法務省戸籍法関連通達・通知, 種別 戸籍統一文字情報 親字・正字, ホップ数 1
U+9AC4	𩪦	髓	reduction	mj-shrink-map	merge	MJ054625: 法務省戸籍法関連通達・通知, 種別 戸籍統一文字情報 親字・正字, ホップ数 1
U+9ACE	𩪚	髎	reduction	mj-shrink-map	merge	MJ054616: 法務省戸籍法関連通達・通知, 種別 戸籍統一文字情報 親字・正字, ホップ数 1
U+9AD1	䫳	髑	reduction	mj-shrink-map	merge	MJ005593: 法務省戸籍法関連通達・通知, 種別 戸籍統一文字情報 親字・正字, ホップ数 1
U+9AD2	𩦦	髒	reduction	mj-shrink-map	merge	MJ054468: 法務省戸籍法関連通達・通知, 種別 戸籍統一文字情報 親字・正字, ホップ数 1
U+9AD5	𩪯	髕	reduction	mj-shrink-map	merge	MJ059064: 法務省戸籍法関連通達・通知, 種別 戸籍統一文字情報 親字・正字, ホップ数 1
U+9AD8	高	髙	itaiji	mj-kanji	merge	X0213 包摂
U+9AD8	髙	高	reduction	mj-shrink-map	merge	MJ028902: 法務省戸籍法関連通達・通知, 種別 戸籍統一文字情報 親字・正字, ホップ数 1
U+9AD8	𠆪	高	reduction	mj-shrink-map	merge	MJ030537: 法務省戸籍法関連通達・通知, 種別 戸籍統一文字情報 親字・正字, ホップ数 1
U+9ADE	𩫦	髞	reduction	mj-shrink-map	merge	MJ054661: 法務省戸籍法関連通達・通知, 種別 戸籍統一文字情報 親字・正字, ホップ数 1
U+9AE2	鬄	髢	reduction	mj-shrink-map	merge	MJ028949: 法務省戸籍法関連通達・通知, 種別 戸籍統一文字情報 親字・正字, ホップ数 1
U+9AE5	𣬭	髥	reduction	mj-shrink-map	merge	MJ039001: 法務省戸籍法関連通達・通知, 種別 戸籍統一文字情報 親字・正字, ホップ数 1
U+9AE6	髳	髦	reduction	mj-shrink-map	merge	MJ028932: 法務省戸籍法関連通達・通知, 種別 戸籍統一文字情報 親字・正字, ホップ数 1
U+9AE6	𨱞	髦	reduction	mj-shrink-map	merge	MJ051998: 法務省戸籍法関連通達・通知, 種別 戸籍統一文字情報 親字・正字, ホップ数 1
U+9AE6	𨱢	髦	reduction	mj-shrink-map	merge	MJ052001: 法務省戸籍法関連通達・通知, 種別 戸籍統一文字情報 親字・正字, ホップ数 1
U+9AE6	𩫷	髦	reduction	mj-shrink-map	merge	MJ054675: 法務省戸籍法関連通達・通知, 種別 戸籍統一文字情報 親字・正字, ホップ数 1
U+9AEA	髮	髪	reduction	mj-shrink-map	merge	MJ028925: 法務省戸籍法関連通達・通知, 種別 戸籍統一文字情報 親字・正字, ホップ数 1
U+9AEA	𤕥	髮	reduction	mj-shrink-map	merge	MJ040285: 法務省戸籍法関連通達・通知, 種別 戸籍統一文字情報 親字・正字, ホップ数 1
U+9AEA	𨱳	髮	reduction	mj-shrink-map	merge	MJ052016: 法務省戸籍法関連通達・通知, 種別 戸籍統一文字情報 親字・正字, ホップ数 1
U+9AEA	𩑛	髮	reduction	mj-shrink-map	merge	MJ053460: 法務省戸籍法関連通達・通知, 種別 戸籍統一文字情報 親字・正字, ホップ数 1
U+9AEA	𩑱	髮	reduction	mj-shrink-map	merge	MJ053479: 法務省戸籍法関連通達・通知, 種別 戸籍統一文字情報 親字・正字, ホップ数 1
U+9AEA	𩠕	髮	reduction	mj-shrink-map	merge	MJ054185: 法務省戸籍法関連通達・通知, 種別 戸籍統一文字情報 親字・正字, ホップ数 1
U+9AEA	𩠖	髮	reduction	mj-shrink-map	merge	MJ054186: 法務省戸籍法関連通達・通知, 種別 戸籍統一文字情報 親字・正字, ホップ数 1
U+9AEA	𩬃	髮	reduction	mj-shrink-map	merge	MJ054680: 法務省戸籍法関連通達・通知, 種別 戸籍統一文字情報 親字・正字, ホップ数 1
U+9AEA	𮣹	髮	reduction	mj-shrink-map	merge	MJ058956: 法務省戸籍法関連通達・通知, 種別 戸籍統一文字情報 親字・正字, ホップ数 1
U+9AED	頾	髭	reduction	mj-shrink-map	merge	MJ028225: 法務省戸籍法関連通達・通知, 種別 戸籍統一文字情報 親字・正字, ホップ数 1
U+9AED	頿	髭	reduction	mj-shrink-map	merge	MJ028226: 法務省戸籍法関連通達・通知, 種別 戸籍統一文字情報 親字・正字, ホップ数 1
U+9AED	𨲝	髭	reduction	mj-shrink-map	merge	MJ052051: 法務省戸籍法関連通達・通知, 種別 戸籍統一文字情報 親字・正字, ホップ数 1
U+9AED	𨲦	髭	reduction	mj-shrink-map	merge	MJ052058: 法務省戸籍法関連通達・通知, 種別 戸籍統一文字情報 親字・正字, ホップ数 1
U+9AF4	𠔘	髴	reduction	mj-shrink-map	merge	MJ030999: 法務省戸籍法関連通達・通知, 種別 戸籍統一文字情報 親字・正字, ホップ数 1
U+9AF9	䰍	髹	reduction	mj-shrink-map	merge	MJ005891: 法務省戸籍法関連通達・通知, 種別 戸籍統一文字情報 親字・正字, ホップ数 1
U+9AF9	髤	髹	reduction	mj-shrink-map	merge	MJ028915: 法務省戸籍法関連通達・通知, 種別 戸籍統一文字情報 親字・正字, ホップ数 1
U+9AFB	䦇	髻	reduction	mj-shrink-map	merge	MJ005239: 法務省戸籍法関連通達・通知, 種別 戸籍統一文字情報 親字・正字, ホップ数 1
U+9AFB	𣯦	髻	reduction	mj-shrink-map	merge	MJ039099: 法務省戸籍法関連通達・通知, 種別 戸籍統一文字情報 親字・正字, ホップ数 1
U+9AFB	𨲡	髻	reduction	mj-shrink-map	merge	MJ052055: 法務省戸籍法関連通達・通知, 種別 戸籍統一文字情報 親字・正字, ホップ数 1
U+9B0C	𨲉	鬌	reduction	mj-shrink-map	merge	MJ052034: 法務省戸籍法関連通達・通知, 種別 戸籍統一文字情報 親字・正字, ホップ数 1
U+9B0C	𩭦	鬌	reduction	mj-shrink-map	merge	MJ054742: 法務省戸籍法関連通達・通知, 種別 戸籍統一文字情報 親字・正字, ホップ数 1
U+9B12	鬒	鬒	compatibility	unicode-ucd	merge	9B12
U+9B12	鬒	鬒	compatibility	unicode-ucd	merge	9B12
U+9B16	𩯑	鬖	reduction	mj-shrink-map	merge	MJ054809: 法務省戸籍法関連通達・通知, 種別 戸籍統一文字情報 親字・正字, ホップ数 1
U+9B18	䰋	鬘	reduction	mj-shrink-map	merge	MJ005889: 法務省戸籍法関連通達・通知, 種別 戸籍統一文字情報 親字・正字, ホップ数 1
U+9B18	𨲛	鬘	reduction	mj-shrink-map	merge	MJ052049: 法務省戸籍法関連通達・通知, 種別 戸籍統一文字情報 親字・正字, ホップ数 1
U+9B18	𨲩	鬘	reduction	mj-shrink-map	merge	MJ052061: 法務省戸籍法関連通達・通知, 種別 戸籍統一文字情報 親字・正字, ホップ数 1
U+9B18	𨲾	鬘	reduction	mj-shrink-map	merge	MJ052079: 法務省戸籍法関連通達・通知, 種別 戸籍統一文字情報 親字・正字, ホップ数 1
U+9B18	𩦧	鬘	reduction	mj-shrink-map	merge	MJ054469: 法務省戸籍法関連通達・通知, 種別 戸籍統一文字情報 親字・正字, ホップ数 1
U+9B18	𩬞	鬘	reduction	mj-shrink-map	merge	MJ054698: 法務省戸籍法関連通達・通知, 種別 戸籍統一文字情報 親字・正字, ホップ数 1
U+9B18	𩭈	鬘	reduction	mj-shrink-map	merge	MJ054720: 法務省戸籍法関連通達・通知, 種別 戸籍統一文字情報 親字・正字, ホップ数 1
U+9B18	𩮺	鬘	reduction	mj-shrink-map	merge	MJ054792: 法務省戸籍法関連通達・通知, 種別 戸籍統一文字情報 親字・正字, ホップ数 1
U+9B22	髩	鬢	reduction	mj-shrink-map	merge	MJ028920: 法務省戸籍法関連通達・通知, 種別 戸籍統一文字情報 親字・正字, ホップ数 1
U+9B22	鬂	鬢	reduction	mj-shrink-map	merge	MJ028947: 法務省戸籍法関連通達・通知, 種別 戸籍統一文字情報 親字・正字, ホップ数 1
U+9B22	𨲺	鬢	reduction	mj-shrink-map	merge	MJ052076: 法務省戸籍法関連通達・通知, 種別 戸籍統一文字情報 親字・正字, ホップ数 1
U+9B22	𩯭	鬢	reduction	mj-shrink-map	merge	MJ054821: 法務省戸籍法関連通達・通知, 種別 戸籍統一文字情報 親字・正字, ホップ数 1
U+9B23	𣰫	鬣	reduction	mj-shrink-map	merge	MJ039144: 法務省戸籍法関連通達・通知, 種別 戸籍統一文字情報 親字・正字, ホップ数 1
U+9B23	𩯝	鬣	reduction	mj-shrink-map	merge	MJ054812: 法務省戸籍法関連通達・通知, 種別 戸籍統一文字情報 親字・正字, ホップ数 1
U+9B23	𩯻	鬣	reduction	mj-shrink-map	merge	MJ054828: 法務省戸籍法関連通達・通知, 種別 戸籍統一文字情報 親字・正字, ホップ数 1
U+9B25	𬼍	鬥	reduction	mj-shrink-map	merge	MJ059073: 法務省戸籍法関連通達・通知, 種別 戸籍統一文字情報 親字・正字, ホップ数 1
U+9B27	閙	鬧	reduction	mj-shrink-map	merge	MJ027438: 法務省戸籍法関連通達・通知, 種別 戸籍統一文字情報 親字・正字, ホップ数 1
U+9B27	閙	鬧	variant	cjkvi-variants	corroborates	閙→鬧 jisx0212/variant | 閙→鬧 jisx0213/variant | 鬧→閙 dypytz/variant | 鬧→閙 hydzd/variant | 鬧→閙 twedu/variant
U+9B27	閙	鬧	variant	hng-basic-data	corroborates	14023
U+9B27	閙	鬧	variant	wikidata	corroborates	Q109765766; P248 Q10427532 | Q109769810; P248 Q10427532
U+9B27	閙	鬧	equivalent	yitizi	corroborates	ytenx/JihThex.csv
U+9B27	𠆴	鬧	reduction	mj-shrink-map	merge	MJ030544: 法務省戸籍法関連通達・通知, 種別 戸籍統一文字情報 親字・正字, ホップ数 1
U+9B27	𢂂	鬧	reduction	mj-shrink-map	merge	MJ035019: 法務省戸籍法関連通達・通知, 種別 戸籍統一文字情報 親字・正字, ホップ数 1
U+9B28	𩰓	鬨	reduction	mj-shrink-map	merge	MJ054845: 法務省戸籍法関連通達・通知, 種別 戸籍統一文字情報 親字・正字, ホップ数 1
U+9B29	䦧	鬩	reduction	mj-shrink-map	merge	MJ005271: 法務省戸籍法関連通達・通知, 種別 戸籍統一文字情報 親字・正字, ホップ数 1
U+9B29	𧨃	鬩	reduction	mj-shrink-map	merge	MJ048929: 法務省戸籍法関連通達・通知, 種別 戸籍統一文字情報 親字・正字, ホップ数 1
U+9B29	𩰕	鬩	reduction	mj-shrink-map	merge	MJ054848: 法務省戸籍法関連通達・通知, 種別 戸籍統一文字情報 親字・正字, ホップ数 1
U+9B2E	𨵜	鬮	reduction	mj-shrink-map	merge	MJ052190: 法務省戸籍法関連通達・通知, 種別 戸籍統一文字情報 親字・正字, ホップ数 1
U+9B2F	𮫖	鬯	reduction	mj-shrink-map	merge	MJ059074: 法務省戸籍法関連通達・通知, 種別 戸籍統一文字情報 親字・正字, ホップ数 1
U+9B31	鬰	鬱	reduction	mj-shrink-map	merge	MJ029002: 法務省戸籍法関連通達・通知, 種別 戸籍統一文字情報 親字・正字, ホップ数 1
U+9B31	𣡸	鬱	reduction	mj-shrink-map	merge	MJ038490: 法務省戸籍法関連通達・通知, 種別 戸籍統一文字情報 親字・正字, ホップ数 1
U+9B31	𦉚	鬱	reduction	mj-shrink-map	merge	MJ044811: 法務省戸籍法関連通達・通知, 種別 戸籍統一文字情報 親字・正字, ホップ数 1
U+9B31	𦉠	鬱	reduction	mj-shrink-map	merge	MJ044815: 法務省戸籍法関連通達・通知, 種別 戸籍統一文字情報 親字・正字, ホップ数 1
U+9B31	𬅕	鬱	reduction	mj-shrink-map	merge	MJ057871: 法務省戸籍法関連通達・通知, 種別 戸籍統一文字情報 親字・正字, ホップ数 1
U+9B31	𮫘	鬱	reduction	mj-shrink-map	merge	MJ059075: 法務省戸籍法関連通達・通知, 種別 戸籍統一文字情報 親字・正字, ホップ数 1
U+9B32	㽁	鬲	reduction	mj-shrink-map	merge	MJ002605: 法務省戸籍法関連通達・通知, 種別 戸籍統一文字情報 親字・正字, ホップ数 1
U+9B32	䰛	鬲	reduction	mj-shrink-map	merge	MJ005907: 法務省戸籍法関連通達・通知, 種別 戸籍統一文字情報 親字・正字, ホップ数 1
U+9B32	䰜	鬲	reduction	mj-shrink-map	merge	MJ005908: 法務省戸籍法関連通達・通知, 種別 戸籍統一文字情報 親字・正字, ホップ数 1
U+9B32	鎘	鬲	reduction	mj-shrink-map	merge	MJ027106: 法務省戸籍法関連通達・通知, 種別 戸籍統一文字情報 親字・正字, ホップ数 1
U+9B32	𩰲	鬲	reduction	mj-shrink-map	merge	MJ054870: 法務省戸籍法関連通達・通知, 種別 戸籍統一文字情報 親字・正字, ホップ数 1
U+9B32	𩱇	鬲	reduction	mj-shrink-map	merge	MJ054884: 法務省戸籍法関連通達・通知, 種別 戸籍統一文字情報 親字・正字, ホップ数 1
U+9B32	𩱔	鬲	reduction	mj-shrink-map	merge	MJ054895: 法務省戸籍法関連通達・通知, 種別 戸籍統一文字情報 親字・正字, ホップ数 1
U+9B32	𮫙	鬲	reduction	mj-shrink-map	merge	MJ059078: 法務省戸籍法関連通達・通知, 種別 戸籍統一文字情報 親字・正字, ホップ数 1
U+9B3B	㣃	鬻	reduction	mj-shrink-map	merge	MJ001088: 法務省戸籍法関連通達・通知, 種別 戸籍統一文字情報 親字・正字, ホップ数 1
U+9B3B	俼	鬻	reduction	mj-shrink-map	merge	MJ006809: 法務省戸籍法関連通達・通知, 種別 戸籍統一文字情報 親字・正字, ホップ数 1
U+9B3B	𢑍	鬻	reduction	mj-shrink-map	merge	MJ035707: 法務省戸籍法関連通達・通知, 種別 戸籍統一文字情報 親字・正字, ホップ数 1
U+9B3C	𢇼	鬼	reduction	mj-shrink-map	merge	MJ035294: 法務省戸籍法関連通達・通知, 種別 戸籍統一文字情報 親字・正字, ホップ数 1
U+9B3C	𣆠	鬼	reduction	mj-shrink-map	merge	MJ037679: 法務省戸籍法関連通達・通知, 種別 戸籍統一文字情報 親字・正字, ホップ数 1
U+9B3C	𩲚	鬼	reduction	mj-shrink-map	merge	MJ054954: 法務省戸籍法関連通達・通知, 種別 戸籍統一文字情報 親字・正字, ホップ数 1
U+9B3C	𩲞	鬼	reduction	mj-shrink-map	merge	MJ054958: 法務省戸籍法関連通達・通知, 種別 戸籍統一文字情報 親字・正字, ホップ数 1
U+9B3C	𩲡	鬼	reduction	mj-shrink-map	merge	MJ054960: 法務省戸籍法関連通達・通知, 種別 戸籍統一文字情報 親字・正字, ホップ数 1
U+9B3C	𩳉	鬼	reduction	mj-shrink-map	merge	MJ054991: 法務省戸籍法関連通達・通知, 種別 戸籍統一文字情報 親字・正字, ホップ数 1
U+9B3C	𩳹	鬼	reduction	mj-shrink-map	merge	MJ055028: 法務省戸籍法関連通達・通知, 種別 戸籍統一文字情報 親字・正字, ホップ数 1
U+9B3C	𩴿	鬼	reduction	mj-shrink-map	merge	MJ055071: 法務省戸籍法関連通達・通知, 種別 戸籍統一文字情報 親字・正字, ホップ数 1
U+9B3D	𢑛	鬽	reduction	mj-shrink-map	merge	MJ035719: 法務省戸籍法関連通達・通知, 種別 戸籍統一文字情報 親字・正字, ホップ数 1
U+9B3D	𤲄	鬽	reduction	mj-shrink-map	merge	MJ041410: 法務省戸籍法関連通達・通知, 種別 戸籍統一文字情報 親字・正字, ホップ数 1
U+9B3D	𩱿	鬽	reduction	mj-shrink-map	merge	MJ054933: 法務省戸籍法関連通達・通知, 種別 戸籍統一文字情報 親字・正字, ホップ数 1
U+9B3D	𩲈	鬽	reduction	mj-shrink-map	merge	MJ054941: 法務省戸籍法関連通達・通知, 種別 戸籍統一文字情報 親字・正字, ホップ数 1
U+9B3D	𩲐	鬽	reduction	mj-shrink-map	merge	MJ054949: 法務省戸籍法関連通達・通知, 種別 戸籍統一文字情報 親字・正字, ホップ数 1
U+9B3D	𩲑	鬽	reduction	mj-shrink-map	merge	MJ054950: 法務省戸籍法関連通達・通知, 種別 戸籍統一文字情報 親字・正字, ホップ数 1
U+9B3D	𩲿	鬽	reduction	mj-shrink-map	merge	MJ054983: 法務省戸籍法関連通達・通知, 種別 戸籍統一文字情報 親字・正字, ホップ数 1
U+9B41	𩲔	魁	reduction	mj-shrink-map	merge	MJ054951: 法務省戸籍法関連通達・通知, 種別 戸籍統一文字情報 親字・正字, ホップ数 1
U+9B41	𩲙	魁	reduction	mj-shrink-map	merge	MJ054953: 法務省戸籍法関連通達・通知, 種別 戸籍統一文字情報 親字・正字, ホップ数 1
U+9B41	𩳭	魁	reduction	mj-shrink-map	merge	MJ055018: 法務省戸籍法関連通達・通知, 種別 戸籍統一文字情報 親字・正字, ホップ数 1
U+9B45	䰨	魅	reduction	mj-shrink-map	merge	MJ005920: 法務省戸籍法関連通達・通知, 種別 戸籍統一文字情報 親字・正字, ホップ数 1
U+9B45	𢑘	魅	reduction	mj-shrink-map	merge	MJ035716: 法務省戸籍法関連通達・通知, 種別 戸籍統一文字情報 親字・正字, ホップ数 1
U+9B45	𢑙	魅	reduction	mj-shrink-map	merge	MJ035717: 法務省戸籍法関連通達・通知, 種別 戸籍統一文字情報 親字・正字, ホップ数 1
U+9B45	𣼙	魅	reduction	mj-shrink-map	merge	MJ039538: 法務省戸籍法関連通達・通知, 種別 戸籍統一文字情報 親字・正字, ホップ数 1
U+9B45	𤱮	魅	reduction	mj-shrink-map	merge	MJ041396: 法務省戸籍法関連通達・通知, 種別 戸籍統一文字情報 親字・正字, ホップ数 1
U+9B45	𩲀	魅	reduction	mj-shrink-map	merge	MJ054935: 法務省戸籍法関連通達・通知, 種別 戸籍統一文字情報 親字・正字, ホップ数 1
U+9B45	𩲝	魅	reduction	mj-shrink-map	merge	MJ054957: 法務省戸籍法関連通達・通知, 種別 戸籍統一文字情報 親字・正字, ホップ数 1
U+9B45	𩳟	魅	reduction	mj-shrink-map	merge	MJ055007: 法務省戸籍法関連通達・通知, 種別 戸籍統一文字情報 親字・正字, ホップ数 1
U+9B45	𩳪	魅	reduction	mj-shrink-map	merge	MJ055017: 法務省戸籍法関連通達・通知, 種別 戸籍統一文字情報 親字・正字, ホップ数 1
U+9B45	𩴎	魅	reduction	mj-shrink-map	merge	MJ055038: 法務省戸籍法関連通達・通知, 種別 戸籍統一文字情報 親字・正字, ホップ数 1
U+9B4D	𩲛	魍	reduction	mj-shrink-map	merge	MJ054955: 法務省戸籍法関連通達・通知, 種別 戸籍統一文字情報 親字・正字, ホップ数 1
U+9B4E	𩳮	魎	reduction	mj-shrink-map	merge	MJ055019: 法務省戸籍法関連通達・通知, 種別 戸籍統一文字情報 親字・正字, ホップ数 1
U+9B58	㱘	魘	reduction	mj-shrink-map	merge	MJ001943: 法務省戸籍法関連通達・通知, 種別 戸籍統一文字情報 親字・正字, ホップ数 1
U+9B5A	𤉯	魚	reduction	mj-shrink-map	merge	MJ039943: 法務省戸籍法関連通達・通知, 種別 戸籍統一文字情報 親字・正字, ホップ数 1
U+9B5A	𤋳	魚	reduction	mj-shrink-map	merge	MJ039986: 法務省戸籍法関連通達・通知, 種別 戸籍統一文字情報 親字・正字, ホップ数 1
U+9B5A	𩵋	魚	reduction	mj-shrink-map	merge	MJ055080: 法務省戸籍法関連通達・通知, 種別 戸籍統一文字情報 親字・正字, ホップ数 1
U+9B5A	𮫬	魚	reduction	mj-shrink-map	merge	MJ059088: 法務省戸籍法関連通達・通知, 種別 戸籍統一文字情報 親字・正字, ホップ数 1
U+9B5A	𮫭	魚	reduction	mj-shrink-map	merge	MJ059087: 法務省戸籍法関連通達・通知, 種別 戸籍統一文字情報 親字・正字, ホップ数 1
U+9B5A	𮫮	魚	reduction	mj-shrink-map	merge	MJ059086: 法務省戸籍法関連通達・通知, 種別 戸籍統一文字情報 親字・正字, ホップ数 1
U+9B5A	𮫯	魚	reduction	mj-shrink-map	merge	MJ059089: 法務省戸籍法関連通達・通知, 種別 戸籍統一文字情報 親字・正字, ホップ数 1
U+9B66	𩸌	魦	reduction	mj-shrink-map	merge	MJ055197: 法務省戸籍法関連通達・通知, 種別 戸籍統一文字情報 親字・正字, ホップ数 1
U+9B6B	𩵨	魫	reduction	mj-shrink-map	merge	MJ055101: 法務省戸籍法関連通達・通知, 種別 戸籍統一文字情報 親字・正字, ホップ数 1
U+9B6F	魯	魯	compatibility	unicode-ucd	merge	9B6F
U+9B6F	𢻛	魯	reduction	mj-shrink-map	merge	MJ037206: 法務省戸籍法関連通達・通知, 種別 戸籍統一文字情報 親字・正字, ホップ数 1
U+9B6F	𩶑	魯	reduction	mj-shrink-map	merge	MJ055129: 法務省戸籍法関連通達・通知, 種別 戸籍統一文字情報 親字・正字, ホップ数 1
U+9B6F	𮫲	魯	reduction	mj-shrink-map	merge	MJ059099: 法務省戸籍法関連通達・通知, 種別 戸籍統一文字情報 親字・正字, ホップ数 1
U+9B74	𩷸	魴	reduction	mj-shrink-map	merge	MJ055180: 法務省戸籍法関連通達・通知, 種別 戸籍統一文字情報 親字・正字, ホップ数 1
U+9B8A	𩸊	鮊	reduction	mj-shrink-map	merge	MJ055195: 法務省戸籍法関連通達・通知, 種別 戸籍統一文字情報 親字・正字, ホップ数 1
U+9B8E	𩹾	鮎	reduction	mj-shrink-map	merge	MJ055255: 法務省戸籍法関連通達・通知, 種別 戸籍統一文字情報 親字・正字, ホップ数 1
U+9B8F	鯹	鮏	reduction	mj-shrink-map	merge	MJ029241: 法務省戸籍法関連通達・通知, 種別 戸籍統一文字情報 親字・正字, ホップ数 1
U+9B91	蚫	鮑	reduction	mj-shrink-map	merge	MJ023380: 法務省戸籍法関連通達・通知, 種別 戸籍統一文字情報 親字・正字, ホップ数 1
U+9B91	蚫	鮑	variant	cjkvi-variants	corroborates	鮑→蚫 hydzd/variant
U+9B91	蚫	鮑	variant	wikidata	corroborates	Q109761188; P248 Q10427532 Q14941454 Q63443408; P282 Q178528 | Q109769923; P248 Q10427532 Q14941454 Q63443408; P282 Q185614
U+9B92	𩷺	鮒	reduction	mj-shrink-map	merge	MJ055182: 法務省戸籍法関連通達・通知, 種別 戸籍統一文字情報 親字・正字, ホップ数 1
U+9B92	𩸅	鮒	reduction	mj-shrink-map	merge	MJ055191: 法務省戸籍法関連通達・通知, 種別 戸籍統一文字情報 親字・正字, ホップ数 1
U+9B92	𩺹	鮒	reduction	mj-shrink-map	merge	MJ055286: 法務省戸籍法関連通達・通知, 種別 戸籍統一文字情報 親字・正字, ホップ数 1
U+9B93	𩺆	鮓	reduction	mj-shrink-map	merge	MJ055263: 法務省戸籍法関連通達・通知, 種別 戸籍統一文字情報 親字・正字, ホップ数 1
U+9B93	𩼮	鮓	reduction	mj-shrink-map	merge	MJ055357: 法務省戸籍法関連通達・通知, 種別 戸籍統一文字情報 親字・正字, ホップ数 1
U+9B93	𩽟	鮓	reduction	mj-shrink-map	merge	MJ055380: 法務省戸籍法関連通達・通知, 種別 戸籍統一文字情報 親字・正字, ホップ数 1
U+9BA6	𩻡	鮦	reduction	mj-shrink-map	merge	MJ055308: 法務省戸籍法関連通達・通知, 種別 戸籍統一文字情報 親字・正字, ホップ数 1
U+9BA8	䱈	鮨	reduction	mj-shrink-map	merge	MJ005947: 法務省戸籍法関連通達・通知, 種別 戸籍統一文字情報 親字・正字, ホップ数 1
U+9BA8	𩷾	鮨	reduction	mj-shrink-map	merge	MJ055185: 法務省戸籍法関連通達・通知, 種別 戸籍統一文字情報 親字・正字, ホップ数 1
U+9BAC	𩶮	鮬	reduction	mj-shrink-map	merge	MJ055147: 法務省戸籍法関連通達・通知, 種別 戸籍統一文字情報 親字・正字, ホップ数 1
U+9BAE	赻	鮮	reduction	mj-shrink-map	merge	MJ025183: 法務省戸籍法関連通達・通知, 種別 戸籍統一文字情報 親字・正字, ホップ数 1
U+9BC0	鮌	鯀	reduction	mj-shrink-map	merge	MJ029101: 法務省戸籍法関連通達・通知, 種別 戸籍統一文字情報 親字・正字, ホップ数 1
U+9BC1	𩹐	鯁	reduction	mj-shrink-map	merge	MJ055236: 法務省戸籍法関連通達・通知, 種別 戸籍統一文字情報 親字・正字, ホップ数 1
U+9BC6	𩺼	鯆	reduction	mj-shrink-map	merge	MJ055289: 法務省戸籍法関連通達・通知, 種別 戸籍統一文字情報 親字・正字, ホップ数 1
U+9BC7	鯶	鯇	reduction	mj-shrink-map	merge	MJ029238: 法務省戸籍法関連通達・通知, 種別 戸籍統一文字情報 親字・正字, ホップ数 1
U+9BC9	𩼆	鯉	reduction	mj-shrink-map	merge	MJ055328: 法務省戸籍法関連通達・通知, 種別 戸籍統一文字情報 親字・正字, ホップ数 1
U+9BC9	𩼞	鯉	reduction	mj-shrink-map	merge	MJ055343: 法務省戸籍法関連通達・通知, 種別 戸籍統一文字情報 親字・正字, ホップ数 1
U+9BCA	鯋	鯊	reduction	mj-shrink-map	merge	MJ029183: 法務省戸籍法関連通達・通知, 種別 戸籍統一文字情報 親字・正字, ホップ数 1
U+9BD4	𩺅	鯔	reduction	mj-shrink-map	merge	MJ055262: 法務省戸籍法関連通達・通知, 種別 戸籍統一文字情報 親字・正字, ホップ数 1
U+9BD4	𩻨	鯔	reduction	mj-shrink-map	merge	MJ055316: 法務省戸籍法関連通達・通知, 種別 戸籍統一文字情報 親字・正字, ホップ数 1
U+9BDB	鮉	鯛	reduction	mj-shrink-map	merge	MJ029098: 法務省戸籍法関連通達・通知, 種別 戸籍統一文字情報 親字・正字, ホップ数 1
U+9BE4	𩻋	鯤	reduction	mj-shrink-map	merge	MJ055293: 法務省戸籍法関連通達・通知, 種別 戸籍統一文字情報 親字・正字, ホップ数 1
U+9BE4	𩽞	鯤	reduction	mj-shrink-map	merge	MJ055379: 法務省戸籍法関連通達・通知, 種別 戸籍統一文字情報 親字・正字, ホップ数 1
U+9BE7	䱽	鯧	reduction	mj-shrink-map	merge	MJ005998: 法務省戸籍法関連通達・通知, 種別 戸籍統一文字情報 親字・正字, ホップ数 1
U+9BE8	䲔	鯨	reduction	mj-shrink-map	merge	MJ006019: 法務省戸籍法関連通達・通知, 種別 戸籍統一文字情報 親字・正字, ホップ数 1
U+9C09	鱑	鰉	reduction	mj-shrink-map	merge	MJ029358: 法務省戸籍法関連通達・通知, 種別 戸籍統一文字情報 親字・正字, ホップ数 1
U+9C21	䱖	鰡	reduction	mj-shrink-map	merge	MJ005962: 法務省戸籍法関連通達・通知, 種別 戸籍統一文字情報 親字・正字, ホップ数 1
U+9C21	𩺜	鰡	reduction	mj-shrink-map	merge	MJ055271: 法務省戸籍法関連通達・通知, 種別 戸籍統一文字情報 親字・正字, ホップ数 1
U+9C23	𩶬	鰣	reduction	mj-shrink-map	merge	MJ055145: 法務省戸籍法関連通達・通知, 種別 戸籍統一文字情報 親字・正字, ホップ数 1
U+9C25	𩶊	鰥	reduction	mj-shrink-map	merge	MJ055126: 法務省戸籍法関連通達・通知, 種別 戸籍統一文字情報 親字・正字, ホップ数 1
U+9C25	𩻲	鰥	reduction	mj-shrink-map	merge	MJ055318: 法務省戸籍法関連通達・通知, 種別 戸籍統一文字情報 親字・正字, ホップ数 1
U+9C25	𩻴	鰥	reduction	mj-shrink-map	merge	MJ055319: 法務省戸籍法関連通達・通知, 種別 戸籍統一文字情報 親字・正字, ホップ数 1
U+9C27	䲍	鰧	reduction	mj-shrink-map	merge	MJ006013: 法務省戸籍法関連通達・通知, 種別 戸籍統一文字情報 親字・正字, ホップ数 1
U+9C27	𩺭	鰧	reduction	mj-shrink-map	merge	MJ055274: 法務省戸籍法関連通達・通知, 種別 戸籍統一文字情報 親字・正字, ホップ数 1
U+9C2A	𩺻	鰪	reduction	mj-shrink-map	merge	MJ055288: 法務省戸籍法関連通達・通知, 種別 戸籍統一文字情報 親字・正字, ホップ数 1
U+9C2E	鰛	鰮	reduction	mj-shrink-map	merge	MJ029285: 法務省戸籍法関連通達・通知, 種別 戸籍統一文字情報 親字・正字, ホップ数 1
U+9C2E	鰛	鰮	variant	cjkvi-variants	corroborates	鰛→鰮 jisx0213/variant | 鰛→鰮 ucs-scs/variant | 鰮→鰛 jisx0212/variant | 鰮→鰛 twedu/variant
U+9C2E	鰛	鰮	variant	wikidata	corroborates	Q109770095; P248 Q10427532 | Q109770120; P248 Q10427532
U+9C32	𩼡	鰲	reduction	mj-shrink-map	merge	MJ055346: 法務省戸籍法関連通達・通知, 種別 戸籍統一文字情報 親字・正字, ホップ数 1
U+9C3B	䱉	鰻	reduction	mj-shrink-map	merge	MJ005948: 法務省戸籍法関連通達・通知, 種別 戸籍統一文字情報 親字・正字, ホップ数 1
U+9C3B	𩺴	鰻	reduction	mj-shrink-map	merge	MJ055281: 法務省戸籍法関連通達・通知, 種別 戸籍統一文字情報 親字・正字, ホップ数 1
U+9C3B	𩻠	鰻	reduction	mj-shrink-map	merge	MJ055306: 法務省戸籍法関連通達・通知, 種別 戸籍統一文字情報 親字・正字, ホップ数 1
U+9C3E	𩽯	鰾	reduction	mj-shrink-map	merge	MJ059198: 法務省戸籍法関連通達・通知, 種別 戸籍統一文字情報 親字・正字, ホップ数 1
U+9C40	鱀	鱀	compatibility	unicode-ucd	merge	9C40
U+9C4F	𩽶	鱏	reduction	mj-shrink-map	merge	MJ055393: 法務省戸籍法関連通達・通知, 種別 戸籍統一文字情報 親字・正字, ホップ数 1
U+9C53	䱇	鱓	reduction	mj-shrink-map	merge	MJ005946: 法務省戸籍法関連通達・通知, 種別 戸籍統一文字情報 親字・正字, ホップ数 1
U+9C53	䱧	鱔	reduction	mj-shrink-map	merge	MJ005978: 法務省戸籍法関連通達・通知, 種別 戸籍統一文字情報 親字・正字, ホップ数 1
U+9C53	鱔	鱓	reduction	mj-shrink-map	merge	MJ029363: 法務省戸籍法関連通達・通知, 種別 戸籍統一文字情報 親字・正字, ホップ数 1
U+9C57	鱗	鱗	compatibility	unicode-ucd	merge	9C57
U+9C57	𩼩	鱗	reduction	mj-shrink-map	merge	MJ055351: 法務省戸籍法関連通達・通知, 種別 戸籍統一文字情報 親字・正字, ホップ数 1
U+9C63	𧖞	鱣	reduction	mj-shrink-map	merge	MJ048083: 法務省戸籍法関連通達・通知, 種別 戸籍統一文字情報 親字・正字, ホップ数 1
U+9C63	𩼼	鱣	reduction	mj-shrink-map	merge	MJ055361: 法務省戸籍法関連通達・通知, 種別 戸籍統一文字情報 親字・正字, ホップ数 1
U+9C63	𩽱	鱣	reduction	mj-shrink-map	merge	MJ055390: 法務省戸籍法関連通達・通知, 種別 戸籍統一文字情報 親字・正字, ホップ数 1
U+9C6E	魣	鱮	reduction	mj-shrink-map	merge	MJ029054: 法務省戸籍法関連通達・通知, 種別 戸籍統一文字情報 親字・正字, ホップ数 1
U+9C75	𩼘	鱵	reduction	mj-shrink-map	merge	MJ055340: 法務省戸籍法関連通達・通知, 種別 戸籍統一文字情報 親字・正字, ホップ数 1
U+9C77	𩻙	鱷	reduction	mj-shrink-map	merge	MJ055298: 法務省戸籍法関連通達・通知, 種別 戸籍統一文字情報 親字・正字, ホップ数 1
U+9C78	魲	鱸	reduction	mj-shrink-map	merge	MJ029070: 法務省戸籍法関連通達・通知, 種別 戸籍統一文字情報 親字・正字, ホップ数 1
U+9C78	𮬗	鱸	reduction	mj-shrink-map	merge	MJ059194: 法務省戸籍法関連通達・通知, 種別 戸籍統一文字情報 親字・正字, ホップ数 1
U+9CE5	𩾑	鳥	reduction	mj-shrink-map	merge	MJ055396: 法務省戸籍法関連通達・通知, 種別 戸籍統一文字情報 親字・正字, ホップ数 1
U+9CE5	𫠓	鳥	reduction	mj-shrink-map	merge	MJ059203: 法務省戸籍法関連通達・通知, 種別 戸籍統一文字情報 親字・正字, ホップ数 1
U+9CE7	鳬	鳧	reduction	mj-shrink-map	merge	MJ029419: 法務省戸籍法関連通達・通知, 種別 戸籍統一文字情報 親字・正字, ホップ数 1
U+9CE7	鳧	鳬	variant	cjkvi-variants	corroborates	鳧→鳬 jisx0212/variant | 鳧→鳬 twedu/variant | 鳬→鳧 hydzd/variant | 鳬→鳧 jisx0213/variant
U+9CE7	鳧	鳬	variant	hng-basic-data	corroborates	14365
U+9CE7	鳧	鳬	variant	wikidata	corroborates	Q109770316; P248 Q10427532 | Q109770322; P248 Q10427532
U+9CE7	𦽏	鳧	reduction	mj-shrink-map	merge	MJ046986: 法務省戸籍法関連通達・通知, 種別 戸籍統一文字情報 親字・正字, ホップ数 1
U+9CE7	𩾖	鳧	reduction	mj-shrink-map	merge	MJ055401: 法務省戸籍法関連通達・通知, 種別 戸籍統一文字情報 親字・正字, ホップ数 1
U+9CE9	䧱	鳩	reduction	mj-shrink-map	merge	MJ005337: 法務省戸籍法関連通達・通知, 種別 戸籍統一文字情報 親字・正字, ホップ数 1
U+9CF2	䲩	鳲	reduction	mj-shrink-map	merge	MJ006032: 法務省戸籍法関連通達・通知, 種別 戸籍統一文字情報 親字・正字, ホップ数 1
U+9CF2	𨾈	鳲	reduction	mj-shrink-map	merge	MJ052514: 法務省戸籍法関連通達・通知, 種別 戸籍統一文字情報 親字・正字, ホップ数 1
U+9CF2	𨾋	鳲	reduction	mj-shrink-map	merge	MJ052517: 法務省戸籍法関連通達・通知, 種別 戸籍統一文字情報 親字・正字, ホップ数 1
U+9CF3	鳯	鳳	reduction	mj-shrink-map	merge	MJ029422: 法務省戸籍法関連通達・通知, 種別 戸籍統一文字情報 親字・正字, ホップ数 1
U+9CF3	鴌	鳳	reduction	mj-shrink-map	merge	MJ029456: 法務省戸籍法関連通達・通知, 種別 戸籍統一文字情報 親字・正字, ホップ数 1
U+9CF3	𠤈	鳳	reduction	mj-shrink-map	merge	MJ031640: 法務省戸籍法関連通達・通知, 種別 戸籍統一文字情報 親字・正字, ホップ数 1
U+9CF3	𢐴	鳳	reduction	mj-shrink-map	merge	MJ035684: 法務省戸籍法関連通達・通知, 種別 戸籍統一文字情報 親字・正字, ホップ数 1
U+9CF3	𧱶	鳳	reduction	mj-shrink-map	merge	MJ049442: 法務省戸籍法関連通達・通知, 種別 戸籍統一文字情報 親字・正字, ホップ数 1
U+9CF3	𪆍	鳳	reduction	mj-shrink-map	merge	MJ055759: 法務省戸籍法関連通達・通知, 種別 戸籍統一文字情報 親字・正字, ホップ数 1
U+9CF3	𪈵	鳳	reduction	mj-shrink-map	merge	MJ055870: 法務省戸籍法関連通達・通知, 種別 戸籍統一文字情報 親字・正字, ホップ数 1
U+9CF3	𮭟	鳳	reduction	mj-shrink-map	merge	MJ059248: 法務省戸籍法関連通達・通知, 種別 戸籍統一文字情報 親字・正字, ホップ数 1
U+9CF6	䳒	鳶	reduction	mj-shrink-map	merge	MJ006073: 法務省戸籍法関連通達・通知, 種別 戸籍統一文字情報 親字・正字, ホップ数 1
U+9CF6	䳣	鳶	reduction	mj-shrink-map	merge	MJ006090: 法務省戸籍法関連通達・通知, 種別 戸籍統一文字情報 親字・正字, ホップ数 1
U+9CF6	𪃘	鳶	reduction	mj-shrink-map	merge	MJ055641: 法務省戸籍法関連通達・通知, 種別 戸籍統一文字情報 親字・正字, ホップ数 1
U+9CFD	鳽	鳽	compatibility	unicode-ucd	merge	9CFD
U+9D02	鴃	鴂	reduction	mj-shrink-map	merge	MJ029443: 法務省戸籍法関連通達・通知, 種別 戸籍統一文字情報 親字・正字, ホップ数 1
U+9D02	𨾕	鴂	reduction	mj-shrink-map	merge	MJ052525: 法務省戸籍法関連通達・通知, 種別 戸籍統一文字情報 親字・正字, ホップ数 1
U+9D02	𪁠	鴂	reduction	mj-shrink-map	merge	MJ055545: 法務省戸籍法関連通達・通知, 種別 戸籍統一文字情報 親字・正字, ホップ数 1
U+9D06	䧵	鴆	reduction	mj-shrink-map	merge	MJ005341: 法務省戸籍法関連通達・通知, 種別 戸籍統一文字情報 親字・正字, ホップ数 1
U+9D06	䲴	鴆	reduction	mj-shrink-map	merge	MJ006042: 法務省戸籍法関連通達・通知, 種別 戸籍統一文字情報 親字・正字, ホップ数 1
U+9D06	𩾺	鴆	reduction	mj-shrink-map	merge	MJ055427: 法務省戸籍法関連通達・通知, 種別 戸籍統一文字情報 親字・正字, ホップ数 1
U+9D07	䳈	鴇	reduction	mj-shrink-map	merge	MJ006061: 法務省戸籍法関連通達・通知, 種別 戸籍統一文字情報 親字・正字, ホップ数 1
U+9D07	䳰	鴇	reduction	mj-shrink-map	merge	MJ006103: 法務省戸籍法関連通達・通知, 種別 戸籍統一文字情報 親字・正字, ホップ数 1
U+9D07	𨾑	鴇	reduction	mj-shrink-map	merge	MJ052521: 法務省戸籍法関連通達・通知, 種別 戸籍統一文字情報 親字・正字, ホップ数 1
U+9D07	𨾙	鴇	reduction	mj-shrink-map	merge	MJ052529: 法務省戸籍法関連通達・通知, 種別 戸籍統一文字情報 親字・正字, ホップ数 1
U+9D07	𩾡	鴇	reduction	mj-shrink-map	merge	MJ055411: 法務省戸籍法関連通達・通知, 種別 戸籍統一文字情報 親字・正字, ホップ数 1
U+9D07	𮬬	鴇	reduction	mj-shrink-map	merge	MJ059206: 法務省戸籍法関連通達・通知, 種別 戸籍統一文字情報 親字・正字, ホップ数 1
U+9D08	𤻉	鴈	reduction	mj-shrink-map	merge	MJ041803: 法務省戸籍法関連通達・通知, 種別 戸籍統一文字情報 親字・正字, ホップ数 1
U+9D08	𩾦	鴈	reduction	mj-shrink-map	merge	MJ055416: 法務省戸籍法関連通達・通知, 種別 戸籍統一文字情報 親字・正字, ホップ数 1
U+9D09	鵶	鴉	reduction	mj-shrink-map	merge	MJ029574: 法務省戸籍法関連通達・通知, 種別 戸籍統一文字情報 親字・正字, ホップ数 1
U+9D09	𩿎	𩿗	z	cjkvi-variants	merge	𩿎→𩿗 cjkvi/duplicate
U+9D09	𩿎	鴉	reduction	mj-shrink-map	merge	MJ055445: 法務省戸籍法関連通達・通知, 種別 戸籍統一文字情報 親字・正字, ホップ数 1
U+9D09	𪀨	鴉	reduction	mj-shrink-map	merge	MJ055507: 法務省戸籍法関連通達・通知, 種別 戸籍統一文字情報 親字・正字, ホップ数 1
U+9D0B	𪁢	鴋	reduction	mj-shrink-map	merge	MJ055548: 法務省戸籍法関連通達・通知, 種別 戸籍統一文字情報 親字・正字, ホップ数 1
U+9D12	䴒	鴒	reduction	mj-shrink-map	merge	MJ006137: 法務省戸籍法関連通達・通知, 種別 戸籍統一文字情報 親字・正字, ホップ数 1
U+9D15	𪂊	鴕	reduction	mj-shrink-map	merge	MJ055579: 法務省戸籍法関連通達・通知, 種別 戸籍統一文字情報 親字・正字, ホップ数 1
U+9D15	𮬲	鴕	reduction	mj-shrink-map	merge	MJ059211: 法務省戸籍法関連通達・通知, 種別 戸籍統一文字情報 親字・正字, ホップ数 1
U+9D1B	𫠔	鴛	reduction	mj-shrink-map	merge	MJ059210: 法務省戸籍法関連通達・通知, 種別 戸籍統一文字情報 親字・正字, ホップ数 1
U+9D1D	鸜	鴝	reduction	mj-shrink-map	merge	MJ029766: 法務省戸籍法関連通達・通知, 種別 戸籍統一文字情報 親字・正字, ホップ数 1
U+9D1D	𪀊	鴝	reduction	mj-shrink-map	merge	MJ055481: 法務省戸籍法関連通達・通知, 種別 戸籍統一文字情報 親字・正字, ホップ数 1
U+9D1D	𪁖	鴝	reduction	mj-shrink-map	merge	MJ055535: 法務省戸籍法関連通達・通知, 種別 戸籍統一文字情報 親字・正字, ホップ数 1
U+9D1F	鵄	鴟	reduction	mj-shrink-map	merge	MJ029515: 法務省戸籍法関連通達・通知, 種別 戸籍統一文字情報 親字・正字, ホップ数 1
U+9D1F	鴟	鵄	variant	cjkvi-variants	corroborates	鴟→鵄 hydzd/variant | 鴟→鵄 jisx0212/variant | 鴟→鵄 jisx0213/variant | 鴟→鵄 twedu/variant
U+9D1F	鴟	鵄	variant	wikidata	corroborates	Q109770384; P248 Q10427532 | Q109770423; P248 Q10427532
U+9D1F	𨾦	鴟	reduction	mj-shrink-map	merge	MJ052539: 法務省戸籍法関連通達・通知, 種別 戸籍統一文字情報 親字・正字, ホップ数 1
U+9D1F	𩿒	鴟	reduction	mj-shrink-map	merge	MJ055448: 法務省戸籍法関連通達・通知, 種別 戸籍統一文字情報 親字・正字, ホップ数 1
U+9D1F	𩿨	鴟	reduction	mj-shrink-map	merge	MJ055466: 法務省戸籍法関連通達・通知, 種別 戸籍統一文字情報 親字・正字, ホップ数 1
U+9D23	䧸	鴣	reduction	mj-shrink-map	merge	MJ005344: 法務省戸籍法関連通達・通知, 種別 戸籍統一文字情報 親字・正字, ホップ数 1
U+9D28	𩿼	鴨	reduction	mj-shrink-map	merge	MJ055475: 法務省戸籍法関連通達・通知, 種別 戸籍統一文字情報 親字・正字, ホップ数 1
U+9D28	𪀋	鴨	reduction	mj-shrink-map	merge	MJ055482: 法務省戸籍法関連通達・通知, 種別 戸籍統一文字情報 親字・正字, ホップ数 1
U+9D28	𪀌	鴨	reduction	mj-shrink-map	merge	MJ055483: 法務省戸籍法関連通達・通知, 種別 戸籍統一文字情報 親字・正字, ホップ数 1
U+9D28	𪁗	鴨	reduction	mj-shrink-map	merge	MJ055536: 法務省戸籍法関連通達・通知, 種別 戸籍統一文字情報 親字・正字, ホップ数 1
U+9D28	𪁨	鴨	reduction	mj-shrink-map	merge	MJ055553: 法務省戸籍法関連通達・通知, 種別 戸籍統一文字情報 親字・正字, ホップ数 1
U+9D3B	𨾊	鴻	reduction	mj-shrink-map	merge	MJ052516: 法務省戸籍法関連通達・通知, 種別 戸籍統一文字情報 親字・正字, ホップ数 1
U+9D3B	𪅯	鴻	reduction	mj-shrink-map	merge	MJ055730: 法務省戸籍法関連通達・通知, 種別 戸籍統一文字情報 親字・正字, ホップ数 1
U+9D3F	䧻	鴿	reduction	mj-shrink-map	merge	MJ005347: 法務省戸籍法関連通達・通知, 種別 戸籍統一文字情報 親字・正字, ホップ数 1
U+9D41	𪁉	鵁	reduction	mj-shrink-map	merge	MJ055522: 法務省戸籍法関連通達・通知, 種別 戸籍統一文字情報 親字・正字, ホップ数 1
U+9D42	𪀪	鵂	reduction	mj-shrink-map	merge	MJ055509: 法務省戸籍法関連通達・通知, 種別 戸籍統一文字情報 親字・正字, ホップ数 1
U+9D50	𪂐	鵐	reduction	mj-shrink-map	merge	MJ055585: 法務省戸籍法関連通達・通知, 種別 戸籍統一文字情報 親字・正字, ホップ数 1
U+9D51	𨿔	鵑	reduction	mj-shrink-map	merge	MJ052583: 法務省戸籍法関連通達・通知, 種別 戸籍統一文字情報 親字・正字, ホップ数 1
U+9D52	𨾳	鵒	reduction	mj-shrink-map	merge	MJ052552: 法務省戸籍法関連通達・通知, 種別 戸籍統一文字情報 親字・正字, ホップ数 1
U+9D52	𩀑	鵒	reduction	mj-shrink-map	merge	MJ052638: 法務省戸籍法関連通達・通知, 種別 戸籍統一文字情報 親字・正字, ホップ数 1
U+9D52	𪀙	鵒	reduction	mj-shrink-map	merge	MJ055493: 法務省戸籍法関連通達・通知, 種別 戸籍統一文字情報 親字・正字, ホップ数 1
U+9D52	𪃪	鵒	reduction	mj-shrink-map	merge	MJ055651: 法務省戸籍法関連通達・通知, 種別 戸籍統一文字情報 親字・正字, ホップ数 1
U+9D5C	鵣	鵜	reduction	mj-shrink-map	merge	MJ029551: 法務省戸籍法関連通達・通知, 種別 戸籍統一文字情報 親字・正字, ホップ数 1
U+9D5D	䳗	鵝	reduction	mj-shrink-map	merge	MJ006078: 法務省戸籍法関連通達・通知, 種別 戸籍統一文字情報 親字・正字, ホップ数 1
U+9D5D	䳘	鵝	reduction	mj-shrink-map	merge	MJ006079: 法務省戸籍法関連通達・通知, 種別 戸籍統一文字情報 親字・正字, ホップ数 1
U+9D5D	鵞	鵝	reduction	mj-shrink-map	merge	MJ029545: 法務省戸籍法関連通達・通知, 種別 戸籍統一文字情報 親字・正字, ホップ数 1
U+9D5D	鵝	鵞	variant	cjkvi-variants	corroborates	鵝→鵞 dypytz/variant | 鵝→鵞 hydzd/variant | 鵝→鵞 jisx0212/variant | 鵝→鵞 twedu/variant | 鵞→鵝 jisx0213/variant
U+9D5D	鵝	鵞	variant	hng-basic-data	corroborates	14473
U+9D5D	鵝	鵞	variant	wikidata	corroborates	Q109770448; P248 Q10427532 | Q109770449; P248 Q10427532
U+9D5D	鵝	鵞	equivalent	yitizi	corroborates	ytenx/JihThex.csv
U+9D5D	𨿍	鵝	reduction	mj-shrink-map	merge	MJ052576: 法務省戸籍法関連通達・通知, 種別 戸籍統一文字情報 親字・正字, ホップ数 1
U+9D5F	𨿗	鵟	reduction	mj-shrink-map	merge	MJ052586: 法務省戸籍法関連通達・通知, 種別 戸籍統一文字情報 親字・正字, ホップ数 1
U+9D60	䧼	鵠	reduction	mj-shrink-map	merge	MJ005348: 法務省戸籍法関連通達・通知, 種別 戸籍統一文字情報 親字・正字, ホップ数 1
U+9D61	䳇	鵡	reduction	mj-shrink-map	merge	MJ006060: 法務省戸籍法関連通達・通知, 種別 戸籍統一文字情報 親字・正字, ホップ数 1
U+9D67	鵧	鵧	compatibility	unicode-ucd	merge	9D67
U+9D69	𪂖	鵩	reduction	mj-shrink-map	merge	MJ055591: 法務省戸籍法関連通達・通知, 種別 戸籍統一文字情報 親字・正字, ホップ数 1
U+9D6B	𨿧	鵫	reduction	mj-shrink-map	merge	MJ052600: 法務省戸籍法関連通達・通知, 種別 戸籍統一文字情報 親字・正字, ホップ数 1
U+9D6F	𨿵	鵯	reduction	mj-shrink-map	merge	MJ052613: 法務省戸籍法関連通達・通知, 種別 戸籍統一文字情報 親字・正字, ホップ数 1
U+9D6F	𪂃	鵯	reduction	mj-shrink-map	merge	MJ055572: 法務省戸籍法関連通達・通知, 種別 戸籍統一文字情報 親字・正字, ホップ数 1
U+9D70	𪄄	鵰	reduction	mj-shrink-map	merge	MJ055670: 法務省戸籍法関連通達・通知, 種別 戸籍統一文字情報 親字・正字, ホップ数 1
U+9D72	䧿	鵲	reduction	mj-shrink-map	merge	MJ005351: 法務省戸籍法関連通達・通知, 種別 戸籍統一文字情報 親字・正字, ホップ数 1
U+9D73	𨿱	鵳	reduction	mj-shrink-map	merge	MJ052609: 法務省戸籍法関連通達・通知, 種別 戸籍統一文字情報 親字・正字, ホップ数 1
U+9D77	𪀈	鵷	reduction	mj-shrink-map	merge	MJ055479: 法務省戸籍法関連通達・通知, 種別 戸籍統一文字情報 親字・正字, ホップ数 1
U+9D84	𪂴	鶄	reduction	mj-shrink-map	merge	MJ055604: 法務省戸籍法関連通達・通知, 種別 戸籍統一文字情報 親字・正字, ホップ数 1
U+9D87	𪂝	鶇	reduction	mj-shrink-map	merge	MJ055595: 法務省戸籍法関連通達・通知, 種別 戸籍統一文字情報 親字・正字, ホップ数 1
U+9D89	㝇	鶉	reduction	mj-shrink-map	merge	MJ000731: 法務省戸籍法関連通達・通知, 種別 戸籍統一文字情報 親字・正字, ホップ数 1
U+9D89	𨿡	鶉	reduction	mj-shrink-map	merge	MJ052593: 法務省戸籍法関連通達・通知, 種別 戸籍統一文字情報 親字・正字, ホップ数 1
U+9D89	𩁛	鶉	reduction	mj-shrink-map	merge	MJ052703: 法務省戸籍法関連通達・通知, 種別 戸籍統一文字情報 親字・正字, ホップ数 1
U+9D89	𪂎	鶉	reduction	mj-shrink-map	merge	MJ055583: 法務省戸籍法関連通達・通知, 種別 戸籍統一文字情報 親字・正字, ホップ数 1
U+9D89	𪆾	鶉	reduction	mj-shrink-map	merge	MJ055789: 法務省戸籍法関連通達・通知, 種別 戸籍統一文字情報 親字・正字, ホップ数 1
U+9D8A	𨿶	鶊	reduction	mj-shrink-map	merge	MJ052614: 法務省戸籍法関連通達・通知, 種別 戸籍統一文字情報 親字・正字, ホップ数 1
U+9D8F	雞	鶏	reduction	mj-shrink-map	merge	MJ027757: 法務省戸籍法関連通達・通知, 種別 戸籍統一文字情報 親字・正字, ホップ数 1
U+9D8F	鳮	鷄	reduction	mj-shrink-map	merge	MJ029421: 法務省戸籍法関連通達・通知, 種別 戸籍統一文字情報 親字・正字, ホップ数 1
U+9D8F	鷄	鶏	reduction	mj-shrink-map	merge	MJ029668: 法務省戸籍法関連通達・通知, 種別 戸籍統一文字情報 親字・正字, ホップ数 1
U+9D9A	𩀇	鶚	reduction	mj-shrink-map	merge	MJ052628: 法務省戸籍法関連通達・通知, 種別 戸籍統一文字情報 親字・正字, ホップ数 1
U+9DA4	鵾	鶤	reduction	mj-shrink-map	merge	MJ029583: 法務省戸籍法関連通達・通知, 種別 戸籍統一文字情報 親字・正字, ホップ数 1
U+9DA4	𨿪	鵾	reduction	mj-shrink-map	merge	MJ052603: 法務省戸籍法関連通達・通知, 種別 戸籍統一文字情報 親字・正字, ホップ数 1
U+9DA9	䳱	鶩	reduction	mj-shrink-map	merge	MJ006104: 法務省戸籍法関連通達・通知, 種別 戸籍統一文字情報 親字・正字, ホップ数 1
U+9DA9	𨾣	鶩	reduction	mj-shrink-map	merge	MJ052536: 法務省戸籍法関連通達・通知, 種別 戸籍統一文字情報 親字・正字, ホップ数 1
U+9DAC	𩀞	鶬	reduction	mj-shrink-map	merge	MJ052648: 法務省戸籍法関連通達・通知, 種別 戸籍統一文字情報 親字・正字, ホップ数 1
U+9DAF	鷪	鶯	reduction	mj-shrink-map	merge	MJ029712: 法務省戸籍法関連通達・通知, 種別 戸籍統一文字情報 親字・正字, ホップ数 1
U+9DAF	鸎	鶯	reduction	mj-shrink-map	merge	MJ029749: 法務省戸籍法関連通達・通知, 種別 戸籍統一文字情報 親字・正字, ホップ数 1
U+9DB4	鶴	鶴	compatibility	unicode-ucd	merge	9DB4
U+9DB4	䳽	鶴	reduction	mj-shrink-map	merge	MJ006116: 法務省戸籍法関連通達・通知, 種別 戸籍統一文字情報 親字・正字, ホップ数 1
U+9DB4	靎	鶴	reduction	mj-shrink-map	merge	MJ027893: 法務省戸籍法関連通達・通知, 種別 戸籍統一文字情報 親字・正字, ホップ数 1
U+9DB4	靏	鶴	reduction	mj-shrink-map	merge	MJ027894: 法務省戸籍法関連通達・通知, 種別 戸籍統一文字情報 親字・正字, ホップ数 1
U+9DB4	𪈯	鶴	reduction	mj-shrink-map	merge	MJ055866: 法務省戸籍法関連通達・通知, 種別 戸籍統一文字情報 親字・正字, ホップ数 1
U+9DB5	𩿮	鶵	reduction	mj-shrink-map	merge	MJ055472: 法務省戸籍法関連通達・通知, 種別 戸籍統一文字情報 親字・正字, ホップ数 1
U+9DB5	𪄞	鶵	reduction	mj-shrink-map	merge	MJ055689: 法務省戸籍法関連通達・通知, 種別 戸籍統一文字情報 親字・正字, ホップ数 1
U+9DB9	𪅳	鶹	reduction	mj-shrink-map	merge	MJ055734: 法務省戸籍法関連通達・通知, 種別 戸籍統一文字情報 親字・正字, ホップ数 1
U+9DBB	𩾤	鶻	reduction	mj-shrink-map	merge	MJ055414: 法務省戸籍法関連通達・通知, 種別 戸籍統一文字情報 親字・正字, ホップ数 1
U+9DBB	𩾥	鶻	reduction	mj-shrink-map	merge	MJ055415: 法務省戸籍法関連通達・通知, 種別 戸籍統一文字情報 親字・正字, ホップ数 1
U+9DBB	𩾲	鶻	reduction	mj-shrink-map	merge	MJ055420: 法務省戸籍法関連通達・通知, 種別 戸籍統一文字情報 親字・正字, ホップ数 1
U+9DBB	𩾻	鶻	reduction	mj-shrink-map	merge	MJ055428: 法務省戸籍法関連通達・通知, 種別 戸籍統一文字情報 親字・正字, ホップ数 1
U+9DBB	𪆸	鶻	reduction	mj-shrink-map	merge	MJ055783: 法務省戸籍法関連通達・通知, 種別 戸籍統一文字情報 親字・正字, ホップ数 1
U+9DBF	䲿	鶿	reduction	mj-shrink-map	merge	MJ006052: 法務省戸籍法関連通達・通知, 種別 戸籍統一文字情報 親字・正字, ホップ数 1
U+9DBF	𪇔	鶿	reduction	mj-shrink-map	merge	MJ055803: 法務省戸籍法関連通達・通知, 種別 戸籍統一文字情報 親字・正字, ホップ数 1
U+9DC2	𩀘	鷂	reduction	mj-shrink-map	merge	MJ052642: 法務省戸籍法関連通達・通知, 種別 戸籍統一文字情報 親字・正字, ホップ数 1
U+9DC3	䨃	鷃	reduction	mj-shrink-map	merge	MJ005355: 法務省戸籍法関連通達・通知, 種別 戸籍統一文字情報 親字・正字, ホップ数 1
U+9DC6	鷏	鷆	reduction	mj-shrink-map	merge	MJ029681: 法務省戸籍法関連通達・通知, 種別 戸籍統一文字情報 親字・正字, ホップ数 1
U+9DC6	鷆	鷏	variant	cjkvi-variants	corroborates	鷆→鷏 jisx0212/variant | 鷆→鷏 jisx0213/variant | 鷆→鷏 ucs-scs/variant
U+9DC6	鷆	鷏	variant	wikidata	corroborates	Q109770559; P248 Q10427532 | Q109770569; P248 Q10427532
U+9DC6	鷆	鷏	equivalent	yitizi	corroborates	ytenx/JihThex.csv
U+9DC7	𣪸	鷇	reduction	mj-shrink-map	merge	MJ038929: 法務省戸籍法関連通達・通知, 種別 戸籍統一文字情報 親字・正字, ホップ数 1
U+9DC7	𩀠	鷇	reduction	mj-shrink-map	merge	MJ052650: 法務省戸籍法関連通達・通知, 種別 戸籍統一文字情報 親字・正字, ホップ数 1
U+9DC7	𪈞	鷇	reduction	mj-shrink-map	merge	MJ055856: 法務省戸籍法関連通達・通知, 種別 戸籍統一文字情報 親字・正字, ホップ数 1
U+9DC9	𩀗	鷉	reduction	mj-shrink-map	merge	MJ052641: 法務省戸籍法関連通達・通知, 種別 戸籍統一文字情報 親字・正字, ホップ数 1
U+9DD7	鴎	鷗	reduction	mj-shrink-map	merge	MJ029458: 法務省戸籍法関連通達・通知, 種別 戸籍統一文字情報 親字・正字, ホップ数 1
U+9DDA	𪅡	鷚	reduction	mj-shrink-map	merge	MJ055727: 法務省戸籍法関連通達・通知, 種別 戸籍統一文字情報 親字・正字, ホップ数 1
U+9DDF	𩀥	鷟	reduction	mj-shrink-map	merge	MJ052654: 法務省戸籍法関連通達・通知, 種別 戸籍統一文字情報 親字・正字, ホップ数 1
U+9DE3	𩀽	鷣	reduction	mj-shrink-map	merge	MJ052677: 法務省戸籍法関連通達・通知, 種別 戸籍統一文字情報 親字・正字, ホップ数 1
U+9DE6	𪆅	鷦	reduction	mj-shrink-map	merge	MJ055751: 法務省戸籍法関連通達・通知, 種別 戸籍統一文字情報 親字・正字, ホップ数 1
U+9DE7	𪆖	鷧	reduction	mj-shrink-map	merge	MJ055761: 法務省戸籍法関連通達・通知, 種別 戸籍統一文字情報 親字・正字, ホップ数 1
U+9DED	𩀷	鷭	reduction	mj-shrink-map	merge	MJ052671: 法務省戸籍法関連通達・通知, 種別 戸籍統一文字情報 親字・正字, ホップ数 1
U+9DEF	䨅	鷯	reduction	mj-shrink-map	merge	MJ005357: 法務省戸籍法関連通達・通知, 種別 戸籍統一文字情報 親字・正字, ホップ数 1
U+9DF2	𩾵	鷲	reduction	mj-shrink-map	merge	MJ055422: 法務省戸籍法関連通達・通知, 種別 戸籍統一文字情報 親字・正字, ホップ数 1
U+9DF2	𪆩	鷲	reduction	mj-shrink-map	merge	MJ055770: 法務省戸籍法関連通達・通知, 種別 戸籍統一文字情報 親字・正字, ホップ数 1
U+9DF8	𨙧	鷸	reduction	mj-shrink-map	merge	MJ051180: 法務省戸籍法関連通達・通知, 種別 戸籍統一文字情報 親字・正字, ホップ数 1
U+9DF8	𪈄	鷸	reduction	mj-shrink-map	merge	MJ055836: 法務省戸籍法関連通達・通知, 種別 戸籍統一文字情報 親字・正字, ホップ数 1
U+9DF9	䧹	鷹	reduction	mj-shrink-map	merge	MJ005345: 法務省戸籍法関連通達・通知, 種別 戸籍統一文字情報 親字・正字, ホップ数 1
U+9DF9	𤸰	鷹	reduction	mj-shrink-map	merge	MJ041699: 法務省戸籍法関連通達・通知, 種別 戸籍統一文字情報 親字・正字, ホップ数 1
U+9DF9	𨿳	鷹	reduction	mj-shrink-map	merge	MJ052611: 法務省戸籍法関連通達・通知, 種別 戸籍統一文字情報 親字・正字, ホップ数 1
U+9DF9	𪇿	鷹	reduction	mj-shrink-map	merge	MJ055832: 法務省戸籍法関連通達・通知, 種別 戸籍統一文字情報 親字・正字, ホップ数 1
U+9DF9	𫠕	鷹	reduction	mj-shrink-map	merge	MJ059228: 法務省戸籍法関連通達・通知, 種別 戸籍統一文字情報 親字・正字, ホップ数 1
U+9DFA	鷺	鷺	compatibility	unicode-ucd	merge	9DFA
U+9DFA	𩁐	鷺	reduction	mj-shrink-map	merge	MJ052695: 法務省戸籍法関連通達・通知, 種別 戸籍統一文字情報 親字・正字, ホップ数 1
U+9DFA	𪆽	鷺	reduction	mj-shrink-map	merge	MJ055788: 法務省戸籍法関連通達・通知, 種別 戸籍統一文字情報 親字・正字, ホップ数 1
U+9DFD	雤	鷽	reduction	mj-shrink-map	merge	MJ027766: 法務省戸籍法関連通達・通知, 種別 戸籍統一文字情報 親字・正字, ホップ数 1
U+9E07	𩁉	鸇	reduction	mj-shrink-map	merge	MJ052688: 法務省戸籍法関連通達・通知, 種別 戸籍統一文字情報 親字・正字, ホップ数 1
U+9E07	𪄃	鸇	reduction	mj-shrink-map	merge	MJ055669: 法務省戸籍法関連通達・通知, 種別 戸籍統一文字情報 親字・正字, ホップ数 1
U+9E07	𪄐	鸇	reduction	mj-shrink-map	merge	MJ055682: 法務省戸籍法関連通達・通知, 種別 戸籍統一文字情報 親字・正字, ホップ数 1
U+9E07	𪇮	鸇	reduction	mj-shrink-map	merge	MJ055818: 法務省戸籍法関連通達・通知, 種別 戸籍統一文字情報 親字・正字, ホップ数 1
U+9E0D	𩁖	鸍	reduction	mj-shrink-map	merge	MJ052700: 法務省戸籍法関連通達・通知, 種別 戸籍統一文字情報 親字・正字, ホップ数 1
U+9E0D	𩿥	鸍	reduction	mj-shrink-map	merge	MJ055463: 法務省戸籍法関連通達・通知, 種別 戸籍統一文字情報 親字・正字, ホップ数 1
U+9E15	𩁨	鸕	reduction	mj-shrink-map	merge	MJ052714: 法務省戸籍法関連通達・通知, 種別 戸籍統一文字情報 親字・正字, ホップ数 1
U+9E15	𪈒	鸕	reduction	mj-shrink-map	merge	MJ055847: 法務省戸籍法関連通達・通知, 種別 戸籍統一文字情報 親字・正字, ホップ数 1
U+9E1A	䨉	鸚	reduction	mj-shrink-map	merge	MJ005361: 法務省戸籍法関連通達・通知, 種別 戸籍統一文字情報 親字・正字, ホップ数 1
U+9E1A	𪈤	鸚	reduction	mj-shrink-map	merge	MJ055858: 法務省戸籍法関連通達・通知, 種別 戸籍統一文字情報 親字・正字, ホップ数 1
U+9E1B	𪈩	鸛	reduction	mj-shrink-map	merge	MJ055863: 法務省戸籍法関連通達・通知, 種別 戸籍統一文字情報 親字・正字, ホップ数 1
U+9E1D	𪅌	鸝	reduction	mj-shrink-map	merge	MJ055720: 法務省戸籍法関連通達・通知, 種別 戸籍統一文字情報 親字・正字, ホップ数 1
U+9E1D	𪈹	鸝	reduction	mj-shrink-map	merge	MJ055873: 法務省戸籍法関連通達・通知, 種別 戸籍統一文字情報 親字・正字, ホップ数 1
U+9E1E	鸞	鸞	compatibility	unicode-ucd	merge	9E1E
U+9E75	𠧸	鹵	reduction	mj-shrink-map	merge	MJ031800: 法務省戸籍法関連通達・通知, 種別 戸籍統一文字情報 親字・正字, ホップ数 1
U+9E79	醎	鹹	reduction	mj-shrink-map	merge	MJ026510: 法務省戸籍法関連通達・通知, 種別 戸籍統一文字情報 親字・正字, ホップ数 1
U+9E79	𪉳	鹹	reduction	mj-shrink-map	merge	MJ055905: 法務省戸籍法関連通達・通知, 種別 戸籍統一文字情報 親字・正字, ホップ数 1
U+9E7C	𥃡	鹼	reduction	mj-shrink-map	merge	MJ042159: 法務省戸籍法関連通達・通知, 種別 戸籍統一文字情報 親字・正字, ホップ数 1
U+9E7F	鹿	鹿	compatibility	unicode-ucd	merge	9E7F
U+9E7F	𢉖	鹿	reduction	mj-shrink-map	merge	MJ035353: 法務省戸籍法関連通達・通知, 種別 戸籍統一文字情報 親字・正字, ホップ数 1
U+9E7F	𮭱	鹿	reduction	mj-shrink-map	merge	MJ059252: 法務省戸籍法関連通達・通知, 種別 戸籍統一文字情報 親字・正字, ホップ数 1
U+9E80	𪊛	麀	reduction	mj-shrink-map	merge	MJ055938: 法務省戸籍法関連通達・通知, 種別 戸籍統一文字情報 親字・正字, ホップ数 1
U+9E80	𪋎	麀	reduction	mj-shrink-map	merge	MJ055974: 法務省戸籍法関連通達・通知, 種別 戸籍統一文字情報 親字・正字, ホップ数 1
U+9E92	𪊔	麒	reduction	mj-shrink-map	merge	MJ055931: 法務省戸籍法関連通達・通知, 種別 戸籍統一文字情報 親字・正字, ホップ数 1
U+9E93	㯟	麓	reduction	mj-shrink-map	merge	MJ001830: 法務省戸籍法関連通達・通知, 種別 戸籍統一文字情報 親字・正字, ホップ数 1
U+9E93	𣝹	麓	reduction	mj-shrink-map	merge	MJ038372: 法務省戸籍法関連通達・通知, 種別 戸籍統一文字情報 親字・正字, ホップ数 1
U+9E97	麗	麗	compatibility	unicode-ucd	merge	9E97
U+9E97	䴡	麗	reduction	mj-shrink-map	merge	MJ006146: 法務省戸籍法関連通達・通知, 種別 戸籍統一文字情報 親字・正字, ホップ数 1
U+9E97	婯	麗	reduction	mj-shrink-map	merge	MJ009808: 法務省戸籍法関連通達・通知, 種別 戸籍統一文字情報 親字・正字, ホップ数 1
U+9E97	𠀙	麗	reduction	mj-shrink-map	merge	MJ030329: 法務省戸籍法関連通達・通知, 種別 戸籍統一文字情報 親字・正字, ホップ数 1
U+9E97	𠧥	麗	reduction	mj-shrink-map	merge	MJ031788: 法務省戸籍法関連通達・通知, 種別 戸籍統一文字情報 親字・正字, ホップ数 1
U+9E97	𡡜	麗	reduction	mj-shrink-map	merge	MJ033747: 法務省戸籍法関連通達・通知, 種別 戸籍統一文字情報 親字・正字, ホップ数 1
U+9E97	𪋘	麗	reduction	mj-shrink-map	merge	MJ055983: 法務省戸籍法関連通達・通知, 種別 戸籍統一文字情報 親字・正字, ホップ数 1
U+9E97	𮭶	麗	reduction	mj-shrink-map	merge	MJ059253: 法務省戸籍法関連通達・通知, 種別 戸籍統一文字情報 親字・正字, ホップ数 1
U+9E97	𮭷	麗	reduction	mj-shrink-map	merge	MJ059254: 法務省戸籍法関連通達・通知, 種別 戸籍統一文字情報 親字・正字, ホップ数 1
U+9E97	𮭹	麗	reduction	mj-shrink-map	merge	MJ059255: 法務省戸籍法関連通達・通知, 種別 戸籍統一文字情報 親字・正字, ホップ数 1
U+9E9D	𤚑	麝	reduction	mj-shrink-map	merge	MJ040505: 法務省戸籍法関連通達・通知, 種別 戸籍統一文字情報 親字・正字, ホップ数 1
U+9E9D	𪋧	麝	reduction	mj-shrink-map	merge	MJ055993: 法務省戸籍法関連通達・通知, 種別 戸籍統一文字情報 親字・正字, ホップ数 1
U+9E9F	麟	麟	compatibility	unicode-ucd	merge	9E9F
U+9E9F	𪋲	麟	reduction	mj-shrink-map	merge	MJ056001: 法務省戸籍法関連通達・通知, 種別 戸籍統一文字情報 親字・正字, ホップ数 1
U+9E9F	𪋷	麟	reduction	mj-shrink-map	merge	MJ056004: 法務省戸籍法関連通達・通知, 種別 戸籍統一文字情報 親字・正字, ホップ数 1
U+9EA4	麁	麤	reduction	mj-shrink-map	merge	MJ029781: 法務省戸籍法関連通達・通知, 種別 戸籍統一文字情報 親字・正字, ホップ数 1
U+9EA4	麄	麤	reduction	mj-shrink-map	merge	MJ029785: 法務省戸籍法関連通達・通知, 種別 戸籍統一文字情報 親字・正字, ホップ数 1
U+9EA4	𡔙	麤	reduction	mj-shrink-map	merge	MJ033279: 法務省戸籍法関連通達・通知, 種別 戸籍統一文字情報 親字・正字, ホップ数 1
U+9EA4	𫝖	麁	reduction	mj-shrink-map	merge	MJ057113: 法務省戸籍法関連通達・通知, 種別 戸籍統一文字情報 親字・正字, ホップ数 1
U+9EA6	麥	麦	reduction	mj-shrink-map	merge	MJ029824: 法務省戸籍法関連通達・通知, 種別 戸籍統一文字情報 親字・正字, ホップ数 1
U+9EA8	𪍉	麨	reduction	mj-shrink-map	merge	MJ056073: 法務省戸籍法関連通達・通知, 種別 戸籍統一文字情報 親字・正字, ホップ数 1
U+9EA8	𪍑	麨	reduction	mj-shrink-map	merge	MJ056080: 法務省戸籍法関連通達・通知, 種別 戸籍統一文字情報 親字・正字, ホップ数 1
U+9EA9	䴸	麩	reduction	mj-shrink-map	merge	MJ006169: 法務省戸籍法関連通達・通知, 種別 戸籍統一文字情報 親字・正字, ホップ数 1
U+9EA9	麬	麩	reduction	mj-shrink-map	merge	MJ029835: 法務省戸籍法関連通達・通知, 種別 戸籍統一文字情報 親字・正字, ホップ数 1
U+9EA9	麱	麩	reduction	mj-shrink-map	merge	MJ029845: 法務省戸籍法関連通達・通知, 種別 戸籍統一文字情報 親字・正字, ホップ数 1
U+9EAA	糆	麪	reduction	mj-shrink-map	merge	MJ019885: 法務省戸籍法関連通達・通知, 種別 戸籍統一文字情報 親字・正字, ホップ数 1
U+9EAA	麫	麪	reduction	mj-shrink-map	merge	MJ029834: 法務省戸籍法関連通達・通知, 種別 戸籍統一文字情報 親字・正字, ホップ数 1
U+9EAA	麵	麪	reduction	mj-shrink-map	merge	MJ029849: 法務省戸籍法関連通達・通知, 種別 戸籍統一文字情報 親字・正字, ホップ数 1
U+9EB4	麯	麴	reduction	mj-shrink-map	merge	MJ029841: 法務省戸籍法関連通達・通知, 種別 戸籍統一文字情報 親字・正字, ホップ数 1
U+9EB4	𪋼	麴	reduction	mj-shrink-map	merge	MJ056009: 法務省戸籍法関連通達・通知, 種別 戸籍統一文字情報 親字・正字, ホップ数 1
U+9EB4	𪌗	麴	reduction	mj-shrink-map	merge	MJ056032: 法務省戸籍法関連通達・通知, 種別 戸籍統一文字情報 親字・正字, ホップ数 1
U+9EB4	𪌬	麴	reduction	mj-shrink-map	merge	MJ056045: 法務省戸籍法関連通達・通知, 種別 戸籍統一文字情報 親字・正字, ホップ数 1
U+9EB4	𪍚	麴	reduction	mj-shrink-map	merge	MJ056087: 法務省戸籍法関連通達・通知, 種別 戸籍統一文字情報 親字・正字, ホップ数 1
U+9EBB	麻	麻	compatibility	unicode-ucd	merge	9EBB
U+9EBB	𦱍	麻	reduction	mj-shrink-map	merge	MJ046500: 法務省戸籍法関連通達・通知, 種別 戸籍統一文字情報 親字・正字, ホップ数 1
U+9EBB	𦲬	麻	reduction	mj-shrink-map	merge	MJ046555: 法務省戸籍法関連通達・通知, 種別 戸籍統一文字情報 親字・正字, ホップ数 1
U+9EBC	𡮡	麼	reduction	mj-shrink-map	merge	MJ034229: 法務省戸籍法関連通達・通知, 種別 戸籍統一文字情報 親字・正字, ホップ数 1
U+9EBC	𤹳	麼	reduction	mj-shrink-map	merge	MJ041743: 法務省戸籍法関連通達・通知, 種別 戸籍統一文字情報 親字・正字, ホップ数 1
U+9EBD	尛	麽	reduction	mj-shrink-map	merge	MJ010297: 法務省戸籍法関連通達・通知, 種別 戸籍統一文字情報 親字・正字, ホップ数 1
U+9EBE	𣬡	麾	reduction	mj-shrink-map	merge	MJ038994: 法務省戸籍法関連通達・通知, 種別 戸籍統一文字情報 親字・正字, ホップ数 1
U+9EBE	𪎜	麾	reduction	mj-shrink-map	merge	MJ056138: 法務省戸籍法関連通達・通知, 種別 戸籍統一文字情報 親字・正字, ホップ数 1
U+9EBE	𪎮	麾	reduction	mj-shrink-map	merge	MJ056153: 法務省戸籍法関連通達・通知, 種別 戸籍統一文字情報 親字・正字, ホップ数 1
U+9EC3	𡕛	黃	reduction	mj-shrink-map	merge	MJ033325: 法務省戸籍法関連通達・通知, 種別 戸籍統一文字情報 親字・正字, ホップ数 1
U+9ECC	𣍜	黌	reduction	mj-shrink-map	merge	MJ037873: 法務省戸籍法関連通達・通知, 種別 戸籍統一文字情報 親字・正字, ホップ数 1
U+9ECC	𪏬	黌	reduction	mj-shrink-map	merge	MJ056208: 法務省戸籍法関連通達・通知, 種別 戸籍統一文字情報 親字・正字, ホップ数 1
U+9ECD	𥞆	黍	reduction	mj-shrink-map	merge	MJ043161: 法務省戸籍法関連通達・通知, 種別 戸籍統一文字情報 親字・正字, ホップ数 1
U+9ECD	𮮐	黍	reduction	mj-shrink-map	merge	MJ059265: 法務省戸籍法関連通達・通知, 種別 戸籍統一文字情報 親字・正字, ホップ数 1
U+9ECD	𮮑	黍	reduction	mj-shrink-map	merge	MJ059264: 法務省戸籍法関連通達・通知, 種別 戸籍統一文字情報 親字・正字, ホップ数 1
U+9ECE	黎	黎	compatibility	unicode-ucd	merge	9ECE
U+9ECE	𥠖	黎	reduction	mj-shrink-map	merge	MJ057517: 法務省戸籍法関連通達・通知, 種別 戸籍統一文字情報 親字・正字, ホップ数 1
U+9ECE	𥡚	黎	reduction	mj-shrink-map	merge	MJ043263: 法務省戸籍法関連通達・通知, 種別 戸籍統一文字情報 親字・正字, ホップ数 1
U+9ECE	𥢀	黎	reduction	mj-shrink-map	merge	MJ043288: 法務省戸籍法関連通達・通知, 種別 戸籍統一文字情報 親字・正字, ホップ数 1
U+9ECE	𦴙	黎	reduction	mj-shrink-map	merge	MJ046641: 法務省戸籍法関連通達・通知, 種別 戸籍統一文字情報 親字・正字, ホップ数 1
U+9ECE	𨝟	黎	reduction	mj-shrink-map	merge	MJ051371: 法務省戸籍法関連通達・通知, 種別 戸籍統一文字情報 親字・正字, ホップ数 1
U+9ECE	𪏯	黎	reduction	mj-shrink-map	merge	MJ056210: 法務省戸籍法関連通達・通知, 種別 戸籍統一文字情報 親字・正字, ホップ数 1
U+9ECE	𭕋	黎	reduction	mj-shrink-map	merge	MJ057363: 法務省戸籍法関連通達・通知, 種別 戸籍統一文字情報 親字・正字, ホップ数 1
U+9ED2	黑	黒	z	unihan	merge	黑→黒 kZVariant | 黒→黑 kZVariant
U+9ED2	黑	黒	reduction	mj-shrink-map	merge	MJ029892: 法務省戸籍法関連通達・通知, 種別 戸籍統一文字情報 親字・正字, ホップ数 1
U+9ED2	𪐗	黑	reduction	mj-shrink-map	merge	MJ056242: 法務省戸籍法関連通達・通知, 種別 戸籍統一文字情報 親字・正字, ホップ数 1
U+9ED2	𪐫	黑	reduction	mj-shrink-map	merge	MJ056260: 法務省戸籍法関連通達・通知, 種別 戸籍統一文字情報 親字・正字, ホップ数 1
U+9ED9	默	黙	reduction	mj-shrink-map	merge	MJ029901: 法務省戸籍法関連通達・通知, 種別 戸籍統一文字情報 親字・正字, ホップ数 1
U+9EDB	黱	黛	reduction	mj-shrink-map	merge	MJ029933: 法務省戸籍法関連通達・通知, 種別 戸籍統一文字情報 親字・正字, ホップ数 1
U+9EE7	𪒁	黧	reduction	mj-shrink-map	merge	MJ056330: 法務省戸籍法関連通達・通知, 種別 戸籍統一文字情報 親字・正字, ホップ数 1
U+9EE7	𪒚	黧	reduction	mj-shrink-map	merge	MJ056350: 法務省戸籍法関連通達・通知, 種別 戸籍統一文字情報 親字・正字, ホップ数 1
U+9EE7	𪒺	黧	reduction	mj-shrink-map	merge	MJ056373: 法務省戸籍法関連通達・通知, 種別 戸籍統一文字情報 親字・正字, ホップ数 1
U+9EF4	𪑛	黴	reduction	mj-shrink-map	merge	MJ056297: 法務省戸籍法関連通達・通知, 種別 戸籍統一文字情報 親字・正字, ホップ数 1
U+9EF6	𪒞	黶	reduction	mj-shrink-map	merge	MJ056354: 法務省戸籍法関連通達・通知, 種別 戸籍統一文字情報 親字・正字, ホップ数 1
U+9EF9	黹	黹	compatibility	unicode-ucd	merge	9EF9
U+9EF9	𮮠	黹	reduction	mj-shrink-map	merge	MJ058676: 法務省戸籍法関連通達・通知, 種別 戸籍統一文字情報 親字・正字, ホップ数 1
U+9EFB	𦓗	黻	reduction	mj-shrink-map	merge	MJ045258: 法務省戸籍法関連通達・通知, 種別 戸籍統一文字情報 親字・正字, ホップ数 1
U+9EFC	𦓞	黼	reduction	mj-shrink-map	merge	MJ045262: 法務省戸籍法関連通達・通知, 種別 戸籍統一文字情報 親字・正字, ホップ数 1
U+9EFD	𦋍	黽	reduction	mj-shrink-map	merge	MJ044882: 法務省戸籍法関連通達・通知, 種別 戸籍統一文字情報 親字・正字, ホップ数 1
U+9EFD	𪓑	黽	reduction	mj-shrink-map	merge	MJ056391: 法務省戸籍法関連通達・通知, 種別 戸籍統一文字情報 親字・正字, ホップ数 1
U+9EFD	𪓕	黽	reduction	mj-shrink-map	merge	MJ056395: 法務省戸籍法関連通達・通知, 種別 戸籍統一文字情報 親字・正字, ホップ数 1
U+9EFD	𪓖	黽	reduction	mj-shrink-map	merge	MJ056396: 法務省戸籍法関連通達・通知, 種別 戸籍統一文字情報 親字・正字, ホップ数 1
U+9EFD	𪓝	黽	reduction	mj-shrink-map	merge	MJ056400: 法務省戸籍法関連通達・通知, 種別 戸籍統一文字情報 親字・正字, ホップ数 1
U+9EFE	黾	黾	compatibility	unicode-ucd	merge	9EFE
U+9EFF	𠀻	黿	reduction	mj-shrink-map	merge	MJ030344: 法務省戸籍法関連通達・通知, 種別 戸籍統一文字情報 親字・正字, ホップ数 1
U+9EFF	𠒞	黿	reduction	mj-shrink-map	merge	MJ030931: 法務省戸籍法関連通達・通知, 種別 戸籍統一文字情報 親字・正字, ホップ数 1
U+9EFF	𪓒	黿	reduction	mj-shrink-map	merge	MJ056392: 法務省戸籍法関連通達・通知, 種別 戸籍統一文字情報 親字・正字, ホップ数 1
U+9F02	𪓨	鼂	reduction	mj-shrink-map	merge	MJ056407: 法務省戸籍法関連通達・通知, 種別 戸籍統一文字情報 親字・正字, ホップ数 1
U+9F02	𪓲	鼂	reduction	mj-shrink-map	merge	MJ056415: 法務省戸籍法関連通達・通知, 種別 戸籍統一文字情報 親字・正字, ホップ数 1
U+9F05	鼅	鼅	compatibility	unicode-ucd	merge	9F05
U+9F07	𪓴	鼇	reduction	mj-shrink-map	merge	MJ056416: 法務省戸籍法関連通達・通知, 種別 戸籍統一文字情報 親字・正字, ホップ数 1
U+9F07	𪓶	鼇	reduction	mj-shrink-map	merge	MJ056418: 法務省戸籍法関連通達・通知, 種別 戸籍統一文字情報 親字・正字, ホップ数 1
U+9F07	𪓾	鼇	reduction	mj-shrink-map	merge	MJ056425: 法務省戸籍法関連通達・通知, 種別 戸籍統一文字情報 親字・正字, ホップ数 1
U+9F08	鱉	鼈	reduction	mj-shrink-map	merge	MJ029349: 法務省戸籍法関連通達・通知, 種別 戸籍統一文字情報 親字・正字, ホップ数 1
U+9F0E	㫀	鼎	reduction	mj-shrink-map	merge	MJ001562: 法務省戸籍法関連通達・通知, 種別 戸籍統一文字情報 親字・正字, ホップ数 1
U+9F0E	𣃊	鼎	reduction	mj-shrink-map	merge	MJ037531: 法務省戸籍法関連通達・通知, 種別 戸籍統一文字情報 親字・正字, ホップ数 1
U+9F0E	𥅀	鼎	reduction	mj-shrink-map	merge	MJ042235: 法務省戸籍法関連通達・通知, 種別 戸籍統一文字情報 親字・正字, ホップ数 1
U+9F0E	𭤥	鼎	reduction	mj-shrink-map	merge	MJ057627: 法務省戸籍法関連通達・通知, 種別 戸籍統一文字情報 親字・正字, ホップ数 1
U+9F0F	鼏	鼏	compatibility	unicode-ucd	merge	9F0F
U+9F13	𡔷	鼓	reduction	mj-shrink-map	merge	MJ033302: 法務省戸籍法関連通達・通知, 種別 戸籍統一文字情報 親字・正字, ホップ数 1
U+9F13	𩉨	鼓	reduction	mj-shrink-map	merge	MJ053063: 法務省戸籍法関連通達・通知, 種別 戸籍統一文字情報 親字・正字, ホップ数 1
U+9F13	𩉩	鼓	reduction	mj-shrink-map	merge	MJ053064: 法務省戸籍法関連通達・通知, 種別 戸籍統一文字情報 親字・正字, ホップ数 1
U+9F13	𩊉	鼓	reduction	mj-shrink-map	merge	MJ053091: 法務省戸籍法関連通達・通知, 種別 戸籍統一文字情報 親字・正字, ホップ数 1
U+9F13	𪔎	鼓	reduction	mj-shrink-map	merge	MJ056441: 法務省戸籍法関連通達・通知, 種別 戸籍統一文字情報 親字・正字, ホップ数 1
U+9F13	𪔐	鼓	reduction	mj-shrink-map	merge	MJ056443: 法務省戸籍法関連通達・通知, 種別 戸籍統一文字情報 親字・正字, ホップ数 1
U+9F13	𪔨	鼓	reduction	mj-shrink-map	merge	MJ056461: 法務省戸籍法関連通達・通知, 種別 戸籍統一文字情報 親字・正字, ホップ数 1
U+9F15	㲇	鼕	reduction	mj-shrink-map	merge	MJ001988: 法務省戸籍法関連通達・通知, 種別 戸籍統一文字情報 親字・正字, ホップ数 1
U+9F15	𪔝	鼕	reduction	mj-shrink-map	merge	MJ056453: 法務省戸籍法関連通達・通知, 種別 戸籍統一文字情報 親字・正字, ホップ数 1
U+9F16	鼖	鼖	compatibility	unicode-ucd	merge	9F16
U+9F17	鞉	鼗	reduction	mj-shrink-map	merge	MJ027977: 法務省戸籍法関連通達・通知, 種別 戸籍統一文字情報 親字・正字, ホップ数 1
U+9F17	𪔛	鼗	reduction	mj-shrink-map	merge	MJ056451: 法務省戸籍法関連通達・通知, 種別 戸籍統一文字情報 親字・正字, ホップ数 1
U+9F20	䑕	鼠	reduction	mj-shrink-map	merge	MJ003907: 法務省戸籍法関連通達・通知, 種別 戸籍統一文字情報 親字・正字, ホップ数 1
U+9F20	𣆨	鼠	reduction	mj-shrink-map	merge	MJ057663: 法務省戸籍法関連通達・通知, 種別 戸籍統一文字情報 親字・正字, ホップ数 1
U+9F20	𤔆	鼠	reduction	mj-shrink-map	merge	MJ059270: 法務省戸籍法関連通達・通知, 種別 戸籍統一文字情報 親字・正字, ホップ数 1
U+9F20	𦥩	鼠	reduction	mj-shrink-map	merge	MJ045983: 法務省戸籍法関連通達・通知, 種別 戸籍統一文字情報 親字・正字, ホップ数 1
U+9F21	鼡	𡿳	itaiji	mj-kanji	merge	X0213 包摂
U+9F21	𡿳	鼡	reduction	mj-shrink-map	merge	MJ030003: 法務省戸籍法関連通達・通知, 種別 戸籍統一文字情報 親字・正字, ホップ数 1
U+9F2C	𪕏	鼬	reduction	mj-shrink-map	merge	MJ056495: 法務省戸籍法関連通達・通知, 種別 戸籍統一文字情報 親字・正字, ホップ数 1
U+9F2C	𫠘	鼬	reduction	mj-shrink-map	merge	MJ059271: 法務省戸籍法関連通達・通知, 種別 戸籍統一文字情報 親字・正字, ホップ数 1
U+9F2F	𪁙	鼯	reduction	mj-shrink-map	merge	MJ055538: 法務省戸籍法関連通達・通知, 種別 戸籍統一文字情報 親字・正字, ホップ数 1
U+9F2F	𪕜	鼯	reduction	mj-shrink-map	merge	MJ056505: 法務省戸籍法関連通達・通知, 種別 戸籍統一文字情報 親字・正字, ホップ数 1
U+9F3A	𤢹	鼺	reduction	mj-shrink-map	merge	MJ040904: 法務省戸籍法関連通達・通知, 種別 戸籍統一文字情報 親字・正字, ホップ数 1
U+9F3B	鼻	鼻	compatibility	unicode-ucd	merge	9F3B
U+9F3B	𢊵	鼻	reduction	mj-shrink-map	merge	MJ035415: 法務省戸籍法関連通達・通知, 種別 戸籍統一文字情報 親字・正字, ホップ数 1
U+9F3B	𢍂	鼻	reduction	mj-shrink-map	merge	MJ035499: 法務省戸籍法関連通達・通知, 種別 戸籍統一文字情報 親字・正字, ホップ数 1
U+9F3B	𮮰	鼻	reduction	mj-shrink-map	merge	MJ059275: 法務省戸籍法関連通達・通知, 種別 戸籍統一文字情報 親字・正字, ホップ数 1
U+9F3B	𮮱	鼻	reduction	mj-shrink-map	merge	MJ059277: 法務省戸籍法関連通達・通知, 種別 戸籍統一文字情報 親字・正字, ホップ数 1
U+9F3B	𮮲	鼻	reduction	mj-shrink-map	merge	MJ059273: 法務省戸籍法関連通達・通知, 種別 戸籍統一文字情報 親字・正字, ホップ数 1
U+9F3B	𮮳	鼻	reduction	mj-shrink-map	merge	MJ059272: 法務省戸籍法関連通達・通知, 種別 戸籍統一文字情報 親字・正字, ホップ数 1
U+9F3B	𮮴	鼻	reduction	mj-shrink-map	merge	MJ059276: 法務省戸籍法関連通達・通知, 種別 戸籍統一文字情報 親字・正字, ホップ数 1
U+9F3B	𮮵	鼻	reduction	mj-shrink-map	merge	MJ059274: 法務省戸籍法関連通達・通知, 種別 戸籍統一文字情報 親字・正字, ホップ数 1
U+9F3D	𪖒	鼽	reduction	mj-shrink-map	merge	MJ056552: 法務省戸籍法関連通達・通知, 種別 戸籍統一文字情報 親字・正字, ホップ数 1
U+9F3D	𪖓	鼽	reduction	mj-shrink-map	merge	MJ056553: 法務省戸籍法関連通達・通知, 種別 戸籍統一文字情報 親字・正字, ホップ数 1
U+9F43	齃	齃	compatibility	unicode-ucd	merge	9F43
U+9F46	𪖵	齆	reduction	mj-shrink-map	merge	MJ056574: 法務省戸籍法関連通達・通知, 種別 戸籍統一文字情報 親字・正字, ホップ数 1
U+9F4E	䝴	齎	reduction	mj-shrink-map	merge	MJ004733: 法務省戸籍法関連通達・通知, 種別 戸籍統一文字情報 親字・正字, ホップ数 1
U+9F4E	賫	齎	reduction	mj-shrink-map	merge	MJ025085: 法務省戸籍法関連通達・通知, 種別 戸籍統一文字情報 親字・正字, ホップ数 1
U+9F4E	賷	齎	reduction	mj-shrink-map	merge	MJ025099: 法務省戸籍法関連通達・通知, 種別 戸籍統一文字情報 親字・正字, ホップ数 1
U+9F4E	𠬎	齎	reduction	mj-shrink-map	merge	MJ032002: 法務省戸籍法関連通達・通知, 種別 戸籍統一文字情報 親字・正字, ホップ数 1
U+9F4E	𧷔	齎	reduction	mj-shrink-map	merge	MJ049700: 法務省戸籍法関連通達・通知, 種別 戸籍統一文字情報 親字・正字, ホップ数 1
U+9F4F	韲	齏	reduction	mj-shrink-map	merge	MJ028121: 法務省戸籍法関連通達・通知, 種別 戸籍統一文字情報 親字・正字, ホップ数 1
U+9F4F	韲	齏	variant	cjkvi-variants	corroborates	韲→齏 jisx0213/variant | 齏→韲 hydzd/variant | 齏→韲 jisx0212/variant | 齏→韲 twedu/variant
U+9F4F	韲	齏	variant	wikidata	corroborates	Q109766377; P248 Q10427532 | Q109770984; P248 Q10427532
U+9F4F	韲	齏	equivalent	yitizi	corroborates	ytenx/JihThex.csv
U+9F4F	𦦏	韲	reduction	mj-shrink-map	merge	MJ046017: 法務省戸籍法関連通達・通知, 種別 戸籍統一文字情報 親字・正字, ホップ数 1
U+9F4F	𩐊	𩐊	compatibility	unicode-ucd	merge	2940A
U+9F4F	𩐊	齏	reduction	mj-shrink-map	merge	MJ053391: 法務省戸籍法関連通達・通知, 種別 戸籍統一文字情報 親字・正字, ホップ数 1
U+9F54	𪗠	齔	reduction	mj-shrink-map	merge	MJ056606: 法務省戸籍法関連通達・通知, 種別 戸籍統一文字情報 親字・正字, ホップ数 1
U+9F54	𪗥	齔	reduction	mj-shrink-map	merge	MJ056611: 法務省戸籍法関連通達・通知, 種別 戸籍統一文字情報 親字・正字, ホップ数 1
U+9F55	𪗚	齕	reduction	mj-shrink-map	merge	MJ056600: 法務省戸籍法関連通達・通知, 種別 戸籍統一文字情報 親字・正字, ホップ数 1
U+9F55	𪗟	齕	reduction	mj-shrink-map	merge	MJ056605: 法務省戸籍法関連通達・通知, 種別 戸籍統一文字情報 親字・正字, ホップ数 1
U+9F57	𪗯	齗	reduction	mj-shrink-map	merge	MJ056621: 法務省戸籍法関連通達・通知, 種別 戸籍統一文字情報 親字・正字, ホップ数 1
U+9F57	𪘎	齗	reduction	mj-shrink-map	merge	MJ056647: 法務省戸籍法関連通達・通知, 種別 戸籍統一文字情報 親字・正字, ホップ数 1
U+9F58	𪗢	齘	reduction	mj-shrink-map	merge	MJ056608: 法務省戸籍法関連通達・通知, 種別 戸籍統一文字情報 親字・正字, ホップ数 1
U+9F58	𪗣	齘	reduction	mj-shrink-map	merge	MJ056609: 法務省戸籍法関連通達・通知, 種別 戸籍統一文字情報 親字・正字, ホップ数 1
U+9F5D	呞	齝	reduction	mj-shrink-map	merge	MJ008148: 法務省戸籍法関連通達・通知, 種別 戸籍統一文字情報 親字・正字, ホップ数 1
U+9F5D	𪗪	齝	reduction	mj-shrink-map	merge	MJ056616: 法務省戸籍法関連通達・通知, 種別 戸籍統一文字情報 親字・正字, ホップ数 1
U+9F5D	𪗺	齝	reduction	mj-shrink-map	merge	MJ056630: 法務省戸籍法関連通達・通知, 種別 戸籍統一文字情報 親字・正字, ホップ数 1
U+9F5D	𪙋	齝	reduction	mj-shrink-map	merge	MJ056701: 法務省戸籍法関連通達・通知, 種別 戸籍統一文字情報 親字・正字, ホップ数 1
U+9F5F	䶥	齟	reduction	mj-shrink-map	merge	MJ006279: 法務省戸籍法関連通達・通知, 種別 戸籍統一文字情報 親字・正字, ホップ数 1
U+9F5F	𪗱	齟	reduction	mj-shrink-map	merge	MJ056622: 法務省戸籍法関連通達・通知, 種別 戸籍統一文字情報 親字・正字, ホップ数 1
U+9F62	秢	齡	reduction	mj-shrink-map	merge	MJ019030: 法務省戸籍法関連通達・通知, 種別 戸籍統一文字情報 親字・正字, ホップ数 1
U+9F62	齡	齢	reduction	mj-shrink-map	merge	MJ030089: 法務省戸籍法関連通達・通知, 種別 戸籍統一文字情報 親字・正字, ホップ数 1
U+9F62	𪗲	齡	reduction	mj-shrink-map	merge	MJ056623: 法務省戸籍法関連通達・通知, 種別 戸籍統一文字情報 親字・正字, ホップ数 1
U+9F66	㸧	齦	reduction	mj-shrink-map	merge	MJ002358: 法務省戸籍法関連通達・通知, 種別 戸籍統一文字情報 親字・正字, ホップ数 1
U+9F66	𪘄	齦	reduction	mj-shrink-map	merge	MJ056640: 法務省戸籍法関連通達・通知, 種別 戸籍統一文字情報 親字・正字, ホップ数 1
U+9F66	𪘟	齦	reduction	mj-shrink-map	merge	MJ056662: 法務省戸籍法関連通達・通知, 種別 戸籍統一文字情報 親字・正字, ホップ数 1
U+9F67	𠼜	齧	reduction	mj-shrink-map	merge	MJ032532: 法務省戸籍法関連通達・通知, 種別 戸籍統一文字情報 親字・正字, ホップ数 1
U+9F67	𪘅	齧	reduction	mj-shrink-map	merge	MJ056641: 法務省戸籍法関連通達・通知, 種別 戸籍統一文字情報 親字・正字, ホップ数 1
U+9F67	𪘖	齧	reduction	mj-shrink-map	merge	MJ056655: 法務省戸籍法関連通達・通知, 種別 戸籍統一文字情報 親字・正字, ホップ数 1
U+9F67	𪙓	齧	reduction	mj-shrink-map	merge	MJ056709: 法務省戸籍法関連通達・通知, 種別 戸籍統一文字情報 親字・正字, ホップ数 1
U+9F69	䶧	齩	reduction	mj-shrink-map	merge	MJ006281: 法務省戸籍法関連通達・通知, 種別 戸籍統一文字情報 親字・正字, ホップ数 1
U+9F69	嚙	齩	reduction	mj-shrink-map	merge	MJ008740: 法務省戸籍法関連通達・通知, 種別 戸籍統一文字情報 親字・正字, ホップ数 1
U+9F69	𪗡	齩	reduction	mj-shrink-map	merge	MJ056607: 法務省戸籍法関連通達・通知, 種別 戸籍統一文字情報 親字・正字, ホップ数 1
U+9F6A	𪘛	齪	reduction	mj-shrink-map	merge	MJ056659: 法務省戸籍法関連通達・通知, 種別 戸籍統一文字情報 親字・正字, ホップ数 1
U+9F6A	𪘮	齪	reduction	mj-shrink-map	merge	MJ056676: 法務省戸籍法関連通達・通知, 種別 戸籍統一文字情報 親字・正字, ホップ数 1
U+9F6C	𪘚	齬	reduction	mj-shrink-map	merge	MJ056658: 法務省戸籍法関連通達・通知, 種別 戸籍統一文字情報 親字・正字, ホップ数 1
U+9F6D	齼	齭	reduction	mj-shrink-map	merge	MJ030120: 法務省戸籍法関連通達・通知, 種別 戸籍統一文字情報 親字・正字, ホップ数 1
U+9F6D	𪘷	齭	reduction	mj-shrink-map	merge	MJ056683: 法務省戸籍法関連通達・通知, 種別 戸籍統一文字情報 親字・正字, ホップ数 1
U+9F70	䶡	齰	reduction	mj-shrink-map	merge	MJ006275: 法務省戸籍法関連通達・通知, 種別 戸籍統一文字情報 親字・正字, ホップ数 1
U+9F70	齚	齰	reduction	mj-shrink-map	merge	MJ030081: 法務省戸籍法関連通達・通知, 種別 戸籍統一文字情報 親字・正字, ホップ数 1
U+9F70	𪙮	齰	reduction	mj-shrink-map	merge	MJ056732: 法務省戸籍法関連通達・通知, 種別 戸籍統一文字情報 親字・正字, ホップ数 1
U+9F72	𤘐	齲	reduction	mj-shrink-map	merge	MJ040417: 法務省戸籍法関連通達・通知, 種別 戸籍統一文字情報 親字・正字, ホップ数 1
U+9F75	𪙃	齵	reduction	mj-shrink-map	merge	MJ056694: 法務省戸籍法関連通達・通知, 種別 戸籍統一文字情報 親字・正字, ホップ数 1
U+9F76	㗁	齶	reduction	mj-shrink-map	merge	MJ000391: 法務省戸籍法関連通達・通知, 種別 戸籍統一文字情報 親字・正字, ホップ数 1
U+9F76	𦠍	齶	reduction	mj-shrink-map	merge	MJ045759: 法務省戸籍法関連通達・通知, 種別 戸籍統一文字情報 親字・正字, ホップ数 1
U+9F76	𪘰	齶	reduction	mj-shrink-map	merge	MJ056677: 法務省戸籍法関連通達・通知, 種別 戸籍統一文字情報 親字・正字, ホップ数 1
U+9F76	𪘽	齶	reduction	mj-shrink-map	merge	MJ056688: 法務省戸籍法関連通達・通知, 種別 戸籍統一文字情報 親字・正字, ホップ数 1
U+9F77	䠎	齷	reduction	mj-shrink-map	merge	MJ004877: 法務省戸籍法関連通達・通知, 種別 戸籍統一文字情報 親字・正字, ホップ数 1
U+9F8E	龎	龎	compatibility	unicode-ucd	merge	9F8E
U+9F95	𪚕	龕	reduction	mj-shrink-map	merge	MJ056762: 法務省戸籍法関連通達・通知, 種別 戸籍統一文字情報 親字・正字, ホップ数 1
U+9F97	𩆇	龗	reduction	mj-shrink-map	merge	MJ052898: 法務省戸籍法関連通達・通知, 種別 戸籍統一文字情報 親字・正字, ホップ数 1
U+9F97	𩆈	龗	reduction	mj-shrink-map	merge	MJ052899: 法務省戸籍法関連通達・通知, 種別 戸籍統一文字情報 親字・正字, ホップ数 1
U+9F97	𪚙	龗	reduction	mj-shrink-map	merge	MJ056768: 法務省戸籍法関連通達・通知, 種別 戸籍統一文字情報 親字・正字, ホップ数 1
U+9FB9	龹	𠔉	z	cjkvi-variants	merge	𠔉→龹 cjkvi/duplicate
U+9FBA	龺	𠦝	z	cjkvi-variants	merge	龺→𠦝 cjkvi/duplicate
U+204F2	𠓲	𣔕	z	cjkvi-variants	merge	𠓲→𣔕 cjkvi/duplicate
U+2051C	𠔜	𠔜	compatibility	unicode-ucd	merge	2051C
U+20525	𠔥	𠔥	compatibility	unicode-ucd	merge	20525
U+2063A	𠘺	𠘺	compatibility	unicode-ucd	merge	2063A
U+20804	𠠄	𠠄	compatibility	unicode-ucd	merge	20804
U+20A2C	𠨬	𠨬	compatibility	unicode-ucd	merge	20A2C
U+20AD3	𡿮	𠫓	reduction	mj-shrink-map	merge	MJ034910: 法務省戸籍法関連通達・通知, 種別 戸籍統一文字情報 親字・正字, ホップ数 1
U+20B63	𠭣	𠭣	compatibility	unicode-ucd	merge	20B63
U+21018	𡀘	𡀼	z	cjkvi-variants	merge	𡀘→𡀼 cjkvi/duplicate
U+214E4	𡓤	𡓤	compatibility	unicode-ucd	merge	214E4
U+216A8	𡚨	𡚨	compatibility	unicode-ucd	merge	216A8
U+216B4	妛	𡚴	reduction	mj-shrink-map	merge	MJ009587: 法務省戸籍法関連通達・通知, 種別 戸籍統一文字情報 親字・正字, ホップ数 1
U+216EA	𡛪	𡛪	compatibility	unicode-ucd	merge	216EA
U+21B18	𡬘	𡬘	compatibility	unicode-ucd	merge	21B18
U+21D0B	𡴋	𡴋	compatibility	unicode-ucd	merge	21D0B
U+21DE4	𡷤	𡷤	compatibility	unicode-ucd	merge	21DE4
U+21F37	𡼷	𤎚	z	cjkvi-variants	merge	𡼷→𤎚 cjkvi/duplicate
U+22183	𢆃	𢆃	compatibility	unicode-ucd	merge	22183
U+2219F	𢆟	𢆟	compatibility	unicode-ucd	merge	2219F
U+2243D	𢐽	𦏚	z	cjkvi-variants	merge	𢐽→𦏚 cjkvi/duplicate
U+22484	𢒄	𢒅	z	cjkvi-variants	merge	𢒄→𢒅 cjkvi/duplicate
U+226D4	𢛔	𢛔	compatibility	unicode-ucd	merge	226D4
U+22844	𢡄	𢡄	compatibility	unicode-ucd	merge	22844
U+22AEE	𢫮	𢬎	z	unihan	merge	𢫮→𢬎 kZVariant | 𢬎→𢫮 kZVariant
U+22B0C	𢬌	𢬌	compatibility	unicode-ucd	merge	22B0C
U+2300A	𣀊	𣀊	compatibility	unicode-ucd	merge	2300A
U+232AB	𣊫	𣊭	z	cjkvi-variants	merge	𣊫→𣊭 cjkvi/duplicate
U+232B8	𣊸	𣊸	compatibility	unicode-ucd	merge	232B8
U+2335F	𣍟	𣍟	compatibility	unicode-ucd	merge	2335F
U+23393	𣎓	𣎓	compatibility	unicode-ucd	merge	23393
U+2339C	𣎜	𣎜	compatibility	unicode-ucd	merge	2339C
U+233D5	𣏕	𣏕	compatibility	unicode-ucd	merge	233D5
U+233D5	杮	𣏕	reduction	mj-shrink-map	merge	MJ013651: 法務省戸籍法関連通達・通知, 種別 戸籍統一文字情報 親字・正字, ホップ数 1
U+2346D	𣑭	𣑭	compatibility	unicode-ucd	merge	2346D
U+236A3	𣚣	𣚣	compatibility	unicode-ucd	merge	236A3
U+2373F	𭫳	𣜿	reduction	mj-shrink-map	merge	MJ057810: 法務省戸籍法関連通達・通知, 種別 戸籍統一文字情報 親字・正字, ホップ数 1
U+23761	𣝡	𣞼	z	cjkvi-variants	merge	𣝡→𣞼 cjkvi/duplicate
U+237C3	𣟃	𬄺	z	unihan	merge	𣟃→𬄺 kZVariant | 𬄺→𣟃 kZVariant
U+238A7	䶾	𣢧	z	unihan	merge	䶾→𣢧 kZVariant | 𣢧→䶾 kZVariant
U+238A7	𣢧	𣢧	compatibility	unicode-ucd	merge	238A7
U+23D1E	𣴞	𣴞	compatibility	unicode-ucd	merge	23D1E
U+23ED1	𣻑	𣻑	compatibility	unicode-ucd	merge	23ED1
U+23F41	𣽁	𣾞	z	cjkvi-variants	merge	𣽁→𣾞 cjkvi/duplicate
U+23F5E	𣽞	𣽞	compatibility	unicode-ucd	merge	23F5E
U+23F8E	𣾎	𣾎	compatibility	unicode-ucd	merge	23F8E
U+24263	𤉣	𤉣	compatibility	unicode-ucd	merge	24263
U+24735	𤜵	𤜵	compatibility	unicode-ucd	merge	24735
U+249BC	𤦼	𤧩	z	cjkvi-variants	merge	𤦼→𤧩 cjkvi/duplicate
U+24C92	𤲒	𤲒	compatibility	unicode-ucd	merge	24C92
U+24E37	㿏	𤸷	reduction	mj-shrink-map	merge	MJ002736: 法務省戸籍法関連通達・通知, 種別 戸籍統一文字情報 親字・正字, ホップ数 1
U+24E37	𤺽	𤸷	reduction	mj-shrink-map	merge	MJ041791: 法務省戸籍法関連通達・通知, 種別 戸籍統一文字情報 親字・正字, ホップ数 1
U+24FB8	𤾸	𤾸	compatibility	unicode-ucd	merge	24FB8
U+25133	𥄳	𥄳	compatibility	unicode-ucd	merge	25133
U+25249	𥉉	𥉉	compatibility	unicode-ucd	merge	25249
U+2541D	𥐝	𥐝	compatibility	unicode-ucd	merge	2541D
U+2569A	𥚚	𥚚	compatibility	unicode-ucd	merge	2569A
U+256C5	𥛅	𥛅	compatibility	unicode-ucd	merge	256C5
U+25AA7	𥪧	𥪧	compatibility	unicode-ucd	merge	25AA7
U+25AA7	𥪧	𥪧	compatibility	unicode-ucd	merge	25AA7
U+25AF1	𥭒	𥫱	reduction	mj-shrink-map	merge	MJ043718: 法務省戸籍法関連通達・通知, 種別 戸籍統一文字情報 親字・正字, ホップ数 1
U+25BAB	𥮫	𥮫	compatibility	unicode-ucd	merge	25BAB
U+25C80	𥲀	𥲀	compatibility	unicode-ucd	merge	25C80
U+25CD0	𥳐	𥳐	compatibility	unicode-ucd	merge	25CD0
U+25F22	𥼢	𥽒	z	cjkvi-variants	merge	𥼢→𥽒 cjkvi/duplicate
U+26228	𦈨	𦈨	compatibility	unicode-ucd	merge	26228
U+2633E	𦌾	𦌾	compatibility	unicode-ucd	merge	2633E
U+264DA	𦓚	𦓚	compatibility	unicode-ucd	merge	264DA
U+26523	𦔣	𦔣	compatibility	unicode-ucd	merge	26523
U+265A8	𦖨	𦖨	compatibility	unicode-ucd	merge	265A8
U+267B5	𦞵	𦞵	compatibility	unicode-ucd	merge	267B5
U+26B3C	𦬼	𦬼	compatibility	unicode-ucd	merge	26B3C
U+26C25	𦰥	𱽨	z	unihan	merge	𦰥→𱽨 kZVariant | 𱽨→𦰥 kZVariant
U+26CD5	𦳕	𦳕	compatibility	unicode-ucd	merge	26CD5
U+26D6B	𦵫	𦵫	compatibility	unicode-ucd	merge	26D6B
U+26FB1	𦾱	𦾱	compatibility	unicode-ucd	merge	26FB1
U+270D2	𧃒	𧃒	compatibility	unicode-ucd	merge	270D2
U+273FE	𧈟	𧏾	reduction	mj-shrink-map	merge	MJ047457: 法務省戸籍法関連通達・通知, 種別 戸籍統一文字情報 親字・正字, ホップ数 1
U+27410	𩼜	𧐐	reduction	mj-shrink-map	merge	MJ055341: 法務省戸籍法関連通達・通知, 種別 戸籍統一文字情報 親字・正字, ホップ数 1
U+27667	𧙧	𧙧	compatibility	unicode-ucd	merge	27667
U+27723	𧚮	𧜣	reduction	mj-shrink-map	merge	MJ048298: 法務省戸籍法関連通達・通知, 種別 戸籍統一文字情報 親字・正字, ホップ数 1
U+278AE	𧢮	𧢮	compatibility	unicode-ucd	merge	278AE
U+27966	𧥦	𧥦	compatibility	unicode-ucd	merge	27966
U+27CA8	𧲨	𧲨	compatibility	unicode-ucd	merge	27CA8
U+27DA0	𧸇	𧶠	reduction	mj-shrink-map	merge	MJ049731: 法務省戸籍法関連通達・通知, 種別 戸籍統一文字情報 親字・正字, ホップ数 1
U+27ED3	𧻓	𧻓	compatibility	unicode-ucd	merge	27ED3
U+27F2F	𧼯	𧼯	compatibility	unicode-ucd	merge	27F2F
U+28BFA	𨯺	𨯺	compatibility	unicode-ucd	merge	28BFA
U+28D77	𨵷	𨵷	compatibility	unicode-ucd	merge	28D77
U+29145	𩅅	𩅅	compatibility	unicode-ucd	merge	29145
U+291DF	𩇟	𩇟	compatibility	unicode-ucd	merge	291DF
U+2921A	𩈚	𩈚	compatibility	unicode-ucd	merge	2921A
U+2947F	𩑿	𩒋	z	cjkvi-variants	merge	𩒋→𩑿 cjkvi/duplicate
U+29496	𩒖	𩒖	compatibility	unicode-ucd	merge	29496
U+295B6	𩖶	𩖶	compatibility	unicode-ucd	merge	295B6
U+29B30	𩬰	𩬰	compatibility	unicode-ucd	merge	29B30
U+29EDB	䲋	𩻛	reduction	mj-shrink-map	merge	MJ006011: 法務省戸籍法関連通達・通知, 種別 戸籍統一文字情報 親字・正字, ホップ数 1
U+29FE3	𩿣	𩿲	z	unihan	merge	𩿣→𩿲 kZVariant | 𩿲→𩿣 kZVariant
U+2A01A	𪁿	𪀚	reduction	mj-shrink-map	merge	MJ055568: 法務省戸籍法関連通達・通知, 種別 戸籍統一文字情報 親字・正字, ホップ数 1
U+2A0CE	𪃎	𪃎	compatibility	unicode-ucd	merge	2A0CE
U+2A105	𪄅	𪄅	compatibility	unicode-ucd	merge	2A105
U+2A20E	𪈎	𪈎	compatibility	unicode-ucd	merge	2A20E
U+2A291	𪊑	𪊑	compatibility	unicode-ucd	merge	2A291
U+2A392	𪎒	𪎒	compatibility	unicode-ucd	merge	2A392
U+2A600	𪘀	𪘀	compatibility	unicode-ucd	merge	2A600
U+2CECB	𬻋	𱽌	z	unihan	merge	𬻋→𱽌 kZVariant | 𱽌→𬻋 kZVariant
