# Component substitutions two written variant pairs attest, each with the pairs behind it and their sources; see scripts/build_han_component_variants.py.
# source babelstone-ids: BabelStone IDS (Ideographic Description Sequences for CJK Unified Ideographs); PD (https://www.babelstone.co.uk/CJK/IDS.TXT); Andrew West (魏安), BabelStone IDS.TXT
#   babelstone-ids: https://www.babelstone.co.uk/CJK/IDS.TXT, File Date 2025-06-27, sha256:cc2a0a97e6a51ed6
# source unihan: Unicode Han Database (Unihan), Unihan_Variants.txt; Unicode-3.0 (https://www.unicode.org/license.txt); Copyright Unicode, Inc.; Unicode License v3
# source wikidata: Wikidata, property P5475 (CJKV variant character); CC0-1.0 (https://www.wikidata.org/wiki/Wikidata:Licensing); Wikidata contributors, CC0 1.0
# source cjkvi-variants: CJKVI Variants Database (cjkvi-variants); PD (https://github.com/cjkvi/cjkvi-variants/blob/e4f1da248c9737a243f9930b5dc497cef5d5ae16/cjkvi-variants.txt); 川幡太一, CJKVI Variants Database (cjkvi-variants)
# source yitizi: Yitizi 異體字 (nk2028); CC0-1.0 (https://github.com/nk2028/yitizi/blob/60e232c40d6076af07679151c008349363e699ae/LICENSE); nk2028, Yitizi, CC0 1.0
# source opencc: Open Chinese Convert (OpenCC) dictionaries; Apache-2.0 (https://github.com/BYVoid/OpenCC/blob/2939943bd6f4d459b46d7fdcf07a885ab3f01761/LICENSE); OpenCC contributors, Apache License 2.0
# source mj-shrink-map: MJ縮退マップ; CC-BY-SA-2.1-JP (https://moji.or.jp/wp-content/mojikiban/oscdl/MJShrinkMap.1.2.0.json); 文字情報基盤 MJ縮退マップ（IPA）, CC BY-SA 2.1 JP
# source hng-basic-data: 漢字字体規範史データセット（HNG）基本データセット; CC-BY-SA-4.0 (https://github.com/chise/hng-basic-data/blob/e2174a30844b8100c34af1c0dbe1e301f186883e/README.md); 漢字字体規範史データセット保存会『漢字字体規範史データセット（HNG）』基本データセット, CC BY-SA 4.0
#   unihan: https://www.unicode.org/Public/18.0.0/ucd/Unihan.zip sha256:4c93ea9c1f636451
#   wikidata: P5475 query at https://query.wikidata.org/sparql, fetched 2026-09-27, sha256:a1912a5546fe01ed
#   cjkvi-variants: https://raw.githubusercontent.com/cjkvi/cjkvi-variants/e4f1da248c9737a243f9930b5dc497cef5d5ae16/… (20 files)
#   yitizi: https://raw.githubusercontent.com/nk2028/yitizi/60e232c40d6076af07679151c008349363e699ae/data/… (ytenx/JihThex.csv, ytenx/ThaJihThex.csv, yitizi.txt)
#   opencc: https://raw.githubusercontent.com/BYVoid/OpenCC/2939943bd6f4d459b46d7fdcf07a885ab3f01761/data/dictionary/… (TSCharacters.txt, JPShinjitaiCharacters.txt, TWVariants.txt, HKVariants.txt, SealVariants.txt)
#   mj-shrink-map: https://moji.or.jp/wp-content/mojikiban/oscdl/MJShrinkMap.1.2.0.json sha256:275b57ecd5929edb; figures from data/vocab/mj-kanji.tsv
#   hng-basic-data: https://raw.githubusercontent.com/chise/hng-basic-data/e2174a30844b8100c34af1c0dbe1e301f186883e/all_table_v.5.0_2019-01-15.csv, columns 文字, 異体字, 統合ID
# source unicode-ucd: Unicode Character Database and Ideographic Variation Database; Unicode-3.0 (https://www.unicode.org/license.txt); Copyright Unicode, Inc.; Unicode License v3
#   unicode-ucd: https://www.unicode.org/Public/18.0.0/ucd/EquivalentUnifiedIdeograph.txt sha256:c86c80f6a0d1d47c; Kangxi Radicals by NFKC
# strokes: never a component: the CJK Strokes block and the ideographs whose Unihan kTotalStrokes is 1 (https://www.unicode.org/Public/18.0.0/ucd/Unihan.zip, Unihan_IRGSources.txt).
# threshold: 2 distinct attesting pairs seen in 2 distinct contexts: the pairs themselves at the top of a character, the enclosing substitutions inside a component; one pair or one repeated position alone never predicts.
# agreement: at least 30% of the pairs of encoded characters a substitution predicts (predicted) must be written pairs the graph already gives (agreed); an attesting pair is counted only when the other attesting pairs pass the threshold without it.
# substitution: undirected, a before b by length then code point; pairs are `A:B=source+source`, a pair and b in code point order, sources sorted.
# columns: a, b, count, predicted, agreed, pairs
# rows: 2034
a	b	count	predicted	agreed	pairs
{10}	⿻{10}丶	3	3	3	羸:𦏞=cjkvi-variants+mj-shrink-map+wikidata 贏:𦢼=cjkvi-variants+mj-shrink-map+wikidata 𦝠:𦟀=cjkvi-variants+wikidata
{1}	{59}	2	6	6	廌:𢊁=cjkvi-variants+wikidata 潟:澙=cjkvi-variants+wikidata+yitizi 舃:舄=cjkvi-variants+mj-shrink-map+unihan+wikidata+yitizi 𡦱:𡦵=cjkvi-variants+wikidata 𡦲:𡦳=cjkvi-variants
{39}	{71}	4	11	5	䩕:𩊕=cjkvi-variants+wikidata 仰:𠈟=wikidata 抑:𢬃=cjkvi-variants+mj-shrink-map+wikidata 昂:𰖄=wikidata 迎:𨒦=cjkvi-variants+wikidata
{39}	{72}	4	11	5	䩕:𩊕=cjkvi-variants+wikidata 仰:𠈟=wikidata 抑:𢬃=cjkvi-variants+mj-shrink-map+wikidata 昂:𰖄=wikidata 迎:𨒦=cjkvi-variants+wikidata
{46}	⿷⿹{90}{64}{65}	3	10	9	䶱:𱍇=unihan+wikidata 䶲:𫜳=cjkvi-variants+opencc+unihan+wikidata 龝:𬓫=cjkvi-variants+unihan+wikidata 龞:𱍈=unihan+wikidata 𪚭:𱍅=unihan+wikidata 𪚮:𱍄=unihan+wikidata 𪚰:𱍆=unihan+wikidata 𪛕:𱍉=unihan+wikidata
{46}	⿷⿹{91}{64}{65}	3	10	9	䶱:𱍇=unihan+wikidata 䶲:𫜳=cjkvi-variants+opencc+unihan+wikidata 龜:龟=cjkvi-variants+opencc+unihan+wikidata+yitizi 龝:𬓫=cjkvi-variants+unihan+wikidata 龞:𱍈=unihan+wikidata 𪚭:𱍅=unihan+wikidata 𪚮:𱍄=unihan+wikidata 𪚰:𱍆=unihan+wikidata 𪛕:𱍉=unihan+wikidata
{46}	⿷⿻{91}{64}{65}	3	10	9	䶱:𱍇=unihan+wikidata 䶲:𫜳=cjkvi-variants+opencc+unihan+wikidata 龝:𬓫=cjkvi-variants+unihan+wikidata 龞:𱍈=unihan+wikidata 𪚭:𱍅=unihan+wikidata 𪚮:𱍄=unihan+wikidata 𪚰:𱍆=unihan+wikidata 𪛕:𱍉=unihan+wikidata
{47}	{53}	5	14	12	凫:鳬=cjkvi-variants+opencc+unihan+wikidata 嘄:𫪧=cjkvi-variants+unihan+wikidata 嬝:𮱒=unihan+wikidata 岛:島=cjkvi-variants+opencc+unihan+wikidata+yitizi 捣:搗=cjkvi-variants+opencc+unihan+wikidata+yitizi 枭:梟=cjkvi-variants+opencc+unihan+wikidata+yitizi 蟂:𫋇=cjkvi-variants+opencc+unihan 袅:裊=cjkvi-variants+opencc+unihan+wikidata+yitizi 鄡:𰻮=unihan+wikidata 𢳚:𫽐=cjkvi-variants+unihan+wikidata 𢶑:𫽲=cjkvi-variants+unihan+wikidata 𣻏:𬇼=cjkvi-variants+unihan+wikidata
{5}	{6}	4	6	4	段:𫨻=cjkvi-variants+mj-shrink-map+wikidata 緞:𫟁=cjkvi-variants 鍛:𨩷=wikidata 鰕:𫙨=cjkvi-variants
{87}	⿳亠{67}冖	4	5	4	亭:𠅘=cjkvi-variants+mj-shrink-map+wikidata 亮:𠅙=cjkvi-variants+mj-shrink-map+wikidata 亳:𠅢=cjkvi-variants+mj-shrink-map+wikidata 𧓂:𧓚=cjkvi-variants
{93}	⿷⿹{90}{64}{65}	2	10	8	䦰:𨷺=cjkvi-variants 䰗:鬮=cjkvi-variants+mj-shrink-map+unihan+wikidata+yitizi 䶯:𭒗=wikidata 櫷:𪳥=cjkvi-variants 穐:龝=cjkvi-variants 鬮:𩰘=cjkvi-variants+wikidata 𠼓:𪚩=cjkvi-variants 𪛆:𫠝=cjkvi-variants
{93}	⿷⿹{91}{64}{65}	2	10	8	䦰:𨷺=cjkvi-variants 䰗:鬮=cjkvi-variants+mj-shrink-map+unihan+wikidata+yitizi 䶯:𭒗=wikidata 亀:龜=cjkvi-variants+hng-basic-data+mj-shrink-map+opencc+unihan+wikidata+yitizi 櫷:𪳥=cjkvi-variants 穐:龝=cjkvi-variants 鬮:𩰘=cjkvi-variants+wikidata 𠼓:𪚩=cjkvi-variants 𪛆:𫠝=cjkvi-variants
{93}	⿷⿻{91}{64}{65}	2	10	8	䦰:𨷺=cjkvi-variants 䰗:鬮=cjkvi-variants+mj-shrink-map+unihan+wikidata+yitizi 䶯:𭒗=wikidata 亀:龜=cjkvi-variants+hng-basic-data+mj-shrink-map+opencc+unihan+wikidata+yitizi 櫷:𪳥=cjkvi-variants 穐:龝=cjkvi-variants 鬮:𩰘=cjkvi-variants+wikidata 𠼓:𪚩=cjkvi-variants 𪛆:𫠝=cjkvi-variants
⺀	二	2	1	1	冭:夳=cjkvi-variants 枣:𠄬=cjkvi-variants
⺈	丷	2	10	5	急:𰑑=wikidata 曽:𭦌=mj-shrink-map
⺈	爪	4	60	26	㗖:啗=cjkvi-variants+unihan+wikidata+yitizi 㡊:幍=cjkvi-variants+wikidata 䈱:𥮛=cjkvi-variants+wikidata 䧟:陷=cjkvi-variants+mj-shrink-map+wikidata 䱤:𩹴=cjkvi-variants+wikidata 埳:塪=cjkvi-variants+wikidata 惂:慆=cjkvi-variants+wikidata 焰:熖=cjkvi-variants+mj-shrink-map+wikidata 燄:𦦨=wikidata 爓:𤓁=cjkvi-variants+wikidata 窞:𥧹=cjkvi-variants+wikidata 縚:𦁵=cjkvi-variants+wikidata 萏:蓞=wikidata 諂:謟=cjkvi-variants+wikidata 蹈:𮛫=wikidata 輡:轁=cjkvi-variants 閻:𨶒=cjkvi-variants+wikidata 餡:饀=cjkvi-variants 鵮:𪅎=cjkvi-variants+wikidata 𠐩:𠑑=cjkvi-variants+wikidata 𠜼:𠞞=wikidata 𠮌:𠮐=cjkvi-variants+wikidata 𠮐:𦦖=cjkvi-variants+wikidata 𨇝:𨇲=cjkvi-variants+wikidata 𩓟:𮨚=wikidata 𭌻:𭍉=wikidata
⺈	爫	8	72	38	㗖:啗=cjkvi-variants+unihan+wikidata+yitizi 㡊:幍=cjkvi-variants+wikidata 㷔:焔=cjkvi-variants 䈱:𥮛=cjkvi-variants+wikidata 䧟:陷=cjkvi-variants+mj-shrink-map+wikidata 䱤:𩹴=cjkvi-variants+wikidata 争:爭=cjkvi-variants+hng-basic-data+mj-shrink-map+opencc+unihan+wikidata+yitizi 净:凈=cjkvi-variants+opencc+unihan+wikidata+yitizi 埳:塪=cjkvi-variants+wikidata 峥:崢=cjkvi-variants+opencc+unihan+wikidata+yitizi 急:𢚩=cjkvi-variants+wikidata 惂:慆=cjkvi-variants+wikidata 挣:掙=cjkvi-variants+opencc+unihan+wikidata+yitizi 浄:淨=cjkvi-variants+hng-basic-data+mj-shrink-map+opencc+unihan+wikidata+yitizi 焰:熖=cjkvi-variants+mj-shrink-map+wikidata 燄:𦦨=wikidata 爓:𤓁=cjkvi-variants+wikidata 狰:猙=cjkvi-variants+opencc+unihan+wikidata+yitizi 睁:睜=cjkvi-variants+mj-shrink-map+opencc+unihan+wikidata+yitizi 窞:𥧹=cjkvi-variants+wikidata 筝:箏=cjkvi-variants+mj-shrink-map+opencc+unihan+wikidata+yitizi 縚:𦁵=cjkvi-variants+wikidata 萏:蓞=wikidata 諂:謟=cjkvi-variants+wikidata 蹈:𮛫=wikidata 輡:轁=cjkvi-variants 閻:𨶒=cjkvi-variants+wikidata 隐:隠=unihan+yitizi 静:靜=cjkvi-variants+hng-basic-data+mj-shrink-map+opencc+unihan+wikidata+yitizi 餡:饀=cjkvi-variants 鵮:𪅎=cjkvi-variants+wikidata 𠐩:𠑑=cjkvi-variants+wikidata 𠜼:𠞞=wikidata 𠮌:𠮐=cjkvi-variants+wikidata 𠮐:𦦖=cjkvi-variants+wikidata 𨇝:𨇲=cjkvi-variants+wikidata 𩓟:𮨚=wikidata 𭌻:𭍉=wikidata
⺈	𠂉	3	12	4	急:𭜣=mj-shrink-map+wikidata 色:𮎜=mj-shrink-map+wikidata 魚:𮫯=mj-shrink-map+wikidata
⺊	𠂉	4	22	11	䎢:𦓪=cjkvi-variants+wikidata 䩐:𩉟=cjkvi-variants+wikidata 䬣:𩚋=cjkvi-variants+wikidata 乞:𠧒=wikidata 屹:𡵊=cjkvi-variants+wikidata 汔:𣲁=cjkvi-variants+wikidata 肐:𦘸=cjkvi-variants+wikidata 貞:𮙭=mj-shrink-map+wikidata 迄:𮞂=mj-shrink-map+wikidata 颴:𩗟=cjkvi-variants 齕:𪗚=cjkvi-variants+mj-shrink-map+wikidata
⺌	巛	3	30	14	䣔:𨝉=cjkvi-variants+wikidata 捎:𢭓=cjkvi-variants 瑣:𤨏=cjkvi-variants+mj-shrink-map+wikidata 鎖:鎻=cjkvi-variants+mj-shrink-map+unihan+wikidata+yitizi 𡭙:𡿩=cjkvi-variants 𥔭:𮁁=wikidata 𧴪:𧴲=cjkvi-variants+wikidata 𨻈:𨻨=cjkvi-variants+wikidata 𩪇:𩪈=cjkvi-variants
⺗	⿴{11}亅	13	32	11	㤗:泰=cjkvi-variants+mj-shrink-map+wikidata 㮇:𣕊=cjkvi-variants+wikidata 忁:𢖚=cjkvi-variants+wikidata 桼:𣑰=cjkvi-variants+mj-shrink-map+wikidata 添:𣸸=mj-shrink-map+wikidata 菾:𦲑=wikidata 黍:𮮐=mj-shrink-map+wikidata 黎:𥠖=cjkvi-variants+mj-shrink-map+wikidata 𭟀:𭲲=wikidata 𮪶:𮪷=wikidata
⺗	彡	4	74	39	㵕:滲=cjkvi-variants+mj-shrink-map+wikidata 㽩:𤳒=cjkvi-variants+wikidata 䂦:𥒨=cjkvi-variants+wikidata 䚧:𧥂=cjkvi-variants+wikidata 䟃:𧾋=cjkvi-variants+wikidata 䫩:𩕞=cjkvi-variants+wikidata 勠:𠢯=cjkvi-variants+mj-shrink-map+wikidata 参:𠫵=mj-shrink-map 參:叅=cjkvi-variants+mj-shrink-map+unihan+wikidata+yitizi 嘇:𭋁=wikidata 墋:𡑐=cjkvi-variants+wikidata 寥:𡪹=cjkvi-variants+wikidata 嵾:𡼶=cjkvi-variants+wikidata 慘:𢡖=cjkvi-variants+mj-shrink-map+wikidata 摎:𭢢=wikidata 摻:撡=cjkvi-variants+wikidata 槮:𣚈=cjkvi-variants+mj-shrink-map+wikidata 樛:𣚉=cjkvi-variants+mj-shrink-map+wikidata 毿:𣯺=cjkvi-variants+mj-shrink-map+wikidata 漻:𣽓=cjkvi-variants+wikidata 犙:𤛤=cjkvi-variants+wikidata 珍:𤤽=cjkvi-variants+mj-shrink-map 瘮:𤺑=cjkvi-variants 瘳:𤺟=wikidata 磣:𥕺=cjkvi-variants+wikidata 穋:𥢩=wikidata 篸:𥳋=cjkvi-variants+wikidata 翏:𮊿=mj-shrink-map+wikidata 蔘:𦼒=cjkvi-variants+mj-shrink-map+wikidata 遪:𨗘=cjkvi-variants+wikidata 醦:𨣔=cjkvi-variants 醪:𮡄=mj-shrink-map+wikidata 鏐:𮣎=wikidata 鬖:𩯑=cjkvi-variants+mj-shrink-map+wikidata 鰺:𩻦=cjkvi-variants 𤨵:𤩨=cjkvi-variants+wikidata 𧑁:𧑫=cjkvi-variants 𩌰:𩍑=cjkvi-variants+wikidata 𩞀:𩞼=cjkvi-variants
⺗	氺	13	43	15	㤗:泰=cjkvi-variants+mj-shrink-map+wikidata 㮇:𣕊=cjkvi-variants+wikidata 㳟:恭=cjkvi-variants+mj-shrink-map+wikidata 忁:𢖚=cjkvi-variants+wikidata 忝:沗=cjkvi-variants 暴:𭧂=mj-shrink-map+wikidata 曝:𭨃=wikidata 桼:𣑰=cjkvi-variants+mj-shrink-map+wikidata 添:𣸸=mj-shrink-map+wikidata 爆:𪹼=wikidata 菾:𦲑=wikidata 黍:𮮐=mj-shrink-map+wikidata 黎:𥠖=cjkvi-variants+mj-shrink-map+wikidata 𭟀:𭲲=wikidata
⺼	月	2	104	52	㬶:𦛩=cjkvi-variants 𣍦:𦙿=cjkvi-variants
⺼	炙	5	15	5	㸋:膰=cjkvi-variants+wikidata 䐄:𤎡=cjkvi-variants+wikidata 爒:膫=cjkvi-variants 脨:𦠁=cjkvi-variants+wikidata 膁:𤑃=cjkvi-variants+wikidata
⿰{58}刀	⿱一⿲⿰匚丿丨{50}	2	32	29	䉧:𥷢=cjkvi-variants+wikidata 劉:𭄘=mj-shrink-map+wikidata 瀏:𤄉=cjkvi-variants+mj-shrink-map+opencc+wikidata 貿:𧶝=cjkvi-variants+mj-shrink-map+wikidata 𢤐:𢥍=cjkvi-variants+wikidata
⿰工几	⿰工口	3	7	6	尋:𡬶=cjkvi-variants+mj-shrink-map+wikidata 潯:𰝐=wikidata 鄩:𨝻=wikidata 𠋕:𠋸=cjkvi-variants+wikidata 𡏷:𡑎=cjkvi-variants+wikidata 𦅀:𦅛=cjkvi-variants+wikidata
⿰工口	⿲工丿㇈	3	7	6	尋:𡬶=cjkvi-variants+mj-shrink-map+wikidata 潯:𰝐=wikidata 鄩:𨝻=wikidata 𠋕:𠋸=cjkvi-variants+wikidata 𡏷:𡑎=cjkvi-variants+wikidata 𦅀:𦅛=cjkvi-variants+wikidata
⿱䒑龰	⿱从龰	6	11	8	従:從=cjkvi-variants+hng-basic-data+mj-shrink-map+opencc+unihan+wikidata+yitizi 慫:𭞁=wikidata 樅:𫞋=cjkvi-variants+wikidata 縦:縱=cjkvi-variants+hng-basic-data+mj-shrink-map+opencc+unihan+wikidata+yitizi 聳:𮋹=wikidata 豵:𧱷=cjkvi-variants+wikidata 蹤:𮜀=wikidata 𩀨:𱁋=wikidata
⿱䙲巳	⿱𦦉巳	3	4	3	㒨:僊=wikidata 僊:𠑗=cjkvi-variants+mj-shrink-map+opencc+wikidata 遷:𨙙=cjkvi-variants+mj-shrink-map+wikidata
⿱䙲巳	⿳⿴𦥑囟大巳	3	4	3	㒨:僊=wikidata 僊:𠑗=cjkvi-variants+mj-shrink-map+opencc+wikidata 遷:𨙙=cjkvi-variants+mj-shrink-map+wikidata
⿱丣金	⿱⿰{58}刀金	2	3	3	䉧:𥷢=cjkvi-variants+wikidata 劉:𭄘=mj-shrink-map+wikidata 瀏:𤄉=cjkvi-variants+mj-shrink-map+opencc+wikidata 𢤐:𢥍=cjkvi-variants+wikidata
⿱丶冖	⿱宀八	23	2	1	㗌:㗧=cjkvi-variants+wikidata 㝓:䆟=cjkvi-variants+wikidata 㝔:窔=cjkvi-variants+wikidata 㝗:䆡=cjkvi-variants+wikidata 㝣:窫=cjkvi-variants+wikidata 䆬:𫳧=wikidata 䆯:𡪚=wikidata 噾:𠽨=cjkvi-variants+wikidata 宆:穹=cjkvi-variants+mj-shrink-map+wikidata 宇:穻=cjkvi-variants+mj-shrink-map+wikidata 宫:𬔉=wikidata 宯:窙=cjkvi-variants+wikidata 寔:𥦽=cjkvi-variants+mj-shrink-map+wikidata 寠:窶=cjkvi-variants+unihan+yitizi 寥:𥧯=cjkvi-variants 寮:竂=cjkvi-variants+wikidata 窋:𡧨=wikidata 窡:𡨤=cjkvi-variants+wikidata 窯:𰍔=wikidata 竁:𡪣=cjkvi-variants+wikidata 腟:膣=cjkvi-variants+mj-shrink-map+yitizi 螲:𧍱=cjkvi-variants+wikidata 𠐏:𠑅=wikidata 𡧍:𥤵=cjkvi-variants+wikidata 𡫬:𥩁=cjkvi-variants+wikidata 𫳱:𬔐=wikidata
⿱从龰	⿳丷一龰	6	11	8	従:從=cjkvi-variants+hng-basic-data+mj-shrink-map+opencc+unihan+wikidata+yitizi 慫:𭞁=wikidata 樅:𫞋=cjkvi-variants+wikidata 縦:縱=cjkvi-variants+hng-basic-data+mj-shrink-map+opencc+unihan+wikidata+yitizi 聳:𮋹=wikidata 豵:𧱷=cjkvi-variants+wikidata 蹤:𮜀=wikidata 𩀨:𱁋=wikidata
⿱出方	⿱土方	3	17	15	䦋:𨲶=cjkvi-variants+wikidata 䵅:𪍾=cjkvi-variants 厫:𠪭=cjkvi-variants 摮:𢶗=cjkvi-variants+wikidata 滶:𣿗=cjkvi-variants+wikidata 熬:𤏺=cjkvi-variants+mj-shrink-map+wikidata 獒:𤢝=cjkvi-variants+mj-shrink-map+wikidata 聱:𦗷=cjkvi-variants+wikidata 蔜:𦽠=cjkvi-variants+wikidata 贅:𧸟=cjkvi-variants+wikidata 遨:𨗯=cjkvi-variants+mj-shrink-map+wikidata 鰲:𩼡=cjkvi-variants+mj-shrink-map+wikidata 鼇:𪓾=cjkvi-variants+mj-shrink-map+wikidata 𦪈:𦪰=cjkvi-variants+wikidata
⿱出方	⿱士方	3	17	15	䦋:𨲶=cjkvi-variants+wikidata 䵅:𪍾=cjkvi-variants 厫:𠪭=cjkvi-variants 摮:𢶗=cjkvi-variants+wikidata 滶:𣿗=cjkvi-variants+wikidata 熬:𤏺=cjkvi-variants+mj-shrink-map+wikidata 獒:𤢝=cjkvi-variants+mj-shrink-map+wikidata 聱:𦗷=cjkvi-variants+wikidata 蔜:𦽠=cjkvi-variants+wikidata 贅:𧸟=cjkvi-variants+wikidata 遨:𨗯=cjkvi-variants+mj-shrink-map+wikidata 鰲:𩼡=cjkvi-variants+mj-shrink-map+wikidata 鼇:𪓾=cjkvi-variants+mj-shrink-map+wikidata 𦪈:𦪰=cjkvi-variants+wikidata
⿱出方	⿳⿱十一丶万	3	17	15	䦋:𨲶=cjkvi-variants+wikidata 䵅:𪍾=cjkvi-variants 厫:𠪭=cjkvi-variants 摮:𢶗=cjkvi-variants+wikidata 滶:𣿗=cjkvi-variants+wikidata 熬:𤏺=cjkvi-variants+mj-shrink-map+wikidata 獒:𤢝=cjkvi-variants+mj-shrink-map+wikidata 聱:𦗷=cjkvi-variants+wikidata 蔜:𦽠=cjkvi-variants+wikidata 贅:𧸟=cjkvi-variants+wikidata 遨:𨗯=cjkvi-variants+mj-shrink-map+wikidata 鰲:𩼡=cjkvi-variants+mj-shrink-map+wikidata 鼇:𪓾=cjkvi-variants+mj-shrink-map+wikidata 𦪈:𦪰=cjkvi-variants+wikidata
⿱土方	⿳⿱屮凵丶万	3	17	15	䦋:𨲶=cjkvi-variants+wikidata 䵅:𪍾=cjkvi-variants 厫:𠪭=cjkvi-variants 摮:𢶗=cjkvi-variants+wikidata 滶:𣿗=cjkvi-variants+wikidata 熬:𤏺=cjkvi-variants+mj-shrink-map+wikidata 獒:𤢝=cjkvi-variants+mj-shrink-map+wikidata 聱:𦗷=cjkvi-variants+wikidata 蔜:𦽠=cjkvi-variants+wikidata 贅:𧸟=cjkvi-variants+wikidata 遨:𨗯=cjkvi-variants+mj-shrink-map+wikidata 鰲:𩼡=cjkvi-variants+mj-shrink-map+wikidata 鼇:𪓾=cjkvi-variants+mj-shrink-map+wikidata 𦪈:𦪰=cjkvi-variants+wikidata
⿱士方	⿳⿱屮凵丶万	3	17	15	䦋:𨲶=cjkvi-variants+wikidata 䵅:𪍾=cjkvi-variants 厫:𠪭=cjkvi-variants 摮:𢶗=cjkvi-variants+wikidata 滶:𣿗=cjkvi-variants+wikidata 熬:𤏺=cjkvi-variants+mj-shrink-map+wikidata 獒:𤢝=cjkvi-variants+mj-shrink-map+wikidata 聱:𦗷=cjkvi-variants+wikidata 蔜:𦽠=cjkvi-variants+wikidata 贅:𧸟=cjkvi-variants+wikidata 遨:𨗯=cjkvi-variants+mj-shrink-map+wikidata 鰲:𩼡=cjkvi-variants+mj-shrink-map+wikidata 鼇:𪓾=cjkvi-variants+mj-shrink-map+wikidata 𦪈:𦪰=cjkvi-variants+wikidata
⿱廿灬	⿳卄一从	2	2	2	庶:庻=cjkvi-variants+mj-shrink-map+wikidata+yitizi 蔗:𬞈=cjkvi-variants+wikidata 𡂪:𡂭=cjkvi-variants
⿱林⺝	⿱龷⺝	2	5	2	散:𢿱=cjkvi-variants+wikidata 繖:𦇕=cjkvi-variants+mj-shrink-map+wikidata 𢊰:𢋮=cjkvi-variants+wikidata
⿱林⺝	⿱龷⺼	2	1	1	繖:𦇕=cjkvi-variants+mj-shrink-map+wikidata 𢊰:𢋮=cjkvi-variants+wikidata
⿱林⺝	⿳卄一⺝	2	5	2	散:𢿱=cjkvi-variants+wikidata 繖:𦇕=cjkvi-variants+mj-shrink-map+wikidata 𢊰:𢋮=cjkvi-variants+wikidata
⿱林⺝	⿳卄一⺼	2	1	1	繖:𦇕=cjkvi-variants+mj-shrink-map+wikidata 𢊰:𢋮=cjkvi-variants+wikidata
⿱𦦉巳	⿳襾大巳	3	4	3	㒨:僊=wikidata 僊:𠑗=cjkvi-variants+mj-shrink-map+opencc+wikidata 遷:𨙙=cjkvi-variants+mj-shrink-map+wikidata
⿱𦦉巳	⿳覀大巳	3	4	3	㒨:僊=wikidata 僊:𠑗=cjkvi-variants+mj-shrink-map+opencc+wikidata 遷:𨙙=cjkvi-variants+mj-shrink-map+wikidata
⿲幺白幺	⿴{11}白	2	11	9	㰛:𣟿=cjkvi-variants+wikidata 䃯:礫=cjkvi-variants+wikidata 擽:𭢫=wikidata 楽:樂=cjkvi-variants+hng-basic-data+mj-shrink-map+opencc+unihan+wikidata+yitizi 檪:櫟=cjkvi-variants+mj-shrink-map+wikidata 爍:𭶒=wikidata 薬:藥=cjkvi-variants+hng-basic-data+mj-shrink-map+opencc+unihan+wikidata+yitizi 轢:𮝩=wikidata 鑠:𮣏=wikidata
⿳{37}一貝	⿳{37}一贝	4	4	4	㕢:𰇀=unihan+wikidata 䪥:𱂎=unihan+wikidata 𢿡:𰕐=unihan+wikidata 𧷎:𪠀=cjkvi-variants+opencc+unihan+wikidata
⿳卄一从	⿳卄一灬	2	1	1	庶:庻=cjkvi-variants+mj-shrink-map+wikidata+yitizi 蔗:𬞈=cjkvi-variants+wikidata 𡂪:𡂭=cjkvi-variants
⿳襾大巳	⿳⿴𦥑囟大巳	3	4	3	㒨:僊=wikidata 僊:𠑗=cjkvi-variants+mj-shrink-map+opencc+wikidata 遷:𨙙=cjkvi-variants+mj-shrink-map+wikidata
⿳覀大巳	⿳⿴𦥑囟大巳	3	4	3	㒨:僊=wikidata 僊:𠑗=cjkvi-variants+mj-shrink-map+opencc+wikidata 遷:𨙙=cjkvi-variants+mj-shrink-map+wikidata
⿴𠀃丨	{73}	2	5	4	值:𰁲=wikidata 植:𰗝=wikidata 殖:𰙽=wikidata 置:𰭋=wikidata
⿵𠘨氺	{16}	2	2	2	䉭:𥶢=cjkvi-variants+wikidata 𠠌:𠠗=cjkvi-variants+wikidata 𨭾:𨭿=cjkvi-variants
⿺元女	⿺元攴	2	3	2	䳹:𪄓=cjkvi-variants 宼:寇=cjkvi-variants+mj-shrink-map+unihan+wikidata+yitizi 蔻:𦸅=wikidata
⿺元攴	⿺元攵	2	6	5	寇:𡨥=cjkvi-variants+wikidata+yitizi 滱:𣻎=cjkvi-variants+wikidata 蔲:蔻=cjkvi-variants+wikidata+yitizi 𢟭:𢠠=cjkvi-variants+wikidata
⿻⿰丨丨八	⿲糸⿱二口糸	14	35	29	㪻:𫿳=cjkvi-variants+wikidata 䜌:𰁜=wikidata 圞:𪢮=cjkvi-variants+opencc+unihan+wikidata+yitizi 塆:壪=cjkvi-variants+opencc+unihan+wikidata+yitizi 娈:孌=cjkvi-variants+opencc+unihan+wikidata+yitizi 孪:孿=cjkvi-variants+opencc+unihan+wikidata+yitizi 峦:巒=cjkvi-variants+opencc+unihan+wikidata+yitizi 弯:彎=cjkvi-variants+hng-basic-data+mj-shrink-map+opencc+unihan+wikidata+yitizi 恋:戀=cjkvi-variants+hng-basic-data+mj-shrink-map+opencc+unihan+wikidata+yitizi 挛:攣=cjkvi-variants+opencc+unihan+wikidata+yitizi 曫:𬁢=cjkvi-variants+wikidata 栾:欒=cjkvi-variants+mj-shrink-map+opencc+unihan+wikidata+yitizi 湾:灣=cjkvi-variants+mj-shrink-map+opencc+unihan+wikidata+yitizi 滦:灤=cjkvi-variants+opencc+unihan+wikidata+yitizi 灓:𰛪=unihan+wikidata 癴:𰣽=unihan+wikidata 矕:𰥠=unihan+wikidata 纞:𦃳=cjkvi-variants 脔:臠=cjkvi-variants+mj-shrink-map+opencc+unihan+wikidata+yitizi 蛮:蠻=cjkvi-variants+hng-basic-data+mj-shrink-map+opencc+unihan+wikidata+yitizi 銮:鑾=cjkvi-variants+mj-shrink-map+opencc+unihan+wikidata+yitizi 鵉:鸞=cjkvi-variants+wikidata+yitizi 𡤶:𮱐=unihan+wikidata 𢺥:𫽕=wikidata 𢺳:𪮳=cjkvi-variants+opencc+unihan+wikidata 𧖦:𬠱=cjkvi-variants+unihan+wikidata 𨂺:𨈊=cjkvi-variants+opencc+unihan+wikidata+yitizi 𨄄:𨈌=cjkvi-variants+opencc+unihan+wikidata+yitizi 𫣢:𱏣=wikidata
⿻刂八	⿲糸⿱二口糸	12	41	32	㡩:帟=cjkvi-variants 圞:𪢮=cjkvi-variants+opencc+unihan+wikidata+yitizi 塆:壪=cjkvi-variants+opencc+unihan+wikidata+yitizi 奕:奱=cjkvi-variants 孪:孿=cjkvi-variants+opencc+unihan+wikidata+yitizi 峦:巒=cjkvi-variants+opencc+unihan+wikidata+yitizi 弈:𢍶=cjkvi-variants 弯:彎=cjkvi-variants+hng-basic-data+mj-shrink-map+opencc+unihan+wikidata+yitizi 恋:戀=cjkvi-variants+hng-basic-data+mj-shrink-map+opencc+unihan+wikidata+yitizi 挛:攣=cjkvi-variants+opencc+unihan+wikidata+yitizi 栾:欒=cjkvi-variants+mj-shrink-map+opencc+unihan+wikidata+yitizi 洂:𤅇=cjkvi-variants 湾:灣=cjkvi-variants+mj-shrink-map+opencc+unihan+wikidata+yitizi 滦:灤=cjkvi-variants+opencc+unihan+wikidata+yitizi 癴:𰣽=unihan+wikidata 纞:𦃳=cjkvi-variants 脔:臠=cjkvi-variants+mj-shrink-map+opencc+unihan+wikidata+yitizi 蛮:蠻=cjkvi-variants+hng-basic-data+mj-shrink-map+opencc+unihan+wikidata+yitizi 跡:𨇼=cjkvi-variants 銮:鑾=cjkvi-variants+mj-shrink-map+opencc+unihan+wikidata+yitizi 鵉:鸞=cjkvi-variants+wikidata+yitizi 𡤶:𮱐=unihan+wikidata 𢺈:𫼬=cjkvi-variants+wikidata 𢺳:𪮳=cjkvi-variants+opencc+unihan+wikidata 𥽸:𬖛=cjkvi-variants+wikidata 𦮰:𧄶=cjkvi-variants 𧖦:𬠱=cjkvi-variants+unihan+wikidata 𨂺:𨈊=cjkvi-variants+opencc+unihan+wikidata+yitizi 𨄄:𨈌=cjkvi-variants+opencc+unihan+wikidata+yitizi 𪁂:𪈮=cjkvi-variants 𫣢:𱏣=wikidata
⿻口土	⿻口龶	2	5	4	斳:𣂷=cjkvi-variants+wikidata 斳:𣂼=cjkvi-variants+wikidata 騹:𩥕=cjkvi-variants+wikidata 𡅤:𡅸=cjkvi-variants
⿻土丷	⿻土从	2	12	8	啬:嗇=cjkvi-variants+opencc+unihan+wikidata+yitizi 墙:墻=cjkvi-variants+opencc+unihan+wikidata+yitizi 嫱:嬙=cjkvi-variants+opencc+unihan+wikidata+yitizi 廧:𪪞=cjkvi-variants+opencc+unihan+wikidata 懎:𢠁=cjkvi-variants+opencc+wikidata 樯:檣=cjkvi-variants+mj-shrink-map+opencc+unihan+wikidata+yitizi 濇:𬈧=cjkvi-variants+unihan+wikidata 穑:穡=cjkvi-variants+opencc+unihan+wikidata+yitizi 蔷:薔=cjkvi-variants+opencc+unihan+wikidata+yitizi
⿻土从	⿻土吅	2	4	3	䘮:喪=cjkvi-variants+mj-shrink-map+wikidata 墻:𫮶=cjkvi-variants 檣:𣞸=cjkvi-variants+wikidata 穡:穯=cjkvi-variants+wikidata
⿻𰍧八	⿲糸⿱二口糸	12	41	32	㡩:帟=cjkvi-variants 䜌:亦=cjkvi-variants 圞:𪢮=cjkvi-variants+opencc+unihan+wikidata+yitizi 塆:壪=cjkvi-variants+opencc+unihan+wikidata+yitizi 奕:奱=cjkvi-variants 孪:孿=cjkvi-variants+opencc+unihan+wikidata+yitizi 峦:巒=cjkvi-variants+opencc+unihan+wikidata+yitizi 弈:𢍶=cjkvi-variants 弯:彎=cjkvi-variants+hng-basic-data+mj-shrink-map+opencc+unihan+wikidata+yitizi 恋:戀=cjkvi-variants+hng-basic-data+mj-shrink-map+opencc+unihan+wikidata+yitizi 挛:攣=cjkvi-variants+opencc+unihan+wikidata+yitizi 栾:欒=cjkvi-variants+mj-shrink-map+opencc+unihan+wikidata+yitizi 洂:𤅇=cjkvi-variants 湾:灣=cjkvi-variants+mj-shrink-map+opencc+unihan+wikidata+yitizi 滦:灤=cjkvi-variants+opencc+unihan+wikidata+yitizi 癴:𰣽=unihan+wikidata 纞:𦃳=cjkvi-variants 脔:臠=cjkvi-variants+mj-shrink-map+opencc+unihan+wikidata+yitizi 蛮:蠻=cjkvi-variants+hng-basic-data+mj-shrink-map+opencc+unihan+wikidata+yitizi 跡:𨇼=cjkvi-variants 銮:鑾=cjkvi-variants+mj-shrink-map+opencc+unihan+wikidata+yitizi 鵉:鸞=cjkvi-variants+wikidata+yitizi 𡤶:𮱐=unihan+wikidata 𢺈:𫼬=cjkvi-variants+wikidata 𢺳:𪮳=cjkvi-variants+opencc+unihan+wikidata 𥽸:𬖛=cjkvi-variants+wikidata 𦮰:𧄶=cjkvi-variants 𧖦:𬠱=cjkvi-variants+unihan+wikidata 𨂺:𨈊=cjkvi-variants+opencc+unihan+wikidata+yitizi 𨄄:𨈌=cjkvi-variants+opencc+unihan+wikidata+yitizi 𪁂:𪈮=cjkvi-variants 𫣢:𱏣=wikidata
㐁	百	2	10	4	㝛:宿=cjkvi-variants+mj-shrink-map+opencc+unihan+wikidata+yitizi 弻:弼=cjkvi-variants+mj-shrink-map+opencc+wikidata 摍:𢴀=cjkvi-variants+opencc+wikidata 縮:𦄲=cjkvi-variants+mj-shrink-map+opencc+wikidata 蓿:𰱵=wikidata
㐁	舌	3	10	3	恬:𢙖=cjkvi-variants+mj-shrink-map+wikidata 栝:𣐸=cjkvi-variants+mj-shrink-map+wikidata 𤌜:𦧡=cjkvi-variants+wikidata
㐄	巾	2	18	9	幃:𭘮=wikidata 洚:𣴗=cjkvi-variants+wikidata 絳:𥿸=cjkvi-variants+mj-shrink-map+wikidata 衛:𫟘=mj-shrink-map+wikidata 諱:𮘪=mj-shrink-map+wikidata 違:𨔻=cjkvi-variants+mj-shrink-map+wikidata 闈:𨵾=cjkvi-variants+wikidata 降:𨹓=cjkvi-variants+mj-shrink-map+wikidata 韋:𮧯=mj-shrink-map+wikidata
㐅	⿰㐅㐅	2	13	5	冈:网=cjkvi-variants+wikidata 网:罓=cjkvi-variants+wikidata 蛧:𧈿=cjkvi-variants 𦊬:𦊶=cjkvi-variants 𨊾:𨋹=cjkvi-variants
㐅	爻	3	7	3	刈:𠛄=cjkvi-variants+mj-shrink-map+wikidata 刹:𠜽=cjkvi-variants 希:𢂞=cjkvi-variants+wikidata
㐅	𠂭	2	38	31	㚇:𡕰=cjkvi-variants+wikidata 㯶:椶=cjkvi-variants 䴚:𮭰=unihan+wikidata 䴝:𱊼=unihan+wikidata 卤:鹵=cjkvi-variants+opencc+unihan+wikidata+yitizi 堫:𡒇=cjkvi-variants+wikidata 嵕:𡽀=cjkvi-variants+wikidata 惾:𢣌=cjkvi-variants+wikidata 朡:𦡙=cjkvi-variants 滷:𰛮=unihan+wikidata 硵:磠=cjkvi-variants+opencc+unihan+wikidata+yitizi 糉:糭=cjkvi-variants+opencc+yitizi 緵:𦆛=cjkvi-variants+wikidata 葼:𮑪=wikidata 鍐:鑁=cjkvi-variants+wikidata 騣:𩦲=cjkvi-variants+wikidata 鬉:𩯣=cjkvi-variants+wikidata 鬷:𩱛=cjkvi-variants+wikidata 鯼:𩼕=cjkvi-variants+wikidata 鹺:鹾=cjkvi-variants+opencc+unihan+wikidata+yitizi 𢲸:𫼵=cjkvi-variants+unihan+wikidata 𤚠:𤛵=cjkvi-variants 𪉖:𱊺=unihan+wikidata 𪉜:𬸵=cjkvi-variants+unihan+wikidata 𪉣:𱊻=unihan+wikidata 𪉨:𬸶=cjkvi-variants+unihan+wikidata 𪉮:𬸷=cjkvi-variants+unihan+wikidata 𪉱:𬸸=cjkvi-variants+unihan+wikidata 𪉸:𫜊=cjkvi-variants+opencc+unihan+wikidata 𪉿:𬸹=cjkvi-variants+unihan+wikidata 𪊉:𱊽=unihan+wikidata
㐌	也	16	48	16	㢮:弛=cjkvi-variants+mj-shrink-map+wikidata 䝯:貤=cjkvi-variants+mj-shrink-map+wikidata 匜:𠤷=wikidata 彵:𮱺=wikidata 忚:𢘬=wikidata 扡:拖=cjkvi-variants+wikidata 杝:柂=cjkvi-variants+unihan+yitizi 灺:炧=cjkvi-variants+wikidata 狏:𤜣=cjkvi-variants+wikidata 肔:胣=cjkvi-variants+wikidata 衪:袘=cjkvi-variants+wikidata 迆:迤=cjkvi-variants+opencc+unihan 酏:𨠑=cjkvi-variants+wikidata 阤:陁=cjkvi-variants+wikidata+yitizi 𦍔:𦍥=cjkvi-variants 𧠉:𧠡=cjkvi-variants
㐌	它	24	51	25	㸰:㸱=cjkvi-variants+wikidata 㾃:𤵚=cjkvi-variants+wikidata 䍫:𦍥=cjkvi-variants+wikidata 䑨:舵=cjkvi-variants+mj-shrink-map+wikidata 䙾:𧠡=cjkvi-variants+wikidata 䰿:鮀=cjkvi-variants+wikidata 佗:𬽲=wikidata 拕:拖=cjkvi-variants+mj-shrink-map+opencc+unihan+wikidata+yitizi 柁:柂=cjkvi-variants+mj-shrink-map 沱:沲=cjkvi-variants+mj-shrink-map+unihan+wikidata+yitizi 狏:𤝛=cjkvi-variants+wikidata 砣:砤=cjkvi-variants+wikidata 蛇:𧉮=cjkvi-variants+mj-shrink-map+wikidata 袉:袘=cjkvi-variants+wikidata 詑:𧦧=cjkvi-variants+mj-shrink-map+wikidata 跎:𧿶=cjkvi-variants+mj-shrink-map+wikidata+yitizi 迤:迱=cjkvi-variants+wikidata 酡:𨠑=cjkvi-variants+wikidata 鉇:鉈=cjkvi-variants+wikidata 陀:陁=cjkvi-variants+unihan+wikidata+yitizi 駝:駞=cjkvi-variants+mj-shrink-map+unihan+wikidata+yitizi 𣵺:𣵻=cjkvi-variants 𤤩:𭹂=wikidata 𩃰:𩃱=wikidata 𩉺:𩉻=cjkvi-variants+wikidata
㐪	亥	2	1	1	刻:𠜇=cjkvi-variants+mj-shrink-map+wikidata 該:𮘈=mj-shrink-map+wikidata
㐫	凶	3	13	4	脑:𦙞=cjkvi-variants 酗:𨠯=cjkvi-variants+wikidata 𣧑:𪵂=cjkvi-variants
㐫	𡿺	6	9	6	垴:堖=cjkvi-variants+opencc+unihan+wikidata+yitizi 恼:惱=cjkvi-variants+opencc+unihan+wikidata+yitizi 瑙:𰡻=unihan+wikidata 碯:𮵑=unihan+wikidata 脑:腦=cjkvi-variants+opencc+unihan+wikidata+yitizi 𫼭:𫽨=wikidata
㐬	巟	7	9	8	䀮:𥆨=cjkvi-variants+wikidata 鯍:𩶶=cjkvi-variants+wikidata 𢂙:𢂠=cjkvi-variants 𣆖:𭦓=wikidata 𣉪:𣊀=cjkvi-variants+wikidata 𥿼:𦀠=cjkvi-variants 𧧢:𧨆=cjkvi-variants
㐭	面	3	6	3	啚:𠷰=cjkvi-variants 壇:𭐀=mj-shrink-map+wikidata 顲:𩖋=cjkvi-variants+wikidata
㐮	襄	11	13	13	嚷:𫬄=wikidata 壌:壤=cjkvi-variants+hng-basic-data+mj-shrink-map+opencc+unihan+wikidata+yitizi 嬢:孃=cjkvi-variants+mj-shrink-map+opencc+unihan+wikidata 攘:𭢯=wikidata 曩:𭧽=wikidata 穣:穰=cjkvi-variants+hng-basic-data+opencc+wikidata+yitizi 譲:讓=cjkvi-variants+hng-basic-data+mj-shrink-map+opencc+unihan+wikidata+yitizi 醸:釀=cjkvi-variants+hng-basic-data+mj-shrink-map+opencc+unihan+wikidata+yitizi 鑲:𮣐=mj-shrink-map+wikidata 驤:𩦪=cjkvi-variants+wikidata 𨟚:𮠍=wikidata
㐱	尒	13	39	23	㕘:參=cjkvi-variants+wikidata 㺑:𤡅=cjkvi-variants+wikidata 㽩:𤳑=cjkvi-variants+wikidata 䪾:𩒈=cjkvi-variants+wikidata 勠:𠢜=cjkvi-variants+wikidata 憀:𢟺=cjkvi-variants+wikidata 殄:𣧠=cjkvi-variants+mj-shrink-map+wikidata 沴:𣳅=cjkvi-variants+wikidata 珍:𭹀=wikidata 疹:𤵲=wikidata 瘮:𤹮=cjkvi-variants 瘳:𤹭=wikidata 診:𧦜=cjkvi-variants+mj-shrink-map+wikidata 趁:𮚶=mj-shrink-map+wikidata 跈:𨀀=cjkvi-variants+wikidata 軫:𨋏=cjkvi-variants+mj-shrink-map+wikidata 雡:𱁌=wikidata 飂:𱃍=wikidata 駗:𩢜=cjkvi-variants+wikidata 驂:𩥵=cjkvi-variants+wikidata 鷚:𱈹=wikidata 𪐲:𪐳=cjkvi-variants+wikidata
㐱	尓	11	34	16	䝩:𧵉=cjkvi-variants+wikidata 䟢:跈=cjkvi-variants+mj-shrink-map+wikidata 昣:𣆋=cjkvi-variants+wikidata 珍:珎=cjkvi-variants+hng-basic-data+mj-shrink-map+unihan+wikidata+yitizi 畛:𤱏=cjkvi-variants+mj-shrink-map+wikidata 疹:𤵜=cjkvi-variants+wikidata 紾:𥿜=cjkvi-variants+mj-shrink-map+wikidata 聄:𦕗=cjkvi-variants+wikidata 胗:𦙳=cjkvi-variants+mj-shrink-map+wikidata 診:𧧂=cjkvi-variants+mj-shrink-map+wikidata 飻:𩚸=cjkvi-variants
㐱	尔	11	35	15	䂦:䂧=cjkvi-variants+wikidata 䝩:𧵉=cjkvi-variants+wikidata 䟢:跈=cjkvi-variants+mj-shrink-map+wikidata 殄:𣧢=cjkvi-variants+mj-shrink-map+wikidata 沴:沵=cjkvi-variants+wikidata 珍:珎=cjkvi-variants+hng-basic-data+mj-shrink-map+unihan+wikidata+yitizi 疹:𤵜=cjkvi-variants+wikidata 胗:𣍨=wikidata 診:𧦽=cjkvi-variants+wikidata 趁:趂=cjkvi-variants+mj-shrink-map+unihan+wikidata+yitizi 軫:𨋎=cjkvi-variants+mj-shrink-map+wikidata
㐱	𠇍	9	55	38	㵕:滲=cjkvi-variants+mj-shrink-map+wikidata 㽩:𤳒=cjkvi-variants+wikidata 䂦:𥒨=cjkvi-variants+wikidata 䚧:𧥂=cjkvi-variants+wikidata 䟃:𧾋=cjkvi-variants+wikidata 䫩:𩕞=cjkvi-variants+wikidata 勠:𠢯=cjkvi-variants+mj-shrink-map+wikidata 參:叅=cjkvi-variants+mj-shrink-map+unihan+wikidata+yitizi 嘇:𭋁=wikidata 墋:𡑐=cjkvi-variants+wikidata 寥:𡪹=cjkvi-variants+wikidata 嵾:𡼶=cjkvi-variants+wikidata 慘:𢡖=cjkvi-variants+mj-shrink-map+wikidata 摎:𭢢=wikidata 摻:撡=cjkvi-variants+wikidata 槮:𣚈=cjkvi-variants+mj-shrink-map+wikidata 樛:𣚉=cjkvi-variants+mj-shrink-map+wikidata 毿:𣯺=cjkvi-variants+mj-shrink-map+wikidata 漻:𣽓=cjkvi-variants+wikidata 犙:𤛤=cjkvi-variants+wikidata 珍:𤤽=cjkvi-variants+mj-shrink-map 瘮:𤺑=cjkvi-variants 瘳:𤺟=wikidata 磣:𥕺=cjkvi-variants+wikidata 穋:𥢩=wikidata 篸:𥳋=cjkvi-variants+wikidata 翏:𮊿=mj-shrink-map+wikidata 蔘:𦼒=cjkvi-variants+mj-shrink-map+wikidata 遪:𨗘=cjkvi-variants+wikidata 醦:𨣔=cjkvi-variants 醪:𮡄=mj-shrink-map+wikidata 鏐:𮣎=wikidata 鬖:𩯑=cjkvi-variants+mj-shrink-map+wikidata 鰺:𩻦=cjkvi-variants 𤨵:𤩨=cjkvi-variants+wikidata 𧑁:𧑫=cjkvi-variants 𩌰:𩍑=cjkvi-variants+wikidata 𩞀:𩞼=cjkvi-variants
㐱	𱥯	3	8	4	䵏:𪏧=cjkvi-variants+wikidata 參:𭆤=mj-shrink-map+wikidata 膠:𭩎=wikidata 蓼:𮑹=wikidata
㑒	僉	13	15	14	㪘:斂=cjkvi-variants+wikidata 㰸:歛=cjkvi-variants+wikidata 倹:儉=cjkvi-variants+hng-basic-data+mj-shrink-map+opencc+unihan+wikidata+yitizi 剣:劍=cjkvi-variants+hng-basic-data+mj-shrink-map+opencc+unihan+wikidata+yitizi 剱:劒=cjkvi-variants+mj-shrink-map 嶮:𡸴=cjkvi-variants 撿:𢮦=cjkvi-variants+wikidata 検:檢=cjkvi-variants+hng-basic-data+mj-shrink-map+opencc+unihan+wikidata+yitizi 瀲:𭲠=wikidata 瞼:𥇥=cjkvi-variants+wikidata 険:險=cjkvi-variants+hng-basic-data+mj-shrink-map+opencc+unihan+wikidata+yitizi 験:驗=cjkvi-variants+hng-basic-data+mj-shrink-map+opencc+unihan+wikidata+yitizi 鹸:鹼=cjkvi-variants+opencc+wikidata+yitizi
㑴	侵	2	1	1	寑:𡪢=cjkvi-variants+opencc+wikidata 葠:𦺭=opencc
㒵	皃	5	7	6	䡚:𨌓=cjkvi-variants+wikidata 貌:𧳖=cjkvi-variants+mj-shrink-map+wikidata 𣴟:𣴼=cjkvi-variants+wikidata 𦎊:𦎔=cjkvi-variants 𦛤:𦛮=cjkvi-variants
㒸	遂	10	23	14	㥞:𢢝=cjkvi-variants 㴚:澻=cjkvi-variants+wikidata 䉌:𥶼=cjkvi-variants+wikidata 䔹:𧁂=cjkvi-variants+wikidata 䠔:𨆏=cjkvi-variants+wikidata 䡵:𨍨=cjkvi-variants+wikidata 嬘:𡟝=cjkvi-variants+wikidata 檖:𣔾=cjkvi-variants+wikidata 煫:燧=cjkvi-variants+mj-shrink-map+wikidata 穟:𥠂=cjkvi-variants+mj-shrink-map+wikidata 繸:𦂁=cjkvi-variants+wikidata 隊:隧=cjkvi-variants 𩅥:𩆰=cjkvi-variants
㒹	顛	2	2	1	巔:𭗸=wikidata 攧:𢺗=wikidata
㒼	⿱艹両	2	2	2	懣:𢡛=cjkvi-variants+wikidata 満:滿=cjkvi-variants+hng-basic-data+mj-shrink-map+opencc+unihan+wikidata+yitizi 瞞:𥈞=cjkvi-variants+wikidata
㒼	曼	8	26	8	㙢:墁=cjkvi-variants 䤍:𨢥=cjkvi-variants+unihan+wikidata+yitizi 嫚:𡠪=wikidata 槾:樠=cjkvi-variants 獌:𤡁=cjkvi-variants+wikidata 瞞:𥊑=cjkvi-variants+wikidata 謾:𧫩=cjkvi-variants+mj-shrink-map+wikidata 鰻:𩺴=cjkvi-variants+mj-shrink-map+wikidata
㒼	滿	3	8	3	䊟:𬖽=wikidata 懣:𢟮=cjkvi-variants+mj-shrink-map 𥲈:𥵥=cjkvi-variants+wikidata
㒼	𦲸	2	2	1	暪:𰖣=wikidata 蟎:𬠬=cjkvi-variants
㒼	𬜯	15	18	18	㙢:𰊟=unihan+wikidata 䊟:𰫋=unihan+wikidata 䐽:𰯎=unihan+wikidata 䝡:𬥊=cjkvi-variants+wikidata 䤍:𰼑=unihan+wikidata 慲:𰒆=unihan+wikidata 懑:懣=cjkvi-variants+opencc+unihan+wikidata+yitizi 樠:𣗊=cjkvi-variants+opencc+unihan+wikidata 满:滿=cjkvi-variants+opencc+unihan+wikidata+yitizi 璊:𫞩=cjkvi-variants+opencc+unihan+wikidata 瞒:瞞=cjkvi-variants+opencc+unihan+wikidata+yitizi 螨:蟎=cjkvi-variants+opencc+unihan+wikidata+yitizi 蹒:蹣=cjkvi-variants+opencc+unihan+wikidata+yitizi 鬗:𱆆=unihan+wikidata 𡠪:𮱔=unihan+wikidata 𣯣:𣯩=cjkvi-variants+opencc+unihan+wikidata 𦿭:𮶷=unihan+wikidata
㓁	冘	3	8	3	忱:𢗑=cjkvi-variants+mj-shrink-map+wikidata 枕:𣏝=cjkvi-variants+mj-shrink-map+wikidata 鴆:𫚲=wikidata
㓂	寇	2	1	1	䓻:蔻=cjkvi-variants+wikidata 滱:𣸦=cjkvi-variants+wikidata
㔷	𫠥	2	1	1	陋:𨹟=cjkvi-variants+mj-shrink-map+wikidata 𨦖:𨧇=wikidata
㔻	丕	4	7	5	䮆:駓=cjkvi-variants+wikidata 鉟:銔=cjkvi-variants 髬:𩬴=cjkvi-variants+wikidata 魾:𩶨=cjkvi-variants+wikidata
㔾	乏	3	11	4	䀀:𥁷=cjkvi-variants+wikidata 氾:泛=cjkvi-variants+opencc+yitizi 犯:𤝑=cjkvi-variants+mj-shrink-map+wikidata 砭:𥐗=cjkvi-variants+mj-shrink-map+wikidata
㔾	卩	3	10	5	卶:𭅹=wikidata 夗:夘=cjkvi-variants+unihan+wikidata 苑:𦭘=cjkvi-variants 𠭚:𠭞=cjkvi-variants
㔾	己	8	13	9	卷:巻=cjkvi-variants+hng-basic-data+mj-shrink-map+opencc+unihan+wikidata+yitizi 卺:巹=cjkvi-variants+mj-shrink-map+opencc+wikidata+yitizi 圈:圏=cjkvi-variants+mj-shrink-map+opencc+unihan+wikidata+yitizi 岂:𡴼=cjkvi-variants 忋:𢖭=cjkvi-variants 氾:𣲆=cjkvi-variants+wikidata 芑:𦫾=cjkvi-variants 𥐗:𥐦=cjkvi-variants 𨊠:𨊲=cjkvi-variants+wikidata
㔾	巳	5	11	8	氾:汜=cjkvi-variants+mj-shrink-map+wikidata 砈:𥑉=cjkvi-variants 𡱹:𡲏=cjkvi-variants 𡴱:𡵆=cjkvi-variants 𦫾:𦬊=cjkvi-variants
㔾	巴	4	25	8	䝈:𧱒=cjkvi-variants 卮:巵=cjkvi-variants+mj-shrink-map+opencc+wikidata+yitizi 卺:𢀿=cjkvi-variants+mj-shrink-map 栀:梔=cjkvi-variants+mj-shrink-map+opencc+unihan+wikidata+yitizi 范:𮏍=wikidata 𢁇:𢬬=wikidata 𨋜:𨌌=cjkvi-variants+wikidata
㔾	𢎘	2	3	1	㕀:㽕=cjkvi-variants+wikidata 犯:𤜛=cjkvi-variants+mj-shrink-map+opencc+wikidata
㕁	卻	3	4	4	𠴷:𠶸=cjkvi-variants 𢔘:𢔱=cjkvi-variants+wikidata 𢛠:𢜭=cjkvi-variants+wikidata
㕑	厨	3	5	4	㡡:𢅥=cjkvi-variants 橱:櫉=cjkvi-variants 蹰:𨆼=cjkvi-variants
㕑	廚	3	4	4	幮:𢅥=wikidata 櫉:櫥=wikidata+yitizi 躕:𨆼=wikidata
㕓	廛	5	9	7	瀍:𤄊=cjkvi-variants+wikidata 纏:纒=cjkvi-variants+hng-basic-data+mj-shrink-map+wikidata+yitizi 躔:𨇠=cjkvi-variants+mj-shrink-map+wikidata 鄽:𫑮=cjkvi-variants 𧔊:𧔹=cjkvi-variants
㕘	參	4	7	5	㺑:𤡅=cjkvi-variants+wikidata 㽩:𤳑=cjkvi-variants+wikidata 瘮:𤹮=cjkvi-variants 驂:𩥵=cjkvi-variants+wikidata
㕛	爻	4	11	5	䂚:𰦬=wikidata 䋂:𥾤=cjkvi-variants+wikidata 駁:𩢃=wikidata 𨟿:𨠈=cjkvi-variants
㕣	公	9	19	17	㔯:𠤰=cjkvi-variants 㫟:昖=cjkvi-variants+wikidata 䛇:訟=cjkvi-variants 松:柗=cjkvi-variants+mj-shrink-map+wikidata 滚:滾=cjkvi-variants+mj-shrink-map+opencc+unihan+wikidata+yitizi 磙:𥕦=cjkvi-variants+wikidata 舩:船=cjkvi-variants+hng-basic-data+mj-shrink-map+wikidata+yitizi 蓘:蔉=cjkvi-variants+wikidata+yitizi 衮:袞=cjkvi-variants+mj-shrink-map+opencc+unihan+wikidata+yitizi 鈆:鉛=cjkvi-variants+mj-shrink-map+unihan+wikidata+yitizi 𨍽:𨎊=cjkvi-variants+wikidata 𨑪:𨒄=cjkvi-variants 𨸮:𱀄=wikidata
㕻	咅	8	10	9	䏽:𦜟=cjkvi-variants+wikidata 䯽:𩭸=cjkvi-variants+wikidata 倍:𠊑=cjkvi-variants+mj-shrink-map+wikidata 剖:𠝒=cjkvi-variants+mj-shrink-map+wikidata 培:𡌮=cjkvi-variants+mj-shrink-map+opencc+wikidata 涪:𣷧=cjkvi-variants+mj-shrink-map+opencc+wikidata 焙:𤉮=cjkvi-variants+wikidata 醅:𨡥=cjkvi-variants+wikidata
㖾	⿱吅亐	2	3	3	㗁:𰈬=wikidata 崿:𰎵=wikidata
㖾	⿳吅一𠀁	2	2	2	㗁:𰈬=wikidata 崿:𰎵=wikidata
㖾	咢	11	16	12	㓵:𠟎=cjkvi-variants+wikidata 㗁:𰈬=wikidata 㦍:愕=cjkvi-variants+mj-shrink-map+wikidata 䣞:鄂=cjkvi-variants+mj-shrink-map+wikidata 堮:𡑇=cjkvi-variants+wikidata 崿:𰎵=wikidata 萼:𰱹=wikidata 諤:𰵆=wikidata 遌:遻=cjkvi-variants+wikidata 鰐:𩻙=cjkvi-variants 鶚:𱈽=wikidata
㘴	坐	3	4	4	座:𫝶=cjkvi-variants+mj-shrink-map+wikidata 矬:𥏧=cjkvi-variants+wikidata 𥭭:𥮭=cjkvi-variants+wikidata
㚅	隆	3	6	3	湰:漋=cjkvi-variants+wikidata 癃:𤸇=cjkvi-variants+mj-shrink-map+wikidata 𧍰:𧑟=cjkvi-variants+wikidata
㚆	复	2	1	1	緮:𦂊=cjkvi-variants+wikidata 𠋩:𮰁=wikidata
㚇	𡕰	14	17	15	㯶:椶=cjkvi-variants 堫:𡒇=cjkvi-variants+wikidata 嵕:𡽀=cjkvi-variants+wikidata 惾:𢣌=cjkvi-variants+wikidata 朡:𦡙=cjkvi-variants 糉:糭=cjkvi-variants+opencc+yitizi 緵:𦆛=cjkvi-variants+wikidata 葼:𮑪=wikidata 鍐:鑁=cjkvi-variants+wikidata 騣:𩦲=cjkvi-variants+wikidata 鬉:𩯣=cjkvi-variants+wikidata 鬷:𩱛=cjkvi-variants+wikidata 鯼:𩼕=cjkvi-variants+wikidata 𤚠:𤛵=cjkvi-variants
㚒	夾	3	4	4	䀹:鿃=cjkvi-variants 䛟:𧧵=cjkvi-variants 陜:陝=cjkvi-variants+wikidata+yitizi
㚔	幸	10	29	21	㝪:𡪐=cjkvi-variants+wikidata 䁺:𥋭=cjkvi-variants+wikidata 䂔:𥏣=cjkvi-variants+wikidata 䐾:𰯞=wikidata 䛭:𧨫=cjkvi-variants+wikidata 啈:𠵃=cjkvi-variants 圉:𰉑=wikidata 執:𡘺=cjkvi-variants+mj-shrink-map+wikidata 報:𡙈=cjkvi-variants+mj-shrink-map+opencc+wikidata 涬:𣷟=cjkvi-variants+mj-shrink-map+wikidata 澤:𤀎=cjkvi-variants+mj-shrink-map+opencc+wikidata 燡:𤏵=cjkvi-variants+wikidata 盭:𥃊=cjkvi-variants+wikidata 睪:𥇡=cjkvi-variants+mj-shrink-map+opencc+wikidata 籜:𥷐=cjkvi-variants+wikidata 繹:𦆎=cjkvi-variants+mj-shrink-map+opencc+wikidata 譯:𧬳=cjkvi-variants+mj-shrink-map+opencc+wikidata 驛:𩦯=cjkvi-variants+opencc+wikidata 𥷚:𥷤=cjkvi-variants 𥼶:𥽉=cjkvi-variants+wikidata
㚘	兓	6	39	31	㔆:𠟆=cjkvi-variants+wikidata 㣅:𭛆=wikidata 䁮:𥋋=cjkvi-variants+wikidata 䃡:𰧢=wikidata 䅾:𰨸=wikidata 䍼:𦏋=cjkvi-variants+wikidata 䐶:𦠛=wikidata 䤐:𰼓=wikidata 䫬:𩕗=cjkvi-variants+wikidata 䭙:𩞲=cjkvi-variants+wikidata 䲋:𩻛=cjkvi-variants+mj-shrink-map+wikidata 僣:僭=cjkvi-variants+mj-shrink-map+wikidata+yitizi 噆:𠾱=cjkvi-variants+wikidata 嶜:𡼫=cjkvi-variants+wikidata 憯:𢡚=wikidata 撍:𭢗=wikidata 替:朁=cjkvi-variants+wikidata 潛:潜=cjkvi-variants+hng-basic-data+mj-shrink-map+opencc+unihan+wikidata+yitizi 灊:𤄵=cjkvi-variants+mj-shrink-map+wikidata 熸:𤏖=cjkvi-variants+wikidata 簪:簮=cjkvi-variants+wikidata 譖:譛=cjkvi-variants+hng-basic-data+mj-shrink-map+wikidata 賛:𮚋=mj-shrink-map 鐕:鐟=cjkvi-variants+wikidata 鬵:𩰿=cjkvi-variants+wikidata 𨅔:𨅕=cjkvi-variants+wikidata 𨼐:𱀱=wikidata 𩀿:𩁀=cjkvi-variants+wikidata 𩅨:𩅮=cjkvi-variants+wikidata 𪅽:𱈻=wikidata 𪖼:𪖽=cjkvi-variants+wikidata
㚘	兟	5	49	34	㜺:𡣶=cjkvi-variants+wikidata 㠝:巑=cjkvi-variants+mj-shrink-map+wikidata 㦧:𢡚=cjkvi-variants 㦫:𭟎=wikidata 㬱:替=cjkvi-variants+mj-shrink-map+wikidata 䂎:𥎞=cjkvi-variants+wikidata 䟎:趲=cjkvi-variants+wikidata 䡽:𮝰=wikidata 䰖:𩯳=cjkvi-variants+wikidata 儧:儹=cjkvi-variants+wikidata+yitizi 囋:𡂐=cjkvi-variants+wikidata 攅:攢=cjkvi-variants+hng-basic-data+mj-shrink-map+unihan+wikidata+yitizi 櫕:欑=cjkvi-variants+mj-shrink-map+wikidata 潜:濳=cjkvi-variants+mj-shrink-map 濽:灒=cjkvi-variants+wikidata 瓉:瓚=cjkvi-variants+mj-shrink-map+wikidata 礸:𰧪=wikidata 穳:𥣪=cjkvi-variants+wikidata 籫:𮆫=wikidata 纉:纘=cjkvi-variants+mj-shrink-map+wikidata+yitizi 臢:𦢤=cjkvi-variants+wikidata 讃:讚=cjkvi-variants+hng-basic-data+mj-shrink-map+wikidata+yitizi 賛:贊=cjkvi-variants+hng-basic-data+mj-shrink-map+opencc+unihan+wikidata+yitizi 躦:𨇃=cjkvi-variants+wikidata 鄼:酇=cjkvi-variants+mj-shrink-map+wikidata 鐟:𨯩=cjkvi-variants 鑚:鑽=cjkvi-variants+hng-basic-data+mj-shrink-map+unihan+wikidata+yitizi 饡:𩟪=cjkvi-variants+wikidata 𠓒:𧹍=cjkvi-variants 𣎯:𦠛=cjkvi-variants 𧄽:𮒟=wikidata 𨣵:𨤆=cjkvi-variants 𩍴:𩎈=cjkvi-variants
㝁	旬	4	9	4	侚:𠊫=cjkvi-variants+mj-shrink-map+wikidata 筍:箰=cjkvi-variants+mj-shrink-map+wikidata 詢:𧪂=cjkvi-variants+mj-shrink-map+wikidata 賯:𧵣=cjkvi-variants+wikidata
㝉	宁	9	12	10	伫:佇=cjkvi-variants+opencc+unihan+wikidata+yitizi 泞:𰛑=wikidata 眝:𪾣=cjkvi-variants+opencc+wikidata 竚:𥩟=cjkvi-variants+opencc 羜:𬙯=cjkvi-variants+wikidata 苎:苧=cjkvi-variants+opencc+unihan+wikidata+yitizi 貯:𫎓=cjkvi-variants+wikidata 贮:𮷍=unihan 𤆼:𮳢=unihan+wikidata
㝎	定	5	6	6	䧑:𱀔=wikidata 淀:𰛸=wikidata 靛:𱁭=wikidata 𥇓:𭾷=wikidata 𦩘:𮎑=wikidata
㝛	宿	3	4	4	摍:𢴀=cjkvi-variants+opencc+wikidata 縮:𦄲=cjkvi-variants+mj-shrink-map+opencc+wikidata 蓿:𰱵=wikidata
㝠	冥	4	6	5	㨠:𢳡=cjkvi-variants+wikidata 慏:𢟫=cjkvi-variants+wikidata 榠:𣙣=cjkvi-variants+wikidata 溟:𪷆=cjkvi-variants+wikidata
㝡	最	9	12	10	㵊:𰜼=wikidata 䴝:𪉼=cjkvi-variants+wikidata 嘬:𠻕=cjkvi-variants+wikidata 撮:𢲻=cjkvi-variants+mj-shrink-map+wikidata 繓:𦄎=cjkvi-variants+wikidata 蕞:𦸤=cjkvi-variants+mj-shrink-map+wikidata 襊:𧜮=cjkvi-variants+wikidata 𥊁:𥊴=cjkvi-variants+wikidata 𨄒:𨅎=cjkvi-variants+wikidata
㞋	展	3	5	3	碾:𥑊=cjkvi-variants+mj-shrink-map+wikidata 蹍:𧿸=cjkvi-variants+wikidata 輾:𨋚=cjkvi-variants+wikidata
㞋	𠬝	2	2	1	𤵓:𤵧=cjkvi-variants 𨋁:𨋚=cjkvi-variants
㞑	尾	2	1	1	䞔:𧹧=cjkvi-variants+wikidata 𩗘:𩘂=cjkvi-variants+wikidata
㞕	屑	2	2	1	榍:𣕋=cjkvi-variants+wikidata 𪙇:𪙌=cjkvi-variants+wikidata
㞡	展	2	1	1	榐:𣡃=cjkvi-variants 碾:𥗷=cjkvi-variants
㞧	會	3	4	4	䵳:𪐹=cjkvi-variants+wikidata 懀:𢘏=cjkvi-variants+wikidata 澮:𣲸=cjkvi-variants+wikidata
㞵	𠬢	2	1	1	㫞:𮲣=wikidata 弢:𭚱=wikidata
㞷	王	9	20	13	㤮:𢞪=cjkvi-variants+wikidata 匡:匩=cjkvi-variants+mj-shrink-map+opencc+wikidata 匡:𠥆=wikidata 尩:𡯲=cjkvi-variants+mj-shrink-map 尪:𡯪=cjkvi-variants+wikidata 尪:𡯭=cjkvi-variants+wikidata 恇:𢝎=cjkvi-variants+mj-shrink-map+wikidata 汪:𪶁=wikidata 洭:𣶕=cjkvi-variants+opencc+wikidata 誑:𧪴=cjkvi-variants+mj-shrink-map+opencc+wikidata 軖:𨌂=cjkvi-variants+wikidata 軭:𮝝=wikidata 邼:𰻲=wikidata
㞷	𡉚	2	4	2	𢔷:𢔺=cjkvi-variants 𢼟:𢽃=cjkvi-variants
㠩	巟	9	13	12	㡃:㡆=cjkvi-variants+wikidata 荒:𮎰=mj-shrink-map+opencc+wikidata 詤:𧧢=cjkvi-variants 𡧬:𡧽=cjkvi-variants+wikidata 𤠛:𤠤=cjkvi-variants+wikidata 𥠸:𥡃=cjkvi-variants+wikidata 𥿪:𥿼=cjkvi-variants+wikidata 𧠬:𧠰=cjkvi-variants+wikidata 𩢯:𩣇=cjkvi-variants+wikidata 𩣈:𩣐=cjkvi-variants 𩶡:𩶶=cjkvi-variants+wikidata
㠩	荒	4	6	4	㡃:㡛=cjkvi-variants 詤:謊=cjkvi-variants+mj-shrink-map+opencc+unihan+yitizi 𥞙:𥡃=cjkvi-variants+wikidata 𥿪:𦃑=cjkvi-variants
㠯	以	5	8	6	㚶:姒=cjkvi-variants+mj-shrink-map+wikidata 㭒:𮲯=wikidata 䎣:耜=cjkvi-variants+wikidata 似:佀=cjkvi-variants+mj-shrink-map+wikidata 苡:苢=cjkvi-variants+mj-shrink-map+unihan+wikidata+yitizi
㠯	巳	7	16	7	㭒:𣏌=wikidata 圯:𡊊=cjkvi-variants+wikidata 巸:𦣤=cjkvi-variants+wikidata 异:𢍀=cjkvi-variants+wikidata 祀:𥘰=cjkvi-variants+wikidata 耜:𦓨=cjkvi-variants+mj-shrink-map+wikidata 釲:鈻=cjkvi-variants+wikidata
㠯	𦣞	3	10	3	㚶:姬=cjkvi-variants+wikidata 㭒:𣐵=cjkvi-variants+wikidata 㼢:𤬴=cjkvi-variants
㡀	敝	4	13	5	䭱:𩡡=cjkvi-variants+wikidata 鷩:𪂟=cjkvi-variants 𤷗:𤺓=cjkvi-variants+wikidata 𧌽:𧒀=cjkvi-variants+wikidata
㡭	⿺𠃊米	5	7	6	断:斷=cjkvi-variants+hng-basic-data+mj-shrink-map+opencc+unihan+wikidata+yitizi 檵:𪲛=opencc+unihan+wikidata 簖:籪=cjkvi-variants+opencc+unihan+wikidata+yitizi 継:繼=cjkvi-variants+hng-basic-data+mj-shrink-map+opencc+unihan+wikidata+yitizi 𥺇:𥽖=opencc+unihan+wikidata+yitizi 𨇰:𫏞=cjkvi-variants+opencc+unihan+wikidata
㡭	𢇍	4	5	4	䠪:躖=cjkvi-variants+wikidata 斷:𣃔=cjkvi-variants+mj-shrink-map+wikidata+yitizi 繼:𦇓=cjkvi-variants+mj-shrink-map+wikidata 蠿:𧖀=cjkvi-variants+wikidata
㡿	斥	8	12	9	㴑:泝=cjkvi-variants+opencc 䞣:𧼳=cjkvi-variants 坼:𡍩=cjkvi-variants+mj-shrink-map+opencc+wikidata+yitizi 拆:𢯪=cjkvi-variants+wikidata 柝:𣔳=cjkvi-variants+mj-shrink-map+opencc+wikidata 蚸:蝷=cjkvi-variants+mj-shrink-map+wikidata 訴:𧩯=cjkvi-variants+mj-shrink-map+wikidata 跅:𨂫=cjkvi-variants+wikidata
㢘	兼	3	6	3	熑:𤑙=wikidata 稴:𰨿=wikidata 賺:𰷛=wikidata
㢘	廉	4	7	5	濂:𰝩=wikidata 燫:𤑙=cjkvi-variants 臁:𰯧=wikidata 𨎷:𰹪=wikidata
㢟	延	3	4	3	䀽:𥆊=wikidata 硟:𥒔=cjkvi-variants+wikidata 脠:𦚺=cjkvi-variants+wikidata
㢲	巽	11	15	13	䠣:𨂳=cjkvi-variants 僎:𠊨=cjkvi-variants+mj-shrink-map+wikidata 噀:𠸃=wikidata 撰:𢰅=cjkvi-variants+mj-shrink-map+wikidata 潠:𣹎=cjkvi-variants+mj-shrink-map+wikidata 襈:𧛴=cjkvi-variants+wikidata 譔:𧩿=cjkvi-variants+mj-shrink-map+opencc+wikidata 選:𨕖=cjkvi-variants+mj-shrink-map+wikidata 鐉:𨩸=cjkvi-variants+wikidata 饌:𩜹=cjkvi-variants+wikidata 𦌔:𫅈=cjkvi-variants+wikidata 𦽙:𧂍=cjkvi-variants
㢴	⿱一⿻口⿰丨丨	2	5	4	䙵:𡐲=cjkvi-variants 煙:𤏯=cjkvi-variants+mj-shrink-map+opencc+wikidata 甄:𤮔=cjkvi-variants+mj-shrink-map+opencc+wikidata 禋:𥛿=cjkvi-variants+wikidata 𦎣:𦏍=cjkvi-variants+wikidata
㢴	西	3	11	8	洒:𣹍=cjkvi-variants+mj-shrink-map+opencc+wikidata 煙:𤏯=cjkvi-variants+mj-shrink-map+opencc+wikidata 甄:𤮔=cjkvi-variants+mj-shrink-map+opencc+wikidata 禋:𥛿=cjkvi-variants+wikidata 茜:𦴛=cjkvi-variants+mj-shrink-map+opencc+wikidata 𦎣:𦏍=cjkvi-variants+wikidata
㢴	覀	2	5	4	䙵:𡐲=cjkvi-variants 煙:𤏯=cjkvi-variants+mj-shrink-map+opencc+wikidata 甄:𤮔=cjkvi-variants+mj-shrink-map+opencc+wikidata 禋:𥛿=cjkvi-variants+wikidata 𦎣:𦏍=cjkvi-variants+wikidata
㣇	豕	3	5	3	豚:𦜼=cjkvi-variants+wikidata 豨:𫹇=wikidata 𩫕:𩫚=cjkvi-variants
㣺	⿴{11}亅	2	3	1	添:𣸸=mj-shrink-map+wikidata 菾:𦲑=wikidata
㤲	𫺁	2	1	1	㥷:𰑸=unihan+wikidata 瘱:𪽷=cjkvi-variants+opencc+unihan+wikidata
㥯	急	7	18	11	㒚:𠋎=wikidata 㶏:𰝋=unihan+wikidata 嶾:𭖷=wikidata 檼:𬃡=wikidata 櫽:𬄩=cjkvi-variants+unihan+wikidata 瘾:癮=cjkvi-variants+opencc+unihan+wikidata+yitizi 稳:穩=cjkvi-variants+opencc+unihan+wikidata+yitizi 蘟:𦻕=cjkvi-variants+opencc+unihan+wikidata 隐:隱=cjkvi-variants+opencc+unihan+wikidata+yitizi 𡅯:𪢖=cjkvi-variants+opencc+wikidata
㥯	隱	3	8	3	㶏:濦=cjkvi-variants+wikidata 癮:𤻘=cjkvi-variants+mj-shrink-map 𨏈:𨏱=cjkvi-variants
㥯	𢚩	3	6	4	䨸:𬰔=wikidata 濦:𬈬=wikidata 穏:穩=cjkvi-variants+mj-shrink-map+opencc+unihan+wikidata+yitizi 隠:隱=cjkvi-variants+hng-basic-data+mj-shrink-map+opencc+unihan+wikidata+yitizi
㥯	𭜳	2	1	1	穩:𥡷=cjkvi-variants+wikidata 隱:𨼆=cjkvi-variants+mj-shrink-map+wikidata
㦮	戋	2	2	1	䇳:笺=cjkvi-variants 栈:桟=cjkvi-variants
㦮	戔	15	19	18	䇳:箋=cjkvi-variants+wikidata 䬻:餞=cjkvi-variants+mj-shrink-map+wikidata 俴:𠈙=cjkvi-variants+wikidata 桟:棧=cjkvi-variants+hng-basic-data+mj-shrink-map+opencc+unihan+wikidata+yitizi 残:殘=cjkvi-variants+hng-basic-data+mj-shrink-map+opencc+unihan+wikidata+yitizi 浅:淺=cjkvi-variants+hng-basic-data+mj-shrink-map+opencc+unihan+wikidata+yitizi 濺:𣿽=cjkvi-variants+wikidata 盏:盞=cjkvi-variants+opencc+unihan+wikidata+yitizi 盞:𥁫=cjkvi-variants+mj-shrink-map+wikidata 碊:𥒎=cjkvi-variants+mj-shrink-map+wikidata 諓:𬢣=cjkvi-variants+wikidata 賎:賤=cjkvi-variants+hng-basic-data+wikidata 践:踐=cjkvi-variants+hng-basic-data+mj-shrink-map+opencc+unihan+wikidata+yitizi 銭:錢=cjkvi-variants+hng-basic-data+mj-shrink-map+opencc+unihan+wikidata+yitizi 𠽈:𭈟=unihan+wikidata 𥂫:𰤽=unihan+wikidata
㦸	戟	3	4	4	撠:𪮮=wikidata 橶:𣛔=wikidata 𦺩:𦻝=cjkvi-variants+wikidata
㨗	捷	2	1	1	蓵:𦻴=cjkvi-variants+wikidata 𧐥:𧑻=cjkvi-variants
㪅	更	14	17	16	䌄:綆=cjkvi-variants+mj-shrink-map+opencc+wikidata 便:𠊳=cjkvi-variants+mj-shrink-map+opencc+wikidata 哽:𠶺=cjkvi-variants+mj-shrink-map+opencc+wikidata 埂:𡎩=cjkvi-variants+opencc+wikidata 挭:𢯬=cjkvi-variants+wikidata 梗:𣖀=cjkvi-variants+opencc+wikidata 甦:𤯳=cjkvi-variants+mj-shrink-map+wikidata 箯:𥲼=cjkvi-variants+mj-shrink-map+opencc+wikidata 緶:𦄱=cjkvi-variants+opencc+wikidata 郠:𨜦=cjkvi-variants+opencc+wikidata 鞕:𩋸=cjkvi-variants+mj-shrink-map+wikidata 鞭:𩌻=cjkvi-variants+opencc+wikidata 骾:𩩹=cjkvi-variants+opencc+wikidata 鯁:𩹐=cjkvi-variants+mj-shrink-map+opencc+wikidata 𣆳:𰖖=wikidata
㪍	勃	2	3	1	㴾:渤=cjkvi-variants+mj-shrink-map+wikidata 葧:𦸦=cjkvi-variants+wikidata
㪚	散	2	1	1	撒:𪮫=cjkvi-variants+wikidata 𦠐:𮌼=wikidata
㪷	斗	3	5	4	斛:𧤰=cjkvi-variants+wikidata 枓:𣙞=cjkvi-variants+wikidata 蚪:𧐝=cjkvi-variants+mj-shrink-map+wikidata
㪿	折	2	1	1	哲:𠺤=cjkvi-variants+mj-shrink-map+wikidata 狾:𤠥=cjkvi-variants+wikidata
㫄	旁	13	14	14	㮄:榜=cjkvi-variants+mj-shrink-map+opencc+wikidata 䒍:𦫣=cjkvi-variants+wikidata 傍:𠊓=cjkvi-variants+wikidata 徬:𢔚=cjkvi-variants+opencc+wikidata 搒:𢮔=cjkvi-variants+opencc+wikidata 滂:𣶢=cjkvi-variants+mj-shrink-map+opencc+wikidata 牓:𤗒=cjkvi-variants+wikidata 磅:𥓯=cjkvi-variants+wikidata 膀:𦜶=cjkvi-variants+mj-shrink-map+wikidata 蒡:𦱘=cjkvi-variants+mj-shrink-map+wikidata 謗:𧩂=cjkvi-variants+mj-shrink-map+opencc+wikidata 騯:𩤐=cjkvi-variants+wikidata 𣁼:𣂆=cjkvi-variants+wikidata
㫐	艮	7	14	8	㞁:𡯣=cjkvi-variants+wikidata 䫀:𩒝=cjkvi-variants+wikidata 恨:𢙃=cjkvi-variants+mj-shrink-map+wikidata 根:𭩷=wikidata 限:𨹎=cjkvi-variants+wikidata 齦:𪘄=cjkvi-variants+mj-shrink-map+wikidata 𤈑:𮳨=wikidata
㫖	旨	4	7	7	脂:𮌖=mj-shrink-map+wikidata 鑙:𨮺=cjkvi-variants+unihan+wikidata 𧊙:𮔍=wikidata 𪊨:𫜎=cjkvi-variants
㫫	㬎	4	5	4	歞:𬅮=wikidata 濕:𣺯=cjkvi-variants+mj-shrink-map+wikidata 隰:𨻥=cjkvi-variants+wikidata 顯:𩔰=cjkvi-variants+mj-shrink-map+wikidata
㫺	昔	25	30	28	䄍:𥛾=wikidata 䇎:𥪶=cjkvi-variants+wikidata 䥘:錯=cjkvi-variants+mj-shrink-map+opencc+wikidata 䧿:𩁆=cjkvi-variants 䱜:𩻶=cjkvi-variants+wikidata 借:𠎥=cjkvi-variants+opencc+wikidata 剒:𠟏=cjkvi-variants+wikidata 厝:𠪞=cjkvi-variants+mj-shrink-map+opencc+wikidata 惜:𢡽=cjkvi-variants+mj-shrink-map+opencc+wikidata 措:𢵄=cjkvi-variants+mj-shrink-map+opencc+wikidata 斮:𣃀=cjkvi-variants+opencc+wikidata 焟:𤎳=cjkvi-variants+wikidata 皵:𥀟=cjkvi-variants+wikidata 矠:𥎏=cjkvi-variants+mj-shrink-map+opencc+wikidata 碏:𰧦=wikidata 簎:𥶪=cjkvi-variants+mj-shrink-map+opencc+wikidata 籍:𥷸=cjkvi-variants+mj-shrink-map+opencc+wikidata 耤:𦔡=cjkvi-variants+mj-shrink-map+opencc+wikidata 諎:𧬢=cjkvi-variants+wikidata 趞:𧾀=cjkvi-variants 踖:𨅦=cjkvi-variants+mj-shrink-map+opencc+wikidata 逪:𨗀=cjkvi-variants+wikidata 醋:𨣋=cjkvi-variants+mj-shrink-map+opencc+wikidata 齰:𪙮=cjkvi-variants+mj-shrink-map+opencc+wikidata 𢧉:𢨈=cjkvi-variants 𥺮:𥼪=cjkvi-variants 𦁎:𦅊=cjkvi-variants+wikidata
㬅	曼	17	22	20	㡢:幔=cjkvi-variants+mj-shrink-map+wikidata 㻴:𭺄=wikidata 㿸:𥀤=cjkvi-variants+wikidata 䕕:𧂧=cjkvi-variants 墁:𡑦=cjkvi-variants+wikidata 嫚:𡢚=cjkvi-variants 慢:𢢔=cjkvi-variants+mj-shrink-map+wikidata 摱:𢶔=cjkvi-variants+wikidata 漫:澷=cjkvi-variants+mj-shrink-map+unihan+wikidata+yitizi 獌:𤢞=cjkvi-variants+wikidata 縵:𦆅=cjkvi-variants+mj-shrink-map+wikidata 蔓:𦽦=cjkvi-variants+mj-shrink-map+wikidata 謾:𧬒=cjkvi-variants+mj-shrink-map+wikidata 鏝:𨭜=cjkvi-variants+wikidata 鰻:𩻠=cjkvi-variants+mj-shrink-map+wikidata 𥲑:𥵀=wikidata 𦔔:𦔨=cjkvi-variants+wikidata 𨞼:𨟔=cjkvi-variants 𮥝:𮥧=wikidata
㬎	显	5	9	6	歞:𪴯=cjkvi-variants+unihan+wikidata 湿:濕=cjkvi-variants+hng-basic-data+mj-shrink-map+opencc+unihan+wikidata+yitizi 隰:𫠃=cjkvi-variants+wikidata 顕:顯=cjkvi-variants+hng-basic-data+mj-shrink-map+opencc+unihan+wikidata+yitizi 𤐴:𬊭=cjkvi-variants+wikidata
㬎	𡌥	6	11	6	㙷:𡏀=cjkvi-variants+wikidata 㬤:𣉓=cjkvi-variants 䝃:𧰁=cjkvi-variants+wikidata 溼:濕=cjkvi-variants+mj-shrink-map+opencc+unihan+wikidata+yitizi 隰:𨻋=cjkvi-variants+mj-shrink-map+wikidata 𣖭:𰘽=wikidata
㬜	晉	3	4	4	搢:𢸰=cjkvi-variants+mj-shrink-map+wikidata 縉:𦇢=cjkvi-variants+mj-shrink-map+opencc+wikidata 鄑:𨟕=cjkvi-variants+opencc+wikidata
㬜	晋	3	4	4	搢:𢸰=cjkvi-variants+mj-shrink-map+wikidata 縉:𦇢=cjkvi-variants+mj-shrink-map+opencc+wikidata 鄑:𨟕=cjkvi-variants+opencc+wikidata
㬥	暴	12	13	13	㩧:𢹯=cjkvi-variants+wikidata 儤:𠑔=wikidata 懪:𢥟=cjkvi-variants+wikidata 曝:𣌑=cjkvi-variants+wikidata 瀑:𤄗=cjkvi-variants+mj-shrink-map+opencc+wikidata 爆:𤒺=cjkvi-variants+mj-shrink-map+opencc+wikidata 犦:𤜌=cjkvi-variants+wikidata 襮:𧟊=cjkvi-variants+opencc+wikidata 鸔:𪈫=cjkvi-variants+opencc+wikidata 𦢊:𦣃=cjkvi-variants+wikidata 𧭤:𧮔=cjkvi-variants+wikidata 𪇰:𪈚=cjkvi-variants
㬰	臾	6	8	7	䶾:𣢧=unihan+wikidata 斔:螤=cjkvi-variants+wikidata 腴:𦚤=cjkvi-variants+mj-shrink-map+wikidata 𥑷:𥔢=cjkvi-variants 𧊠:𧍳=cjkvi-variants+wikidata 𪀙:𪃪=cjkvi-variants
㬱	替	4	10	5	㦧:𢡚=cjkvi-variants 潜:濳=cjkvi-variants+mj-shrink-map 鐟:𨯩=cjkvi-variants 𣎯:𦠛=cjkvi-variants
㬱	朁	8	10	9	㦧:憯=cjkvi-variants+unihan+wikidata+yitizi 䁮:𥌳=cjkvi-variants+wikidata 䐶:𣎯=cjkvi-variants 噆:𡄋=cjkvi-variants+wikidata 潛:濳=cjkvi-variants+hng-basic-data+mj-shrink-map+wikidata+yitizi 簪:𬖂=wikidata+yitizi 譖:𧮂=cjkvi-variants+wikidata 鐕:𨯩=cjkvi-variants+wikidata+yitizi
㭊	析	5	7	6	惁:𢜣=cjkvi-variants+wikidata 晳:𣇮=mj-shrink-map 淅:𣶁=cjkvi-variants+mj-shrink-map+wikidata 蜤:𧎀=cjkvi-variants+wikidata 蜥:𧌨=cjkvi-variants+mj-shrink-map+wikidata
㮚	栗	5	7	6	凓:𠘍=cjkvi-variants+wikidata 慄:𢢙=cjkvi-variants+mj-shrink-map+wikidata 溧:𣿚=cjkvi-variants+mj-shrink-map+opencc+wikidata 瑮:𤩰=cjkvi-variants+opencc+wikidata 𠞉:𠟫=cjkvi-variants+wikidata
㯥	{98}	2	13	10	㷮:𤓗=cjkvi-variants+wikidata 傮:𠑤=cjkvi-variants+opencc+wikidata 嘈:𡅰=cjkvi-variants+mj-shrink-map+wikidata 慒:𢥱=cjkvi-variants+opencc+wikidata 曹:𣍘=cjkvi-variants+mj-shrink-map+opencc+wikidata 槽:𣡘=cjkvi-variants+mj-shrink-map+opencc+wikidata 漕:𤅍=cjkvi-variants+mj-shrink-map+opencc+wikidata 糟:𥽾=cjkvi-variants+mj-shrink-map+opencc+wikidata 蓸:𧅝=cjkvi-variants+wikidata 褿:𧟔=cjkvi-variants+wikidata 遭:𨙠=cjkvi-variants+mj-shrink-map+wikidata
㲃	𣪘	2	1	1	匓:𠣿=cjkvi-variants+wikidata 廏:𢋁=cjkvi-variants
㲋	兔	3	4	3	𠓗:𣬚=cjkvi-variants+wikidata 𡙖:𣬎=cjkvi-variants 𧥒:𧥓=wikidata
㲽	𱥻	3	4	3	梁:鿄=cjkvi-variants+mj-shrink-map+wikidata 簗:𥱋=cjkvi-variants+wikidata 粱:𥹭=cjkvi-variants+wikidata
㳄	次	3	6	5	咨:𪡌=cjkvi-variants+wikidata 盗:盜=cjkvi-variants+hng-basic-data+mj-shrink-map+opencc+unihan+wikidata+yitizi 羡:羨=cjkvi-variants+opencc+unihan+wikidata+yitizi 𦅗:𦆀=cjkvi-variants+wikidata
㴆	浸	2	1	1	䆮:𥧲=yitizi 寖:𡩻=wikidata
㷠	粦	20	25	21	䢯:遴=cjkvi-variants+wikidata 䫰:𩕼=cjkvi-variants 䮼:驎=cjkvi-variants+wikidata 嶙:𡽤=cjkvi-variants+mj-shrink-map+opencc+wikidata 憐:𢣶=cjkvi-variants+mj-shrink-map+opencc+wikidata 斴:𣃌=cjkvi-variants 燐:𤐪=cjkvi-variants+mj-shrink-map+wikidata 獜:𤢯=cjkvi-variants+wikidata 璘:𤪏=cjkvi-variants+mj-shrink-map+wikidata 疄:𤳩=cjkvi-variants+opencc+wikidata 瞵:𥌌=cjkvi-variants+opencc+wikidata 粼:𤏞=cjkvi-variants+mj-shrink-map+opencc+wikidata 翷:𦒪=cjkvi-variants+wikidata 蹸:𨆴=cjkvi-variants+opencc+wikidata 轔:𨏏=cjkvi-variants+mj-shrink-map+opencc+wikidata 鄰:𨞧=cjkvi-variants+mj-shrink-map+wikidata 隣:𨽃=mj-shrink-map 鱗:𩼩=cjkvi-variants+mj-shrink-map+opencc+wikidata 麟:𪋲=cjkvi-variants+mj-shrink-map+opencc+wikidata 𩕔:𩕶=cjkvi-variants+wikidata
㸚	𠈌	2	3	2	傘:𠌂=cjkvi-variants+wikidata 爽:𡙁=cjkvi-variants+mj-shrink-map+wikidata 𠓵:𠓷=cjkvi-variants+wikidata
㸦	互	8	10	9	䇘:𥫻=cjkvi-variants+wikidata 䊺:𥾙=cjkvi-variants+wikidata 冱:𠖱=cjkvi-variants+mj-shrink-map+wikidata 枑:𣏛=cjkvi-variants+wikidata 沍:𣲐=cjkvi-variants+wikidata 魱:𩵯=cjkvi-variants+wikidata 𦬚:𦬤=cjkvi-variants+wikidata 𧥮:𧥯=cjkvi-variants+wikidata
㼲	𤭃	2	1	1	𤮵:𧰓=cjkvi-variants 𩻊:𩼭=cjkvi-variants+wikidata
㽜	留	6	7	6	飀:𱃊=wikidata 騮:𱄭=wikidata 鰡:𩺜=cjkvi-variants+mj-shrink-map+wikidata 𥛅:𰨏=wikidata 𥰣:𥰷=cjkvi-variants+wikidata 𧽖:𰷽=wikidata
㽞	留	5	7	6	溜:𰜵=wikidata 瘤:𰣾=wikidata 霤:𩅑=cjkvi-variants+wikidata 騮:𩥺=cjkvi-variants+wikidata 𦃓:𦄛=cjkvi-variants+wikidata
䀠	賏	3	16	5	懼:𪭈=wikidata 瞿:𬯵=cjkvi-variants+wikidata 罌:𦉍=cjkvi-variants+wikidata 躩:𨈍=cjkvi-variants 钁:𮣰=wikidata
䂓	規	3	4	4	摫:𢵅=wikidata 槻:𭬉=wikidata 窺:𥨖=cjkvi-variants+mj-shrink-map+wikidata
䄅	秦	3	4	4	搸:𭢏=wikidata 榛:𭫯=wikidata 溱:𭲊=wikidata
䌛	繇	6	8	7	櫾:𣠡=cjkvi-variants+wikidata 蘨:𧄎=cjkvi-variants+wikidata 邎:𨙂=cjkvi-variants+wikidata 𢑂:𢑉=cjkvi-variants 𢑄:𢑈=cjkvi-variants+wikidata 𨷱:𨷸=cjkvi-variants+wikidata
䍃	⿱夂止	4	4	4	搖:𢭌=cjkvi-variants+mj-shrink-map+wikidata 摇:𢭌=cjkvi-variants 遙:𨓧=cjkvi-variants+mj-shrink-map+wikidata 遥:𨓧=cjkvi-variants
䍃	⿱爫𠙻	3	6	6	愮:𢝾=cjkvi-variants+wikidata 揺:搖=cjkvi-variants+hng-basic-data+mj-shrink-map+opencc+unihan+wikidata+yitizi 揺:摇=cjkvi-variants+unihan
䍃	⿱爫𦈢	3	3	3	搖:𢳸=cjkvi-variants 摇:𢳸=cjkvi-variants+wikidata 磘:𥕬=cjkvi-variants
䍃	⿱𱼀音	4	4	4	嗂:𠿌=cjkvi-variants+wikidata 瑤:𤪅=cjkvi-variants+mj-shrink-map+wikidata 瑶:𤪅=cjkvi-variants+mj-shrink-map 𣣳:𣤣=cjkvi-variants+wikidata
䍃	⿳⿱㇒⿲㇒丶丶⿸午一𠃊	3	3	3	搖:𢳸=cjkvi-variants 摇:𢳸=cjkvi-variants+wikidata 磘:𥕬=cjkvi-variants
䍃	⿳⿱㇒⿲㇒丶丶干凵	3	6	6	愮:𢝾=cjkvi-variants+wikidata 揺:搖=cjkvi-variants+hng-basic-data+mj-shrink-map+opencc+unihan+wikidata+yitizi 揺:摇=cjkvi-variants+unihan
䍃	⿳⿱㇒𭕄⿸午一𠃊	3	3	3	搖:𢳸=cjkvi-variants 摇:𢳸=cjkvi-variants+wikidata 磘:𥕬=cjkvi-variants
䍃	⿳⿱㇒𭕄干凵	3	6	6	愮:𢝾=cjkvi-variants+wikidata 揺:搖=cjkvi-variants+hng-basic-data+mj-shrink-map+opencc+unihan+wikidata+yitizi 揺:摇=cjkvi-variants+unihan
䍃	⿳𱼀立日	4	4	4	嗂:𠿌=cjkvi-variants+wikidata 瑤:𤪅=cjkvi-variants+mj-shrink-map+wikidata 瑶:𤪅=cjkvi-variants+mj-shrink-map 𣣳:𣤣=cjkvi-variants+wikidata
䍃	䚻	9	16	13	㑾:傜=cjkvi-variants+mj-shrink-map+wikidata 㨱:搖=cjkvi-variants+mj-shrink-map+wikidata 㨱:摇=cjkvi-variants 䌛:繇=cjkvi-variants+wikidata 櫾:𣠡=cjkvi-variants+wikidata 蘨:𧄎=cjkvi-variants+wikidata 遙:𨖈=cjkvi-variants+mj-shrink-map+wikidata 遥:𨖈=cjkvi-variants 邎:𨙂=cjkvi-variants+wikidata 𢑂:𢑉=cjkvi-variants 𢑄:𢑈=cjkvi-variants+wikidata 𣣳:𣤍=cjkvi-variants+wikidata 𨷱:𨷸=cjkvi-variants+wikidata
䎡	耎	5	8	6	㼲:𤮁=cjkvi-variants+wikidata 蝡:𧏦=cjkvi-variants+wikidata 𥯬:𥱇=cjkvi-variants 𨨰:𨪳=wikidata 𩱄:𩱊=cjkvi-variants+wikidata
䏍	肙	11	11	11	㯞:𣚓=cjkvi-variants 㳙:涓=cjkvi-variants+mj-shrink-map+wikidata 㻆:琄=cjkvi-variants+wikidata 䧎:𨹆=cjkvi-variants+wikidata 䳌:鵑=cjkvi-variants+mj-shrink-map+wikidata 姢:娟=cjkvi-variants+mj-shrink-map+wikidata+yitizi 駽:𩢺=cjkvi-variants+wikidata 𢛋:𢞈=cjkvi-variants 𦊰:𦋀=cjkvi-variants 𦮌:𦮻=cjkvi-variants+wikidata
䑓	臺	3	4	4	㒗:儓=cjkvi-variants+wikidata 檯:𣜉=wikidata 薹:𮑢=wikidata
䒑	卝	5	14	9	㨾:𢵇=wikidata 䖹:蛘=cjkvi-variants+opencc+wikidata 洋:𣴱=cjkvi-variants+mj-shrink-map+opencc+wikidata 痒:𤶪=cjkvi-variants+mj-shrink-map+opencc+wikidata 羊:𦍋=cjkvi-variants+mj-shrink-map+wikidata 羌:𠒌=cjkvi-variants+mj-shrink-map+wikidata 羐:羑=cjkvi-variants+mj-shrink-map+wikidata 議:𧭖=cjkvi-variants+mj-shrink-map+wikidata 𥪺:𥫃=wikidata
䒑	艹	14	43	18	兹:茲=cjkvi-variants+mj-shrink-map+opencc+unihan+wikidata+yitizi 嗒:𭉙=wikidata 孳:孶=cjkvi-variants+mj-shrink-map+wikidata+yitizi 磁:𥔵=cjkvi-variants+mj-shrink-map+wikidata+yitizi 箬:𥮷=wikidata 艾:𰰝=wikidata 芇:𱜢=wikidata 芒:𠅇=cjkvi-variants+wikidata 若:𠰥=cjkvi-variants+mj-shrink-map+wikidata 英:𮎧=mj-shrink-map+wikidata 蒯:𠞳=cjkvi-variants 薬:𣛙=mj-shrink-map 逽:𨔏=cjkvi-variants 𡙛:𡙠=cjkvi-variants+wikidata 𥪺:𥫃=wikidata
䖍	虔	3	5	4	榩:𣖳=wikidata 鰬:𩺇=cjkvi-variants+wikidata 𥔮:𮀸=wikidata
䖏	豦	5	7	6	勮:𭄾=wikidata 噱:𠼥=cjkvi-variants+wikidata 懅:𢟶=cjkvi-variants+wikidata 璩:𤩁=cjkvi-variants+mj-shrink-map+wikidata 𦸵:𦼫=cjkvi-variants+wikidata
䖒	戲	3	4	3	㱆:𣤴=cjkvi-variants+wikidata 𢶐:𢹍=cjkvi-variants+wikidata 𣛼:𣟵=cjkvi-variants+wikidata
䖒	虚	7	16	7	㩬:𢹍=cjkvi-variants+wikidata 嚱:𡃰=wikidata 巇:𡾟=cjkvi-variants+wikidata 戯:戲=cjkvi-variants+hng-basic-data+mj-shrink-map+opencc+unihan+wikidata+yitizi 覷:覻=cjkvi-variants+wikidata 隵:𱀼=wikidata 𤂴:𤃪=cjkvi-variants+wikidata
䖒	虛	5	15	7	㩬:𢹍=cjkvi-variants+wikidata 巇:𡾟=cjkvi-variants+wikidata 戱:戲=cjkvi-variants+mj-shrink-map+unihan+wikidata+yitizi 覷:覻=cjkvi-variants+wikidata 𤂴:𤃪=cjkvi-variants+wikidata
䖵	虫	27	63	33	䖟:蝱=cjkvi-variants+mj-shrink-map+unihan+yitizi 䖥:蟊=cjkvi-variants+wikidata 䖸:𧒎=cjkvi-variants+mj-shrink-map 䗍:蠡=cjkvi-variants+mj-shrink-map+wikidata 䗞:蚕=mj-shrink-map 䗬:蠭=cjkvi-variants 䗺:蜑=cjkvi-variants+mj-shrink-map+wikidata 䘅:螚=cjkvi-variants+wikidata 䘌:𧏾=cjkvi-variants 䘍:蠆=cjkvi-variants+wikidata 䤙:𨣰=cjkvi-variants+wikidata 䥰:𨨸=cjkvi-variants+wikidata 劙:𠠞=cjkvi-variants+wikidata 搔:𢸪=cjkvi-variants+wikidata 欚:𭬧=wikidata 蚤:𧎮=cjkvi-variants+mj-shrink-map+wikidata 蛗:𧒂=cjkvi-variants+wikidata 蛪:𧑨=cjkvi-variants+wikidata 蜃:𧒏=cjkvi-variants+mj-shrink-map+wikidata 蜚:𧓊=cjkvi-variants+wikidata 蜜:𧓫=cjkvi-variants+mj-shrink-map+wikidata 蝨:𧈲=wikidata 螱:𧕈=cjkvi-variants 蠚:𧍷=cjkvi-variants+wikidata 蠢:𧎌=wikidata 蠽:𧓷=cjkvi-variants+wikidata 𦪶:𦫈=cjkvi-variants+wikidata 𧋛:𧒔=cjkvi-variants 𧌠:𧓎=cjkvi-variants 𧎰:𧔡=cjkvi-variants+wikidata 𧏐:𧔞=cjkvi-variants+wikidata 𧐯:𧕌=cjkvi-variants+wikidata 𧕼:𧖢=wikidata
䗍	蠡	4	6	5	䤙:𨣰=cjkvi-variants+wikidata 劙:𠠞=cjkvi-variants+wikidata 欚:𭬧=wikidata 𦪶:𦫈=cjkvi-variants+wikidata
䘚	卒	3	5	4	啐:𠵒=cjkvi-variants+mj-shrink-map+wikidata 悴:𢜙=cjkvi-variants+wikidata 𩣰:𩤏=cjkvi-variants+wikidata
䙲	𦦉	2	7	5	㒨:僊=wikidata 僊:𠑗=cjkvi-variants+mj-shrink-map+opencc+wikidata 遷:𨙙=cjkvi-variants+mj-shrink-map+wikidata 𨝍:𨟦=cjkvi-variants+wikidata
䙴	⿱𦦉巳	2	2	1	僊:𠑗=cjkvi-variants+mj-shrink-map+opencc+wikidata 遷:𨙙=cjkvi-variants+mj-shrink-map+wikidata
䙴	⿳⿴𦥑囟大巳	2	2	1	僊:𠑗=cjkvi-variants+mj-shrink-map+opencc+wikidata 遷:𨙙=cjkvi-variants+mj-shrink-map+wikidata
䙴	千	2	14	5	扦:𢳍=cjkvi-variants+wikidata 櫏:𰗬=unihan+wikidata 跹:躚=cjkvi-variants+opencc+unihan+wikidata+yitizi 迁:遷=cjkvi-variants+mj-shrink-map+opencc+unihan+wikidata+yitizi 韆:𱁶=unihan+wikidata 𰛱:𰝢=unihan
䙴	遷	3	10	5	櫏:𣘝=cjkvi-variants+wikidata 褼:𮖽=wikidata 韆:𩌷=wikidata
䜌	亦	19	41	32	㡩:帟=cjkvi-variants 圞:𪢮=cjkvi-variants+opencc+unihan+wikidata+yitizi 塆:壪=cjkvi-variants+opencc+unihan+wikidata+yitizi 奕:奱=cjkvi-variants 孪:孿=cjkvi-variants+opencc+unihan+wikidata+yitizi 峦:巒=cjkvi-variants+opencc+unihan+wikidata+yitizi 弈:𢍶=cjkvi-variants 弯:彎=cjkvi-variants+hng-basic-data+mj-shrink-map+opencc+unihan+wikidata+yitizi 恋:戀=cjkvi-variants+hng-basic-data+mj-shrink-map+opencc+unihan+wikidata+yitizi 挛:攣=cjkvi-variants+opencc+unihan+wikidata+yitizi 栾:欒=cjkvi-variants+mj-shrink-map+opencc+unihan+wikidata+yitizi 洂:𤅇=cjkvi-variants 湾:灣=cjkvi-variants+mj-shrink-map+opencc+unihan+wikidata+yitizi 滦:灤=cjkvi-variants+opencc+unihan+wikidata+yitizi 癴:𰣽=unihan+wikidata 纞:𦃳=cjkvi-variants 脔:臠=cjkvi-variants+mj-shrink-map+opencc+unihan+wikidata+yitizi 蛮:蠻=cjkvi-variants+hng-basic-data+mj-shrink-map+opencc+unihan+wikidata+yitizi 跡:𨇼=cjkvi-variants 銮:鑾=cjkvi-variants+mj-shrink-map+opencc+unihan+wikidata+yitizi 鵉:鸞=cjkvi-variants+wikidata+yitizi 𡤶:𮱐=unihan+wikidata 𢺈:𫼬=cjkvi-variants+wikidata 𢺳:𪮳=cjkvi-variants+opencc+unihan+wikidata 𥽸:𬖛=cjkvi-variants+wikidata 𦮰:𧄶=cjkvi-variants 𧖦:𬠱=cjkvi-variants+unihan+wikidata 𨂺:𨈊=cjkvi-variants+opencc+unihan+wikidata+yitizi 𨄄:𨈌=cjkvi-variants+opencc+unihan+wikidata+yitizi 𪁂:𪈮=cjkvi-variants 𫣢:𱏣=wikidata
䜌	𰁜	16	35	29	㪻:𫿳=cjkvi-variants+wikidata 圞:𪢮=cjkvi-variants+opencc+unihan+wikidata+yitizi 塆:壪=cjkvi-variants+opencc+unihan+wikidata+yitizi 娈:孌=cjkvi-variants+opencc+unihan+wikidata+yitizi 孪:孿=cjkvi-variants+opencc+unihan+wikidata+yitizi 峦:巒=cjkvi-variants+opencc+unihan+wikidata+yitizi 弯:彎=cjkvi-variants+hng-basic-data+mj-shrink-map+opencc+unihan+wikidata+yitizi 恋:戀=cjkvi-variants+hng-basic-data+mj-shrink-map+opencc+unihan+wikidata+yitizi 挛:攣=cjkvi-variants+opencc+unihan+wikidata+yitizi 曫:𬁢=cjkvi-variants+wikidata 栾:欒=cjkvi-variants+mj-shrink-map+opencc+unihan+wikidata+yitizi 湾:灣=cjkvi-variants+mj-shrink-map+opencc+unihan+wikidata+yitizi 滦:灤=cjkvi-variants+opencc+unihan+wikidata+yitizi 灓:𰛪=unihan+wikidata 癴:𰣽=unihan+wikidata 矕:𰥠=unihan+wikidata 纞:𦃳=cjkvi-variants 脔:臠=cjkvi-variants+mj-shrink-map+opencc+unihan+wikidata+yitizi 蛮:蠻=cjkvi-variants+hng-basic-data+mj-shrink-map+opencc+unihan+wikidata+yitizi 銮:鑾=cjkvi-variants+mj-shrink-map+opencc+unihan+wikidata+yitizi 鵉:鸞=cjkvi-variants+wikidata+yitizi 𡤶:𮱐=unihan+wikidata 𢺥:𫽕=wikidata 𢺳:𪮳=cjkvi-variants+opencc+unihan+wikidata 𧖦:𬠱=cjkvi-variants+unihan+wikidata 𨂺:𨈊=cjkvi-variants+opencc+unihan+wikidata+yitizi 𨄄:𨈌=cjkvi-variants+opencc+unihan+wikidata+yitizi 𫣢:𱏣=wikidata
䜭	睿	4	7	5	壡:𫫽=cjkvi-variants 濬:𣽊=cjkvi-variants+mj-shrink-map+wikidata 璿:𤩅=cjkvi-variants+mj-shrink-map+wikidata 𧾝:𧾩=cjkvi-variants+wikidata
䝉	蒙	4	6	5	懞:𭞾=wikidata 朦:𬂔=wikidata 濛:𪷟=wikidata 蠓:𰳞=wikidata
䝨	賢	2	2	1	𠍦:𫣴=wikidata 𢤞:𪬡=cjkvi-variants
䝿	貴	22	24	23	㿉:𤼊=cjkvi-variants+wikidata 䜋:𧭾=cjkvi-variants+wikidata 䯣:𩪹=cjkvi-variants+wikidata 䰎:𩯿=cjkvi-variants+wikidata 匱:𰅩=wikidata 嘳:𡃪=cjkvi-variants+wikidata 墤:𡓤=cjkvi-variants 憒:𢤳=cjkvi-variants+mj-shrink-map+opencc+wikidata 樻:𣟨=cjkvi-variants+mj-shrink-map+opencc+wikidata 潰:𤃘=cjkvi-variants+mj-shrink-map+opencc+wikidata 瞶:𥌶=cjkvi-variants+mj-shrink-map+wikidata 穨:𥤒=cjkvi-variants+wikidata 繢:𦇣=cjkvi-variants+opencc+wikidata 聵:𦘋=cjkvi-variants+mj-shrink-map+opencc+wikidata 蕢:𧂟=cjkvi-variants+mj-shrink-map+opencc+wikidata 蹪:𨇚=cjkvi-variants+wikidata 遺:𨘤=wikidata 闠:𨷪=cjkvi-variants+opencc+wikidata 隤:𨽠=cjkvi-variants+mj-shrink-map+opencc+wikidata 靧:𩉓=cjkvi-variants 鞼:𩍾=cjkvi-variants+wikidata 饋:𩟱=cjkvi-variants+opencc+wikidata
䠶	射	4	5	5	㴬:𣽜=cjkvi-variants+wikidata 榭:𣛘=cjkvi-variants+mj-shrink-map+wikidata 謝:𧬄=cjkvi-variants+mj-shrink-map+opencc+wikidata 麝:𪋧=cjkvi-variants+mj-shrink-map+wikidata
䢉	農	6	7	7	㺜:𤣜=cjkvi-variants+opencc+wikidata 憹:𢥯=cjkvi-variants+mj-shrink-map+wikidata 濃:𤅛=cjkvi-variants+mj-shrink-map+wikidata 癑:𤼝=cjkvi-variants+wikidata 襛:𧟒=cjkvi-variants+opencc+wikidata 醲:𨤉=cjkvi-variants+opencc+wikidata
䨇	雙	4	6	5	䉶:𥸌=wikidata 䝄:𧰤=wikidata 𨇯:𨈂=cjkvi-variants+wikidata 𩆿:𩇈=cjkvi-variants+wikidata
䨿	䪞	6	9	7	㒎:𠎷=cjkvi-variants+wikidata 㗺:𠿓=wikidata 㪪:𩐅=cjkvi-variants+wikidata 䙣:𧞁=cjkvi-variants+wikidata 𦻅:𦼩=cjkvi-variants+wikidata 𧾁:𧾓=cjkvi-variants+wikidata
䫉	貌	3	4	4	㦝:𢤧=cjkvi-variants+wikidata 藐:𧂀=cjkvi-variants+mj-shrink-map+wikidata 邈:𨘷=cjkvi-variants+wikidata
䴡	麗	7	8	8	儷:𠐚=cjkvi-variants+mj-shrink-map+wikidata 孋:𭒭=wikidata 灑:𤂢=cjkvi-variants+mj-shrink-map+wikidata 酈:𮠑=wikidata 驪:𮪜=wikidata 鸝:𪇾=cjkvi-variants+wikidata 𫇃:𮍇=wikidata
䶹	山	11	17	14	㞭:𡗡=cjkvi-variants 巂:雟=cjkvi-variants+wikidata 豈:𧯛=cjkvi-variants 𡴁:𡵏=cjkvi-variants 𡴇:𡵞=cjkvi-variants 𡴎:𡶫=cjkvi-variants+wikidata 𡴛:𡹆=cjkvi-variants 𡴞:𡹿=cjkvi-variants+wikidata 𡴥:𡼁=cjkvi-variants 𤈹:𤉞=cjkvi-variants
丂	丏	3	10	3	䀎:眄=cjkvi-variants+mj-shrink-map+wikidata 汅:沔=cjkvi-variants+wikidata 麪:𪋽=cjkvi-variants
丂	𬺰	8	59	41	㡰:𢇡=cjkvi-variants 㢪:弙=cjkvi-variants+wikidata 㺮:玗=cjkvi-variants+opencc+wikidata 㻬:𤨹=cjkvi-variants+wikidata 㽳:疞=cjkvi-variants 䊸:紆=cjkvi-variants+mj-shrink-map+opencc+wikidata 䍂:𦈣=cjkvi-variants+wikidata 䖉:𧆜=cjkvi-variants 䣿:𨡖=cjkvi-variants+wikidata 䨕:𩂧=cjkvi-variants+wikidata 䩒:𩉞=cjkvi-variants+wikidata 于:亏=cjkvi-variants+mj-shrink-map+wikidata+yitizi 吁:𠮱=cjkvi-variants+mj-shrink-map+opencc+wikidata 夸:𭑃=mj-shrink-map+wikidata 扜:扝=cjkvi-variants+opencc 旴:𣅙=wikidata 汙:污=cjkvi-variants+opencc+unihan+wikidata+yitizi 洿:𣳹=wikidata 盂:𥁄=cjkvi-variants+mj-shrink-map+wikidata 盓:𥁡=cjkvi-variants+wikidata 盱:𥃳=cjkvi-variants+mj-shrink-map+wikidata 竽:𥫡=cjkvi-variants+mj-shrink-map+opencc+wikidata 芋:芌=cjkvi-variants+mj-shrink-map+opencc+wikidata 虶:𧈯=cjkvi-variants+wikidata 衧:𧘚=cjkvi-variants+opencc+wikidata 訏:𧥦=cjkvi-variants+wikidata 趶:𧿉=cjkvi-variants+wikidata 跨:𰸉=wikidata 迂:迃=cjkvi-variants+mj-shrink-map+wikidata 遌:𨕓=cjkvi-variants 邘:𨙱=cjkvi-variants+opencc+wikidata 陓:𱀍=wikidata 雩:𩁹=cjkvi-variants+mj-shrink-map+wikidata 骬:𩨗=cjkvi-variants+wikidata 𡜂:𡜡=cjkvi-variants+wikidata 𢖳:𢗃=cjkvi-variants+wikidata 𤆏:𮳚=wikidata 𦏴:𦏻=cjkvi-variants 𦰲:𦲰=cjkvi-variants+wikidata 𨊱:𫏲=cjkvi-variants 𨖛:𨖜=cjkvi-variants+wikidata
七	匕	6	13	8	梍:梎=cjkvi-variants+mj-shrink-map 皀:皂=mj-shrink-map 𡨇:𡨗=cjkvi-variants 𣳃:𣳊=cjkvi-variants+wikidata 𩵏:𩵐=cjkvi-variants 𩾔:𩾕=cjkvi-variants+wikidata
万	⿱艹禺	2	28	22	虿:蠆=cjkvi-variants+opencc+unihan+wikidata+yitizi 趸:躉=cjkvi-variants+opencc+unihan+wikidata+yitizi
万	萬	13	30	24	㒖:𮯵=unihan+wikidata 䊪:𥸯=cjkvi-variants 劢:勱=cjkvi-variants+opencc+unihan+wikidata+yitizi 励:勵=cjkvi-variants+hng-basic-data+mj-shrink-map+opencc+unihan+wikidata+yitizi 厉:厲=cjkvi-variants+mj-shrink-map+opencc+unihan+wikidata+yitizi 噧:𱒀=unihan 杤:𣜜=cjkvi-variants 栃:櫔=cjkvi-variants 澫:𬇕=cjkvi-variants+opencc+unihan+wikidata 濿:𪵱=cjkvi-variants+opencc+unihan+wikidata 爄:𤇃=cjkvi-variants+opencc+unihan+wikidata+yitizi 疠:癘=cjkvi-variants+opencc+unihan+wikidata+yitizi 砺:礪=cjkvi-variants+opencc+unihan+wikidata+yitizi 粝:糲=cjkvi-variants+mj-shrink-map+opencc+unihan+wikidata+yitizi 虿:蠆=cjkvi-variants+opencc+unihan+wikidata+yitizi 蛎:蠣=cjkvi-variants+opencc+unihan+wikidata+yitizi 趸:躉=cjkvi-variants+opencc+unihan+wikidata+yitizi 迈:邁=cjkvi-variants+opencc+unihan+wikidata+yitizi 𠠏:𫥵=cjkvi-variants+unihan+wikidata 𢶯:𰒽=wikidata 𥒿:𬒪=cjkvi-variants+wikidata 𨞺:𫟫=cjkvi-variants+opencc+unihan+wikidata 𫬱:𰇥=unihan
三	彡	3	14	7	丯:丰=cjkvi-variants+wikidata 叁:参=cjkvi-variants+mj-shrink-map 毵:𣮟=cjkvi-variants 𢁘:𢁚=cjkvi-variants+wikidata
上	匕	8	36	12	㫖:旨=cjkvi-variants+mj-shrink-map+wikidata 潁:𣾢=wikidata 耆:𮋝=mj-shrink-map+wikidata 脂:𮌖=mj-shrink-map+wikidata 鑙:𨮺=cjkvi-variants+unihan+wikidata 顈:𦅐=cjkvi-variants+wikidata 𠤏:𠦀=cjkvi-variants+wikidata 𠭢:𠭮=cjkvi-variants 𥬜:𥬿=wikidata 𧊙:𮔍=wikidata 𪊨:𫜎=cjkvi-variants
丌	兀	4	15	6	㚦:𡚲=cjkvi-variants 䟚:𧿙=cjkvi-variants 亓:元=cjkvi-variants 𥾎:𥾕=cjkvi-variants 𧿁:𧿄=cjkvi-variants
丌	其	4	8	5	䭶:騏=cjkvi-variants+mj-shrink-map+wikidata 期:𣍣=cjkvi-variants+mj-shrink-map+wikidata 祺:𰧮=wikidata 踑:𧿄=cjkvi-variants+wikidata
丌	廾	5	17	8	㑭:𠉶=cjkvi-variants+wikidata 亓:开=cjkvi-variants+wikidata 畀:𢌿=cjkvi-variants+mj-shrink-map+wikidata 畁:𢍁=cjkvi-variants+wikidata 𡌸:𡌹=cjkvi-variants 𢍚:𤱿=cjkvi-variants+wikidata 𢮅:𢮧=cjkvi-variants 𦂖:𦂢=wikidata
不	丕	13	38	13	䪹:𩑢=cjkvi-variants+wikidata 䯱:髬=cjkvi-variants 伓:伾=cjkvi-variants+wikidata 坏:坯=cjkvi-variants+mj-shrink-map+opencc+unihan+wikidata+yitizi 怀:怌=yitizi 杯:柸=cjkvi-variants+wikidata 秠:𥝣=cjkvi-variants+wikidata 肧:胚=cjkvi-variants+mj-shrink-map+opencc+unihan+wikidata+yitizi 胚:𰮉=wikidata 蚽:𧉈=cjkvi-variants+wikidata 邳:𨚀=wikidata 鈈:鉟=cjkvi-variants 𤘢:𤘹=cjkvi-variants+wikidata
不	否	8	29	9	㧵:抔=cjkvi-variants+wikidata 䓏:芣=cjkvi-variants+mj-shrink-map+wikidata 䞜:𧻳=cjkvi-variants 䫊:𩑢=cjkvi-variants+wikidata 䫠:𩓄=cjkvi-variants+wikidata 嚭:𡀆=wikidata 杯:桮=cjkvi-variants+mj-shrink-map+wikidata+yitizi 罘:𦊾=cjkvi-variants+wikidata
与	與	13	17	13	㒜:𠇐=cjkvi-variants+unihan+wikidata 㦛:𢗓=cjkvi-variants+opencc+unihan+wikidata 屿:嶼=cjkvi-variants+opencc+unihan+wikidata+yitizi 懙:𫹮=cjkvi-variants+unihan+wikidata 擧:𢪓=cjkvi-variants+unihan 旟:𭤰=unihan+wikidata 欤:歟=cjkvi-variants+mj-shrink-map+opencc+unihan+wikidata+yitizi 玙:璵=cjkvi-variants+opencc+unihan+wikidata+yitizi 籅:𥫣=cjkvi-variants+opencc+wikidata 藇:𰰠=unihan+wikidata 𧾚:𰷱=wikidata 𨮔:𮡤=wikidata
丏	丐	7	10	10	䞛:𧺪=cjkvi-variants+wikidata 髩:𩬆=cjkvi-variants 麪:麫=cjkvi-variants+mj-shrink-map 𡜷:𡝏=cjkvi-variants 𡧍:𡧎=cjkvi-variants+wikidata 𡪛:𧶎=cjkvi-variants 𢗔:𢗙=cjkvi-variants 𣴩:𣵈=cjkvi-variants 𧉄:𧉝=cjkvi-variants+wikidata
丏	面	5	15	5	愐:𢗔=cjkvi-variants+mj-shrink-map+wikidata 緬:𥾝=cjkvi-variants+wikidata 蝒:𧉄=cjkvi-variants+wikidata 麪:麵=cjkvi-variants+mj-shrink-map+opencc+unihan+wikidata+yitizi 𩉣:𩋠=cjkvi-variants+wikidata
专	專	16	19	17	䊜:𰪫=unihan+wikidata 䏝:膞=cjkvi-variants+opencc+unihan+wikidata 传:傳=cjkvi-variants+opencc+unihan+wikidata+yitizi 剸:𰄞=unihan+wikidata 塼:𫭞=cjkvi-variants+unihan+wikidata 嫥:𰋹=unihan+wikidata 慱:𰑁=unihan+wikidata 抟:摶=cjkvi-variants+opencc+unihan+wikidata+yitizi 槫:𣏢=cjkvi-variants+opencc+unihan+wikidata 漙:𬇘=cjkvi-variants+unihan+wikidata 砖:磚=cjkvi-variants+opencc+unihan+wikidata+yitizi 竱:𫁟=cjkvi-variants+opencc+unihan+wikidata 篿:𰩮=unihan+wikidata 鄟:𫑘=cjkvi-variants+opencc+unihan+wikidata 𧽢:𬦆=cjkvi-variants+unihan+wikidata 𭉾:𰇊=unihan+wikidata
且	旦	39	51	42	㡹:㡺=cjkvi-variants 䋎:組=cjkvi-variants+wikidata 䏣:胆=cjkvi-variants 䖧:蛆=cjkvi-variants 䞡:趄=cjkvi-variants+wikidata 䣯:𨠚=cjkvi-variants 䪶:𩑰=cjkvi-variants 䱇:䱉=cjkvi-variants 䵣:𪐵=cjkvi-variants 伹:但=cjkvi-variants+mj-shrink-map 刞:𠛣=cjkvi-variants 助:𠡎=cjkvi-variants 呾:咀=cjkvi-variants 坥:坦=cjkvi-variants+mj-shrink-map 妲:姐=cjkvi-variants 岨:𭖌=wikidata 怚:怛=cjkvi-variants 抯:担=cjkvi-variants 摣:𢳛=wikidata 柤:柦=cjkvi-variants 查:査=cjkvi-variants+mj-shrink-map+opencc+unihan+wikidata+yitizi 樝:𣙁=cjkvi-variants+wikidata 沮:泹=cjkvi-variants 炟:𤇅=cjkvi-variants 狙:狚=cjkvi-variants 疸:疽=cjkvi-variants 砠:𥑲=cjkvi-variants 祖:𥘵=cjkvi-variants+wikidata 笡:笪=cjkvi-variants 罝:𦊥=cjkvi-variants+wikidata 苴:𦬹=cjkvi-variants 袒:袓=cjkvi-variants 觛:𧣞=cjkvi-variants 詚:詛=cjkvi-variants 跙:𨀏=cjkvi-variants 鉏:鉭=cjkvi-variants 靻:靼=cjkvi-variants 鴠:鴡=cjkvi-variants 𡨋:𡨕=cjkvi-variants 𢲶:𢴈=cjkvi-variants 𤇁:𤇙=cjkvi-variants
且	査	3	10	3	柤:楂=cjkvi-variants 苴:𦳘=cjkvi-variants+mj-shrink-map+wikidata 齟:𪙁=mj-shrink-map
且	虘	14	27	14	㜘:姐=cjkvi-variants 䔘:𧃘=cjkvi-variants+wikidata 䢐:𨖆=cjkvi-variants 䶥:齟=cjkvi-variants+mj-shrink-map 抯:摣=cjkvi-variants 柤:樝=cjkvi-variants+wikidata 沮:𣻐=cjkvi-variants 皻:𤿚=cjkvi-variants 砠:𥕑=cjkvi-variants+wikidata 祖:𥛜=cjkvi-variants+wikidata 罝:𦋾=cjkvi-variants+wikidata 蛆:𧐅=cjkvi-variants+mj-shrink-map+unihan+wikidata+yitizi 覰:𧠢=cjkvi-variants+mj-shrink-map 詛:謯=cjkvi-variants
世	卋	2	2	1	枼:枽=cjkvi-variants+wikidata 笹:𮅉=mj-shrink-map+wikidata
世	廿	8	25	18	㰥:𣢓=cjkvi-variants+wikidata 䄁:𥘠=wikidata 䐑:𦜪=cjkvi-variants+wikidata 䑜:𦧤=cjkvi-variants+wikidata 䚢:𧤈=cjkvi-variants+wikidata 䢡:𨔋=cjkvi-variants+wikidata 弽:𢏼=mj-shrink-map 泄:𣲟=cjkvi-variants+mj-shrink-map+wikidata 渫:𣷞=wikidata 紲:𥾰=cjkvi-variants+wikidata 葉:𰱒=wikidata 諜:𧩜=cjkvi-variants+mj-shrink-map+wikidata 跇:𧿰=cjkvi-variants+wikidata 蹀:𨂏=cjkvi-variants+wikidata 迣:𨑬=cjkvi-variants+wikidata 鰈:𩸏=cjkvi-variants+wikidata 𪑞:𪑧=cjkvi-variants+wikidata
世	曳	16	29	16	㖂:呭=cjkvi-variants 㡼:𢇸=wikidata 䎈:𦐕=cjkvi-variants+wikidata 䛖:詍=cjkvi-variants+mj-shrink-map+wikidata 屜:𡲕=cjkvi-variants+unihan+yitizi 怈:𢘽=cjkvi-variants+wikidata 抴:拽=wikidata 枻:栧=cjkvi-variants+mj-shrink-map+wikidata 泄:洩=cjkvi-variants+opencc+unihan+wikidata+yitizi 玴:𤤺=cjkvi-variants+wikidata 疶:𤵺=cjkvi-variants+wikidata 紲:絏=cjkvi-variants+yitizi 袣:𧙟=cjkvi-variants+wikidata 迣:𨒧=cjkvi-variants 靾:𩊒=cjkvi-variants+wikidata 齛:齥=cjkvi-variants+wikidata
世	龷	3	9	3	䢡:𨔘=cjkvi-variants+wikidata 貰:𧴹=cjkvi-variants+mj-shrink-map+wikidata 跇:𧿱=cjkvi-variants+wikidata
世	𠫓	3	42	31	㳿:渫=cjkvi-variants+wikidata 䁋:𥇱=cjkvi-variants+wikidata 䐑:𦜈=cjkvi-variants+wikidata 䑜:𦧢=cjkvi-variants+wikidata 䕈:𦺯=cjkvi-variants+wikidata 䚢:𧤇=cjkvi-variants+wikidata 䢡:𨓫=cjkvi-variants+wikidata 偞:𠉪=cjkvi-variants+wikidata 喋:𠴬=cjkvi-variants+mj-shrink-map+wikidata 堞:𡍕=cjkvi-variants+wikidata 媟:𡝥=cjkvi-variants+mj-shrink-map+wikidata 弽:𢏲=cjkvi-variants+mj-shrink-map 惵:𢛐=cjkvi-variants+mj-shrink-map+wikidata 揲:𢮕=cjkvi-variants+mj-shrink-map+wikidata 楪:𭪱=wikidata 殜:𣨚=cjkvi-variants+wikidata 煠:𤉬=cjkvi-variants+mj-shrink-map+wikidata 牒:𤗊=cjkvi-variants+mj-shrink-map+wikidata 緤:𦁛=cjkvi-variants+mj-shrink-map 葉:𦯧=cjkvi-variants+mj-shrink-map+wikidata 褋:𧚦=cjkvi-variants+wikidata 諜:𧨯=cjkvi-variants+mj-shrink-map+wikidata 蹀:𨁻=cjkvi-variants+wikidata 鍱:𨧲=cjkvi-variants+mj-shrink-map+wikidata 鞢:𩋑=cjkvi-variants+mj-shrink-map+wikidata 韘:𩏁=cjkvi-variants+mj-shrink-map+wikidata 鰈:𫙢=wikidata 𠗛:𠗨=cjkvi-variants 𣟦:𧃹=wikidata 𦺁:𦻜=cjkvi-variants+wikidata 𪑘:𪑧=cjkvi-variants+wikidata
丘	业	2	25	8	虗:虚=cjkvi-variants+mj-shrink-map 邱:邺=cjkvi-variants+wikidata 𩴛:𩴥=cjkvi-variants 𪙫:𮯓=wikidata
丘	丠	2	3	1	岳:𡷒=mj-shrink-map 邱:𨛆=cjkvi-variants+mj-shrink-map+opencc+wikidata
丘	氐	13	31	13	䂡:砥=cjkvi-variants+mj-shrink-map+wikidata 䬫:𩚨=cjkvi-variants+wikidata 呧:𠰋=cjkvi-variants+wikidata 坵:坻=cjkvi-variants+wikidata 奃:𡘄=cjkvi-variants+wikidata 底:𢇹=cjkvi-variants+wikidata 抵:拞=cjkvi-variants+mj-shrink-map+wikidata 祗:𥙂=cjkvi-variants+mj-shrink-map+wikidata 觝:𧣜=cjkvi-variants+mj-shrink-map+wikidata 詆:𧦺=cjkvi-variants+wikidata 邱:邸=cjkvi-variants+wikidata 鴟:𩿨=cjkvi-variants+mj-shrink-map+wikidata 𣱓:𦦛=cjkvi-variants+wikidata
丘	𠀌	2	1	1	岳:𡵽=cjkvi-variants+wikidata 邱:𨚑=cjkvi-variants+mj-shrink-map+wikidata
业	{70}	2	5	5	㗼:𡁖=cjkvi-variants+wikidata 嘘:噓=cjkvi-variants+opencc+unihan+wikidata+yitizi 戯:戱=cjkvi-variants+mj-shrink-map+opencc+unihan+wikidata+yitizi 虚:虛=cjkvi-variants+hng-basic-data+mj-shrink-map+opencc+unihan+wikidata+yitizi 𩑃:𩑄=cjkvi-variants+wikidata
业	業	9	12	10	㗼:𫩤=cjkvi-variants+unihan+wikidata 嶪:𰎑=unihan+wikidata 擈:𭠙=unihan+wikidata 礏:𬒆=cjkvi-variants+unihan+wikidata 邺:鄴=cjkvi-variants+opencc+unihan+wikidata+yitizi 𠟪:𫥺=cjkvi-variants+unihan+wikidata 𥴼:𫁺=cjkvi-variants+opencc+unihan+wikidata 𦡧:𮌌=unihan+wikidata 𩑃:𬰺=cjkvi-variants+unihan+wikidata
业	龷	4	15	7	對:𫴰=wikidata 業:𭪙=mj-shrink-map+wikidata 菐:𮏖=mj-shrink-map+wikidata 黹:𮮠=mj-shrink-map+wikidata 黼:𤰍=cjkvi-variants+wikidata 𤾧:𰤝=wikidata
东	東	15	20	19	㑈:倲=cjkvi-variants+opencc+unihan+wikidata+yitizi 㖦:𰇎=unihan+wikidata 冻:凍=cjkvi-variants+opencc+unihan+wikidata+yitizi 埬:𪣆=cjkvi-variants+opencc+unihan+wikidata 岽:崬=cjkvi-variants+opencc+unihan+wikidata+yitizi 崠:𰎏=unihan+wikidata 栋:棟=cjkvi-variants+opencc+unihan+wikidata+yitizi 氭:𣱝=cjkvi-variants+opencc+unihan+wikidata 涷:𰛒=unihan+wikidata 胨:腖=cjkvi-variants+opencc+unihan+wikidata+yitizi 蔯:𫈟=cjkvi-variants+opencc+unihan+wikidata 蝀:𬟽=cjkvi-variants+opencc+unihan+wikidata 螴:𰳄=unihan+wikidata 陈:陳=cjkvi-variants+opencc+unihan+wikidata+yitizi 𢛔:𫹼=cjkvi-variants+unihan+wikidata 𣼼:𮳈=unihan+wikidata 𮟽:𰻨=unihan+wikidata
丞	氶	4	10	4	巹:𢀷=cjkvi-variants+wikidata 拯:𢫒=cjkvi-variants+wikidata 烝:𤇏=wikidata 脀:𪱝=cjkvi-variants+wikidata
両	兩	2	2	1	倆:𠈓=cjkvi-variants+wikidata 輌:輛=cjkvi-variants+mj-shrink-map+opencc+wikidata+yitizi
丣	⿰{58}刀	7	33	30	㙧:塯=cjkvi-variants+wikidata 㨨:㩅=unihan+yitizi 䉧:𥷢=cjkvi-variants+wikidata 䝀:𰶡=wikidata 劉:𭄘=mj-shrink-map+wikidata 廇:𢊺=cjkvi-variants+wikidata 榴:橊=cjkvi-variants+mj-shrink-map+unihan+wikidata+yitizi 溜:澑=cjkvi-variants+mj-shrink-map+wikidata+yitizi 瀏:𤄉=cjkvi-variants+mj-shrink-map+opencc+wikidata 瑠:璢=cjkvi-variants+hng-basic-data+mj-shrink-map+yitizi 留:畱=cjkvi-variants+mj-shrink-map+opencc+unihan+wikidata+yitizi 瘤:癅=cjkvi-variants+mj-shrink-map+wikidata+yitizi 籀:籒=cjkvi-variants+wikidata 罶:羀=cjkvi-variants+wikidata+yitizi 罶:𮊚=wikidata 貿:𧶝=cjkvi-variants+mj-shrink-map+wikidata 遛:𨖻=cjkvi-variants+wikidata+yitizi 鎦:鐂=cjkvi-variants+wikidata+yitizi 霤:𩅸=cjkvi-variants+mj-shrink-map+wikidata 飀:飅=cjkvi-variants+wikidata 餾:𩞷=cjkvi-variants+wikidata 騮:驑=cjkvi-variants+wikidata+yitizi 鶹:𪅳=cjkvi-variants+mj-shrink-map+wikidata+yitizi 𢔲:𢕍=cjkvi-variants+wikidata 𢤐:𢥍=cjkvi-variants+wikidata 𥛅:𥛽=cjkvi-variants+wikidata 𥠷:𥢋=cjkvi-variants+wikidata 𥧥:𥨌=cjkvi-variants 𥵄:𥶅=cjkvi-variants+wikidata 𨍸:𰹤=wikidata
丣	卯	11	19	16	䉧:𥷢=cjkvi-variants+wikidata 奅:𡘣=cjkvi-variants 柳:桺=cjkvi-variants+mj-shrink-map+wikidata 瀏:𤄉=cjkvi-variants+mj-shrink-map+opencc+wikidata 珋:𤥗=cjkvi-variants+wikidata 窌:𥥹=cjkvi-variants+wikidata 聊:𦕼=cjkvi-variants+mj-shrink-map+wikidata 茆:𦯄=cjkvi-variants+wikidata 鎦:鐂=cjkvi-variants+wikidata+yitizi 駠:駵=cjkvi-variants+yitizi 𢤐:𢥍=cjkvi-variants+wikidata 𨋖:𨌡=cjkvi-variants+wikidata 𪕋:𪕚=cjkvi-variants+wikidata
丣	留	4	11	4	䱖:鰡=cjkvi-variants+mj-shrink-map+wikidata 䶉:𪕚=cjkvi-variants 罶:𦊿=cjkvi-variants+wikidata 駵:騮=cjkvi-variants+wikidata
丣	𫝁	2	1	1	桺:𫞉=cjkvi-variants+mj-shrink-map 𦮉:𦯄=cjkvi-variants
两	兩	10	11	11	㔝:𫦩=cjkvi-variants+unihan+wikidata 䓣:𬜯=cjkvi-variants+opencc+unihan+wikidata 䩫:𬰥=cjkvi-variants+unihan+wikidata 俩:倆=cjkvi-variants+opencc+unihan+wikidata+yitizi 唡:啢=cjkvi-variants+opencc+unihan+wikidata+yitizi 掚:𪭵=cjkvi-variants+opencc+unihan+wikidata 蜽:𮔊=unihan+wikidata 裲:𮖁=unihan+wikidata 魉:魎=cjkvi-variants+opencc+unihan+wikidata+yitizi 𬾇:𰂑=wikidata
严	嚴	11	13	12	㘙:𫪂=cjkvi-variants+unihan+wikidata 俨:儼=cjkvi-variants+opencc+unihan+wikidata+yitizi 壧:𫭲=cjkvi-variants+unihan+wikidata 巖:𰎠=unihan+wikidata 巗:𪨷=cjkvi-variants+opencc+unihan+wikidata 曮:𰖈=unihan+wikidata 玁:𤞤=cjkvi-variants+opencc+unihan+wikidata+yitizi 礹:𰦾=unihan+wikidata 酽:釅=cjkvi-variants+opencc+unihan+wikidata+yitizi 𠘥:𫥍=cjkvi-variants+unihan+wikidata 𤅙:𬇬=cjkvi-variants+unihan+wikidata
並	竝	9	13	11	䗒:𧏑=cjkvi-variants 䰃:𩮗=cjkvi-variants+wikidata 普:暜=cjkvi-variants+opencc+wikidata 湴:𣺄=cjkvi-variants+wikidata 諩:𧪻=cjkvi-variants 譜:𧭘=cjkvi-variants+mj-shrink-map+wikidata 𣮧:𣯞=cjkvi-variants+wikidata 𤽽:𤾕=cjkvi-variants 𨂝:𨃱=cjkvi-variants+wikidata 𨂞:𬧈=wikidata
丩	丬	3	6	3	収:𠬧=mj-shrink-map 收:𭣣=mj-shrink-map+wikidata 𥅪:𰥧=wikidata
丩	斗	7	24	8	䀞:𥃧=cjkvi-variants+wikidata 䆗:𥦖=wikidata 叫:呌=cjkvi-variants+mj-shrink-map+unihan+wikidata+yitizi 糾:紏=cjkvi-variants+wikidata 虯:蚪=yitizi 赳:﨣=mj-shrink-map 赳:𧺯=wikidata 𦫶:𰰩=wikidata
丩	𠃏	3	5	4	叫:𠮪=cjkvi-variants+mj-shrink-map+wikidata 糾:𥾆=cjkvi-variants+mj-shrink-map+wikidata 𦫶:𦫷=cjkvi-variants+wikidata
丬	爿	10	23	22	墏:𰊈=unihan+wikidata 壮:壯=cjkvi-variants+hng-basic-data+mj-shrink-map+opencc+unihan+wikidata+yitizi 奨:奬=cjkvi-variants+mj-shrink-map+opencc+unihan+yitizi 妆:妝=cjkvi-variants+mj-shrink-map+opencc+unihan+wikidata+yitizi 寝:寢=cjkvi-variants+hng-basic-data+mj-shrink-map+opencc+unihan+wikidata+yitizi 将:將=cjkvi-variants+hng-basic-data+mj-shrink-map+opencc+unihan+wikidata+yitizi 嶈:𡺃=cjkvi-variants+opencc+unihan+wikidata 摪:𫽣=cjkvi-variants+unihan+wikidata 状:狀=cjkvi-variants+hng-basic-data+mj-shrink-map+opencc+unihan+wikidata+yitizi 荘:莊=cjkvi-variants+hng-basic-data+mj-shrink-map+opencc+unihan+wikidata+yitizi 蒋:蔣=cjkvi-variants+mj-shrink-map+opencc+unihan+wikidata+yitizi 螀:螿=cjkvi-variants+opencc+unihan+wikidata+yitizi 装:裝=cjkvi-variants+hng-basic-data+mj-shrink-map+opencc+unihan+wikidata+yitizi 蹡:𬧀=unihan+wikidata 醤:醬=cjkvi-variants+hng-basic-data+mj-shrink-map+opencc+wikidata+yitizi 鏘:𨪙=cjkvi-variants+wikidata 𠬧:𤕭=cjkvi-variants 𢈧:𢉎=cjkvi-variants 𤖛:𬌒=unihan+wikidata 𫦋:𫦔=cjkvi-variants+unihan+wikidata 𬨋:𮷚=unihan
丮	{20}	5	18	9	埶:𡎐=cjkvi-variants+mj-shrink-map+wikidata 摰:𢴸=cjkvi-variants+wikidata 暬:𭧳=wikidata 犱:𤜾=cjkvi-variants 谻:𧮭=cjkvi-variants 𡠗:𡡘=cjkvi-variants 𡠦:𡢂=cjkvi-variants+wikidata 𢦗:𢦚=cjkvi-variants+wikidata 𨫔:𨬝=cjkvi-variants+wikidata
丮	丸	3	21	9	摰:𢴸=cjkvi-variants+wikidata 暬:𭧳=wikidata 犱:𤜾=cjkvi-variants 𡠗:𡡘=cjkvi-variants 𡠦:𡢂=cjkvi-variants+wikidata 𨫔:𨬝=cjkvi-variants+wikidata
丮	凡	4	24	13	㧬:𢭤=cjkvi-variants+wikidata 䂬:𥒽=cjkvi-variants+wikidata 嬴:𡣍=cjkvi-variants+mj-shrink-map+wikidata 巩:𢀜=cjkvi-variants+wikidata 恐:𢙷=cjkvi-variants+mj-shrink-map+opencc+wikidata 築:𥲒=cjkvi-variants+mj-shrink-map+wikidata 茿:𦯋=cjkvi-variants+opencc+wikidata 蛩:𧋳=cjkvi-variants+mj-shrink-map+opencc+wikidata 贏:𦢼=cjkvi-variants+mj-shrink-map+wikidata 銎:𨧎=cjkvi-variants+opencc+wikidata 鞏:𩊳=cjkvi-variants+mj-shrink-map+opencc+wikidata 𦝠:𦟀=cjkvi-variants+wikidata
丮	卂	2	18	10	㧬:𢭤=cjkvi-variants+wikidata 䂬:𥒽=cjkvi-variants+wikidata 恐:𢙷=cjkvi-variants+mj-shrink-map+opencc+wikidata 築:𥲒=cjkvi-variants+mj-shrink-map+wikidata 茿:𦯋=cjkvi-variants+opencc+wikidata 蛩:𧋳=cjkvi-variants+mj-shrink-map+opencc+wikidata 谻:𧮬=cjkvi-variants+wikidata 銎:𨧎=cjkvi-variants+opencc+wikidata 鞏:𩊳=cjkvi-variants+mj-shrink-map+opencc+wikidata
丮	𠃨	3	6	5	谻:𧮷=cjkvi-variants+wikidata 𢦚:𢦻=cjkvi-variants+wikidata 𤜾:𤞁=cjkvi-variants+wikidata
丰	夆	9	27	9	㛔:妦=cjkvi-variants+wikidata 䀱:盽=cjkvi-variants+wikidata 峯:𡵞=cjkvi-variants+mj-shrink-map 捀:𢪋=cjkvi-variants+wikidata 炐:烽=cjkvi-variants+wikidata 蚌:蜂=cjkvi-variants 𧥹:𧧽=cjkvi-variants+wikidata 𩉧:𩊩=cjkvi-variants+wikidata 𪔍:𪔞=cjkvi-variants+wikidata
丰	豐	8	11	9	㒥:仹=cjkvi-variants 䒠:蘴=cjkvi-variants 寷:𫲸=cjkvi-variants+unihan+wikidata 沣:灃=cjkvi-variants+opencc+unihan+wikidata+yitizi 滟:灧=cjkvi-variants+opencc+unihan+yitizi 肨:𦣂=cjkvi-variants 艳:艷=cjkvi-variants+opencc+unihan+wikidata+yitizi 𡵞:𡾿=cjkvi-variants
丰	龶	2	3	1	㓞:𭃌=wikidata 𦕥:𦕴=cjkvi-variants+wikidata
丰	𡴀	4	5	5	玤:𤤓=cjkvi-variants+wikidata 蚌:𧉳=cjkvi-variants+mj-shrink-map+opencc+wikidata 邦:𨚦=cjkvi-variants+wikidata 𪢽:𰉨=wikidata
丱	廾	3	6	5	灷:𤆽=cjkvi-variants+wikidata 聨:聯=cjkvi-variants+mj-shrink-map+wikidata+yitizi 關:𨵿=cjkvi-variants+mj-shrink-map+opencc+wikidata 馵:𩢓=cjkvi-variants+wikidata 𢇂:𢇇=cjkvi-variants+wikidata
丷	从	3	31	12	啬:嗇=cjkvi-variants+opencc+unihan+wikidata+yitizi 坐:𰉗=wikidata 墙:墻=cjkvi-variants+opencc+unihan+wikidata+yitizi 嫱:嬙=cjkvi-variants+opencc+unihan+wikidata+yitizi 廧:𪪞=cjkvi-variants+opencc+unihan+wikidata 懎:𢠁=cjkvi-variants+opencc+wikidata 樯:檣=cjkvi-variants+mj-shrink-map+opencc+unihan+wikidata+yitizi 濇:𬈧=cjkvi-variants+unihan+wikidata 穑:穡=cjkvi-variants+opencc+unihan+wikidata+yitizi 蔷:薔=cjkvi-variants+opencc+unihan+wikidata+yitizi 𧐷:𧒐=wikidata 𧶘:𮙺=wikidata
丷	八	3	24	18	兌:兑=cjkvi-variants+mj-shrink-map+opencc+unihan+wikidata+yitizi 兮:𠔃=cjkvi-variants+mj-shrink-map+unihan+wikidata+yitizi 悅:悦=cjkvi-variants+hng-basic-data+mj-shrink-map+opencc+unihan+wikidata+yitizi 挩:捝=cjkvi-variants+opencc+unihan+wikidata+yitizi 敓:敚=cjkvi-variants+opencc+unihan+wikidata+yitizi 梲:棁=cjkvi-variants+mj-shrink-map+opencc+unihan+wikidata+yitizi 涗:涚=cjkvi-variants+opencc+unihan+wikidata+yitizi 稅:税=cjkvi-variants+hng-basic-data+mj-shrink-map+opencc+unihan+wikidata+yitizi 脫:脱=cjkvi-variants+hng-basic-data+mj-shrink-map+opencc+unihan+wikidata+yitizi 蛻:蜕=cjkvi-variants+mj-shrink-map+opencc+unihan+wikidata+yitizi 說:説=cjkvi-variants+hng-basic-data+mj-shrink-map+opencc+unihan+wikidata+yitizi 銳:鋭=cjkvi-variants+hng-basic-data+mj-shrink-map+opencc+unihan+wikidata+yitizi 閱:閲=cjkvi-variants+mj-shrink-map+opencc+wikidata+yitizi 𠔅:𡰤=cjkvi-variants 𧿝:𧿪=cjkvi-variants
丷	刀	3	13	7	召:𠮦=cjkvi-variants+mj-shrink-map+wikidata 招:𭠡=mj-shrink-map+wikidata 昭:𫞃=cjkvi-variants+mj-shrink-map+wikidata 班:𤤻=cjkvi-variants+mj-shrink-map+opencc+wikidata 辧:辨=cjkvi-variants+hng-basic-data+mj-shrink-map+wikidata+yitizi
丷	北	2	9	3	䆊:𥣕=cjkvi-variants+wikidata 兾:冀=cjkvi-variants+mj-shrink-map+wikidata 驥:𩦸=cjkvi-variants+mj-shrink-map+wikidata 𦾲:𧃞=cjkvi-variants+wikidata
丷	吅	5	56	39	㠆:𮱯=unihan+wikidata 䃅:磾=cjkvi-variants+opencc+unihan+wikidata 䐷:𬂅=cjkvi-variants+unihan+wikidata 䕤:𫟕=cjkvi-variants+opencc+unihan+wikidata 䵐:𱋴=unihan+wikidata 丧:喪=cjkvi-variants+opencc+unihan+wikidata+yitizi 亸:嚲=cjkvi-variants+opencc+unihan+wikidata+yitizi 僤:𫢸=cjkvi-variants+opencc+unihan+wikidata 冁:囅=cjkvi-variants+opencc+unihan+wikidata+yitizi 匰:𰅦=unihan+wikidata 单:單=cjkvi-variants+opencc+unihan+wikidata+yitizi 啴:嘽=cjkvi-variants+opencc+unihan+wikidata+yitizi 墠:𫮃=cjkvi-variants+opencc+unihan+wikidata 奲:𫰂=cjkvi-variants+unihan+wikidata 婵:嬋=cjkvi-variants+opencc+unihan+wikidata+yitizi 幝:𪩷=cjkvi-variants+opencc+wikidata 弹:彈=cjkvi-variants+opencc+unihan+wikidata+yitizi 惮:憚=cjkvi-variants+opencc+unihan+wikidata+yitizi 戰:𢧐=cjkvi-variants+opencc+unihan+wikidata 掸:撣=cjkvi-variants+opencc+unihan+wikidata+yitizi 椫:樿=cjkvi-variants+opencc+unihan+wikidata+yitizi 殚:殫=cjkvi-variants+opencc+unihan+wikidata+yitizi 潬:𬈁=cjkvi-variants+unihan+wikidata 燀:𬊤=cjkvi-variants+opencc+unihan+wikidata 瘅:癉=cjkvi-variants+opencc+unihan+wikidata+yitizi 禅:禪=cjkvi-variants+hng-basic-data+mj-shrink-map+opencc+unihan+wikidata+yitizi 箪:簞=cjkvi-variants+hng-basic-data+mj-shrink-map+opencc+unihan+wikidata+yitizi 蕲:蘄=cjkvi-variants+opencc+unihan+wikidata+yitizi 蝉:蟬=cjkvi-variants+hng-basic-data+mj-shrink-map+opencc+unihan+wikidata+yitizi 褝:襌=cjkvi-variants+mj-shrink-map+unihan+wikidata 觯:觶=cjkvi-variants+opencc+unihan+wikidata+yitizi 軃:𰹀=unihan+wikidata 郸:鄲=cjkvi-variants+opencc+unihan+wikidata+yitizi 𦧴:𰰆=unihan+wikidata 𧕦:𬠷=cjkvi-variants+unihan+wikidata 𧝧:𧟀=cjkvi-variants+opencc 𨡙:𨢿=cjkvi-variants+opencc+unihan+wikidata 𩅦:𱁞=unihan+wikidata
丷	𠂤	6	12	8	师:師=cjkvi-variants+mj-shrink-map+opencc+unihan+wikidata+yitizi 浉:溮=cjkvi-variants+opencc+unihan+wikidata+yitizi 狮:獅=cjkvi-variants+opencc+unihan+wikidata+yitizi 筛:篩=cjkvi-variants+opencc+unihan+wikidata+yitizi 蒒:𰰳=unihan+wikidata 蛳:螄=cjkvi-variants+opencc+unihan+wikidata+yitizi 𢲐:𰓝=unihan+wikidata 𧜂:𬡔=cjkvi-variants+unihan+wikidata
丷	𭕄	2	8	3	关:𮰴=wikidata 单:単=cjkvi-variants 弹:弾=cjkvi-variants 戦:𢧐=cjkvi-variants
丸	九	13	34	16	㞍:尻=cjkvi-variants+mj-shrink-map+wikidata 䆒:究=cjkvi-variants+mj-shrink-map+wikidata 䊵:紈=cjkvi-variants+wikidata 䎠:𦓏=cjkvi-variants+wikidata 仇:𬽦=mj-shrink-map+wikidata 叴:𠮫=cjkvi-variants+wikidata 奿:𡚪=wikidata 宄:𡧄=wikidata 朹:𣏒=cjkvi-variants 染:𣑱=cjkvi-variants+mj-shrink-map+wikidata 釚:釻=cjkvi-variants+mj-shrink-map+wikidata 骩:骫=cjkvi-variants+wikidata+yitizi 𢎩:𢎫=cjkvi-variants+wikidata
为	為	9	18	14	䃣:𰦨=unihan+wikidata 伪:偽=opencc+unihan+wikidata+yitizi 妫:媯=cjkvi-variants+opencc+unihan+wikidata+yitizi 寪:𰌷=unihan+wikidata 沩:溈=opencc+unihan+wikidata+yitizi 蒍:𫇭=opencc+unihan+wikidata 鄬:𰻦=unihan+wikidata 𠼮:𫩳=cjkvi-variants+unihan+wikidata 𤺉:𰣦=unihan+wikidata
为	爲	11	17	13	㧑:撝=cjkvi-variants+opencc+unihan+wikidata+yitizi 䃣:𰦨=unihan+wikidata 伪:僞=cjkvi-variants+opencc+unihan+wikidata+yitizi 儰:𫢭=cjkvi-variants+unihan+wikidata 噅:𠯠=cjkvi-variants+opencc+unihan+wikidata+yitizi 妫:嬀=cjkvi-variants+opencc+unihan+wikidata+yitizi 寪:𰌷=unihan+wikidata 沩:潙=cjkvi-variants+opencc+unihan 蔿:𫇭=cjkvi-variants+opencc+unihan 蟡:𰲲=unihan+wikidata 鄬:𰻦=unihan+wikidata 𤺉:𰣦=unihan+wikidata
丼	井	4	7	5	㓝:𠛜=cjkvi-variants 耕:𦓮=cjkvi-variants+mj-shrink-map+opencc+wikidata 𤌌:𤍧=cjkvi-variants+wikidata 𨙷:𨚢=cjkvi-variants+wikidata
丼	开	2	5	2	刑:𠛜=wikidata 型:𡌁=cjkvi-variants+mj-shrink-map+wikidata 鉶:𨦿=cjkvi-variants+wikidata
丽	麗	18	19	19	㛤:孋=cjkvi-variants+opencc+unihan+wikidata+yitizi 俪:儷=cjkvi-variants+opencc+unihan+wikidata+yitizi 囇:𫪃=cjkvi-variants+unihan+wikidata 彨:彲=cjkvi-variants+opencc+unihan+wikidata+yitizi 攦:𰓬=unihan+wikidata 欐:𪲔=cjkvi-variants+opencc+unihan+wikidata 灑:𣶇=cjkvi-variants+mj-shrink-map+wikidata 矖:𰥢=unihan+wikidata 籭:𬕄=cjkvi-variants+unihan+wikidata 襹:𰳼=unihan+wikidata 躧:𰸐=unihan+wikidata 逦:邐=cjkvi-variants+opencc+unihan+wikidata+yitizi 郦:酈=cjkvi-variants+opencc+unihan+wikidata+yitizi 酾:釃=cjkvi-variants+opencc+unihan+wikidata+yitizi 𠠫:𰄭=unihan+wikidata 𣀷:𫾲=cjkvi-variants+unihan+wikidata 𤫟:𮴠=unihan+wikidata 𥜰:𫀌=cjkvi-variants+opencc+unihan+wikidata
丽	𰀕	2	13	8	䕻:𧅳=cjkvi-variants+wikidata 䚕:𧢮=cjkvi-variants+wikidata 廲:𢌒=cjkvi-variants+wikidata 灑:𭳺=wikidata 纚:𮉟=mj-shrink-map+wikidata 酈:𨟫=cjkvi-variants+mj-shrink-map+wikidata 鸝:𪈹=cjkvi-variants+mj-shrink-map+wikidata 麗:𪋘=cjkvi-variants+mj-shrink-map+wikidata 𧥖:𧥗=cjkvi-variants+wikidata
举	舉	2	1	1	攑:𫽥=cjkvi-variants+unihan+wikidata 榉:櫸=cjkvi-variants+opencc+unihan+wikidata+yitizi
乂	叉	3	8	3	㲼:汊=cjkvi-variants+wikidata 扠:𢩩=cjkvi-variants+wikidata 艾:芆=cjkvi-variants+wikidata
乃	{33}	3	16	13	㑺:儁=unihan 㝦:寯=cjkvi-variants+unihan+wikidata 㷪:𤎱=cjkvi-variants+unihan+wikidata 㻪:㻽=unihan+wikidata 䐪:臇=cjkvi-variants+unihan+wikidata 嶲:𡻎=unihan 懏:𮲋=wikidata 携:擕=cjkvi-variants+mj-shrink-map 槜:檇=cjkvi-variants+wikidata+yitizi 觹:𧤤=unihan 觽:𧥅=unihan 鎸:鐫=cjkvi-variants+mj-shrink-map+wikidata 隽:雋=cjkvi-variants+mj-shrink-map+opencc+unihan+wikidata+yitizi 𠿘:𭉨=unihan
乃	几	4	76	31	㛆:㛊=cjkvi-variants+wikidata 䤪:𨦃=cjkvi-variants+wikidata+yitizi 刴:剁=cjkvi-variants+unihan+wikidata+yitizi 哚:𫩴=cjkvi-variants+wikidata 垛:垜=cjkvi-variants+unihan+wikidata+yitizi 尮:𡯦=cjkvi-variants+wikidata 挅:挆=cjkvi-variants+wikidata+yitizi 朵:朶=cjkvi-variants+mj-shrink-map+opencc+unihan+wikidata+yitizi 桗:𣑫=cjkvi-variants+wikidata 穨:𥣧=cjkvi-variants+wikidata 趓:𧻞=cjkvi-variants+wikidata 跥:跺=cjkvi-variants+unihan+wikidata+yitizi 躱:躲=cjkvi-variants+mj-shrink-map+unihan+wikidata+yitizi 頺:頽=cjkvi-variants+mj-shrink-map 鳧:𩾖=cjkvi-variants+mj-shrink-map+wikidata 𡶲:𡷔=cjkvi-variants+wikidata 𤤸:𰡼=wikidata 𥙨:𮁳=wikidata 𥬲:𥬸=cjkvi-variants+wikidata 𥿰:𦀉=cjkvi-variants+wikidata 𧊱:𧊶=cjkvi-variants+wikidata 𧙤:𬡖=cjkvi-variants+wikidata 𧧇:𧧨=cjkvi-variants+wikidata 𨹃:𨹄=cjkvi-variants 𪘉:𬹵=cjkvi-variants+wikidata
乃	𠘧	2	27	26	㛆:㛊=cjkvi-variants+wikidata 䤪:𨦃=cjkvi-variants+wikidata+yitizi 刴:剁=cjkvi-variants+unihan+wikidata+yitizi 哚:𫩴=cjkvi-variants+wikidata 垛:垜=cjkvi-variants+unihan+wikidata+yitizi 尮:𡯦=cjkvi-variants+wikidata 挅:挆=cjkvi-variants+wikidata+yitizi 朵:朶=cjkvi-variants+mj-shrink-map+opencc+unihan+wikidata+yitizi 桗:𣑫=cjkvi-variants+wikidata 趓:𧻞=cjkvi-variants+wikidata 跥:跺=cjkvi-variants+unihan+wikidata+yitizi 躱:躲=cjkvi-variants+mj-shrink-map+unihan+wikidata+yitizi 𡶲:𡷔=cjkvi-variants+wikidata 𤤸:𰡼=wikidata 𥙨:𮁳=wikidata 𥬲:𥬸=cjkvi-variants+wikidata 𥿰:𦀉=cjkvi-variants+wikidata 𧊱:𧊶=cjkvi-variants+wikidata 𧙤:𬡖=cjkvi-variants+wikidata 𧧇:𧧨=cjkvi-variants+wikidata 𨹃:𨹄=cjkvi-variants 𪘉:𬹵=cjkvi-variants+wikidata
久	乆	3	6	4	汣:𣲄=wikidata 𥤯:𥤳=cjkvi-variants 𮀌:𮵉=wikidata
乇	橐	3	9	3	托:𢸨=cjkvi-variants+wikidata 飥:𩟰=cjkvi-variants+mj-shrink-map+wikidata 馲:𩧐=cjkvi-variants+wikidata
么	幺	8	11	10	㭃:𣏈=cjkvi-variants 䶸:吆=wikidata 嬤:嬷=cjkvi-variants+opencc+unihan+wikidata+yitizi 庅:𢇝=cjkvi-variants 麼:麽=cjkvi-variants+mj-shrink-map+opencc+unihan+wikidata+yitizi 𢩻:𢩼=cjkvi-variants 𦘷:𬁲=cjkvi-variants 𩑑:𩑗=cjkvi-variants+wikidata
义	叉	7	17	8	䂘:𥐟=cjkvi-variants+wikidata 䑡:舣=cjkvi-variants 杈:𭩚=wikidata 汊:𮳃=wikidata 靫:𩉠=cjkvi-variants+wikidata 𢔳:𢕉=wikidata 𤜥:𤜫=cjkvi-variants
义	義	16	19	18	㕒:𰆕=unihan+wikidata 㬢:𮲛=unihan+wikidata 㼁:𮴂=unihan+wikidata 䕏:芆=cjkvi-variants 䕏:𮶝=unihan+wikidata 仪:儀=cjkvi-variants+opencc+unihan+wikidata+yitizi 嬟:𮰸=unihan+wikidata 檥:𭩚=unihan+wikidata 礒:𥐟=cjkvi-variants+opencc+unihan+wikidata+yitizi 肞:𦡫=cjkvi-variants 舣:艤=cjkvi-variants+opencc+unihan+wikidata+yitizi 蚁:蟻=cjkvi-variants+opencc+unihan+wikidata+yitizi 𠿿:𭇀=unihan+wikidata 𣿭:𮳃=unihan+wikidata 𥋟:𮵅=unihan+wikidata 𨟳:𨣞=cjkvi-variants+opencc+unihan+wikidata
乌	烏	11	14	12	䖚:𰲟=unihan 呜:嗚=cjkvi-variants+opencc+unihan+wikidata+yitizi 坞:塢=cjkvi-variants+opencc+unihan+wikidata+yitizi 摀:𰓆=unihan+wikidata 歍:𰙋=unihan+wikidata 熓:𤆡=cjkvi-variants+opencc+unihan+wikidata+yitizi 邬:鄔=cjkvi-variants+opencc+unihan+wikidata+yitizi 隖:𬮻=cjkvi-variants+unihan+wikidata 𠆿:𠌥=cjkvi-variants+opencc+unihan+wikidata+yitizi 𠛆:𠞆=cjkvi-variants+opencc+unihan+wikidata+yitizi 𢄓:𰏓=unihan+wikidata
乎	虖	8	13	9	㙤:垀=cjkvi-variants 㭔:㯉=cjkvi-variants 䤣:鏬=cjkvi-variants 呼:嘑=cjkvi-variants+yitizi 嫭:𡛚=cjkvi-variants+wikidata 泘:滹=cjkvi-variants+mj-shrink-map+wikidata 𤵡:𤹣=cjkvi-variants 𥬏:𥲉=cjkvi-variants
乎	𠂞	2	1	1	呼:𠰗=cjkvi-variants+mj-shrink-map+opencc+wikidata 𧦝:𧦻=cjkvi-variants+wikidata
乐	樂	15	18	16	㜰:𮰽=unihan+wikidata 㦡:𮲃=unihan+wikidata 㧰:擽=cjkvi-variants+opencc+unihan+wikidata+yitizi 䀥:䁻=cjkvi-variants+opencc+unihan+yitizi 䟏:𰷴=unihan+wikidata 嚛:𪠸=cjkvi-variants+opencc+unihan+wikidata 栎:櫟=cjkvi-variants+opencc+unihan+wikidata+yitizi 泺:濼=cjkvi-variants+opencc+unihan+wikidata+yitizi 烁:爍=cjkvi-variants+opencc+unihan+wikidata+yitizi 瓅:𬍛=cjkvi-variants+opencc+unihan+wikidata 皪:𰤕=unihan+wikidata 砾:礫=cjkvi-variants+opencc+unihan+wikidata+yitizi 觻:𰴢=unihan+wikidata 跞:躒=cjkvi-variants+opencc+unihan+wikidata+yitizi 𤻲:𬏤=cjkvi-variants+unihan+wikidata
乔	喬	31	33	32	㢗:𪪑=cjkvi-variants+opencc+unihan+wikidata 㤭:憍=cjkvi-variants+unihan+wikidata 㳢:𣾷=cjkvi-variants+opencc+unihan+wikidata+yitizi 䀉:𥁢=cjkvi-variants+opencc+unihan+wikidata 䚩:𫌯=cjkvi-variants+opencc+unihan+wikidata 侨:僑=cjkvi-variants+opencc+unihan+wikidata+yitizi 嘺:𪡀=cjkvi-variants+opencc+unihan+wikidata 墧:𰉩=unihan+wikidata 娇:嬌=cjkvi-variants+opencc+unihan+wikidata+yitizi 屩:𪨗=cjkvi-variants+opencc+unihan+wikidata+yitizi 峤:嶠=cjkvi-variants+opencc+unihan+wikidata+yitizi 挢:撟=cjkvi-variants+opencc+unihan+wikidata+yitizi 敿:𰕈=unihan+wikidata 桥:橋=cjkvi-variants+opencc+unihan+wikidata+yitizi 毊:𪵑=cjkvi-variants+opencc+unihan+wikidata 燆:𮳧=unihan+wikidata 犞:𪺭=cjkvi-variants+opencc+unihan+wikidata 獢:𰡊=unihan+wikidata 矫:矯=cjkvi-variants+opencc+unihan+wikidata+yitizi 硚:礄=cjkvi-variants+opencc+unihan+wikidata+yitizi 簥:𰩸=unihan+wikidata 荞:蕎=cjkvi-variants+opencc+unihan+wikidata+yitizi 蟜:𫊸=cjkvi-variants+opencc+unihan+wikidata 趫:𰷶=unihan+wikidata 蹻:𫏋=cjkvi-variants+opencc+unihan+wikidata+yitizi 鞒:鞽=cjkvi-variants+opencc+unihan+yitizi 𠿕:𪜎=cjkvi-variants+opencc+unihan+wikidata 𢐟:𮱵=unihan+wikidata 𤩝:𮴓=unihan+wikidata 𨲭:𬮄=cjkvi-variants+unihan+wikidata 𫥽:𫦙=cjkvi-variants+unihan+wikidata
乕	虎	2	6	3	㙈:𰉳=wikidata 號:𭈹=mj-shrink-map+wikidata 饕:𩞣=cjkvi-variants+mj-shrink-map+wikidata
乕	虒	3	6	3	褫:𧚜=cjkvi-variants+mj-shrink-map+wikidata 逓:遞=cjkvi-variants+mj-shrink-map+opencc+unihan+wikidata+yitizi 鷈:𪁦=cjkvi-variants+wikidata
乗	乘	5	7	6	剩:剰=cjkvi-variants+mj-shrink-map+opencc+unihan+wikidata+yitizi 嵊:𡹴=cjkvi-variants+wikidata 騬:𱄥=wikidata 𢜼:𢟊=cjkvi-variants+wikidata 𢾦:𢾽=cjkvi-variants+wikidata
乘	椉	3	4	4	剩:𠟇=cjkvi-variants+mj-shrink-map+wikidata 溗:𣽘=cjkvi-variants+wikidata 騬:𩦆=cjkvi-variants+opencc+wikidata
九	{20}	8	18	8	㐜:𠂃=cjkvi-variants 䊵:紈=cjkvi-variants+wikidata 䜪:𧮭=cjkvi-variants 染:𣑱=cjkvi-variants+mj-shrink-map+wikidata 軌:𮜿=mj-shrink-map+wikidata 釚:釻=cjkvi-variants+mj-shrink-map+wikidata 骩:骫=cjkvi-variants+wikidata+yitizi 𢎩:𢎫=cjkvi-variants+wikidata
九	尢	8	18	10	尬:𠆷=cjkvi-variants+wikidata 尳:𩨔=cjkvi-variants+wikidata 抛:拋=cjkvi-variants+mj-shrink-map+opencc+unihan+wikidata+yitizi 旭:𡯙=cjkvi-variants 𠄁:𡯾=cjkvi-variants 𠠵:𡯄=cjkvi-variants+wikidata 𡯎:𢒂=cjkvi-variants 𡯥:𧈤=cjkvi-variants 𧗝:𧗢=cjkvi-variants
九	𠅃	4	31	24	㰵:𰙊=wikidata 㳃:淬=cjkvi-variants+mj-shrink-map+wikidata 伜:倅=cjkvi-variants+mj-shrink-map+wikidata+yitizi 卆:卒=cjkvi-variants+hng-basic-data+mj-shrink-map+wikidata+yitizi 啐:𠯥=wikidata 囃:𫝜=cjkvi-variants+wikidata 埣:𡉻=cjkvi-variants+mj-shrink-map+wikidata 忰:悴=cjkvi-variants+mj-shrink-map+wikidata+yitizi 捽:𢪄=cjkvi-variants+wikidata 晬:𣅢=cjkvi-variants+mj-shrink-map+wikidata 猝:𤝊=cjkvi-variants+wikidata 疩:瘁=cjkvi-variants+mj-shrink-map+wikidata 睟:𥄌=cjkvi-variants+mj-shrink-map+wikidata 砕:碎=cjkvi-variants+hng-basic-data+mj-shrink-map+opencc+unihan+wikidata+yitizi 祽:𥘧=cjkvi-variants+wikidata 稡:𰨞=wikidata 粋:粹=cjkvi-variants+hng-basic-data+mj-shrink-map+opencc+unihan+wikidata+yitizi 紣:綷=cjkvi-variants+mj-shrink-map+wikidata 翆:翠=cjkvi-variants+hng-basic-data+mj-shrink-map+wikidata+yitizi 萃:𦬡=cjkvi-variants+mj-shrink-map+wikidata 酔:醉=cjkvi-variants+hng-basic-data+mj-shrink-map+opencc+unihan+wikidata+yitizi 雑:雜=cjkvi-variants+hng-basic-data+mj-shrink-map+opencc+unihan+wikidata+yitizi 𢇥:𢈼=cjkvi-variants
乞	⿱上乙	3	3	3	吃:𠯡=cjkvi-variants+wikidata 迄:𨑵=cjkvi-variants+mj-shrink-map+wikidata 𩑔:𩑨=cjkvi-variants+wikidata
乞	⿳⺊一乙	3	3	3	吃:𠯡=cjkvi-variants+wikidata 迄:𨑵=cjkvi-variants+mj-shrink-map+wikidata 𩑔:𩑨=cjkvi-variants+wikidata
乞	气	28	38	29	㐹:仡=cjkvi-variants+mj-shrink-map+opencc+wikidata 㔕:𠠶=cjkvi-variants 㡮:𢇓=cjkvi-variants+wikidata 㧉:扢=cjkvi-variants 㰟:𣢆=cjkvi-variants+wikidata 䒗:芞=cjkvi-variants+wikidata 䞘:𧺞=cjkvi-variants+wikidata 刉:刏=cjkvi-variants+opencc+wikidata 吃:𠯏=cjkvi-variants+mj-shrink-map+opencc+wikidata 圪:𡉛=cjkvi-variants+opencc+wikidata 屹:𪨦=cjkvi-variants+wikidata 忔:忾=cjkvi-variants+wikidata 杚:𣏙=cjkvi-variants+opencc+wikidata 汔:汽=cjkvi-variants+opencc+wikidata 疙:𤴸=cjkvi-variants+wikidata 矻:𥐬=cjkvi-variants 籺:𥸽=cjkvi-variants+wikidata 紇:𥾨=cjkvi-variants+mj-shrink-map+opencc+wikidata 虼:𫊨=cjkvi-variants 訖:𧥷=cjkvi-variants+mj-shrink-map+opencc+wikidata 釳:𨥊=cjkvi-variants+opencc+wikidata 阣:𨸛=cjkvi-variants 麧:𪌇=cjkvi-variants+opencc+wikidata 齕:𪗟=cjkvi-variants+mj-shrink-map+opencc+wikidata 𣱤:𧆦=cjkvi-variants 𥝖:𥝬=cjkvi-variants+wikidata 𩑔:𩑡=cjkvi-variants+opencc+wikidata 𪸏:𪸕=cjkvi-variants
乞	𠧒	8	13	9	䎢:𦓪=cjkvi-variants+wikidata 䩐:𩉟=cjkvi-variants+wikidata 䬣:𩚋=cjkvi-variants+wikidata 屹:𡵊=cjkvi-variants+wikidata 汔:𣲁=cjkvi-variants+wikidata 肐:𦘸=cjkvi-variants+wikidata 迄:𮞂=mj-shrink-map+wikidata 齕:𪗚=cjkvi-variants+mj-shrink-map+wikidata
也	它	16	47	16	㸰:牠=cjkvi-variants+wikidata 䍫:𦍔=cjkvi-variants+wikidata 䙾:𧠉=cjkvi-variants+wikidata 䶔:𪗩=cjkvi-variants+wikidata 他:佗=cjkvi-variants+wikidata 扡:拕=cjkvi-variants+mj-shrink-map 池:沱=cjkvi-variants 灺:炨=cjkvi-variants+wikidata 竾:𥬌=cjkvi-variants 虵:蛇=cjkvi-variants+mj-shrink-map+wikidata 衪:袉=cjkvi-variants+wikidata 訑:詑=cjkvi-variants+mj-shrink-map+wikidata 釶:鉈=cjkvi-variants+wikidata 阤:陀=cjkvi-variants+wikidata 鮀:𩵔=cjkvi-variants+wikidata 𢻱:𢼊=cjkvi-variants+wikidata
乡	鄉	4	5	5	曏:𬁠=cjkvi-variants+wikidata 膷:𰮅=unihan+wikidata 芗:薌=cjkvi-variants+opencc+unihan+wikidata+yitizi 蚃:蠁=cjkvi-variants+opencc+unihan+wikidata+yitizi
买	買	4	5	5	㜥:𫰨=cjkvi-variants+unihan+wikidata 嘪:𪡃=cjkvi-variants+opencc+unihan+wikidata 荬:蕒=cjkvi-variants+opencc+unihan+wikidata+yitizi 𢙑:𢠼=cjkvi-variants+opencc+unihan+wikidata
乱	亂	2	1	1	薍:𦯠=cjkvi-variants+wikidata 𠉗:𠏢=cjkvi-variants+opencc+unihan+wikidata+yitizi
亀	龜	8	11	9	䦰:𨷺=cjkvi-variants 䰗:鬮=cjkvi-variants+mj-shrink-map+unihan+wikidata+yitizi 䶯:𭒗=wikidata 櫷:𪳥=cjkvi-variants 穐:龝=cjkvi-variants 鬮:𩰘=cjkvi-variants+wikidata 𠼓:𪚩=cjkvi-variants 𪛆:𫠝=cjkvi-variants
予	矛	7	19	8	㮊:楙=wikidata 䂊:豫=cjkvi-variants+wikidata 䋒:紓=cjkvi-variants+wikidata 壄:𡐨=cjkvi-variants 妤:𭑴=wikidata 芧:茅=cjkvi-variants+wikidata 雺:𬯺=wikidata 預:𥎀=wikidata
争	爭	8	9	9	净:凈=cjkvi-variants+opencc+unihan+wikidata+yitizi 峥:崢=cjkvi-variants+opencc+unihan+wikidata+yitizi 挣:掙=cjkvi-variants+opencc+unihan+wikidata+yitizi 浄:淨=cjkvi-variants+hng-basic-data+mj-shrink-map+opencc+unihan+wikidata+yitizi 狰:猙=cjkvi-variants+opencc+unihan+wikidata+yitizi 睁:睜=cjkvi-variants+mj-shrink-map+opencc+unihan+wikidata+yitizi 筝:箏=cjkvi-variants+mj-shrink-map+opencc+unihan+wikidata+yitizi 静:靜=cjkvi-variants+hng-basic-data+mj-shrink-map+opencc+unihan+wikidata+yitizi
二	⿲丿二丨	2	2	1	亝:𠫼=cjkvi-variants+mj-shrink-map 齊:𬽒=wikidata
于	亏	30	57	41	㡰:𢇡=cjkvi-variants 㢪:弙=cjkvi-variants+wikidata 㺮:玗=cjkvi-variants+opencc+wikidata 㻬:𤨹=cjkvi-variants+wikidata 㽳:疞=cjkvi-variants 䊸:紆=cjkvi-variants+mj-shrink-map+opencc+wikidata 䍂:𦈣=cjkvi-variants+wikidata 䖉:𧆜=cjkvi-variants 䣿:𨡖=cjkvi-variants+wikidata 䨕:𩂧=cjkvi-variants+wikidata 䩒:𩉞=cjkvi-variants+wikidata 吁:𠮱=cjkvi-variants+mj-shrink-map+opencc+wikidata 夸:𭑃=mj-shrink-map+wikidata 扜:扝=cjkvi-variants+opencc 旴:𣅙=wikidata 汙:污=cjkvi-variants+opencc+unihan+wikidata+yitizi 洿:𣳹=wikidata 盂:𥁄=cjkvi-variants+mj-shrink-map+wikidata 盓:𥁡=cjkvi-variants+wikidata 盱:𥃳=cjkvi-variants+mj-shrink-map+wikidata 竽:𥫡=cjkvi-variants+mj-shrink-map+opencc+wikidata 芋:芌=cjkvi-variants+mj-shrink-map+opencc+wikidata 虶:𧈯=cjkvi-variants+wikidata 衧:𧘚=cjkvi-variants+opencc+wikidata 訏:𧥦=cjkvi-variants+wikidata 趶:𧿉=cjkvi-variants+wikidata 跨:𰸉=wikidata 迂:迃=cjkvi-variants+mj-shrink-map+wikidata 遌:𨕓=cjkvi-variants 邘:𨙱=cjkvi-variants+opencc+wikidata 陓:𱀍=wikidata 雩:𩁹=cjkvi-variants+mj-shrink-map+wikidata 骬:𩨗=cjkvi-variants+wikidata 𡜂:𡜡=cjkvi-variants+wikidata 𢖳:𢗃=cjkvi-variants+wikidata 𤆏:𮳚=wikidata 𦏴:𦏻=cjkvi-variants 𦰲:𦲰=cjkvi-variants+wikidata 𨊱:𫏲=cjkvi-variants 𨖛:𨖜=cjkvi-variants+wikidata
于	亐	18	32	27	㐵:𠆬=cjkvi-variants 㻬:𤨹=cjkvi-variants+wikidata 䍂:𦈣=cjkvi-variants+wikidata 䖉:𧆜=cjkvi-variants 䣿:𨡖=cjkvi-variants+wikidata 䨕:𩂧=cjkvi-variants+wikidata 䩒:𩉞=cjkvi-variants+wikidata 宇:𡧈=cjkvi-variants+mj-shrink-map+wikidata 弙:𢎰=cjkvi-variants+wikidata 杅:𣏓=wikidata 汙:汚=cjkvi-variants+hng-basic-data+mj-shrink-map+unihan+yitizi 盂:𥁄=cjkvi-variants+mj-shrink-map+wikidata 盓:𥁡=cjkvi-variants+wikidata 盱:𥃳=cjkvi-variants+mj-shrink-map+wikidata 竽:𥫡=cjkvi-variants+mj-shrink-map+opencc+wikidata 虶:𧈯=cjkvi-variants+wikidata 訏:𧥦=cjkvi-variants+wikidata 趶:𧿉=cjkvi-variants+wikidata 迂:迃=cjkvi-variants+mj-shrink-map+wikidata 骬:𩨗=cjkvi-variants+wikidata 𦰲:𦲰=cjkvi-variants+wikidata 𨊱:𫏲=cjkvi-variants 𨖛:𨖜=cjkvi-variants+wikidata
亏	亐	3	4	4	㢪:𢎰=cjkvi-variants 杇:𣏓=cjkvi-variants+mj-shrink-map+wikidata 汚:污=cjkvi-variants+mj-shrink-map+opencc+wikidata+yitizi
亏	屰	2	24	11	㓵:𠟎=cjkvi-variants+wikidata 㖾:咢=cjkvi-variants+mj-shrink-map+opencc+wikidata 㗁:𰈬=wikidata 㦍:愕=cjkvi-variants+mj-shrink-map+wikidata 䣞:鄂=cjkvi-variants+mj-shrink-map+wikidata 堮:𡑇=cjkvi-variants+wikidata 崿:𰎵=wikidata 萼:𰱹=wikidata 諤:𰵆=wikidata 遌:遻=cjkvi-variants+wikidata 鰐:𩻙=cjkvi-variants 鶚:𱈽=wikidata
亐	屰	2	9	4	㗁:𰈬=wikidata 崿:𰎵=wikidata 萼:𰱹=wikidata
云	雲	21	28	23	䉙:𥬀=cjkvi-variants+opencc+unihan+wikidata+yitizi 䢵:𨝽=cjkvi-variants 伝:𠎉=cjkvi-variants 叇:靆=cjkvi-variants+opencc+unihan+wikidata+yitizi 坛:墵=cjkvi-variants 妘:𡢅=cjkvi-variants+wikidata 抎:𢵆=cjkvi-variants 昙:曇=cjkvi-variants+opencc+unihan+wikidata+yitizi 枟:橒=cjkvi-variants 沄:澐=cjkvi-variants+mj-shrink-map+opencc+unihan 秐:𥢚=cjkvi-variants 芸:蕓=cjkvi-variants+opencc+unihan+wikidata+yitizi 运:𨗠=cjkvi-variants 𠄴:𩃸=cjkvi-variants+wikidata 𣊯:𭥓=unihan 𤮦:𬎬=cjkvi-variants+unihan+wikidata 𤱂:𤳟=cjkvi-variants 𥐯:𥖅=cjkvi-variants+opencc+unihan+wikidata+yitizi 𧥼:𧬞=cjkvi-variants+wikidata 𩅾:𫡶=cjkvi-variants+unihan+wikidata 𬁴:𮌻=wikidata 𭴈:𭶀=wikidata
互	氐	18	34	19	䟡:𧿟=cjkvi-variants+wikidata 䬫:𩚢=cjkvi-variants+wikidata 仾:低=cjkvi-variants+mj-shrink-map+unihan+wikidata+yitizi 呧:𠯞=cjkvi-variants 坘:坻=cjkvi-variants+mj-shrink-map+wikidata 奃:𡗨=cjkvi-variants+wikidata 弤:𢎸=cjkvi-variants+wikidata 抵:𢪔=cjkvi-variants+mj-shrink-map+wikidata 砥:𰦧=wikidata 羝:𦍞=cjkvi-variants+mj-shrink-map+wikidata 胝:𦙁=cjkvi-variants+mj-shrink-map+wikidata 詆:𧥮=cjkvi-variants+wikidata 趆:𧺳=cjkvi-variants 軧:𨋆=cjkvi-variants+wikidata 邸:𨚎=cjkvi-variants+wikidata 阺:𨸧=cjkvi-variants+wikidata 鴟:𩿍=wikidata 𦨝:𦨢=cjkvi-variants+wikidata
亓	其	12	16	13	䑴:𦨘=cjkvi-variants+wikidata 䟚:踑=cjkvi-variants+wikidata 䭼:騏=cjkvi-variants+mj-shrink-map+wikidata 䶞:𪗞=cjkvi-variants+wikidata 基:𡉝=cjkvi-variants+mj-shrink-map+wikidata 惎:𢗏=cjkvi-variants+wikidata 斯:𣂕=cjkvi-variants+mj-shrink-map+wikidata 祺:𥘕=cjkvi-variants+mj-shrink-map+wikidata 箕:𥫶=cjkvi-variants+mj-shrink-map+wikidata 綦:𥾟=wikidata 鯕:𩵧=cjkvi-variants+wikidata 麒:𪊔=cjkvi-variants+mj-shrink-map+wikidata
亘	亙	13	19	16	㮓:𣕲=cjkvi-variants+unihan 䱍:䱎=cjkvi-variants+unihan+wikidata 䱭:䱴=cjkvi-variants 堩:𡍷=cjkvi-variants+wikidata 姮:𫰟=cjkvi-variants+mj-shrink-map 恆:恒=cjkvi-variants+hng-basic-data+mj-shrink-map+opencc+unihan+wikidata+yitizi 揯:搄=cjkvi-variants+opencc+wikidata+yitizi 絙:絚=cjkvi-variants+unihan+wikidata 緪:縆=cjkvi-variants+unihan+wikidata+yitizi 𢫮:𢬎=cjkvi-variants+unihan 𣎄:𦞌=cjkvi-variants+unihan 𥔂:𮀲=unihan+wikidata 𦚸:𦚹=cjkvi-variants 𦵕:𬝖=cjkvi-variants+unihan
亘	恆	5	13	5	䱎:䱭=cjkvi-variants+wikidata 揯:𢬎=wikidata 晅:暅=cjkvi-variants+wikidata 晅:𣈶=cjkvi-variants+mj-shrink-map+wikidata 絙:緪=cjkvi-variants+wikidata
亘	𠄢	11	15	14	䚙:𧣰=cjkvi-variants+wikidata 宣:𡨈=cjkvi-variants+mj-shrink-map+opencc+wikidata 揎:𢱱=cjkvi-variants+wikidata 晅:𣇥=cjkvi-variants+mj-shrink-map+wikidata 桓:𣒯=cjkvi-variants+mj-shrink-map+opencc+wikidata 洹:𣵨=cjkvi-variants+mj-shrink-map+wikidata 烜:𤉑=cjkvi-variants+mj-shrink-map+wikidata 狟:𤞸=cjkvi-variants+opencc+wikidata 瑄:𤧺=cjkvi-variants+mj-shrink-map+wikidata 絙:𦀞=cjkvi-variants+mj-shrink-map+opencc+wikidata 貆:𧳔=cjkvi-variants+opencc+wikidata 𡘍:𡘟=cjkvi-variants+wikidata 𧻚:𧼉=cjkvi-variants+wikidata
亙	恆	4	6	5	䱍:䱭=cjkvi-variants 揯:𢫮=cjkvi-variants+wikidata 絚:緪=cjkvi-variants+unihan+wikidata+yitizi 𣎄:𦚹=cjkvi-variants+wikidata
亙	𠄭	3	4	3	㮓:𣘰=cjkvi-variants 恆:𢛢=cjkvi-variants+mj-shrink-map+wikidata 揯:𢳖=cjkvi-variants+opencc+wikidata
亚	亞	26	36	31	㝞:𫳃=cjkvi-variants+unihan+wikidata 㰳:𭭈=unihan+wikidata 䃁:𰦴=unihan+wikidata 䅉:稏=cjkvi-variants+opencc+unihan+wikidata+yitizi 俹:𱎫=wikidata 僫:𱏀=wikidata 哑:啞=cjkvi-variants+opencc+unihan+wikidata+yitizi 噁:𫫇=cjkvi-variants+opencc+unihan+wikidata 垩:堊=cjkvi-variants+opencc+unihan+wikidata+yitizi 垭:埡=cjkvi-variants+opencc+unihan+wikidata+yitizi 壸:壼=cjkvi-variants+opencc+unihan+wikidata+yitizi 娅:婭=cjkvi-variants+opencc+unihan+wikidata+yitizi 孲:𰌦=unihan+wikidata 恶:惡=cjkvi-variants+opencc+unihan+wikidata+yitizi 挜:掗=cjkvi-variants+opencc+unihan+wikidata+yitizi 桠:椏=cjkvi-variants+opencc+unihan+wikidata+yitizi 氩:氬=cjkvi-variants+opencc+unihan+wikidata+yitizi 痖:瘂=cjkvi-variants+opencc+unihan+wikidata+yitizi 蝁:𰲸=unihan+wikidata 𠜲:𫥼=cjkvi-variants+unihan+wikidata 𢵣:𭡵=unihan+wikidata 𣵾:𮳅=unihan+wikidata 𣽏:𪶮=cjkvi-variants+opencc+unihan+wikidata 𤦩:𮴏=unihan+wikidata 𤲢:𭻍=unihan 𥏝:𪿊=cjkvi-variants+opencc+unihan+wikidata 𥺼:𮇔=unihan+wikidata 𦜖:𬁺=cjkvi-variants+unihan+wikidata 𩬾:𩭯=cjkvi-variants+unihan+wikidata 𰡉:𰡓=unihan+wikidata
亜	亞	4	7	6	唖:啞=cjkvi-variants+hng-basic-data+opencc+wikidata+yitizi 噁:𫫖=cjkvi-variants+wikidata 婭:𫰫=cjkvi-variants+wikidata 悪:惡=cjkvi-variants+hng-basic-data+mj-shrink-map+opencc+unihan+wikidata+yitizi 椏:𬂲=wikidata
亝	斉	4	5	5	㴉:済=mj-shrink-map 䠁:𨂋=cjkvi-variants 剤:𠜸=mj-shrink-map 𨹶:𫕅=cjkvi-variants
亝	齊	6	7	7	㴉:濟=cjkvi-variants+mj-shrink-map+wikidata 䠁:躋=cjkvi-variants+mj-shrink-map+wikidata 劑:𠜸=cjkvi-variants+mj-shrink-map+wikidata 嚌:𠴧=cjkvi-variants+mj-shrink-map 隮:𨹶=cjkvi-variants+wikidata 𥓗:𥖭=cjkvi-variants
亠	匕	3	14	6	㚛:𡘐=wikidata 嘗:𡮢=cjkvi-variants+wikidata 指:𢫾=cjkvi-variants+mj-shrink-map+wikidata 旨:𣅀=cjkvi-variants+mj-shrink-map+wikidata 𨌁:𰹑=wikidata
亠	𠂉	5	21	9	㚆:复=cjkvi-variants+wikidata 䟘:𧿦=cjkvi-variants+wikidata 斻:𣃚=cjkvi-variants+wikidata 每:𣫭=cjkvi-variants+mj-shrink-map+wikidata 緮:𦂊=cjkvi-variants+wikidata 魧:𩵸=cjkvi-variants+wikidata 𠋩:𮰁=wikidata 𡻫:𡻵=wikidata
亡	亾	14	33	27	㒺:罔=cjkvi-variants+wikidata 㠩:巟=cjkvi-variants+wikidata 㡃:㡆=cjkvi-variants+wikidata 匃:匄=cjkvi-variants+unihan+yitizi 妄:𡚶=cjkvi-variants+opencc+wikidata 嬴:𡢔=cjkvi-variants+mj-shrink-map+wikidata 忙:𢗅=cjkvi-variants+wikidata 氓:𭯰=wikidata 硭:𥒴=cjkvi-variants+wikidata 芒:𦬆=cjkvi-variants+mj-shrink-map+wikidata 荒:𮎰=mj-shrink-map+opencc+wikidata 莣:𦯌=cjkvi-variants+opencc+wikidata 蝄:𧍑=cjkvi-variants 詤:𧧢=cjkvi-variants 鋩:𨦵=cjkvi-variants+mj-shrink-map+wikidata 𠕃:𠕈=cjkvi-variants 𡧬:𡧽=cjkvi-variants+wikidata 𤠛:𤠤=cjkvi-variants+wikidata 𥠸:𥡃=cjkvi-variants+wikidata 𥿪:𥿼=cjkvi-variants+wikidata 𧠬:𧠰=cjkvi-variants+wikidata 𨑑:𨑟=cjkvi-variants+wikidata 𩢯:𩣇=cjkvi-variants+wikidata 𩣈:𩣐=cjkvi-variants 𩶡:𩶶=cjkvi-variants+wikidata
亡	兦	4	5	5	㤀:忘=cjkvi-variants+mj-shrink-map+opencc+wikidata 嬴:𡢔=cjkvi-variants+mj-shrink-map+wikidata 硭:𥒴=cjkvi-variants+wikidata 莣:𦯌=cjkvi-variants+opencc+wikidata
亢	⿱冖⿻几一	3	3	3	坑:𡊬=cjkvi-variants+mj-shrink-map+wikidata 沆:𣳞=cjkvi-variants+wikidata 炕:𤇛=cjkvi-variants+mj-shrink-map+wikidata
亢	⿱𠂉几	3	4	3	䟘:𧿦=cjkvi-variants+wikidata 斻:𣃚=cjkvi-variants+wikidata 魧:𩵸=cjkvi-variants+wikidata
交	爻	11	28	11	㤊:恔=cjkvi-variants+wikidata 䋂:絞=cjkvi-variants+wikidata 䡈:較=cjkvi-variants+mj-shrink-map+wikidata 礟:礮=cjkvi-variants+mj-shrink-map+unihan+yitizi 窔:𥤹=cjkvi-variants+wikidata 笅:筊=cjkvi-variants+wikidata 駁:駮=cjkvi-variants+unihan+yitizi 骹:𩨟=cjkvi-variants+mj-shrink-map+wikidata 鵁:𩾾=cjkvi-variants+mj-shrink-map+wikidata 𨟿:𨠦=cjkvi-variants+wikidata 𩎔:𩎦=cjkvi-variants+wikidata
产	產	3	13	10	㯆:𰗡=unihan+wikidata 萨:薩=cjkvi-variants+opencc+unihan+wikidata+yitizi 𨄉:𰸎=unihan+wikidata
产	産	9	13	10	㯆:𰗡=unihan+wikidata 䊲:𬡻=cjkvi-variants+unihan+wikidata 嵼:𡶴=cjkvi-variants+opencc+unihan+wikidata+yitizi 摌:𫼪=cjkvi-variants+wikidata 浐:滻=cjkvi-variants+opencc+unihan+wikidata+yitizi 萨:薩=cjkvi-variants+opencc+unihan+wikidata+yitizi 𥽽:𫧷=cjkvi-variants+unihan+wikidata 𨄉:𰸎=unihan+wikidata 𰪼:𰫏=unihan+wikidata
享	亯	7	10	8	㥫:惇=cjkvi-variants+wikidata 㪟:敦=cjkvi-variants+mj-shrink-map+wikidata 孰:𠅩=cjkvi-variants+mj-shrink-map+wikidata 椁:𬃬=wikidata 淳:湻=cjkvi-variants+mj-shrink-map+unihan+wikidata+yitizi 醇:醕=cjkvi-variants+mj-shrink-map+wikidata 鞟:𩋻=cjkvi-variants
享	畗	2	3	1	塾:𭏼=wikidata 郭:𮠄=wikidata
享	𠅖	2	2	1	淳:𣹾=cjkvi-variants+mj-shrink-map+wikidata 犉:𤚮=cjkvi-variants+wikidata
享	𦎧	16	19	16	䇏:𥫉=cjkvi-variants+wikidata 啍:𡃥=cjkvi-variants+opencc+wikidata 埻:𡓑=cjkvi-variants+mj-shrink-map+opencc+wikidata 弴:𢐻=cjkvi-variants+mj-shrink-map+wikidata 惇:𢤈=cjkvi-variants+mj-shrink-map+opencc+wikidata 憝:𢥲=cjkvi-variants+wikidata 淳:𤂸=cjkvi-variants+mj-shrink-map+opencc+wikidata 焞:𤑴=cjkvi-variants+mj-shrink-map+opencc+wikidata 犉:𤜃=cjkvi-variants+opencc+wikidata 稕:𥤁=cjkvi-variants+mj-shrink-map+wikidata 蜳:𧔫=cjkvi-variants+wikidata 諄:𧭺=cjkvi-variants+mj-shrink-map+opencc+wikidata 醇:𨣶=cjkvi-variants+mj-shrink-map+opencc+wikidata 錞:𨯢=cjkvi-variants+mj-shrink-map+opencc+wikidata 鷻:𪈶=cjkvi-variants+opencc+wikidata 𥇜:𥌲=cjkvi-variants+wikidata
享	𦎫	2	3	1	埻:𪤯=wikidata 犉:𤜀=cjkvi-variants+wikidata
享	𩫏	7	11	7	䯬:嚲=cjkvi-variants+mj-shrink-map+wikidata 埻:𡓣=cjkvi-variants+mj-shrink-map+wikidata 崞:𡾘=cjkvi-variants+opencc+wikidata 漷:𤅝=cjkvi-variants+wikidata 郭:𨟍=cjkvi-variants+mj-shrink-map+opencc+wikidata 𡥹:𩫠=cjkvi-variants 𡦟:𩫫=cjkvi-variants
享	𬽊	2	1	1	孰:𭓔=mj-shrink-map+wikidata 敦:𭣾=mj-shrink-map+wikidata
京	亰	16	19	17	㬌:景=cjkvi-variants+mj-shrink-map+wikidata 㹁:𤚒=cjkvi-variants+wikidata 䁁:𥈘=cjkvi-variants 勍:𠡽=cjkvi-variants+mj-shrink-map+wikidata 就:𭕒=mj-shrink-map+wikidata 弶:𰐞=wikidata 掠:𢱊=cjkvi-variants+wikidata 涼:鿌=cjkvi-variants+unihan+wikidata+yitizi 綡:𦂠=cjkvi-variants+wikidata 輬:𨍡=cjkvi-variants+wikidata 鶁:𬷦=wikidata 麖:𪋔=cjkvi-variants 𡌿:𫮎=cjkvi-variants 𣄴:𣄷=cjkvi-variants+wikidata 𧌬:𮔥=wikidata 𧤀:𧤚=cjkvi-variants
亲	親	7	8	8	儭:𠋆=cjkvi-variants+opencc+wikidata 嚫:𰈍=unihan+wikidata 媇:𡤅=cjkvi-variants 寴:𡩁=cjkvi-variants+wikidata 榇:櫬=cjkvi-variants+opencc+unihan+wikidata+yitizi 瀙:𰜜=unihan+wikidata 𫥔:𫥝=unihan+wikidata
亲	𣐽	2	3	2	㜪:𡣎=cjkvi-variants+wikidata 新:𣂺=cjkvi-variants+mj-shrink-map+opencc+wikidata 親:𧡿=cjkvi-variants+mj-shrink-map+opencc+wikidata
亶	𮧊	5	9	7	檀:𣞀=cjkvi-variants+mj-shrink-map+wikidata 鱣:𱇃=wikidata 鸇:𮭙=wikidata 𠿞:𭋢=wikidata 𨭖:𨮮=cjkvi-variants+wikidata
亷	兼	3	9	3	㡘:𢅖=cjkvi-variants+wikidata 䥥:鎌=cjkvi-variants+wikidata 賺:𧸜=wikidata
亷	廉	7	8	8	䥥:鐮=cjkvi-variants 濂:濓=cjkvi-variants+wikidata 蠊:𧒲=cjkvi-variants 𢅏:𢅖=cjkvi-variants+yitizi 𤅃:𤅄=cjkvi-variants 𧸖:𧸜=cjkvi-variants 𩼔:𩼖=cjkvi-variants
人	儿	5	41	21	㐁:西=cjkvi-variants+wikidata 䄼:䄽=cjkvi-variants+wikidata 䗂:𧌭=cjkvi-variants+wikidata 䚦:𧤫=cjkvi-variants+wikidata 䰧:𩳰=cjkvi-variants+wikidata 俿:𠊤=cjkvi-variants 僰:𠒧=cjkvi-variants+wikidata 琥:𤦣=cjkvi-variants+wikidata 禠:𥛕=cjkvi-variants+wikidata 禿:秂=cjkvi-variants+wikidata 篪:𥰽=cjkvi-variants+mj-shrink-map+wikidata 虒:𰲚=wikidata 螔:𧏕=cjkvi-variants+wikidata 諕:𧩐=cjkvi-variants+wikidata 𠔿:𦉪=wikidata 𢀊:𧈊=cjkvi-variants 𢊀:𢊐=cjkvi-variants+wikidata 𣣍:𣣕=cjkvi-variants+wikidata 𨂑:𨂜=cjkvi-variants+wikidata 𨪉:𨪾=cjkvi-variants+wikidata
人	入	4	20	7	㞤:㞥=cjkvi-variants 亾:兦=cjkvi-variants 內:内=cjkvi-variants+mj-shrink-map+opencc+unihan+wikidata+yitizi 吶:呐=cjkvi-variants+mj-shrink-map+opencc+unihan+wikidata+yitizi 氼:𣱸=cjkvi-variants
人	几	2	51	17	䗂:𧌭=cjkvi-variants+wikidata 䚦:𧤫=cjkvi-variants+wikidata 䰧:𩳰=cjkvi-variants+wikidata 俿:𠊤=cjkvi-variants 厬:𭆔=wikidata 琥:𤦣=cjkvi-variants+wikidata 禠:𥛕=cjkvi-variants+wikidata 篪:𥰽=cjkvi-variants+mj-shrink-map+wikidata 虒:𰲚=wikidata 螔:𧏕=cjkvi-variants+wikidata 諕:𧩐=cjkvi-variants+wikidata 𢀊:𧈊=cjkvi-variants 𢊀:𢊐=cjkvi-variants+wikidata 𣣍:𣣕=cjkvi-variants+wikidata 𨂑:𨂜=cjkvi-variants+wikidata 𨪉:𨪾=cjkvi-variants+wikidata
仅	付	3	4	4	府:𢇯=cjkvi-variants+mj-shrink-map+wikidata 柎:𣏘=cjkvi-variants+mj-shrink-map+wikidata 駙:𩢇=cjkvi-variants+wikidata
仆	僕	4	6	5	䇚:𥵜=unihan 纀:𥾾=cjkvi-variants 𢪗:𢷏=cjkvi-variants+unihan 𦬙:𦿍=unihan
介	⿱八勹	3	3	3	尬:𡯔=cjkvi-variants+wikidata 疥:𤵏=cjkvi-variants+wikidata 骱:𩨪=cjkvi-variants+wikidata
介	⿱𠆢勹	3	3	3	妎:𡛐=cjkvi-variants+wikidata 骱:𩨧=cjkvi-variants+wikidata 齘:𪗣=cjkvi-variants+mj-shrink-map+wikidata
介	界	6	17	7	扴:𫽜=wikidata 玠:琾=cjkvi-variants+mj-shrink-map+wikidata 疥:𤸋=cjkvi-variants+mj-shrink-map+wikidata 砎:𥔅=cjkvi-variants+wikidata 蚧:𧎁=cjkvi-variants+wikidata 𪐱:𪑹=cjkvi-variants+wikidata
从	吅	3	19	6	䘮:喪=cjkvi-variants+mj-shrink-map+wikidata 坐:𡋑=wikidata 墻:𫮶=cjkvi-variants 檣:𣞸=cjkvi-variants+wikidata 穡:穯=cjkvi-variants+wikidata 賫:賷=cjkvi-variants
从	從	28	29	29	㗰:𫩛=cjkvi-variants+unihan+wikidata 㙡:𭎂=unihan+wikidata 㞞:𪨊=cjkvi-variants+opencc+unihan+wikidata+yitizi 㼻:𬎧=cjkvi-variants+unihan+wikidata 䗥:𰲯=unihan+wikidata 䢨:𨑹=cjkvi-variants+opencc+unihan+yitizi 傱:𰁧=unihan+wikidata 嵷:𰎌=unihan+wikidata 嵸:𡵝=cjkvi-variants+unihan 怂:慫=cjkvi-variants+opencc+unihan+wikidata+yitizi 摐:𪭢=cjkvi-variants+opencc+unihan+wikidata 枞:樅=cjkvi-variants+mj-shrink-map+opencc+unihan+wikidata+yitizi 漎:𰛏=unihan+wikidata 瑽:𪻐=cjkvi-variants+opencc+unihan+wikidata+yitizi 疭:瘲=cjkvi-variants+opencc+unihan+wikidata+yitizi 瞛:𰥒=unihan+wikidata 篵:𥬈=cjkvi-variants+unihan+wikidata 縱:𥾺=cjkvi-variants+mj-shrink-map+wikidata 耸:聳=cjkvi-variants+opencc+unihan+wikidata+yitizi 苁:蓯=cjkvi-variants+opencc+unihan+wikidata+yitizi 豵:𫎆=cjkvi-variants+opencc+unihan+wikidata 蹤:𧿛=cjkvi-variants+mj-shrink-map+unihan+wikidata 鏦:𨥎=cjkvi-variants+wikidata 𢓅:𢕩=cjkvi-variants+unihan 𢠰:𰑅=unihan+wikidata 𧐱:𬟺=cjkvi-variants+unihan+wikidata 𧺣:𧽵=cjkvi-variants+unihan 𩀨:𫕚=cjkvi-variants+opencc+unihan+wikidata
从	灬	2	8	3	庶:庻=cjkvi-variants+mj-shrink-map+wikidata+yitizi 蔗:𬞈=cjkvi-variants+wikidata 𡂪:𡂭=cjkvi-variants
从	𠈌	3	10	3	廧:𢋾=cjkvi-variants+wikidata 豵:𧲓=cjkvi-variants+wikidata 𧪗:𧬿=cjkvi-variants
从	𠓜	2	5	4	㚒:夾=cjkvi-variants+wikidata 䀹:鿃=cjkvi-variants 䛟:𧧵=cjkvi-variants 嗇:𠹫=cjkvi-variants+wikidata 陜:陝=cjkvi-variants+wikidata+yitizi
从	𧘇	2	9	5	䘚:卒=cjkvi-variants+mj-shrink-map+unihan+wikidata+yitizi 啐:𠵒=cjkvi-variants+mj-shrink-map+wikidata 悴:𢜙=cjkvi-variants+wikidata 衣:𠅃=cjkvi-variants+opencc+wikidata 𩣰:𩤏=cjkvi-variants+wikidata
仑	侖	19	25	21	㓆:𠗣=cjkvi-variants+opencc+wikidata 㖮:𪠵=cjkvi-variants+opencc+unihan+wikidata 㷍:𤆢=cjkvi-variants+opencc+unihan+wikidata 伦:倫=cjkvi-variants+opencc+unihan+wikidata+yitizi 嗧:𰇠=unihan+wikidata 囵:圇=cjkvi-variants+opencc+unihan+wikidata+yitizi 埨:𫭢=cjkvi-variants+opencc+unihan+wikidata 崙:𪨧=cjkvi-variants+opencc+unihan+wikidata 惀:𰑄=unihan+wikidata 抡:掄=cjkvi-variants+opencc+unihan+wikidata+yitizi 棆:𰗖=unihan+wikidata 沦:淪=cjkvi-variants+opencc+unihan+wikidata+yitizi 瘪:癟=cjkvi-variants+opencc+unihan+wikidata+yitizi 睔:𬑆=cjkvi-variants+unihan+wikidata 菕:𰰨=opencc+unihan+wikidata 蜦:𰲰=unihan+wikidata 踚:𬦧=cjkvi-variants+unihan+wikidata 𤦎:𮴅=unihan+wikidata 𥚗:𮵙=unihan+wikidata
仓	倉	18	21	19	䤌:𮠞=unihan+wikidata 伧:傖=cjkvi-variants+opencc+unihan+wikidata+yitizi 凔:𰃷=unihan+wikidata 创:創=cjkvi-variants+opencc+unihan+wikidata+yitizi 呛:嗆=cjkvi-variants+opencc+unihan+wikidata+yitizi 怆:愴=cjkvi-variants+opencc+unihan+wikidata+yitizi 戗:戧=cjkvi-variants+opencc+unihan+wikidata+yitizi 抢:搶=cjkvi-variants+opencc+unihan+wikidata+yitizi 枪:槍=cjkvi-variants+opencc+unihan+wikidata+yitizi 沧:滄=cjkvi-variants+opencc+unihan+wikidata+yitizi 炝:熗=cjkvi-variants+opencc+unihan+wikidata+yitizi 獊:𪺷=cjkvi-variants+opencc+unihan+wikidata 玱:瑲=cjkvi-variants+opencc+unihan+wikidata+yitizi 疮:瘡=cjkvi-variants+opencc+unihan+wikidata+yitizi 舱:艙=cjkvi-variants+opencc+unihan+wikidata+yitizi 苍:蒼=cjkvi-variants+opencc+unihan+wikidata+yitizi 跄:蹌=cjkvi-variants+opencc+unihan+wikidata+yitizi 𦞛:𬁸=cjkvi-variants+unihan+wikidata
付	府	5	12	5	拊:捬=cjkvi-variants+wikidata 符:𮅟=wikidata 胕:腑=cjkvi-variants 跗:𨁵=cjkvi-variants+mj-shrink-map+wikidata 鮒:𩸅=cjkvi-variants+mj-shrink-map+wikidata
付	符	3	5	3	䑧:䒀=cjkvi-variants+wikidata 柎:𣘧=cjkvi-variants+wikidata 泭:𣻜=cjkvi-variants+mj-shrink-map+wikidata
付	附	4	7	4	䮛:駙=cjkvi-variants+mj-shrink-map+wikidata 胕:𦝗=cjkvi-variants+mj-shrink-map+wikidata 詂:𧨽=cjkvi-variants+wikidata 鮒:𩷺=cjkvi-variants+mj-shrink-map+wikidata
令	零	12	34	12	㩕:拎=cjkvi-variants+wikidata 㬡:昤=cjkvi-variants+mj-shrink-map+wikidata 㯪:柃=cjkvi-variants+wikidata 䯍:𩪥=cjkvi-variants+wikidata 䴇:鴒=cjkvi-variants 刢:𠟨=cjkvi-variants+wikidata 泠:澪=cjkvi-variants 皊:𤾨=cjkvi-variants+wikidata 砱:𥖟=cjkvi-variants+wikidata 舲:𦪩=cjkvi-variants+mj-shrink-map+wikidata 詅:𮘿=wikidata 𥹕:𥼸=cjkvi-variants
令	霝	13	28	13	䍅:𦉢=cjkvi-variants+wikidata 䡼:軨=cjkvi-variants+wikidata 狑:𤣍=cjkvi-variants+wikidata 皊:𤾻=cjkvi-variants+wikidata 羚:𦏪=cjkvi-variants+mj-shrink-map+wikidata 舲:𦫃=cjkvi-variants+mj-shrink-map+wikidata 蛉:𧕅=cjkvi-variants 醽:𨠎=cjkvi-variants+wikidata 閝:𨷰=cjkvi-variants+wikidata 鴒:𪈝=cjkvi-variants+mj-shrink-map+wikidata 龗:𪚙=cjkvi-variants+mj-shrink-map+wikidata 𧰻:𧲙=wikidata 𩬔:𩰂=cjkvi-variants+wikidata
令	靈	17	37	17	㦭:怜=cjkvi-variants+mj-shrink-map 㸳:𤜙=cjkvi-variants+wikidata 䡿:軨=cjkvi-variants+wikidata 䴒:鴒=cjkvi-variants+mj-shrink-map+wikidata 刢:𠠱=cjkvi-variants+wikidata 拎:𢺰=cjkvi-variants+wikidata 昤:𣌟=cjkvi-variants+mj-shrink-map+wikidata 狑:𤣤=cjkvi-variants+wikidata 玲:𤫩=cjkvi-variants+mj-shrink-map+wikidata 瓴:𤮹=cjkvi-variants+wikidata 皊:𤿅=cjkvi-variants+wikidata 砱:𥘃=cjkvi-variants+wikidata 羚:𦏰=cjkvi-variants+mj-shrink-map+wikidata 舲:𦫊=cjkvi-variants+mj-shrink-map+wikidata 袊:𧟙=cjkvi-variants+wikidata 𤕵:𤖦=cjkvi-variants+wikidata 𥹕:𥾂=cjkvi-variants+wikidata
令	領	3	9	3	䕘:苓=cjkvi-variants+wikidata 岭:𡽹=wikidata 笭:𥵝=cjkvi-variants+wikidata
令	𠱠	2	16	8	㯪:櫺=cjkvi-variants+mj-shrink-map+wikidata 蕶:蘦=cjkvi-variants+wikidata 酃:𨞖=cjkvi-variants+wikidata 醽:𨣖=cjkvi-variants+wikidata 零:霝=cjkvi-variants 麢:𪋪=cjkvi-variants 𥋞:𥌼=cjkvi-variants+wikidata 𦪩:𦫃=cjkvi-variants 𧾮:𰸀=wikidata
伊	尹	3	7	3	吚:咿=cjkvi-variants+unihan+wikidata+yitizi 芛:𦭽=cjkvi-variants+wikidata 蛜:𧉅=cjkvi-variants+wikidata
会	會	35	38	36	㻅:璯=cjkvi-variants+opencc+unihan+wikidata+yitizi 䢈:𰺭=unihan+wikidata 䯤:𩩈=cjkvi-variants+opencc+unihan+wikidata 䵳:𪑅=cjkvi-variants+opencc+unihan+wikidata 侩:儈=cjkvi-variants+opencc+unihan+wikidata+yitizi 刽:劊=cjkvi-variants+opencc+unihan+wikidata+yitizi 哙:噲=cjkvi-variants+opencc+unihan+wikidata+yitizi 嬒:𫰢=cjkvi-variants+unihan+wikidata 廥:𰏶=unihan+wikidata 懀:𢙓=cjkvi-variants+opencc+unihan+wikidata+yitizi 旝:𰕭=unihan+wikidata 桧:檜=cjkvi-variants+opencc+unihan+wikidata+yitizi 浍:澮=cjkvi-variants+opencc+unihan+wikidata+yitizi 烩:燴=cjkvi-variants+opencc+unihan+wikidata+yitizi 狯:獪=cjkvi-variants+opencc+unihan+wikidata+yitizi 癐:𤶊=cjkvi-variants+opencc+unihan 禬:𰧻=unihan+wikidata 絵:繪=cjkvi-variants+hng-basic-data+mj-shrink-map+opencc+unihan+wikidata+yitizi 脍:膾=cjkvi-variants+mj-shrink-map+opencc+unihan+wikidata+yitizi 荟:薈=cjkvi-variants+opencc+unihan+wikidata+yitizi 襘:𫋻=cjkvi-variants+opencc+unihan+wikidata 郐:鄶=cjkvi-variants+opencc+unihan+wikidata+yitizi 鬠:𫘽=cjkvi-variants+opencc+unihan+wikidata 鱠:𩷆=cjkvi-variants+wikidata 𠀾:𠁞=cjkvi-variants+opencc+unihan+wikidata 𡋗:𡑭=cjkvi-variants+mj-shrink-map+opencc+unihan+wikidata+yitizi 𡳃:𡳳=cjkvi-variants+opencc+unihan+wikidata 𡼾:𰎛=unihan+wikidata 𢶒:𪭯=cjkvi-variants+opencc+unihan+wikidata 𣍐:𫧃=cjkvi-variants+opencc+unihan+wikidata 𥖩:𬒊=cjkvi-variants+unihan+wikidata 𥢶:𫞷=cjkvi-variants+opencc+unihan+wikidata 𥭉:𥵊=cjkvi-variants+opencc+unihan+wikidata+yitizi 𧒯:𫊹=cjkvi-variants+opencc+unihan+wikidata 𩠠:𩠴=cjkvi-variants+opencc+unihan+wikidata+yitizi
佘	余	3	9	4	悆:𢚒=wikidata 畬:畲=cjkvi-variants+mj-shrink-map+wikidata+yitizi 𡝐:𡝙=wikidata
余	除	3	10	3	㾻:𤶠=cjkvi-variants+wikidata 涂:滁=cjkvi-variants 蜍:𮔲=wikidata
你	爾	2	2	1	您:𢣭=cjkvi-variants 𡁠:𪡇=cjkvi-variants
佥	僉	27	30	29	㷿:𤈷=cjkvi-variants+opencc+unihan+wikidata+yitizi 俭:儉=cjkvi-variants+opencc+unihan+wikidata+yitizi 剑:劍=cjkvi-variants+opencc+unihan+wikidata+yitizi 厱:𰆚=unihan+wikidata 噞:𪡋=cjkvi-variants+opencc+unihan+wikidata 嬐:𫰰=cjkvi-variants+unihan+wikidata 崄:嶮=cjkvi-variants+opencc+unihan+wikidata+yitizi 憸:𪫺=cjkvi-variants+opencc+unihan+wikidata 捡:撿=cjkvi-variants+opencc+unihan+wikidata+yitizi 敛:斂=cjkvi-variants+opencc+unihan+wikidata+yitizi 检:檢=cjkvi-variants+opencc+unihan+wikidata+yitizi 歛:𰙎=unihan+wikidata 殓:殮=cjkvi-variants+opencc+unihan+wikidata+yitizi 潋:瀲=cjkvi-variants+opencc+unihan+wikidata+yitizi 澰:𰛲=unihan+wikidata 猃:獫=cjkvi-variants+opencc+unihan+wikidata+yitizi 睑:瞼=cjkvi-variants+opencc+unihan+wikidata+yitizi 硷:礆=opencc+unihan+wikidata+yitizi 签:簽=cjkvi-variants+opencc+unihan+wikidata+yitizi 脸:臉=cjkvi-variants+opencc+unihan+wikidata+yitizi 莶:薟=cjkvi-variants+opencc+unihan+wikidata+yitizi 蔹:蘞=cjkvi-variants+opencc+unihan+wikidata+yitizi 裣:襝=cjkvi-variants+opencc+unihan+wikidata+yitizi 醶:𫑷=cjkvi-variants+opencc+unihan+wikidata 险:險=cjkvi-variants+opencc+unihan+wikidata+yitizi 𡑯:𰉱=unihan+wikidata 𡸃:𡽗=cjkvi-variants+opencc+unihan+wikidata 𤒦:𬋃=cjkvi-variants+unihan+wikidata
佰	𠈇	2	4	3	㝛:宿=cjkvi-variants+mj-shrink-map+opencc+unihan+wikidata+yitizi 摍:𢴀=cjkvi-variants+opencc+wikidata 縮:𦄲=cjkvi-variants+mj-shrink-map+opencc+wikidata 蓿:𰱵=wikidata
佳	圭	3	10	3	㚝:奎=cjkvi-variants+mj-shrink-map+unihan+yitizi 劸:𠡬=cjkvi-variants+wikidata 鞋:𩋔=cjkvi-variants+mj-shrink-map+wikidata
佳	隹	3	9	4	㚝:奞=cjkvi-variants+unihan+yitizi 萑:龿=wikidata 𧡖:𧡞=wikidata
來	来	31	42	34	㙬:𫮜=cjkvi-variants+unihan+wikidata 䅘:𥟂=cjkvi-variants+unihan+wikidata 䚞:𰴤=unihan+wikidata 俫:倈=cjkvi-variants+opencc+unihan+wikidata+yitizi 勑:𠡠=cjkvi-variants+mj-shrink-map+opencc+unihan+yitizi 唻:𫪁=cjkvi-variants+unihan+wikidata 婡:𫝫=cjkvi-variants+opencc+unihan+wikidata 崃:崍=cjkvi-variants+opencc+unihan+wikidata+yitizi 庲:𫷬=cjkvi-variants+unihan+wikidata 徕:徠=cjkvi-variants+opencc+unihan+wikidata+yitizi 慭:憖=cjkvi-variants+mj-shrink-map+opencc+unihan+wikidata+yitizi 斄:𭤎=unihan+wikidata 梾:棶=cjkvi-variants+opencc+unihan+wikidata+yitizi 涞:淶=cjkvi-variants+opencc+unihan+wikidata+yitizi 猌:𪺽=cjkvi-variants+opencc+unihan+wikidata 猍:𰡎=unihan+wikidata 睐:睞=cjkvi-variants+opencc+unihan+wikidata+yitizi 箂:𮵱=unihan+wikidata 莱:萊=cjkvi-variants+hng-basic-data+mj-shrink-map+opencc+unihan+wikidata+yitizi 賚:𮚅=mj-shrink-map+wikidata 郲:𬩾=cjkvi-variants+unihan+wikidata 顂:𩓋=cjkvi-variants+opencc 𠂲:𬓡=cjkvi-variants+unihan 𠩬:𰆙=unihan+wikidata 𢯦:𫼲=cjkvi-variants+unihan+wikidata 𣘾:𬛕=cjkvi-variants+unihan 𤲓:𭻔=unihan+wikidata 𧳕:𧳟=cjkvi-variants+opencc+unihan+wikidata+yitizi 𨂐:𫏌=cjkvi-variants+opencc+unihan+wikidata 𪑚:𬹗=cjkvi-variants+unihan+wikidata 𪲬:𬽖=wikidata 𫯓:𬻮=unihan 𬻢:𰂤=wikidata
來	龶	4	81	72	䥑:𨦎=cjkvi-variants 䴬:𪎈=cjkvi-variants+opencc+unihan+wikidata+yitizi 䴭:𬹅=cjkvi-variants+unihan+wikidata 䴮:𱋆=unihan+wikidata 䴱:𫜒=cjkvi-variants+opencc+unihan+wikidata 䴲:𱋊=unihan+wikidata 䴳:𱋎=unihan+wikidata 䴴:𪎋=cjkvi-variants+opencc+unihan+wikidata+yitizi 䴵:𱋔=unihan+wikidata 䴷:𬹉=cjkvi-variants+unihan+wikidata 䴸:𱋗=unihan+wikidata 䴹:𱋙=unihan+wikidata 䴺:𱋝=unihan+wikidata 䴽:𫜔=cjkvi-variants+opencc+unihan+wikidata 䵂:𱋪=unihan+wikidata 䵃:𱋫=unihan+wikidata 䵆:𱋮=unihan+wikidata 唛:嘜=cjkvi-variants+opencc+unihan+wikidata+yitizi 麥:麦=cjkvi-variants+hng-basic-data+mj-shrink-map+opencc+unihan+wikidata+yitizi 麧:𱋇=unihan+wikidata 麨:𪎊=cjkvi-variants+opencc+unihan+wikidata+yitizi 麩:麸=cjkvi-variants+opencc+unihan+wikidata+yitizi 麪:𮮄=unihan+wikidata 麬:𤿲=cjkvi-variants+opencc+unihan+wikidata 麭:𮮆=unihan+wikidata 麮:𱋋=unihan+wikidata 麯:𱋐=unihan+wikidata 麰:𮮇=unihan+wikidata 麱:𱋖=unihan+wikidata 麴:麹=cjkvi-variants+opencc+unihan+wikidata+yitizi 麵:麺=cjkvi-variants+opencc+unihan+wikidata+yitizi 𣼊:𭰗=unihan 𨀱:𨄣=opencc+unihan+yitizi 𨅫:𨇞=cjkvi-variants+opencc+unihan+wikidata+yitizi 𪋼:𱋅=unihan+wikidata 𪋽:𱋄=unihan 𪋿:𫧮=cjkvi-variants+opencc+unihan+wikidata 𪌐:𱋉=unihan+wikidata 𪌗:𱋌=unihan+wikidata 𪌘:𱋍=unihan+wikidata 𪌣:𱋓=unihan+wikidata 𪌨:𰎴=unihan 𪌬:𱋕=unihan+wikidata 𪌭:𫜓=cjkvi-variants+opencc+unihan+wikidata 𪌮:𱋘=unihan+wikidata 𪌯:𬹈=cjkvi-variants+unihan+wikidata 𪌰:𬹇=cjkvi-variants+unihan+wikidata 𪌽:𬹋=cjkvi-variants+unihan+wikidata 𪌾:𱋚=unihan+wikidata 𪌿:𬹌=cjkvi-variants+unihan+wikidata 𪍀:𬹊=cjkvi-variants+unihan+wikidata 𪍅:𲎒=unihan 𪍇:𱋜=unihan+wikidata 𪍍:𱋠=unihan+wikidata 𪍑:𱋢=unihan+wikidata 𪍒:𱋟=unihan+wikidata 𪍓:𱋥=unihan+wikidata 𪍘:𱋤=unihan+wikidata 𪍚:𱋣=unihan+wikidata 𪍞:𱋦=unihan+wikidata 𪍠:𫜕=cjkvi-variants+opencc+unihan+wikidata 𪍤:𬹍=cjkvi-variants+unihan+wikidata 𪍬:𱋨=unihan+wikidata 𪍮:𲎓=unihan 𪍰:𱋩=unihan+wikidata 𪍴:𱋬=unihan+wikidata 𪍶:𬹎=cjkvi-variants+unihan+wikidata 𫉍:𮏀=unihan+wikidata 𬹂:𬹆=cjkvi-variants+unihan+wikidata
侌	⿱𠆢镸	3	7	5	䕃:蔭=cjkvi-variants+mj-shrink-map+wikidata+yitizi 癊:𭼭=wikidata 陰:隂=cjkvi-variants+mj-shrink-map+unihan+wikidata+yitizi 𤷜:𤸌=cjkvi-variants 𦜲:𦝴=wikidata
侌	⿳𠆢{76}厶	3	7	5	䕃:蔭=cjkvi-variants+mj-shrink-map+wikidata+yitizi 癊:𭼭=wikidata 陰:隂=cjkvi-variants+mj-shrink-map+unihan+wikidata+yitizi 𤷜:𤸌=cjkvi-variants 𦜲:𦝴=wikidata
侌	月	2	7	3	廕:𫷮=cjkvi-variants+unihan+wikidata 荫:蔭=cjkvi-variants+opencc+unihan+wikidata+yitizi 阴:陰=cjkvi-variants+mj-shrink-map+opencc+unihan+wikidata+yitizi 𣼩:𰛺=unihan+wikidata
侖	崙	4	13	5	㖮:𠼩=cjkvi-variants 埨:𡐇=cjkvi-variants 掄:𢳳=cjkvi-variants 淪:𣼍=cjkvi-variants
侯	候	3	10	3	堠:𭏒=wikidata 猴:𤠣=wikidata 鯸:𩺟=cjkvi-variants+wikidata
侯	矦	20	24	21	㗋:喉=cjkvi-variants+mj-shrink-map+wikidata 㮢:𣔹=cjkvi-variants+wikidata 㺅:猴=cjkvi-variants+mj-shrink-map+opencc+wikidata 䂉:𥍶=cjkvi-variants+wikidata 堠:𡎇=cjkvi-variants+wikidata 睺:𥈑=cjkvi-variants+mj-shrink-map+wikidata 緱:𦂐=cjkvi-variants+mj-shrink-map+wikidata 翭:𦑚=cjkvi-variants+wikidata 鄇:𨜫=cjkvi-variants+wikidata 鍭:𨩀=cjkvi-variants+wikidata 餱:𩝍=cjkvi-variants+wikidata 𡞥:𡟑=cjkvi-variants+wikidata 𡹵:𡺝=cjkvi-variants+wikidata 𢜴:𢜵=cjkvi-variants+wikidata 𣣠:𣣡=cjkvi-variants+wikidata 𥀃:𥀄=cjkvi-variants+wikidata 𦞈:𦞕=cjkvi-variants 𧩨:𧩩=cjkvi-variants+wikidata 𧯁:𧯂=cjkvi-variants 𩩵:𩩽=cjkvi-variants
便	𠊳	3	4	4	箯:𥲼=cjkvi-variants+mj-shrink-map+opencc+wikidata 緶:𦄱=cjkvi-variants+opencc+wikidata 鞭:𩌻=cjkvi-variants+opencc+wikidata
保	𣎼	2	1	1	葆:𦬽=cjkvi-variants+mj-shrink-map+wikidata 𩬽:𩭼=cjkvi-variants+wikidata
俞	兪	4	5	5	偷:偸=cjkvi-variants+mj-shrink-map+unihan+wikidata+yitizi 喩:喻=cjkvi-variants+mj-shrink-map+wikidata+yitizi 婾:媮=cjkvi-variants+wikidata+yitizi 楡:榆=cjkvi-variants+mj-shrink-map+opencc+wikidata+yitizi
俞	𰂙	2	1	1	㓱:𠞼=cjkvi-variants+wikidata 踰:𨄫=cjkvi-variants+mj-shrink-map+opencc+wikidata
修	脩	7	12	8	㹋:𤛛=cjkvi-variants 樇:𣘀=cjkvi-variants 滫:𣺫=cjkvi-variants+wikidata 蓚:蓨=cjkvi-variants+wikidata 鎀:鏅=cjkvi-variants 𥈌:𥉈=cjkvi-variants+wikidata 𥱤:𮆀=wikidata
備	僃	2	1	1	㷶:𤏹=cjkvi-variants 憊:𢣍=cjkvi-variants+mj-shrink-map+wikidata
備	备	3	5	4	㷶:𰞲=unihan+wikidata 惫:憊=cjkvi-variants+opencc+unihan+wikidata+yitizi 𡀠:𭈜=unihan+wikidata
僕	菐	10	14	10	㙸:墣=cjkvi-variants+wikidata 㯷:樸=cjkvi-variants 䧤:𨽂=cjkvi-variants+wikidata 䪁:𩍩=cjkvi-variants+wikidata 撲:𢷏=cjkvi-variants+wikidata 穙:𥣜=cjkvi-variants+mj-shrink-map+wikidata 纀:𦄾=cjkvi-variants+wikidata 襆:襥=cjkvi-variants+wikidata 蹼:𨆯=cjkvi-variants+mj-shrink-map+wikidata 鏷:𨮓=cjkvi-variants+wikidata
儿	⿰丿丨	2	15	6	㚦:𡚲=cjkvi-variants 䟚:𧿙=cjkvi-variants 丌:兀=cjkvi-variants 亓:元=cjkvi-variants 𥾎:𥾕=cjkvi-variants 𧿁:𧿄=cjkvi-variants
儿	几	8	27	16	允:𠘭=cjkvi-variants+mj-shrink-map 売:壳=cjkvi-variants+mj-shrink-map 尣:𡯂=cjkvi-variants+mj-shrink-map 扤:𢪁=wikidata 禿:秃=cjkvi-variants+opencc+unihan+wikidata+yitizi 鈗:𨥡=cjkvi-variants 頹:頽=cjkvi-variants+hng-basic-data+mj-shrink-map+wikidata+yitizi 鳬:𠒎=cjkvi-variants 𡵂:𡵉=cjkvi-variants 𢪚:𢪨=cjkvi-variants 𢼸:𣁋=cjkvi-variants
兀	几	25	41	27	㐳:仉=cjkvi-variants 㞦:屼=cjkvi-variants 䡄:軏=cjkvi-variants 冗:𠕶=cjkvi-variants 叽:𠮾=cjkvi-variants 扤:𢩫=cjkvi-variants 抏:𢪁=cjkvi-variants 机:杌=cjkvi-variants 矶:矹=cjkvi-variants 芁:𦬂=cjkvi-variants 虮:𧈭=cjkvi-variants 虺:𠙍=cjkvi-variants 阢:𨸔=cjkvi-variants 靰:𩉜=cjkvi-variants 飢:𩚌=cjkvi-variants 髠:髡=cjkvi-variants+unihan+wikidata 𠘩:𠤐=cjkvi-variants 𠘫:𡯅=cjkvi-variants 𡚫:𡚲=cjkvi-variants 𤴪:𤴰=cjkvi-variants 𥃯:𥃺=cjkvi-variants+wikidata 𥩕:𥩗=cjkvi-variants+wikidata 𥾊:𥾕=cjkvi-variants 𧾾:𧿁=cjkvi-variants 𧿊:𧿙=cjkvi-variants 𩁸:𩂁=cjkvi-variants
兀	尢	15	39	16	㞊:𥚋=cjkvi-variants+wikidata 䲫:𡰎=cjkvi-variants 卼:尯=cjkvi-variants 尪:尫=cjkvi-variants+mj-shrink-map+wikidata+yitizi 尬:𡯓=wikidata 尰:𡰁=cjkvi-variants+wikidata 尳:𡰅=wikidata 尵:𮱣=unihan+wikidata 尶:尷=cjkvi-variants+wikidata 虺:𡯥=cjkvi-variants+mj-shrink-map+wikidata 𠚯:𡯇=cjkvi-variants 𡰝:𡰞=cjkvi-variants 𡵈:𡵉=cjkvi-variants 𦬂:𦬍=cjkvi-variants 𩱽:𩲄=cjkvi-variants+wikidata
兀	尣	4	10	5	䝇:豗=cjkvi-variants+mj-shrink-map+wikidata+yitizi 尩:尫=cjkvi-variants+mj-shrink-map 虺:𧉇=cjkvi-variants+mj-shrink-map+wikidata 𡰇:𥚋=wikidata
允	兗	3	4	3	抁:𢯻=cjkvi-variants+wikidata 沇:渷=cjkvi-variants+wikidata 阭:𨺥=cjkvi-variants+wikidata
允	𠃔	2	3	1	充:𭀚=mj-shrink-map+wikidata 抁:𭠐=wikidata
充	𠑽	2	2	1	統:綂=cjkvi-variants+mj-shrink-map+unihan+wikidata+yitizi 茺:𦯇=cjkvi-variants+mj-shrink-map+wikidata
兆	𡉵	19	23	21	䄻:𰨪=wikidata 䍮:𦎉=cjkvi-variants+wikidata 䑬:𦩄=cjkvi-variants+wikidata 佻:𰂆=wikidata 挑:𢬹=cjkvi-variants+mj-shrink-map+wikidata 晁:𣆷=cjkvi-variants+mj-shrink-map+wikidata 洮:𣴧=cjkvi-variants+mj-shrink-map+wikidata 狣:𤞯=cjkvi-variants+wikidata 祧:𰨁=wikidata 窕:𰩋=wikidata 聎:𦖅=cjkvi-variants+wikidata 誂:𧨙=cjkvi-variants+mj-shrink-map+wikidata 雿:𱁕=wikidata 鞉:𩊲=cjkvi-variants 駣:𱄞=wikidata 𠛪:𠜩=cjkvi-variants+wikidata 𤕷:𤕿=cjkvi-variants+wikidata 𥎺:𰦗=wikidata 𨱵:𨱶=cjkvi-variants+wikidata
先	旡	12	16	12	㧥:𢪑=cjkvi-variants 㰫:𣢕=cjkvi-variants 㾌:𤵀=cjkvi-variants 䚚:𧢾=cjkvi-variants 䢾:𨚁=cjkvi-variants 洗:𣲪=cjkvi-variants 珗:𤤍=cjkvi-variants 筅:𥬗=cjkvi-variants+wikidata 𢔬:𧗨=cjkvi-variants 𩇗:𩇜=cjkvi-variants 𩑬:𩒙=cjkvi-variants 𩵪:𩶤=cjkvi-variants
兊	兌	8	11	10	䓲:𦲮=cjkvi-variants+wikidata 兖:兗=cjkvi-variants+mj-shrink-map+opencc+unihan+wikidata+yitizi 哾:𠱕=cjkvi-variants+wikidata 恱:悅=cjkvi-variants+wikidata 挩:𢬁=cjkvi-variants+wikidata 莌:𦮀=cjkvi-variants+wikidata 萒:𦳆=cjkvi-variants+wikidata 銳:𨦣=cjkvi-variants+wikidata
兊	兑	6	9	7	㟋:𡷋=cjkvi-variants+wikidata 䓲:𦲮=cjkvi-variants+wikidata 哾:𠱕=cjkvi-variants+wikidata 恱:悦=cjkvi-variants+mj-shrink-map 莌:𦮀=cjkvi-variants+wikidata 鋭:𨦣=mj-shrink-map
兌	兑	11	13	12	悅:悦=cjkvi-variants+hng-basic-data+mj-shrink-map+opencc+unihan+wikidata+yitizi 挩:捝=cjkvi-variants+opencc+unihan+wikidata+yitizi 敓:敚=cjkvi-variants+opencc+unihan+wikidata+yitizi 梲:棁=cjkvi-variants+mj-shrink-map+opencc+unihan+wikidata+yitizi 涗:涚=cjkvi-variants+opencc+unihan+wikidata+yitizi 稅:税=cjkvi-variants+hng-basic-data+mj-shrink-map+opencc+unihan+wikidata+yitizi 脫:脱=cjkvi-variants+hng-basic-data+mj-shrink-map+opencc+unihan+wikidata+yitizi 蛻:蜕=cjkvi-variants+mj-shrink-map+opencc+unihan+wikidata+yitizi 說:説=cjkvi-variants+hng-basic-data+mj-shrink-map+opencc+unihan+wikidata+yitizi 銳:鋭=cjkvi-variants+hng-basic-data+mj-shrink-map+opencc+unihan+wikidata+yitizi 閱:閲=cjkvi-variants+mj-shrink-map+opencc+wikidata+yitizi
免	兔	18	23	21	㕙:𠬍=cjkvi-variants+wikidata 㜶:𡤎=cjkvi-variants+wikidata 㭸:梚=cjkvi-variants+mj-shrink-map 䨲:𩆊=wikidata 冕:𠕤=cjkvi-variants+mj-shrink-map 凂:𠗟=cjkvi-variants 堍:𰉲=wikidata 娩:婏=cjkvi-variants+mj-shrink-map 嬎:嬔=cjkvi-variants+wikidata+yitizi 寃:𡨚=cjkvi-variants+mj-shrink-map+yitizi 挽:𢯂=cjkvi-variants 莬:菟=cjkvi-variants+mj-shrink-map 鮸:𩸃=cjkvi-variants 𠠤:𠠥=cjkvi-variants 𥃢:𦣸=cjkvi-variants+wikidata 𥦙:𥦱=cjkvi-variants 𥱃:𥳿=cjkvi-variants+wikidata 𩣦:𩣮=cjkvi-variants 𩾃:𩾅=cjkvi-variants
免	勉	6	18	7	㛯:娩=cjkvi-variants+wikidata 俛:𬾲=wikidata 晚:𭦴=wikidata 絻:𦂔=cjkvi-variants+wikidata 莬:葂=cjkvi-variants+wikidata 鞔:𩋭=cjkvi-variants+wikidata
兎	兔	2	1	1	寃:𡨘=cjkvi-variants 菟:𫟏=cjkvi-variants+mj-shrink-map+wikidata
児	兒	2	2	1	猊:𭸍=wikidata 睨:𥆩=cjkvi-variants+wikidata
兒	𠒆	2	1	1	䮘:𩤖=cjkvi-variants 唲:𠴺=cjkvi-variants
兒	𫤘	3	4	4	倪:𫢳=cjkvi-variants+wikidata 聣:𬚠=cjkvi-variants 貎:𬥉=cjkvi-variants
兓	兟	5	22	17	㦧:憯=cjkvi-variants+unihan+wikidata+yitizi 㬱:朁=cjkvi-variants+unihan+yitizi 䁮:𥌳=cjkvi-variants+wikidata 䐶:𣎯=cjkvi-variants 噆:𡄋=cjkvi-variants+wikidata 潛:濳=cjkvi-variants+hng-basic-data+mj-shrink-map+wikidata+yitizi 灊:𤅬=cjkvi-variants+wikidata+yitizi 灒:𤂯=wikidata 穳:𥣶=cjkvi-variants+wikidata 簪:𬖂=wikidata+yitizi 譖:𧮂=cjkvi-variants+wikidata 贊:𮚋=mj-shrink-map+wikidata 鐕:𨯩=cjkvi-variants+wikidata+yitizi 鬵:𩱕=cjkvi-variants+wikidata+yitizi 𣠟:𭭁=wikidata 𤾶:𤿀=cjkvi-variants+wikidata 𧕽:𧖟=yitizi
兓	𭑈	3	6	3	憯:𢡄=cjkvi-variants+wikidata 蠶:蠺=cjkvi-variants+mj-shrink-map+wikidata 𠍴:𠎱=cjkvi-variants
党	黨	12	14	13	傥:儻=cjkvi-variants+mj-shrink-map+opencc+unihan+wikidata+yitizi 戃:𰑿=unihan+wikidata 攩:𫽮=cjkvi-variants+unihan+wikidata 曭:𭧋=unihan+wikidata 欓:𣗋=cjkvi-variants+opencc+unihan+wikidata+yitizi 灙:𣺼=cjkvi-variants+opencc+unihan+wikidata+yitizi 爣:𬊵=cjkvi-variants+unihan+wikidata 矘:𰥹=unihan+wikidata 讜:𧫆=cjkvi-variants+wikidata 鎲:钂=cjkvi-variants+wikidata 𪤅:𰋆=unihan+wikidata 𭉧:𭍀=wikidata
入	⿰㇒乛	3	30	12	䂧:𥑒=cjkvi-variants 伱:你=cjkvi-variants+mj-shrink-map+unihan+wikidata+yitizi 弥:𢏏=cjkvi-variants+yitizi 狝:𤝝=cjkvi-variants 苶:𦬼=cjkvi-variants+wikidata 迩:𨒛=yitizi 𠰒:𠰚=cjkvi-variants 𡊑:𡊒=cjkvi-variants 𡝠:𡝡=cjkvi-variants 𩶗:𬵊=wikidata
入	𠂉	4	35	14	㫆:𣃥=cjkvi-variants 尓:𡭗=cjkvi-variants 苶:𦬼=cjkvi-variants+wikidata 𠓠:𫾦=wikidata 𠰒:𠰚=cjkvi-variants 𡝠:𡝡=cjkvi-variants 𩶗:𬵊=wikidata
入	𠆢	9	15	13	㒰:仝=cjkvi-variants+opencc 䓥:𠌓=cjkvi-variants 亼:𠓛=cjkvi-variants+wikidata 仐:𠓝=cjkvi-variants+mj-shrink-map 仚:屳=cjkvi-variants 氽:汆=cjkvi-variants+wikidata 𠈮:𧾺=cjkvi-variants 𥃦:𥃮=cjkvi-variants 𦔴:𦔵=cjkvi-variants
內	芮	4	12	4	肭:𦜬=cjkvi-variants+mj-shrink-map+wikidata 蚋:蜹=cjkvi-variants+unihan+wikidata+yitizi 軜:𨌣=cjkvi-variants+wikidata 鈉:𨧨=cjkvi-variants
兪	⿱⿵入一刖	2	1	1	偷:偸=cjkvi-variants+mj-shrink-map+unihan+wikidata+yitizi 楡:榆=cjkvi-variants+mj-shrink-map+opencc+wikidata+yitizi
公	⿱儿口	5	5	5	㫟:昖=cjkvi-variants+wikidata 㳂:沿=cjkvi-variants+mj-shrink-map+wikidata 䛇:訟=cjkvi-variants 舩:船=cjkvi-variants+hng-basic-data+mj-shrink-map+wikidata+yitizi 鈆:鉛=cjkvi-variants+mj-shrink-map+unihan+wikidata+yitizi
公	⿱几口	4	4	4	㫟:昖=cjkvi-variants+wikidata 㳂:沿=cjkvi-variants+mj-shrink-map+wikidata 舩:船=cjkvi-variants+hng-basic-data+mj-shrink-map+wikidata+yitizi 鈆:鉛=cjkvi-variants+mj-shrink-map+unihan+wikidata+yitizi
公	⿱𠘧口	6	8	6	㔯:𠤰=cjkvi-variants 㫟:昖=cjkvi-variants+wikidata 㳂:沿=cjkvi-variants+mj-shrink-map+wikidata 䛇:訟=cjkvi-variants 舩:船=cjkvi-variants+hng-basic-data+mj-shrink-map+wikidata+yitizi 鈆:鉛=cjkvi-variants+mj-shrink-map+unihan+wikidata+yitizi
公	囪	2	23	18	䓗:蔥=cjkvi-variants+mj-shrink-map+wikidata 䡯:𨌪=cjkvi-variants+wikidata 䶼:𣎗=wikidata 倊:傯=cjkvi-variants+wikidata 幒:𢃧=cjkvi-variants+wikidata 憁:𢛌=cjkvi-variants+wikidata 捴:摠=cjkvi-variants+mj-shrink-map+wikidata 焧:熜=cjkvi-variants+unihan+wikidata 璁:𤥼=cjkvi-variants+mj-shrink-map+unihan+wikidata 総:總=cjkvi-variants+hng-basic-data+mj-shrink-map+opencc+unihan+wikidata+yitizi 聡:聰=cjkvi-variants+hng-basic-data+mj-shrink-map+opencc+wikidata+yitizi 謥:𧩟=cjkvi-variants+wikidata 驄:𩣭=cjkvi-variants+mj-shrink-map+wikidata 𢈳:𢊕=cjkvi-variants 𣚜:𣞷=cjkvi-variants+wikidata
公	囱	2	30	21	䓗:蔥=cjkvi-variants+mj-shrink-map+wikidata 䡯:𨌪=cjkvi-variants+wikidata 倊:傯=cjkvi-variants+wikidata 幒:𢃧=cjkvi-variants+wikidata 忩:悤=cjkvi-variants 憁:𢛌=cjkvi-variants+wikidata 捴:摠=cjkvi-variants+mj-shrink-map+wikidata 棇:樬=cjkvi-variants+wikidata 焧:熜=cjkvi-variants+unihan+wikidata 牕:𤗉=cjkvi-variants+mj-shrink-map 璁:𤥼=cjkvi-variants+mj-shrink-map+unihan+wikidata 総:總=cjkvi-variants+hng-basic-data+mj-shrink-map+opencc+unihan+wikidata+yitizi 聡:聰=cjkvi-variants+hng-basic-data+mj-shrink-map+opencc+wikidata+yitizi 謥:𧩟=cjkvi-variants+wikidata 鏓:𨨟=cjkvi-variants+wikidata 驄:𩣭=cjkvi-variants+mj-shrink-map+wikidata 𢈳:𢊕=cjkvi-variants 𣚜:𣞷=cjkvi-variants+wikidata 𥡥:𮃐=wikidata
公	松	5	15	5	䘴:衳=cjkvi-variants 䯳:鬆=cjkvi-variants+mj-shrink-map+wikidata 忪:𢛒=cjkvi-variants+wikidata 菘:𦬘=cjkvi-variants+wikidata 蚣:蜙=cjkvi-variants+wikidata
兰	蘭	7	12	8	㳕:灡=cjkvi-variants+opencc+unihan+wikidata+yitizi 囒:𫩪=cjkvi-variants+wikidata 孏:𮰾=unihan+wikidata 𢦂:𰑐=wikidata 𥗺:𬒇=cjkvi-variants+unihan+wikidata 𫲴:𭓀=unihan+wikidata 𬎟:𮴌=unihan+wikidata
兰	闌	6	14	6	㳕:瀾=cjkvi-variants 䃹:𬒇=cjkvi-variants 拦:攔=cjkvi-variants+opencc+unihan+wikidata+yitizi 栏:欄=cjkvi-variants+opencc+unihan+wikidata+yitizi 烂:爛=cjkvi-variants+opencc+unihan+wikidata+yitizi 蘭:𮶟=wikidata
关	奠	4	13	4	掷:擲=cjkvi-variants+opencc+unihan+wikidata+yitizi 踯:躑=cjkvi-variants+opencc+unihan+wikidata+yitizi 郑:鄭=cjkvi-variants+opencc+unihan+wikidata+yitizi 𢤜:𫺫=cjkvi-variants+unihan+wikidata
关	灷	5	9	5	㑞:𠈪=cjkvi-variants 䢠:送=cjkvi-variants+mj-shrink-map+wikidata 朕:𣍹=cjkvi-variants+mj-shrink-map+wikidata 栚:𣒁=cjkvi-variants+opencc+wikidata 眹:𥆵=cjkvi-variants+opencc+wikidata
关	關	2	3	1	𡤡:𭑹=unihan 𢬈:𢺄=cjkvi-variants
关	𢇇	4	8	5	㶌:𣾍=cjkvi-variants+unihan+wikidata 壣:𪤚=cjkvi-variants+opencc+unihan+wikidata 联:聯=cjkvi-variants+opencc+unihan+wikidata+yitizi 関:關=cjkvi-variants+hng-basic-data+mj-shrink-map+opencc+unihan+wikidata+yitizi 𢺄:𰔴=wikidata
兴	與	5	12	9	举:舉=cjkvi-variants+opencc+unihan+wikidata+yitizi 挙:擧=cjkvi-variants+hng-basic-data+mj-shrink-map+opencc+unihan+wikidata+yitizi 攑:𫽥=cjkvi-variants+unihan+wikidata 榉:櫸=cjkvi-variants+opencc+unihan+wikidata+yitizi 欅:﨔=cjkvi-variants 礜:𪿝=wikidata 襷:𧜎=cjkvi-variants+wikidata 誉:譽=cjkvi-variants+hng-basic-data+mj-shrink-map+opencc+unihan+wikidata+yitizi 𡒊:𮰡=wikidata
兴	興	2	3	1	挙:𢸁=cjkvi-variants+unihan+wikidata 𤼈:𰣫=unihan+wikidata
兵	賓	6	18	6	娦:嬪=cjkvi-variants+mj-shrink-map+wikidata 梹:檳=cjkvi-variants+mj-shrink-map+unihan+wikidata+yitizi 浜:濱=cjkvi-variants+hng-basic-data+mj-shrink-map+opencc+unihan+wikidata+yitizi 礗:𮀠=wikidata 鬂:鬢=cjkvi-variants+mj-shrink-map+unihan+wikidata+yitizi 𢣐:𭜾=wikidata
其	基	6	20	7	䑴:𦪆=cjkvi-variants+wikidata 䥓:錤=wikidata 琪:璂=cjkvi-variants 祺:禥=cjkvi-variants+mj-shrink-map+wikidata+yitizi 諆:𧫠=cjkvi-variants+wikidata 踑:𨄎=cjkvi-variants+wikidata
其	綦	3	5	3	棋:櫀=cjkvi-variants+mj-shrink-map+wikidata 淇:濝=cjkvi-variants+mj-shrink-map 琪:𤪌=cjkvi-variants
具	𰋙	4	11	8	俱:𰁬=wikidata 填:𰉰=wikidata 惧:𰑌=wikidata 慎:𰑝=wikidata 滇:𰛬=wikidata 犋:𰠱=wikidata 真:𰅴=wikidata
兹	慈	5	15	5	䈘:𥴺=cjkvi-variants+wikidata 滋:濨=cjkvi-variants 磁:礠=cjkvi-variants+mj-shrink-map+wikidata 稵:𥣓=cjkvi-variants 鷀:𪇔=cjkvi-variants
兹	茲	3	4	4	孳:孶=cjkvi-variants+mj-shrink-map+wikidata+yitizi 磁:𥔵=cjkvi-variants+mj-shrink-map+wikidata+yitizi 𡙛:𡙠=cjkvi-variants+wikidata
兹	𢆶	4	10	4	孳:𡥝=cjkvi-variants+mj-shrink-map+wikidata 嵫:𭖞=wikidata 滋:𣳯=cjkvi-variants+mj-shrink-map+wikidata 鰦:𩼑=cjkvi-variants+wikidata
养	養	6	10	7	懩:𫺪=cjkvi-variants+unihan+wikidata 瀁:𰜝=unihan+wikidata 癢:𤸜=cjkvi-variants+wikidata 𡏆:𡒶=cjkvi-variants+unihan+wikidata 𣝡:𮲸=unihan 𣞼:𮲸=unihan+wikidata
兼	𠔥	8	16	14	㢘:廉=cjkvi-variants+wikidata 嫌:𭒡=wikidata 慊:𰒑=wikidata 濂:𰝩=wikidata 燫:𤑙=cjkvi-variants 磏:𰧧=wikidata 臁:𰯧=wikidata 賺:𰷖=wikidata 隒:𱀶=wikidata 鼸:𱌐=wikidata 𨎷:𰹪=wikidata 𨐩:𰺫=wikidata
兾	冀	3	5	4	䆊:𥣕=cjkvi-variants+wikidata 驥:𩦸=cjkvi-variants+mj-shrink-map+wikidata 𦾲:𧃞=cjkvi-variants+wikidata
冃	日	4	10	4	晟:𠕠=cjkvi-variants+mj-shrink-map+wikidata 杲:𠕖=cjkvi-variants+mj-shrink-map 𠕝:𣆚=cjkvi-variants 𠕦:𣈯=cjkvi-variants
冃	罒	6	17	8	㒽:𦋓=wikidata 㒾:𦋤=cjkvi-variants+wikidata 㒿:䍦=cjkvi-variants+wikidata 冒:𥄲=cjkvi-variants+wikidata 冔:𦊯=cjkvi-variants+wikidata 搨:𢴄=cjkvi-variants+wikidata 榻:𮲹=wikidata 蹋:𮜍=wikidata
冄	⿻冄丨	5	8	6	㘱:𡉱=cjkvi-variants 䔜:𦶈=cjkvi-variants+wikidata 稱:𮃎=mj-shrink-map+wikidata 耼:聃=cjkvi-variants+mj-shrink-map+unihan+wikidata+yitizi 𣹼:𣼚=cjkvi-variants+wikidata 𨈜:𨈭=cjkvi-variants
冄	冉	32	41	33	㘱:𡉱=cjkvi-variants 㚩:姌=cjkvi-variants+wikidata 㾆:𤴿=cjkvi-variants+wikidata 䎃:𦐎=cjkvi-variants+wikidata 䏥:𦙇=cjkvi-variants+wikidata 䑙:舑=cjkvi-variants+wikidata 䒣:苒=cjkvi-variants+mj-shrink-map+wikidata 䔜:𦶈=cjkvi-variants+wikidata 䛁:𧦦=cjkvi-variants+wikidata 䫇:𩓿=yitizi 䶲:𪚮=cjkvi-variants+opencc+wikidata+yitizi 再:𠕅=cjkvi-variants+wikidata 呥:𠯍=cjkvi-variants+wikidata+yitizi 抩:𢪈=cjkvi-variants+wikidata 枏:柟=cjkvi-variants+wikidata+yitizi 稱:𮃎=mj-shrink-map+wikidata 耼:聃=cjkvi-variants+mj-shrink-map+unihan+wikidata+yitizi 蚦:蚺=cjkvi-variants+unihan+wikidata+yitizi 衻:袡=cjkvi-variants+wikidata+yitizi 遘:𨔸=wikidata 髥:髯=cjkvi-variants+mj-shrink-map+wikidata+yitizi 𡖔:𡖝=cjkvi-variants+wikidata 𢓏:𢓒=cjkvi-variants+wikidata 𣅧:𣆀=cjkvi-variants 𣵢:𣶞=cjkvi-variants+wikidata 𣹼:𣼚=cjkvi-variants+wikidata 𤘟:𤘼=cjkvi-variants+wikidata 𥬕:𰩱=wikidata 𨈜:𨈭=cjkvi-variants 𨸨:𨸱=cjkvi-variants+wikidata 𪓘:𪓚=cjkvi-variants 𫁌:𮃺=wikidata
冄	𭃂	3	5	4	那:𨙻=cjkvi-variants+mj-shrink-map+wikidata 𦐃:𦐎=cjkvi-variants 𩑞:𩑫=cjkvi-variants
内	芮	4	13	4	肭:𦜬=cjkvi-variants+mj-shrink-map+wikidata 蚋:蜹=cjkvi-variants+unihan+wikidata+yitizi 軜:𨌣=cjkvi-variants+wikidata 鈉:𨧨=cjkvi-variants
冈	岡	12	18	14	㧏:掆=cjkvi-variants+opencc+unihan+wikidata+yitizi 㭎:棡=cjkvi-variants+opencc+unihan+wikidata+yitizi 䋄:綱=cjkvi-variants 刚:剛=cjkvi-variants+opencc+unihan+wikidata+yitizi 堈:𰉙=unihan+wikidata 岗:崗=cjkvi-variants+opencc+unihan+wikidata+yitizi 犅:𰠫=unihan+wikidata 碙:𥐻=cjkvi-variants+opencc+unihan+wikidata+yitizi 𠵹:𫩚=cjkvi-variants+unihan+wikidata 𦱌:𫇪=cjkvi-variants+opencc+unihan+wikidata 𧈿:𬠐=unihan 𬏲:𰣢=unihan+wikidata 𭠽:𰔠=unihan
冈	罔	3	12	4	䋄:網=cjkvi-variants+mj-shrink-map+wikidata 惘:𰑂=wikidata 輞:𨊾=cjkvi-variants+wikidata
冈	龱	4	6	4	獵:𤢪=cjkvi-variants+mj-shrink-map+unihan+wikidata+yitizi 硇:𥑨=cjkvi-variants+wikidata 禼:𥜽=cjkvi-variants 𤥱:𤦑=cjkvi-variants
冊	{41}	7	11	9	䈀:𥮚=cjkvi-variants+wikidata 刪:𠜂=cjkvi-variants+mj-shrink-map+opencc+wikidata 姍:𡜜=cjkvi-variants+opencc+wikidata 柵:𣑭=cjkvi-variants+mj-shrink-map+opencc+wikidata 銏:𮡱=wikidata 𠱡:𭇒=wikidata 𣆩:𣌧=cjkvi-variants+wikidata 𦙱:𦚻=cjkvi-variants+wikidata
冊	册	5	6	6	删:刪=cjkvi-variants+hng-basic-data+mj-shrink-map+opencc+unihan+wikidata+yitizi 姍:姗=cjkvi-variants+opencc+unihan+wikidata+yitizi 柵:栅=cjkvi-variants+mj-shrink-map+opencc+unihan+wikidata+yitizi 𣆑:𣌧=cjkvi-variants+wikidata 𦙱:𦙽=cjkvi-variants+wikidata
冊	散	3	9	3	珊:𤩀=cjkvi-variants+mj-shrink-map+wikidata 跚:𨅖=cjkvi-variants 𦙱:𦠐=cjkvi-variants
冊	𠕋	9	13	11	䈀:𥮚=cjkvi-variants+wikidata 刪:𠜂=cjkvi-variants+mj-shrink-map+opencc+wikidata 姍:𡜜=cjkvi-variants+opencc+wikidata 柵:𣑭=cjkvi-variants+mj-shrink-map+opencc+wikidata 粣:𥹤=cjkvi-variants+wikidata 跚:𨀢=cjkvi-variants+mj-shrink-map+wikidata 銏:𮡱=wikidata 𠱡:𭇒=wikidata 𣆩:𣌧=cjkvi-variants+wikidata 𦙱:𦚻=cjkvi-variants+wikidata
冊	𭁨	2	3	3	笧:𥮫=cjkvi-variants 𦙱:𦝓=cjkvi-variants
冋	冏	11	23	13	㓏:𠖷=cjkvi-variants+wikidata 㤯:𪫪=wikidata 䢛:迥=cjkvi-variants+mj-shrink-map+wikidata 䮐:駉=cjkvi-variants+mj-shrink-map+wikidata 坰:埛=cjkvi-variants+wikidata 橘:𭫜=mj-shrink-map+wikidata 炯:烱=cjkvi-variants+mj-shrink-map+unihan+wikidata+yitizi 矞:𭿷=mj-shrink-map+wikidata 絅:綗=cjkvi-variants+mj-shrink-map+wikidata 詗:𧨝=cjkvi-variants+wikidata 𩚱:𩛯=cjkvi-variants+wikidata 𪕍:𪕥=cjkvi-variants+wikidata
册	{41}	5	12	6	㹪:狦=cjkvi-variants+wikidata 删:𠜂=cjkvi-variants 跚:𨀢=cjkvi-variants+mj-shrink-map+wikidata 銏:𮡱=wikidata 𨴕:𮤊=wikidata
册	𠕋	3	13	8	删:𠜂=cjkvi-variants 銏:𮡱=wikidata 𨴕:𮤊=wikidata
册	𭁨	3	5	3	珊:𰢂=wikidata 笧:𥮫=cjkvi-variants 跚:𰸗=wikidata
冎	咼	3	6	3	踻:𨀩=cjkvi-variants+wikidata 過:𨒵=cjkvi-variants+wikidata 𠈥:𠊰=wikidata
冏	{33}	3	29	18	㒞:儶=cjkvi-variants+unihan+yitizi 㼇:瓗=cjkvi-variants+wikidata 䥴:鑴=cjkvi-variants+wikidata 䪎:𩍺=cjkvi-variants+wikidata 孈:𡣸=cjkvi-variants+wikidata 寯:𮱠=unihan+wikidata 嶲:巂=cjkvi-variants+wikidata 攜:𢹂=cjkvi-variants+wikidata 檇:𭬥=wikidata 蠵:𧔍=cjkvi-variants+wikidata 觽:觿=cjkvi-variants+mj-shrink-map+wikidata 讗:𧮄=cjkvi-variants+wikidata 酅:𨟎=cjkvi-variants+wikidata 雋:𮥼=wikidata 驨:𩧎=cjkvi-variants+wikidata 𢤮:𢥘=cjkvi-variants+wikidata 𧲑:𧲚=cjkvi-variants 𩽌:𩽨=cjkvi-variants+wikidata
冏	囧	3	5	4	㴄:浻=cjkvi-variants 朙:𬚽=cjkvi-variants 綗:𦀝=cjkvi-variants+wikidata
冏	𪞎	2	24	9	䁤:𥊔=wikidata 商:啇=cjkvi-variants 嫡:𫱨=wikidata 敵:𪯔=wikidata 滳:滴=cjkvi-variants+wikidata 螪:𧏸=cjkvi-variants+wikidata 適:𮷧=wikidata 鏑:𨫢=wikidata 𠜦:𠱛=cjkvi-variants 𪄱:𪄲=cjkvi-variants+wikidata
冐	冒	13	16	15	㡌:帽=cjkvi-variants+mj-shrink-map+wikidata 㪞:𢽢=cjkvi-variants 㴘:𣶀=cjkvi-variants 䑵:艒=cjkvi-variants+wikidata 媢:𡝭=cjkvi-variants 焨:𤊻=cjkvi-variants 瑁:𤦛=cjkvi-variants+wikidata 蝐:𮔙=wikidata 賵:𮚐=wikidata 𢛡:𢝌=cjkvi-variants+wikidata 𣓍:𣔺=cjkvi-variants+wikidata 𩐯:𩐲=cjkvi-variants+wikidata 𪃑:𱈯=wikidata
冓	⿳亠厶冉	3	3	3	構:𣕛=cjkvi-variants+wikidata 褠:𧛥=cjkvi-variants 韝:𩏎=cjkvi-variants+wikidata
冗	冘	17	35	20	㚮:妉=cjkvi-variants 䏙:𰮐=wikidata 䤟:鈂=cjkvi-variants+wikidata 䪴:𩑜=cjkvi-variants+wikidata 忱:𢗑=cjkvi-variants+mj-shrink-map+wikidata 抌:𢪨=wikidata 枕:𣏝=cjkvi-variants+mj-shrink-map+wikidata 沈:沉=cjkvi-variants+mj-shrink-map+opencc+unihan+wikidata+yitizi 紞:𥾚=cjkvi-variants+wikidata 耽:𦕍=cjkvi-variants+mj-shrink-map+wikidata 酖:𨠁=cjkvi-variants+mj-shrink-map+wikidata 霃:𩂸=cjkvi-variants+wikidata 髧:𫘻=wikidata 魫:𩵨=cjkvi-variants+mj-shrink-map+wikidata 黕:𪐨=cjkvi-variants+wikidata 𥐱:𥑀=wikidata 𧣁:𧣍=cjkvi-variants+wikidata 𩈉:𩈌=cjkvi-variants+wikidata
冗	宂	5	13	6	㕴:𠰽=cjkvi-variants 䢆:䢇=cjkvi-variants+wikidata 坈:𡊫=cjkvi-variants 沉:𣲽=cjkvi-variants+wikidata 𪕁:𪕎=cjkvi-variants
写	寫	2	1	1	泻:瀉=cjkvi-variants+opencc+unihan+wikidata+yitizi 𣞐:𰗚=unihan+wikidata
军	軍	25	29	28	㑮:𫝈=cjkvi-variants+opencc+unihan+wikidata 㟦:𮱩=unihan+wikidata 㡓:𫷅=cjkvi-variants+unihan+wikidata 㩣:𫾉=cjkvi-variants+unihan+wikidata 堚:𪣒=cjkvi-variants+opencc+unihan+wikidata 媈:𫝨=cjkvi-variants+opencc+unihan+wikidata 恽:惲=cjkvi-variants+opencc+unihan+wikidata+yitizi 挥:揮=cjkvi-variants+opencc+unihan+wikidata+yitizi 晕:暈=cjkvi-variants+opencc+unihan+wikidata+yitizi 晖:暉=cjkvi-variants+opencc+unihan+wikidata+yitizi 楎:𰗢=unihan+wikidata 浑:渾=cjkvi-variants+opencc+unihan+wikidata+yitizi 瀈:𰝍=unihan+wikidata 煇:𪸩=cjkvi-variants+opencc+unihan+wikidata 珲:琿=cjkvi-variants+opencc+unihan+wikidata+yitizi 瘒:𬏫=cjkvi-variants+unihan+wikidata 皲:皸=cjkvi-variants+opencc+unihan+wikidata+yitizi 睴:𬑕=cjkvi-variants+unihan+wikidata 翚:翬=cjkvi-variants+opencc+unihan+wikidata+yitizi 腪:𣍯=cjkvi-variants+opencc+unihan+wikidata+yitizi 荤:葷=cjkvi-variants+opencc+unihan+wikidata+yitizi 裈:褌=cjkvi-variants+opencc+unihan+wikidata+yitizi 輝:辉=cjkvi-variants+opencc+unihan+wikidata+yitizi 郓:鄆=cjkvi-variants+opencc+unihan+wikidata+yitizi 鼲:𱌏=unihan+wikidata 𡺠:𰎝=unihan+wikidata 𤟤:𰡋=unihan+wikidata
农	農	23	26	24	㶶:燶=cjkvi-variants+opencc+unihan+wikidata+yitizi 㺜:𪺻=cjkvi-variants+opencc+unihan+wikidata 侬:儂=cjkvi-variants+opencc+unihan+wikidata+yitizi 哝:噥=cjkvi-variants+opencc+unihan+wikidata+yitizi 嶩:𰎞=unihan+wikidata 憹:𢙐=cjkvi-variants+opencc+unihan+wikidata 擃:𫼮=cjkvi-variants+unihan+wikidata 檂:𬂰=cjkvi-variants+unihan+wikidata 浓:濃=cjkvi-variants+opencc+unihan+wikidata+yitizi 禯:𰧾=unihan+wikidata 秾:穠=cjkvi-variants+opencc+unihan+wikidata+yitizi 脓:膿=cjkvi-variants+opencc+unihan+wikidata+yitizi 蕽:𫇽=cjkvi-variants+opencc+unihan+wikidata 襛:𰳺=unihan+wikidata 醲:𬪩=cjkvi-variants+opencc+unihan+wikidata 鬞:𬴩=cjkvi-variants+unihan+wikidata 齈:𱌖=unihan+wikidata 𡢿:𭑸=unihan+wikidata 𥵛:𮅎=unihan+wikidata 𨑊:𫯒=cjkvi-variants+unihan+wikidata 𨲳:𫔖=cjkvi-variants+opencc+unihan+wikidata 𪒬:𬹖=cjkvi-variants+unihan+wikidata 𪣑:𮰮=wikidata
冝	宐	2	5	4	㩸:㩹=cjkvi-variants+wikidata 㲲:氎=cjkvi-variants+wikidata 疉:疊=cjkvi-variants+wikidata+yitizi 疊:𤴁=cjkvi-variants+wikidata
冞	罙	2	1	1	深:𭰹=mj-shrink-map+wikidata 琛:𭹘=wikidata
冡	冢	3	4	4	塚:塜=cjkvi-variants+mj-shrink-map+wikidata 溕:𣹞=cjkvi-variants+wikidata 𡺪:𡻑=cjkvi-variants+wikidata
冡	蒙	11	17	12	㠓:𡺪=wikidata 䤓:𨢊=cjkvi-variants+wikidata 䥂:𨮵=wikidata 䰒:𩮡=cjkvi-variants+wikidata 䴿:䵆=cjkvi-variants+wikidata 幪:𢄐=cjkvi-variants+wikidata+yitizi 溕:濛=cjkvi-variants+mj-shrink-map+wikidata 矇:𥉕=cjkvi-variants+wikidata 霥:靀=yitizi 饛:𩝬=cjkvi-variants+wikidata 𩥃:𩦺=cjkvi-variants+wikidata
冤	宛	4	9	4	䩩:𩌑=cjkvi-variants+wikidata 婉:𡟰=cjkvi-variants 涴:𣹠=cjkvi-variants+wikidata 黦:𪑲=cjkvi-variants+wikidata
冫	⿱𠃊丆	8	23	22	丬:爿=cjkvi-variants+wikidata+yitizi 墏:𰊈=unihan+wikidata 壮:壯=cjkvi-variants+hng-basic-data+mj-shrink-map+opencc+unihan+wikidata+yitizi 奨:奬=cjkvi-variants+mj-shrink-map+opencc+unihan+yitizi 妆:妝=cjkvi-variants+mj-shrink-map+opencc+unihan+wikidata+yitizi 寝:寢=cjkvi-variants+hng-basic-data+mj-shrink-map+opencc+unihan+wikidata+yitizi 将:將=cjkvi-variants+hng-basic-data+mj-shrink-map+opencc+unihan+wikidata+yitizi 嶈:𡺃=cjkvi-variants+opencc+unihan+wikidata 摪:𫽣=cjkvi-variants+unihan+wikidata 状:狀=cjkvi-variants+hng-basic-data+mj-shrink-map+opencc+unihan+wikidata+yitizi 荘:莊=cjkvi-variants+hng-basic-data+mj-shrink-map+opencc+unihan+wikidata+yitizi 蒋:蔣=cjkvi-variants+mj-shrink-map+opencc+unihan+wikidata+yitizi 螀:螿=cjkvi-variants+opencc+unihan+wikidata+yitizi 装:裝=cjkvi-variants+hng-basic-data+mj-shrink-map+opencc+unihan+wikidata+yitizi 蹡:𬧀=unihan+wikidata 醤:醬=cjkvi-variants+hng-basic-data+mj-shrink-map+opencc+wikidata+yitizi 鏘:𨪙=cjkvi-variants+wikidata 𠬧:𤕭=cjkvi-variants 𢈧:𢉎=cjkvi-variants 𤖛:𬌒=unihan+wikidata 𫦋:𫦔=cjkvi-variants+unihan+wikidata 𬨋:𮷚=unihan
冫	⿳𠃊一㇒	8	23	22	丬:爿=cjkvi-variants+wikidata+yitizi 墏:𰊈=unihan+wikidata 壮:壯=cjkvi-variants+hng-basic-data+mj-shrink-map+opencc+unihan+wikidata+yitizi 奨:奬=cjkvi-variants+mj-shrink-map+opencc+unihan+yitizi 妆:妝=cjkvi-variants+mj-shrink-map+opencc+unihan+wikidata+yitizi 寝:寢=cjkvi-variants+hng-basic-data+mj-shrink-map+opencc+unihan+wikidata+yitizi 将:將=cjkvi-variants+hng-basic-data+mj-shrink-map+opencc+unihan+wikidata+yitizi 嶈:𡺃=cjkvi-variants+opencc+unihan+wikidata 摪:𫽣=cjkvi-variants+unihan+wikidata 状:狀=cjkvi-variants+hng-basic-data+mj-shrink-map+opencc+unihan+wikidata+yitizi 荘:莊=cjkvi-variants+hng-basic-data+mj-shrink-map+opencc+unihan+wikidata+yitizi 蒋:蔣=cjkvi-variants+mj-shrink-map+opencc+unihan+wikidata+yitizi 螀:螿=cjkvi-variants+opencc+unihan+wikidata+yitizi 装:裝=cjkvi-variants+hng-basic-data+mj-shrink-map+opencc+unihan+wikidata+yitizi 蹡:𬧀=unihan+wikidata 醤:醬=cjkvi-variants+hng-basic-data+mj-shrink-map+opencc+wikidata+yitizi 鏘:𨪙=cjkvi-variants+wikidata 𠬧:𤕭=cjkvi-variants 𢈧:𢉎=cjkvi-variants 𤖛:𬌒=unihan+wikidata 𫦋:𫦔=cjkvi-variants+unihan+wikidata 𬨋:𮷚=unihan
冫	⿳𠃊一丿	8	23	22	丬:爿=cjkvi-variants+wikidata+yitizi 墏:𰊈=unihan+wikidata 壮:壯=cjkvi-variants+hng-basic-data+mj-shrink-map+opencc+unihan+wikidata+yitizi 奨:奬=cjkvi-variants+mj-shrink-map+opencc+unihan+yitizi 妆:妝=cjkvi-variants+mj-shrink-map+opencc+unihan+wikidata+yitizi 寝:寢=cjkvi-variants+hng-basic-data+mj-shrink-map+opencc+unihan+wikidata+yitizi 将:將=cjkvi-variants+hng-basic-data+mj-shrink-map+opencc+unihan+wikidata+yitizi 嶈:𡺃=cjkvi-variants+opencc+unihan+wikidata 摪:𫽣=cjkvi-variants+unihan+wikidata 状:狀=cjkvi-variants+hng-basic-data+mj-shrink-map+opencc+unihan+wikidata+yitizi 荘:莊=cjkvi-variants+hng-basic-data+mj-shrink-map+opencc+unihan+wikidata+yitizi 蒋:蔣=cjkvi-variants+mj-shrink-map+opencc+unihan+wikidata+yitizi 螀:螿=cjkvi-variants+opencc+unihan+wikidata+yitizi 装:裝=cjkvi-variants+hng-basic-data+mj-shrink-map+opencc+unihan+wikidata+yitizi 蹡:𬧀=unihan+wikidata 醤:醬=cjkvi-variants+hng-basic-data+mj-shrink-map+opencc+wikidata+yitizi 鏘:𨪙=cjkvi-variants+wikidata 𠬧:𤕭=cjkvi-variants 𢈧:𢉎=cjkvi-variants 𤖛:𬌒=unihan+wikidata 𫦋:𫦔=cjkvi-variants+unihan+wikidata 𬨋:𮷚=unihan
冬	夂	3	4	3	汷:泈=cjkvi-variants+wikidata 螽:𧍸=cjkvi-variants+wikidata 鼨:𪔻=cjkvi-variants+wikidata
冯	馮	2	4	3	㵗:𣳆=cjkvi-variants+opencc+unihan+wikidata 凴:𮰉=unihan+wikidata 𨆱:𬦴=cjkvi-variants+unihan+wikidata
冰	氷	2	1	1	栤:𣐚=wikidata 砯:𥒜=cjkvi-variants+wikidata
减	減	2	1	1	𣙤:𣚘=cjkvi-variants+wikidata+yitizi 𦸮:𦺘=cjkvi-variants+wikidata
几	⿹⺄𠂇	2	8	4	㒌:𠎽=cjkvi-variants 橩:𣜧=cjkvi-variants+wikidata 焭:煢=cjkvi-variants+mj-shrink-map+wikidata+yitizi 𦺺:𦽓=cjkvi-variants
几	凡	9	55	19	㠫:巬=cjkvi-variants 㲹:汎=cjkvi-variants+mj-shrink-map+wikidata 㼦:𤬳=cjkvi-variants+wikidata 䡗:𨋑=cjkvi-variants 亢:𪜠=cjkvi-variants+wikidata 帆:𢁒=mj-shrink-map 梵:𣑽=wikidata 筑:𥬑=cjkvi-variants+wikidata 篫:𢲿=cjkvi-variants+wikidata 聓:𦕓=cjkvi-variants 蛩:𧉨=cjkvi-variants+mj-shrink-map+wikidata 訉:𮗸=wikidata 銎:𨥲=cjkvi-variants+wikidata 飢:𩚑=cjkvi-variants+wikidata 𠋕:𠌖=cjkvi-variants 𠦕:𠦘=cjkvi-variants+wikidata 𠫞:𠫨=cjkvi-variants+wikidata 𥾚:𥿒=cjkvi-variants 𩬛:𩬰=cjkvi-variants+wikidata
几	卂	6	36	18	㒌:𠎽=cjkvi-variants 㠫:巬=cjkvi-variants 㼦:𤬳=cjkvi-variants+wikidata 䡗:𨋑=cjkvi-variants 扟:𢩫=cjkvi-variants+wikidata 橩:𣜧=cjkvi-variants+wikidata 焭:煢=cjkvi-variants+mj-shrink-map+wikidata+yitizi 筑:𥬑=cjkvi-variants+wikidata 篫:𢲿=cjkvi-variants+wikidata 籶:籸=cjkvi-variants+wikidata 聓:𦕓=cjkvi-variants 蛩:𧉨=cjkvi-variants+mj-shrink-map+wikidata 銎:𨥲=cjkvi-variants+wikidata 𠋕:𠌖=cjkvi-variants 𠦕:𠦘=cjkvi-variants+wikidata 𦺺:𦽓=cjkvi-variants 𩑏:𩑓=wikidata 𩬛:𩬰=cjkvi-variants+wikidata
几	幾	23	29	24	㞦:𡼠=cjkvi-variants+wikidata 䘛:𧝞=cjkvi-variants+opencc+unihan+yitizi 䟇:𧺋=cjkvi-variants 仉:僟=cjkvi-variants 叽:嘰=cjkvi-variants+opencc+unihan+wikidata+yitizi 机:機=cjkvi-variants+opencc+unihan+wikidata+yitizi 玑:璣=cjkvi-variants+opencc+unihan+wikidata+yitizi 矶:磯=cjkvi-variants+opencc+unihan+wikidata+yitizi 禨:𥘌=cjkvi-variants 穖:𬓠=cjkvi-variants+unihan+wikidata 籶:𥼘=cjkvi-variants 肌:𦠄=cjkvi-variants 虮:蟣=cjkvi-variants+opencc+unihan+wikidata+yitizi 譏:𮗸=wikidata 鞿:𩉜=cjkvi-variants 飢:饑=cjkvi-variants+unihan+wikidata+yitizi 𡚫:𡡤=cjkvi-variants 𢖯:𢡧=cjkvi-variants 𢩫:𢴰=cjkvi-variants 𣬠:𣰈=cjkvi-variants 𦏑:𰭗=unihan+wikidata 𩴪:𱆖=wikidata 𪗗:𪙧=cjkvi-variants
凡	{20}	5	20	6	執:𠙜=cjkvi-variants+mj-shrink-map 汍:汎=cjkvi-variants+mj-shrink-map 訉:訙=cjkvi-variants+wikidata 骪:骫=cjkvi-variants+wikidata+yitizi 𥰳:𥱍=cjkvi-variants+wikidata
凡	⿹⺄𠂇	2	5	3	訉:訊=cjkvi-variants 骪:𩨖=cjkvi-variants
凡	⿻⿹⺄丿丶	2	2	1	軐:軓=cjkvi-variants 𥃴:𥃵=cjkvi-variants
凡	凢	11	13	12	㕨:𫩓=cjkvi-variants 㠶:帆=cjkvi-variants+mj-shrink-map+unihan+wikidata+yitizi 䖠:𬟵=cjkvi-variants 忛:𢖾=cjkvi-variants 杋:𣏆=cjkvi-variants+wikidata 汎:𪵬=cjkvi-variants+wikidata 矾:𥐥=cjkvi-variants+wikidata 訉:𧥬=cjkvi-variants+wikidata 𠔮:𫥣=cjkvi-variants 𤆘:𪸎=cjkvi-variants 𥃵:𥃶=cjkvi-variants+wikidata
凡	卂	16	23	18	㚨:𫰉=cjkvi-variants 㭄:杋=cjkvi-variants 㺬:𤣲=cjkvi-variants+wikidata 䒖:芃=cjkvi-variants 䒮:茕=cjkvi-variants 䭵:𩡰=cjkvi-variants 煢:𠙦=cjkvi-variants+wikidata 訉:訊=cjkvi-variants 軐:軓=cjkvi-variants 迅:𨑙=cjkvi-variants+wikidata 骪:𩨖=cjkvi-variants 鳵:𩾨=cjkvi-variants+wikidata 𤜢:𤜦=cjkvi-variants 𤬨:𤬫=cjkvi-variants 𥃴:𥃵=cjkvi-variants 𩖛:𩖜=cjkvi-variants+wikidata
凡	𭂫	3	6	4	杋:𬂢=wikidata 矾:𥐲=wikidata 舤:舧=cjkvi-variants+wikidata
凤	鳳	4	5	5	𠏵:𮯹=unihan+wikidata 𤪧:𮴇=unihan+wikidata 𫲉:𮰻=unihan+wikidata 𮱦:𮱱=unihan+wikidata
凮	風	2	3	1	嵐:𫵽=cjkvi-variants+wikidata 諷:𧩠=cjkvi-variants+mj-shrink-map+wikidata
凶	匈	6	13	6	㕳:哅=cjkvi-variants 忷:恟=cjkvi-variants+mj-shrink-map+wikidata 汹:洶=cjkvi-variants+mj-shrink-map+opencc+unihan+wikidata+yitizi 胸:𦙞=cjkvi-variants+wikidata 訩:詾=cjkvi-variants+unihan+wikidata+yitizi 酗:𨠮=cjkvi-variants+mj-shrink-map+wikidata
凶	𠫔	2	4	3	至:𡉰=cjkvi-variants+wikidata 臺:𡔼=cjkvi-variants+mj-shrink-map+wikidata 銍:𨧓=cjkvi-variants+mj-shrink-map+wikidata 𡒐:𦥊=cjkvi-variants
凷	田	3	5	3	畚:𠫻=cjkvi-variants+mj-shrink-map+wikidata 𧆣:𧆨=cjkvi-variants 𧇏:𧇕=cjkvi-variants
凷	由	2	5	3	屆:届=cjkvi-variants+mj-shrink-map+opencc+unihan+wikidata+yitizi 𥇗:𥇵=cjkvi-variants+wikidata 𥇤:𥇵=cjkvi-variants+wikidata 𧆣:𧆭=cjkvi-variants
出	士	3	50	20	㱁:款=cjkvi-variants+mj-shrink-map+opencc+wikidata 䦋:𨲶=cjkvi-variants+wikidata 䵅:𪍾=cjkvi-variants 厫:𠪭=cjkvi-variants 摮:𢶗=cjkvi-variants+wikidata 滶:𣿗=cjkvi-variants+wikidata 熬:𤏺=cjkvi-variants+mj-shrink-map+wikidata 獒:𤢝=cjkvi-variants+mj-shrink-map+wikidata 聱:𦗷=cjkvi-variants+wikidata 蔜:𦽠=cjkvi-variants+wikidata 賣:𧷓=cjkvi-variants+mj-shrink-map+wikidata 贅:𧸟=cjkvi-variants+wikidata 遨:𨗯=cjkvi-variants+mj-shrink-map+wikidata 隷:𨾀=mj-shrink-map 鰲:𩼡=cjkvi-variants+mj-shrink-map+wikidata 鼇:𪓾=cjkvi-variants+mj-shrink-map+wikidata 𦪈:𦪰=cjkvi-variants+wikidata 𧎹:𧑎=cjkvi-variants+wikidata
函	凾	4	10	7	㴠:涵=cjkvi-variants+mj-shrink-map+wikidata 䈄:𮅮=wikidata 䤴:𫒶=cjkvi-variants+wikidata 菡:𦴻=cjkvi-variants+wikidata
函	圅	12	14	13	㖤:𠹄=cjkvi-variants 㮀:㮭=cjkvi-variants+wikidata 䓿:菡=cjkvi-variants+mj-shrink-map+wikidata 䘶:𧜄=cjkvi-variants+wikidata 䤴:䥁=cjkvi-variants+wikidata 䨡:𩄙=cjkvi-variants+wikidata 涵:𣹢=cjkvi-variants+mj-shrink-map+wikidata 顄:𩔞=cjkvi-variants+wikidata 𠗙:𠗴=cjkvi-variants+wikidata 𠾗:𡁀=cjkvi-variants 𢃗:𢄜=cjkvi-variants+wikidata 𣣖:𣣻=cjkvi-variants
刀	刁	3	11	4	䒒:芀=cjkvi-variants+wikidata 鳭:𩾗=cjkvi-variants 𠚥:𰄚=wikidata
刀	刂	20	57	21	㓚:㓛=cjkvi-variants+wikidata 㓞:𠛉=cjkvi-variants+wikidata 㓟:𤿇=cjkvi-variants 㓪:剆=cjkvi-variants 初:𮕥=wikidata 刦:刧=unihan+yitizi 刻:𠛳=cjkvi-variants+mj-shrink-map+wikidata 剒:𠝖=cjkvi-variants 剣:𠝏=cjkvi-variants 剿:𠞰=cjkvi-variants+unihan+wikidata+yitizi 劋:𠟯=cjkvi-variants+wikidata 劍:劎=cjkvi-variants+mj-shrink-map+wikidata 灱:灲=cjkvi-variants+wikidata 魛:魝=cjkvi-variants 𠚩:𠚬=cjkvi-variants 𠜒:𠜥=cjkvi-variants+wikidata 𠝋:𠝑=cjkvi-variants 𠝺:𠝼=cjkvi-variants 𣓇:𣔘=cjkvi-variants 𩉛:𪟋=cjkvi-variants
刂	{34}	3	38	22	㥎:悡=cjkvi-variants 䱘:鯬=cjkvi-variants+wikidata 䵩:黧=cjkvi-variants+wikidata 利:𥝢=cjkvi-variants+mj-shrink-map+unihan+wikidata+yitizi 剓:𠜣=cjkvi-variants 梨:棃=cjkvi-variants+mj-shrink-map+unihan+wikidata+yitizi 犁:犂=cjkvi-variants+hng-basic-data+mj-shrink-map+unihan+wikidata+yitizi 莉:菞=cjkvi-variants+wikidata 藜:𦿾=cjkvi-variants 蟍:𧑇=cjkvi-variants 鯏:𩸢=cjkvi-variants 鵹:𪁐=cjkvi-variants 黎:𪏭=cjkvi-variants+wikidata 𠡩:𠡴=cjkvi-variants 𠼐:𠾆=cjkvi-variants 𣮀:𣮋=cjkvi-variants 𥟦:𥠖=cjkvi-variants 𧚩:𮖇=wikidata 𩥴:𩦄=cjkvi-variants+wikidata 𩦀:𩦅=cjkvi-variants 𩻌:𩻳=cjkvi-variants 𪌱:𪍆=cjkvi-variants
刂	巜	2	7	5	俞:兪=cjkvi-variants+mj-shrink-map+unihan+wikidata+yitizi 偷:偸=cjkvi-variants+mj-shrink-map+unihan+wikidata+yitizi 喩:喻=cjkvi-variants+mj-shrink-map+wikidata+yitizi 婾:媮=cjkvi-variants+wikidata+yitizi 楡:榆=cjkvi-variants+mj-shrink-map+opencc+wikidata+yitizi
刃	刄	4	5	5	仞:仭=cjkvi-variants+hng-basic-data+mj-shrink-map+wikidata+yitizi 劒:劔=cjkvi-variants 釰:釼=cjkvi-variants 靭:靱=cjkvi-variants+hng-basic-data+mj-shrink-map+yitizi
刃	刅	6	12	11	䘐:衂=cjkvi-variants 刱:𠛝=cjkvi-variants+wikidata 剏:剙=cjkvi-variants+mj-shrink-map+yitizi 梁:鿄=cjkvi-variants+mj-shrink-map+wikidata 簗:𥱋=cjkvi-variants+wikidata 粱:𥹭=cjkvi-variants+wikidata 紉:𥾠=cjkvi-variants+wikidata 𠞴:𠟐=cjkvi-variants 𢜷:𢞤=cjkvi-variants
刍	芻	25	27	26	㑇:㑳=cjkvi-variants+opencc+unihan+wikidata+yitizi 㗙:𫩩=cjkvi-variants+unihan+wikidata 㛀:媰=cjkvi-variants+opencc+unihan+wikidata+yitizi 㤘:㥮=cjkvi-variants+opencc+unihan+wikidata+yitizi 㮲:𰗙=unihan+wikidata 䅳:𫀬=cjkvi-variants+opencc+unihan+wikidata 䋓:縐=cjkvi-variants+mj-shrink-map+wikidata 䐢:𰮙=unihan+wikidata 䑼:𰰌=unihan+wikidata 搊:𫼝=cjkvi-variants+unihan+wikidata 煼:𬊂=cjkvi-variants+unihan+wikidata 犓:𬌝=cjkvi-variants+unihan+wikidata 皱:皺=cjkvi-variants+mj-shrink-map+opencc+unihan+wikidata+yitizi 篘:𥬠=cjkvi-variants+opencc+unihan+yitizi 蒭:𫇴=cjkvi-variants+opencc+unihan+wikidata 趋:趨=cjkvi-variants+mj-shrink-map+opencc+unihan+wikidata+yitizi 邹:鄒=cjkvi-variants+mj-shrink-map+opencc+unihan+wikidata+yitizi 雏:雛=cjkvi-variants+mj-shrink-map+opencc+unihan+wikidata+yitizi 鶵:𩿿=wikidata 𤠮:𪺸=cjkvi-variants+opencc+unihan+wikidata 𥻤:𬖖=cjkvi-variants+unihan+wikidata 𧛸:𬡎=cjkvi-variants+unihan+wikidata 𨃘:𬦩=cjkvi-variants+unihan+wikidata 𩱈:𱆍=unihan+wikidata 𬑍:𬑡=cjkvi-variants+unihan+wikidata
刑	形	4	6	4	䤯:鉶=cjkvi-variants+wikidata 型:𡌑=cjkvi-variants+wikidata 荊:𮏂=wikidata 𧨘:𮘉=wikidata
刑	𠛜	2	1	1	型:𡌁=cjkvi-variants+mj-shrink-map+wikidata 鉶:𨦿=cjkvi-variants+wikidata
刕	劦	9	13	10	䅄:𥞮=cjkvi-variants+wikidata 䬅:𩗅=cjkvi-variants 協:𠦢=cjkvi-variants+mj-shrink-map+wikidata 恊:𭜴=mj-shrink-map 拹:𭠱=wikidata 搚:𭢄=wikidata 栛:𭪁=wikidata 脅:脋=cjkvi-variants+mj-shrink-map+wikidata 脇:𦚰=cjkvi-variants+mj-shrink-map 茘:荔=cjkvi-variants+mj-shrink-map+opencc+wikidata+yitizi
刖	⿰⺝巜	2	5	5	俞:兪=cjkvi-variants+mj-shrink-map+unihan+wikidata+yitizi 偷:偸=cjkvi-variants+mj-shrink-map+unihan+wikidata+yitizi 喩:喻=cjkvi-variants+mj-shrink-map+wikidata+yitizi 婾:媮=cjkvi-variants+wikidata+yitizi 楡:榆=cjkvi-variants+mj-shrink-map+opencc+wikidata+yitizi
刖	⿲⺝𡿨𡿨	2	5	5	俞:兪=cjkvi-variants+mj-shrink-map+unihan+wikidata+yitizi 偷:偸=cjkvi-variants+mj-shrink-map+unihan+wikidata+yitizi 喩:喻=cjkvi-variants+mj-shrink-map+wikidata+yitizi 婾:媮=cjkvi-variants+wikidata+yitizi 楡:榆=cjkvi-variants+mj-shrink-map+opencc+wikidata+yitizi
列	⿰𣧄刂	6	13	10	烈:煭=cjkvi-variants+mj-shrink-map+wikidata 茢:𦴟=cjkvi-variants+mj-shrink-map+wikidata 裂:𧛵=cjkvi-variants+wikidata 迾:𨔭=cjkvi-variants+wikidata 颲:𩘛=cjkvi-variants+wikidata 鮤:𩹒=cjkvi-variants+wikidata
列	⿲𣧄丨亅	6	8	6	烈:煭=cjkvi-variants+mj-shrink-map+wikidata 茢:𦴟=cjkvi-variants+mj-shrink-map+wikidata 裂:𧛵=cjkvi-variants+wikidata 迾:𨔭=cjkvi-variants+wikidata 颲:𩘛=cjkvi-variants+wikidata 鮤:𩹒=cjkvi-variants+wikidata
列	𠛱	4	6	5	例:𠊖=cjkvi-variants+mj-shrink-map+opencc+wikidata 栵:𣔜=cjkvi-variants+wikidata 烈:𤉩=cjkvi-variants+mj-shrink-map+wikidata 茢:𦱝=cjkvi-variants+opencc+wikidata
列	𠜊	5	9	7	冽:𠗢=cjkvi-variants+mj-shrink-map+wikidata 蛚:𧌵=cjkvi-variants+opencc+wikidata 裂:𧚲=cjkvi-variants+mj-shrink-map+opencc+wikidata 迾:𨔜=cjkvi-variants+wikidata 颲:𩘃=cjkvi-variants+opencc+wikidata
刘	劉	5	6	6	䬟:𩗌=cjkvi-variants+wikidata 嚠:𭇯=unihan+wikidata 懰:𰑙=unihan+wikidata 藰:𰰹=unihan+wikidata 𪝵:𰂁=unihan+wikidata
则	則	9	12	10	侧:側=cjkvi-variants+opencc+unihan+wikidata+yitizi 厕:厠=cjkvi-variants+opencc+unihan+wikidata+yitizi 崱:𰎖=unihan+wikidata 恻:惻=cjkvi-variants+opencc+unihan+wikidata+yitizi 测:測=cjkvi-variants+opencc+unihan+wikidata+yitizi 荝:萴=cjkvi-variants+opencc+unihan+wikidata+yitizi 𠷌:𰇘=unihan+wikidata 𡍫:𫭮=cjkvi-variants+unihan+wikidata 𢯩:𫼤=cjkvi-variants+unihan+wikidata
利	𥝢	16	33	22	㥎:悡=cjkvi-variants 䱘:鯬=cjkvi-variants+wikidata 䵩:黧=cjkvi-variants+wikidata 剓:𠜣=cjkvi-variants 梨:棃=cjkvi-variants+mj-shrink-map+unihan+wikidata+yitizi 犁:犂=cjkvi-variants+hng-basic-data+mj-shrink-map+unihan+wikidata+yitizi 莉:菞=cjkvi-variants+wikidata 藜:𦿾=cjkvi-variants 蟍:𧑇=cjkvi-variants 鯏:𩸢=cjkvi-variants 鵹:𪁐=cjkvi-variants 黎:𪏭=cjkvi-variants+wikidata 𠡩:𠡴=cjkvi-variants 𠼐:𠾆=cjkvi-variants 𣮀:𣮋=cjkvi-variants 𥟦:𥠖=cjkvi-variants 𧚩:𮖇=wikidata 𩥴:𩦄=cjkvi-variants+wikidata 𩦀:𩦅=cjkvi-variants 𩻌:𩻳=cjkvi-variants 𪌱:𪍆=cjkvi-variants
刺	剌	7	10	8	䓶:莿=cjkvi-variants 䱨:鯻=cjkvi-variants 溂:𭰩=wikidata 瘌:𤷫=cjkvi-variants 箣:𥰍=cjkvi-variants 蝲:𮔗=wikidata 𦖝:𦖨=cjkvi-variants+wikidata
前	⿱止𦨉	3	5	4	媊:𡡸=cjkvi-variants+opencc+wikidata 揃:𢵏=cjkvi-variants+mj-shrink-map+opencc+wikidata 湔:𣾅=cjkvi-variants+mj-shrink-map+wikidata
前	剪	3	7	5	㨵:揃=cjkvi-variants+mj-shrink-map+wikidata 湔:𪷇=cjkvi-variants 箭:𥲫=cjkvi-variants+wikidata
前	歬	3	5	4	葥:𦷱=cjkvi-variants+mj-shrink-map+opencc+wikidata 鬋:𩮣=cjkvi-variants+wikidata 𤋎:𤌺=cjkvi-variants
前	𣦃	3	4	4	湔:𣾥=cjkvi-variants+opencc+wikidata 煎:𤎴=cjkvi-variants+mj-shrink-map+wikidata 箭:𥳭=cjkvi-variants+mj-shrink-map+opencc+wikidata
剡	炎	3	6	3	倓:𠋴=cjkvi-variants+mj-shrink-map+wikidata 緂:𦃖=cjkvi-variants+mj-shrink-map+wikidata 菼:𦵹=cjkvi-variants+wikidata
剽	票	8	16	8	㟽:㠒=cjkvi-variants+wikidata 僄:𠎼=cjkvi-variants+mj-shrink-map+wikidata 幖:𢅚=cjkvi-variants+wikidata 摽:𢶏=cjkvi-variants+mj-shrink-map+wikidata 漂:𣿖=cjkvi-variants+mj-shrink-map+wikidata 瞟:𥋠=cjkvi-variants+mj-shrink-map+wikidata 褾:𧝼=cjkvi-variants+wikidata 鏢:𨭚=cjkvi-variants+wikidata
劉	𭄘	3	4	4	䉧:𥷢=cjkvi-variants+wikidata 瀏:𤄉=cjkvi-variants+mj-shrink-map+opencc+wikidata 𢤐:𢥍=cjkvi-variants+wikidata
力	躬	2	4	2	䓖:藭=cjkvi-variants+opencc+unihan+wikidata 穷:窮=cjkvi-variants+opencc+unihan+wikidata+yitizi 𠴛:𡃕=cjkvi-variants+opencc
办	劦	3	5	3	协:協=cjkvi-variants+opencc+unihan+wikidata+yitizi 拹:𰓊=wikidata 胁:脇=cjkvi-variants
劦	脅	4	9	4	㶸:熁=wikidata 恊:愶=cjkvi-variants+wikidata 拹:搚=cjkvi-variants+wikidata 𣢩:𣣲=cjkvi-variants+wikidata
动	動	5	8	6	㗢:𰇖=unihan+wikidata 㷲:𰞉=unihan+wikidata 働:𫢙=cjkvi-variants+unihan+wikidata 恸:慟=cjkvi-variants+opencc+unihan+wikidata+yitizi 憅:𮲄=unihan+wikidata
劫	去	5	13	5	㤼:怯=wikidata 抾:𢬱=cjkvi-variants+wikidata 胠:𦛕=cjkvi-variants+mj-shrink-map+wikidata 蜐:𧉧=cjkvi-variants+mj-shrink-map+wikidata 鉣:𨦲=cjkvi-variants+wikidata
劳	勞	20	26	22	僗:𫢬=cjkvi-variants+unihan+wikidata 唠:嘮=cjkvi-variants+opencc+unihan+wikidata+yitizi 崂:嶗=cjkvi-variants+opencc+unihan+wikidata+yitizi 憦:𫺘=cjkvi-variants+unihan+wikidata 捞:撈=cjkvi-variants+opencc+unihan+wikidata+yitizi 橯:𣓿=cjkvi-variants+opencc+unihan 涝:澇=cjkvi-variants+opencc+unihan+wikidata+yitizi 痨:癆=cjkvi-variants+opencc+unihan+wikidata+yitizi 磱:𮀤=unihan+wikidata 耢:耮=cjkvi-variants+opencc+unihan+yitizi 蟧:𮔚=wikidata 軂:𬧤=cjkvi-variants+unihan+wikidata 鿲:𧰎=unihan+wikidata 𡑍:𫭼=cjkvi-variants+opencc+unihan+wikidata 𤎤:𬝃=cjkvi-variants+unihan+wikidata 𤙯:𤛮=cjkvi-variants+opencc+unihan+wikidata 𤩂:𫞧=cjkvi-variants+opencc+unihan+wikidata 𨣃:𰼋=unihan+wikidata 𫃑:𰪿=unihan+wikidata 𫦰:𫦸=cjkvi-variants+unihan+wikidata
労	勞	2	1	1	撈:𢭐=cjkvi-variants+wikidata 癆:𭼎=wikidata
劵	卷	3	10	3	倦:𠉮=cjkvi-variants+mj-shrink-map+wikidata 勌:𠡶=cjkvi-variants 𠢺:𣜨=cjkvi-variants+wikidata
勃	孛	5	10	6	㶿:𤊹=cjkvi-variants+wikidata 悖:𰑰=wikidata 浡:渤=cjkvi-variants 𡋯:𡍧=cjkvi-variants+wikidata 𨁝:𮛱=wikidata
務	敄	13	21	14	䋷:𦃤=cjkvi-variants+wikidata 䥐:鍪=cjkvi-variants+mj-shrink-map+wikidata 䳱:鶩=cjkvi-variants+mj-shrink-map+wikidata 嵍:𡻒=cjkvi-variants+wikidata 暓:𣊃=cjkvi-variants 楘:𣖶=cjkvi-variants+wikidata 熃:𤋄=cjkvi-variants+wikidata 瞀:𥉠=wikidata 蝥:𧎻=cjkvi-variants+mj-shrink-map 霚:霧=cjkvi-variants+mj-shrink-map+wikidata 騖:𩥦=cjkvi-variants+wikidata 𦎦:𦏃=cjkvi-variants+wikidata 𨂣:𨄝=cjkvi-variants+wikidata
勲	勳	2	2	1	爋:𤑛=cjkvi-variants 蘍:𬟓=cjkvi-variants
勹	爪	4	49	26	㗖:啗=cjkvi-variants+unihan+wikidata+yitizi 㡊:幍=cjkvi-variants+wikidata 䈱:𥮛=cjkvi-variants+wikidata 䧟:陷=cjkvi-variants+mj-shrink-map+wikidata 䱤:𩹴=cjkvi-variants+wikidata 埳:塪=cjkvi-variants+wikidata 惂:慆=cjkvi-variants+wikidata 焰:熖=cjkvi-variants+mj-shrink-map+wikidata 燄:𦦨=wikidata 爓:𤓁=cjkvi-variants+wikidata 窞:𥧹=cjkvi-variants+wikidata 縚:𦁵=cjkvi-variants+wikidata 萏:蓞=wikidata 諂:謟=cjkvi-variants+wikidata 蹈:𮛫=wikidata 輡:轁=cjkvi-variants 閻:𨶒=cjkvi-variants+wikidata 餡:饀=cjkvi-variants 鵮:𪅎=cjkvi-variants+wikidata 𠐩:𠑑=cjkvi-variants+wikidata 𠜼:𠞞=wikidata 𠮌:𠮐=cjkvi-variants+wikidata 𠮐:𦦖=cjkvi-variants+wikidata 𨇝:𨇲=cjkvi-variants+wikidata 𩓟:𮨚=wikidata 𭌻:𭍉=wikidata
勹	爫	5	50	27	㗖:啗=cjkvi-variants+unihan+wikidata+yitizi 㡊:幍=cjkvi-variants+wikidata 㷔:焔=cjkvi-variants 䈱:𥮛=cjkvi-variants+wikidata 䧟:陷=cjkvi-variants+mj-shrink-map+wikidata 䱤:𩹴=cjkvi-variants+wikidata 埳:塪=cjkvi-variants+wikidata 惂:慆=cjkvi-variants+wikidata 焰:熖=cjkvi-variants+mj-shrink-map+wikidata 燄:𦦨=wikidata 爓:𤓁=cjkvi-variants+wikidata 窞:𥧹=cjkvi-variants+wikidata 縚:𦁵=cjkvi-variants+wikidata 萏:蓞=wikidata 諂:謟=cjkvi-variants+wikidata 蹈:𮛫=wikidata 輡:轁=cjkvi-variants 閻:𨶒=cjkvi-variants+wikidata 餡:饀=cjkvi-variants 鵮:𪅎=cjkvi-variants+wikidata 𠐩:𠑑=cjkvi-variants+wikidata 𠜼:𠞞=wikidata 𠮌:𠮐=cjkvi-variants+wikidata 𠮐:𦦖=cjkvi-variants+wikidata 𨇝:𨇲=cjkvi-variants+wikidata 𩓟:𮨚=wikidata 𭌻:𭍉=wikidata
勻	旬	10	33	10	䏛:𦚧=cjkvi-variants+wikidata 䝧:𧵣=cjkvi-variants+wikidata 伨:侚=cjkvi-variants+wikidata 徇:𢓈=cjkvi-variants+mj-shrink-map+wikidata 汮:洵=cjkvi-variants+wikidata 畇:𤱬=cjkvi-variants+wikidata 絢:𥾡=cjkvi-variants+mj-shrink-map+wikidata 赹:𧻛=cjkvi-variants+wikidata 鈞:銁=cjkvi-variants+mj-shrink-map+unihan+wikidata+yitizi 𩿃:𪀽=cjkvi-variants+wikidata
勾	句	20	42	22	䑦:𦨛=cjkvi-variants+wikidata 䬲:𩚘=cjkvi-variants+wikidata 呴:𠯜=cjkvi-variants 夠:𡖜=cjkvi-variants+wikidata 岣:𡵺=cjkvi-variants+mj-shrink-map+wikidata 怐:𢗕=cjkvi-variants+mj-shrink-map+wikidata 抅:拘=cjkvi-variants+mj-shrink-map+wikidata 沟:泃=cjkvi-variants+wikidata 痀:𤵆=wikidata 竘:𥩞=cjkvi-variants+wikidata 笱:𥬉=wikidata 芶:苟=cjkvi-variants+wikidata 蒟:𦵑=cjkvi-variants+wikidata 袧:𧘤=cjkvi-variants+wikidata 豞:𧰴=cjkvi-variants+wikidata 軥:𨊵=cjkvi-variants+wikidata 鈎:鉤=cjkvi-variants+hng-basic-data+opencc+unihan+wikidata+yitizi 鮈:𩵻=wikidata 齁:𪖙=cjkvi-variants+unihan+wikidata+yitizi 𠚸:𠛎=cjkvi-variants+wikidata 𣧔:𣧬=cjkvi-variants+wikidata
包	雹	3	8	3	䥤:鉋=cjkvi-variants+wikidata 咆:𠿙=cjkvi-variants+mj-shrink-map+wikidata 胞:𦡕=wikidata
包	𮎛	6	7	7	䎂:𦐙=cjkvi-variants+wikidata 抱:𢫎=wikidata 炰:𤇗=wikidata 跑:𨀓=cjkvi-variants+wikidata 鉋:𨥹=cjkvi-variants+mj-shrink-map+wikidata 鞄:𩊋=cjkvi-variants+mj-shrink-map+wikidata
匆	囪	3	28	24	㷓:熜=cjkvi-variants+wikidata 䉥:𥳺=cjkvi-variants+wikidata 䗓:蟌=cjkvi-variants+wikidata 䡯:𨍉=cjkvi-variants 偬:傯=cjkvi-variants+mj-shrink-map+opencc+unihan+wikidata+yitizi 幒:𢃭=cjkvi-variants+wikidata 愡:憁=cjkvi-variants+wikidata 憽:𢤄=cjkvi-variants+wikidata 揔:摠=cjkvi-variants+wikidata+yitizi 濍:𤁬=cjkvi-variants 緫:總=cjkvi-variants+mj-shrink-map+unihan+wikidata+yitizi 繱:𦇎=cjkvi-variants+wikidata 聦:聰=cjkvi-variants+mj-shrink-map+unihan+wikidata+yitizi 葱:蔥=cjkvi-variants+mj-shrink-map+opencc+unihan+wikidata+yitizi 謥:𧩪=cjkvi-variants+wikidata 鍯:鏓=cjkvi-variants+wikidata 騘:驄=cjkvi-variants+mj-shrink-map+unihan+wikidata+yitizi 𢉛:𢊕=cjkvi-variants+wikidata 𥍷:𥎋=cjkvi-variants+wikidata 𨡮:𨢨=cjkvi-variants+wikidata 𩮀:𩮰=cjkvi-variants+wikidata
匆	囱	4	38	28	㷓:熜=cjkvi-variants+wikidata 䉥:𥳺=cjkvi-variants+wikidata 䗓:蟌=cjkvi-variants+wikidata 䡯:𨍉=cjkvi-variants 偬:傯=cjkvi-variants+mj-shrink-map+opencc+unihan+wikidata+yitizi 幒:𢃭=cjkvi-variants+wikidata 怱:悤=cjkvi-variants+unihan+wikidata+yitizi 愡:憁=cjkvi-variants+wikidata 憽:𢤄=cjkvi-variants+wikidata 揔:摠=cjkvi-variants+wikidata+yitizi 濍:𤁬=cjkvi-variants 牎:牕=cjkvi-variants+yitizi 璁:𤧚=cjkvi-variants+unihan+wikidata+yitizi 緫:總=cjkvi-variants+mj-shrink-map+unihan+wikidata+yitizi 繱:𦇎=cjkvi-variants+wikidata 聦:聰=cjkvi-variants+mj-shrink-map+unihan+wikidata+yitizi 葱:蔥=cjkvi-variants+mj-shrink-map+opencc+unihan+wikidata+yitizi 謥:𧩪=cjkvi-variants+wikidata 鍯:鏓=cjkvi-variants+wikidata 騘:驄=cjkvi-variants+mj-shrink-map+unihan+wikidata+yitizi 𡟟:𡠴=cjkvi-variants 𢉛:𢊕=cjkvi-variants+wikidata 𥍷:𥎋=cjkvi-variants+wikidata 𧛤:𧜢=cjkvi-variants 𨡮:𨢨=cjkvi-variants+wikidata 𩮀:𩮰=cjkvi-variants+wikidata
匕	⿻一㇄	2	4	2	梍:梎=cjkvi-variants+mj-shrink-map 皀:皂=mj-shrink-map 𡨇:𡨗=cjkvi-variants
匕	𠤎	3	6	5	㔫:𡯃=cjkvi-variants 叱:𫜸=wikidata 𡚧:𡚨=cjkvi-variants
匡	匩	3	4	4	恇:𢝎=cjkvi-variants+mj-shrink-map+wikidata 洭:𣶕=cjkvi-variants+opencc+wikidata 軭:𮝝=wikidata
匧	⿷匚夹	3	4	3	惬:愜=cjkvi-variants+opencc+unihan+wikidata+yitizi 箧:篋=cjkvi-variants+opencc+unihan+wikidata+yitizi 陿:𬯅=cjkvi-variants+unihan+wikidata
匧	夾	4	10	4	㛍:𡞡=cjkvi-variants+wikidata 㾜:𤷾=cjkvi-variants+wikidata 悏:愜=cjkvi-variants+wikidata 陜:陿=cjkvi-variants+mj-shrink-map+wikidata
匮	匱	2	1	1	㙺:𰊛=unihan+wikidata 𫺹:𫻑=cjkvi-variants+unihan+wikidata
匱	貴	6	13	6	䕚:蕢=cjkvi-variants+mj-shrink-map+wikidata 樻:櫃=cjkvi-variants+unihan+yitizi 簣:籄=cjkvi-variants+mj-shrink-map+unihan+wikidata+yitizi 繢:𦆠=cjkvi-variants+wikidata 鐀:鑎=cjkvi-variants 鞼:𩍨=cjkvi-variants+wikidata
匹	疋	2	3	1	䏘:𦙬=cjkvi-variants 𠯔:𠰊=cjkvi-variants+wikidata
区	區	33	39	36	䉱:𬕦=cjkvi-variants+unihan+wikidata 䙔:𫋲=cjkvi-variants+opencc+unihan+wikidata 䝙:貙=cjkvi-variants+opencc+unihan+wikidata+yitizi 䡱:𮝀=wikidata 䧢:𨸟=cjkvi-variants+opencc+unihan+wikidata+yitizi 伛:傴=cjkvi-variants+mj-shrink-map+opencc+unihan+wikidata+yitizi 剾:𠛅=cjkvi-variants+opencc+unihan+wikidata+yitizi 呕:嘔=cjkvi-variants+mj-shrink-map+opencc+unihan+wikidata+yitizi 塸:𫭟=cjkvi-variants+opencc+unihan+wikidata 奁:奩=cjkvi-variants+opencc+unihan+wikidata+yitizi 妪:嫗=cjkvi-variants+opencc+unihan+wikidata+yitizi 岖:嶇=cjkvi-variants+opencc+unihan+wikidata+yitizi 彄:𫸩=cjkvi-variants+opencc+unihan+wikidata 怄:慪=cjkvi-variants+opencc+unihan+wikidata+yitizi 抠:摳=cjkvi-variants+opencc+unihan+wikidata+yitizi 敺:𰕅=unihan+wikidata 枢:樞=cjkvi-variants+hng-basic-data+mj-shrink-map+opencc+unihan+wikidata+yitizi 欧:歐=cjkvi-variants+mj-shrink-map+opencc+unihan+wikidata+yitizi 殴:毆=cjkvi-variants+mj-shrink-map+opencc+unihan+wikidata+yitizi 沤:漚=cjkvi-variants+opencc+unihan+wikidata+yitizi 熰:𬉼=cjkvi-variants+opencc+unihan+wikidata 瓯:甌=cjkvi-variants+mj-shrink-map+opencc+unihan+wikidata+yitizi 眍:瞘=cjkvi-variants+opencc+unihan+wikidata+yitizi 膒:𬁵=cjkvi-variants+unihan+wikidata 蓲:𰰤=unihan+wikidata 謳:𧦅=cjkvi-variants+wikidata 躯:軀=cjkvi-variants+hng-basic-data+opencc+unihan+wikidata+yitizi 醧:𬪧=cjkvi-variants+unihan+wikidata 駆:驅=cjkvi-variants+hng-basic-data+mj-shrink-map+opencc+unihan+wikidata+yitizi 鴎:鷗=cjkvi-variants+mj-shrink-map+opencc+wikidata+yitizi 𡂿:𫪘=cjkvi-variants+unihan+wikidata 𥐰:𥕥=cjkvi-variants+opencc+unihan+wikidata+yitizi 𥱸:𬔯=cjkvi-variants+unihan+wikidata 𧏺:𮓹=wikidata 𰎦:𰎼=unihan+wikidata
匽	妟	5	10	5	偃:𪜿=wikidata 堰:𪣚=wikidata 郾:𬪀=wikidata 鰋:𩷑=cjkvi-variants+wikidata 鼴:𪕤=cjkvi-variants
十	𰀁	4	72	33	㧬:𢭤=cjkvi-variants+wikidata 䂬:𥒽=cjkvi-variants+wikidata 哉:𠳆=cjkvi-variants+mj-shrink-map+opencc+wikidata 墶:𡐿=wikidata 幸:𦍒=cjkvi-variants+mj-shrink-map+wikidata 恐:𢙷=cjkvi-variants+mj-shrink-map+opencc+wikidata 戴:𢨚=cjkvi-variants+mj-shrink-map+opencc+wikidata 栽:𣒭=cjkvi-variants+mj-shrink-map+opencc+wikidata 烖:𤈮=cjkvi-variants 祥:𰧵=wikidata 築:𥲒=cjkvi-variants+mj-shrink-map+wikidata 羊:𢆉=cjkvi-variants+wikidata 胾:𦛹=cjkvi-variants+opencc+wikidata 茿:𦯋=cjkvi-variants+opencc+wikidata 蛩:𧋳=cjkvi-variants+mj-shrink-map+opencc+wikidata 裁:𧚝=cjkvi-variants+mj-shrink-map+opencc+wikidata 觪:𧣿=wikidata 谻:𧮬=cjkvi-variants+wikidata 載:𨌏=cjkvi-variants+mj-shrink-map+opencc+wikidata 辛:𨐌=cjkvi-variants+mj-shrink-map+wikidata 辟:𮝻=mj-shrink-map+wikidata 逹:達=cjkvi-variants+hng-basic-data+mj-shrink-map+wikidata+yitizi 酨:𨠾=cjkvi-variants+opencc+wikidata 銎:𨧎=cjkvi-variants+opencc+wikidata 鞏:𩊳=cjkvi-variants+mj-shrink-map+opencc+wikidata 騂:𩤑=cjkvi-variants+wikidata 𢦏:𢦒=cjkvi-variants 𤿹:𥀀=cjkvi-variants 𥷤:𥷴=cjkvi-variants 𨚵:𨛚=cjkvi-variants+wikidata 𩞱:𩟐=wikidata
卂	⿱⺄十	3	5	4	扟:𢩲=cjkvi-variants+wikidata 汛:𣲌=cjkvi-variants+wikidata 𤣭:𤣲=cjkvi-variants+wikidata
千	⿱䙲巳	2	13	5	扦:𢳍=cjkvi-variants+wikidata 櫏:𰗬=unihan+wikidata 跹:躚=cjkvi-variants+opencc+unihan+wikidata+yitizi 迁:遷=cjkvi-variants+mj-shrink-map+opencc+unihan+wikidata+yitizi 韆:𱁶=unihan+wikidata 𰛱:𰝢=unihan
千	⿳襾大巳	2	12	5	扦:𢳍=cjkvi-variants+wikidata 櫏:𰗬=unihan+wikidata 跹:躚=cjkvi-variants+opencc+unihan+wikidata+yitizi 迁:遷=cjkvi-variants+mj-shrink-map+opencc+unihan+wikidata+yitizi 韆:𱁶=unihan+wikidata 𰛱:𰝢=unihan
千	⿳覀大巳	2	12	5	扦:𢳍=cjkvi-variants+wikidata 櫏:𰗬=unihan+wikidata 跹:躚=cjkvi-variants+opencc+unihan+wikidata+yitizi 迁:遷=cjkvi-variants+mj-shrink-map+opencc+unihan+wikidata+yitizi 韆:𱁶=unihan+wikidata 𰛱:𰝢=unihan
千	氏	3	58	25	䀨:𥆠=cjkvi-variants+wikidata 䄆:𥙱=cjkvi-variants+wikidata 䒷:𦯚=cjkvi-variants 䛡:話=cjkvi-variants+mj-shrink-map+opencc+unihan+wikidata+yitizi 䯏:𩩎=cjkvi-variants+wikidata 䯺:髺=cjkvi-variants+opencc+wikidata 佸:𠈲=cjkvi-variants+mj-shrink-map+opencc+wikidata 刮:𠜜=cjkvi-variants+mj-shrink-map+opencc+wikidata 咶:𠳂=cjkvi-variants+wikidata 姡:𡜶=cjkvi-variants+opencc+wikidata 懖:𢤌=cjkvi-variants+opencc+wikidata 括:𢬸=cjkvi-variants+mj-shrink-map+opencc+wikidata 栝:桰=cjkvi-variants+wikidata 活:𣴠=cjkvi-variants+mj-shrink-map+opencc+wikidata 秳:𥞸=cjkvi-variants+wikidata 聒:𦕾=cjkvi-variants+mj-shrink-map+opencc+wikidata 舌:𠯑=cjkvi-variants+mj-shrink-map+wikidata 趏:𬦐=wikidata 适:𨓈=cjkvi-variants+mj-shrink-map+opencc+wikidata 銛:銽=cjkvi-variants+wikidata 闊:𨶖=cjkvi-variants+mj-shrink-map+opencc+wikidata 頢:𩒲=cjkvi-variants+wikidata 鴰:𪁝=cjkvi-variants+opencc+wikidata 𦗾:𦘉=cjkvi-variants 𪗽:𪘢=cjkvi-variants+wikidata
卄	⿻⿰丨丨丷	5	17	8	對:𫴰=wikidata 業:𭪙=mj-shrink-map+wikidata 滿:𭲞=mj-shrink-map+wikidata 菐:𮏖=mj-shrink-map+wikidata 黹:𮮠=mj-shrink-map+wikidata 黼:𤰍=cjkvi-variants+wikidata 𤾧:𰤝=wikidata
卄	廿	3	11	6	共:𠔏=cjkvi-variants+mj-shrink-map+opencc+wikidata 冊:𱏺=wikidata 带:帯=cjkvi-variants+mj-shrink-map
卆	卒	20	25	21	㰵:𰙊=wikidata 㳃:淬=cjkvi-variants+mj-shrink-map+wikidata 伜:倅=cjkvi-variants+mj-shrink-map+wikidata+yitizi 啐:𠯥=wikidata 埣:𡉻=cjkvi-variants+mj-shrink-map+wikidata 忰:悴=cjkvi-variants+mj-shrink-map+wikidata+yitizi 捽:𢪄=cjkvi-variants+wikidata 晬:𣅢=cjkvi-variants+mj-shrink-map+wikidata 猝:𤝊=cjkvi-variants+wikidata 疩:瘁=cjkvi-variants+mj-shrink-map+wikidata 睟:𥄌=cjkvi-variants+mj-shrink-map+wikidata 砕:碎=cjkvi-variants+hng-basic-data+mj-shrink-map+opencc+unihan+wikidata+yitizi 祽:𥘧=cjkvi-variants+wikidata 稡:𰨞=wikidata 粋:粹=cjkvi-variants+hng-basic-data+mj-shrink-map+opencc+unihan+wikidata+yitizi 紣:綷=cjkvi-variants+mj-shrink-map+wikidata 翆:翠=cjkvi-variants+hng-basic-data+mj-shrink-map+wikidata+yitizi 萃:𦬡=cjkvi-variants+mj-shrink-map+wikidata 酔:醉=cjkvi-variants+hng-basic-data+mj-shrink-map+opencc+unihan+wikidata+yitizi 𢇥:𢈼=cjkvi-variants
升	舛	4	11	6	㐼:𠈞=cjkvi-variants 昇:曻=cjkvi-variants+mj-shrink-map 枡:桝=cjkvi-variants+mj-shrink-map+opencc+wikidata 陞:𱀧=wikidata
卉	垚	2	15	11	堯:尭=cjkvi-variants+hng-basic-data+mj-shrink-map+opencc+wikidata+yitizi 嶢:𡸳=cjkvi-variants+wikidata 暁:曉=cjkvi-variants+mj-shrink-map+opencc+unihan+wikidata+yitizi 橈:𣓤=cjkvi-variants+wikidata 澆:𣷝=cjkvi-variants+mj-shrink-map+wikidata 焼:燒=cjkvi-variants+hng-basic-data+mj-shrink-map+opencc+unihan+wikidata+yitizi 皢:𭽙=wikidata 蕘:𮏔=mj-shrink-map+wikidata 蹺:𮛡=wikidata 遶:𮞚=wikidata 驍:𮪈=wikidata
卉	廾	3	11	4	䒪:𦯨=cjkvi-variants+wikidata 漭:𣾘=wikidata 莽:莾=cjkvi-variants+wikidata 蟒:蠎=cjkvi-variants+mj-shrink-map+wikidata+yitizi
华	華	16	19	17	㒯:𱏩=wikidata 㟆:㠏=cjkvi-variants+opencc+unihan+wikidata+yitizi 㦊:𫺆=cjkvi-variants+unihan+wikidata 哗:嘩=cjkvi-variants+opencc+unihan+wikidata+yitizi 墷:𰉪=unihan+wikidata 嬅:𫰡=cjkvi-variants+unihan+wikidata 撶:𫼧=cjkvi-variants+unihan+wikidata 晔:曄=cjkvi-variants+opencc+unihan+wikidata+yitizi 桦:樺=cjkvi-variants+opencc+unihan+wikidata+yitizi 澕:𮳆=unihan+wikidata 烨:燁=cjkvi-variants+opencc+unihan+wikidata+yitizi 爗:𮳴=unihan+wikidata 璍:𮴔=unihan+wikidata 瞱:𬑓=cjkvi-variants+unihan+wikidata 鞾:𫖇=cjkvi-variants+opencc+unihan+wikidata 𦾏:𰅻=unihan+wikidata
卑	⿱⿻日丿十	3	3	3	俾:𠈷=cjkvi-variants+mj-shrink-map+wikidata 捭:𢬽=cjkvi-variants+wikidata 碑:𥓓=cjkvi-variants+mj-shrink-map+wikidata
卑	⿱田⿰㇒十	5	8	7	䇑:𥪎=cjkvi-variants+wikidata 捭:𢮆=cjkvi-variants+wikidata 碑:𥓓=cjkvi-variants+mj-shrink-map+wikidata 稗:𥟑=cjkvi-variants+mj-shrink-map+wikidata 粺:𥺛=cjkvi-variants+wikidata
卑	畀	10	17	11	㵺:𤀥=cjkvi-variants+wikidata 䚜:𧤃=cjkvi-variants+wikidata 埤:𡌸=cjkvi-variants+mj-shrink-map+wikidata 庳:𢈷=cjkvi-variants+wikidata 痹:痺=cjkvi-variants+opencc+unihan+wikidata+yitizi 睤:睥=cjkvi-variants+mj-shrink-map+wikidata 箄:箅=cjkvi-variants 脾:𦜠=cjkvi-variants+wikidata 諀:𧨬=cjkvi-variants+wikidata 貏:𧳠=cjkvi-variants+wikidata 髀:𩩚=cjkvi-variants+mj-shrink-map+wikidata
卑	畁	3	5	3	㽡:𤲦=cjkvi-variants+wikidata 稗:𥟗=cjkvi-variants 脾:腗=cjkvi-variants+mj-shrink-map+wikidata
卑	𢌿	4	11	6	㵺:𤀥=cjkvi-variants+wikidata 埤:𡌹=cjkvi-variants+wikidata 箄:箅=cjkvi-variants 錍:𰼺=wikidata 𬼮:𭅤=wikidata
卑	𤰞	13	14	14	䇑:𥪎=cjkvi-variants+wikidata 䡟:𨌦=cjkvi-variants+wikidata 俾:𠈷=cjkvi-variants+mj-shrink-map+wikidata 埤:𡌨=cjkvi-variants+mj-shrink-map+wikidata 捭:𢬽=cjkvi-variants+wikidata 渒:𣴪=cjkvi-variants 痺:𤷒=wikidata 碑:𥓓=cjkvi-variants+mj-shrink-map+wikidata 稗:𥟑=cjkvi-variants+mj-shrink-map+wikidata 粺:𥺛=cjkvi-variants+wikidata 脾:𦜉=cjkvi-variants+mj-shrink-map+wikidata 髀:𩩙=cjkvi-variants+mj-shrink-map+wikidata 𠩲:𠩶=cjkvi-variants+wikidata
卓	𠦝	3	9	5	㦸:戟=cjkvi-variants+mj-shrink-map+wikidata+yitizi 撠:𪮮=wikidata 橶:𣛔=wikidata 𦺩:𦻝=cjkvi-variants+wikidata
单	単	2	1	1	弹:弾=cjkvi-variants 戦:𢧐=cjkvi-variants
单	單	35	40	38	㠆:𮱯=unihan+wikidata 䃅:磾=cjkvi-variants+opencc+unihan+wikidata 䐷:𬂅=cjkvi-variants+unihan+wikidata 䕤:𫟕=cjkvi-variants+opencc+unihan+wikidata 䵐:𱋴=unihan+wikidata 亸:嚲=cjkvi-variants+opencc+unihan+wikidata+yitizi 僤:𫢸=cjkvi-variants+opencc+unihan+wikidata 冁:囅=cjkvi-variants+opencc+unihan+wikidata+yitizi 匰:𰅦=unihan+wikidata 啴:嘽=cjkvi-variants+opencc+unihan+wikidata+yitizi 墠:𫮃=cjkvi-variants+opencc+unihan+wikidata 奲:𫰂=cjkvi-variants+unihan+wikidata 婵:嬋=cjkvi-variants+opencc+unihan+wikidata+yitizi 幝:𪩷=cjkvi-variants+opencc+wikidata 弹:彈=cjkvi-variants+opencc+unihan+wikidata+yitizi 惮:憚=cjkvi-variants+opencc+unihan+wikidata+yitizi 戰:𢧐=cjkvi-variants+opencc+unihan+wikidata 掸:撣=cjkvi-variants+opencc+unihan+wikidata+yitizi 椫:樿=cjkvi-variants+opencc+unihan+wikidata+yitizi 殚:殫=cjkvi-variants+opencc+unihan+wikidata+yitizi 潬:𬈁=cjkvi-variants+unihan+wikidata 燀:𬊤=cjkvi-variants+opencc+unihan+wikidata 瘅:癉=cjkvi-variants+opencc+unihan+wikidata+yitizi 禅:禪=cjkvi-variants+hng-basic-data+mj-shrink-map+opencc+unihan+wikidata+yitizi 箪:簞=cjkvi-variants+hng-basic-data+mj-shrink-map+opencc+unihan+wikidata+yitizi 蕲:蘄=cjkvi-variants+opencc+unihan+wikidata+yitizi 蝉:蟬=cjkvi-variants+hng-basic-data+mj-shrink-map+opencc+unihan+wikidata+yitizi 褝:襌=cjkvi-variants+mj-shrink-map+unihan+wikidata 觯:觶=cjkvi-variants+opencc+unihan+wikidata+yitizi 軃:𰹀=unihan+wikidata 郸:鄲=cjkvi-variants+opencc+unihan+wikidata+yitizi 𦧴:𰰆=unihan+wikidata 𧕦:𬠷=cjkvi-variants+unihan+wikidata 𧝧:𧟀=cjkvi-variants+opencc 𨡙:𨢿=cjkvi-variants+opencc+unihan+wikidata 𩅦:𱁞=unihan+wikidata
卖	賣	21	24	22	㱩:殰=cjkvi-variants+opencc+unihan+wikidata+yitizi 儥:𰂏=unihan+wikidata 凟:𰃿=unihan+wikidata 匵:𰅥=unihan+wikidata 嬻:𪥿=cjkvi-variants+opencc+unihan+wikidata 椟:櫝=cjkvi-variants+opencc+unihan+wikidata+yitizi 渎:瀆=cjkvi-variants+opencc+unihan+wikidata+yitizi 牍:牘=cjkvi-variants+opencc+unihan+wikidata+yitizi 犊:犢=cjkvi-variants+opencc+unihan+wikidata+yitizi 瓄:𪻨=cjkvi-variants+opencc+unihan+wikidata 皾:𰤬=unihan+wikidata 窦:竇=cjkvi-variants+opencc+unihan+wikidata+yitizi 藚:𰱐=unihan+wikidata 豄:𰶔=unihan+wikidata 贕:𫧿=cjkvi-variants+unihan+wikidata 韇:𱁷=unihan+wikidata 黩:黷=cjkvi-variants+opencc+unihan+wikidata+yitizi 𥀲:𰤫=unihan+wikidata 𥌚:𬑙=cjkvi-variants+unihan+wikidata 𧾥:𰷸=unihan+wikidata 𬿋:𰷔=wikidata
卖	𧶠	6	14	13	儥:𰂏=unihan+wikidata 凟:𰃿=unihan+wikidata 匵:𰅥=unihan+wikidata 皾:𰤬=unihan+wikidata 藚:𰱐=unihan+wikidata 韇:𱁷=unihan+wikidata
南	鬳	10	12	11	㩵:擜=cjkvi-variants+opencc+unihan+wikidata 囐:𰈯=unihan+wikidata 巘:𪩘=cjkvi-variants+opencc+unihan+wikidata 巚:𰎹=unihan+wikidata 献:獻=cjkvi-variants+hng-basic-data+mj-shrink-map+opencc+unihan+wikidata+yitizi 瓛:𤩽=cjkvi-variants+opencc+unihan+wikidata 甗:𮴼=unihan+wikidata 讞:𮘾=mj-shrink-map+wikidata 钀:𨭹=cjkvi-variants+wikidata 𣡌:𬄬=cjkvi-variants+unihan+wikidata 𤅊:𮳖=unihan+wikidata
単	單	7	9	9	弾:彈=cjkvi-variants+hng-basic-data+mj-shrink-map+opencc+unihan+wikidata+yitizi 惮:憚=cjkvi-variants+opencc+unihan+wikidata+yitizi 戦:戰=cjkvi-variants+hng-basic-data+mj-shrink-map+opencc+unihan+wikidata+yitizi 箪:簞=cjkvi-variants+hng-basic-data+mj-shrink-map+opencc+unihan+wikidata+yitizi 蝉:蟬=cjkvi-variants+hng-basic-data+mj-shrink-map+opencc+unihan+wikidata+yitizi 褝:襌=cjkvi-variants+mj-shrink-map+unihan+wikidata 騨:驒=cjkvi-variants+wikidata+yitizi
卝	廾	2	3	2	𠇎:𢌯=cjkvi-variants 𢇂:𢇅=cjkvi-variants 𨵿:𨶚=cjkvi-variants
卝	艹	6	9	8	䒥:𫷄=cjkvi-variants 苜:𥄕=cjkvi-variants 苟:茍=cjkvi-variants+mj-shrink-map+unihan+wikidata+yitizi 萑:雈=cjkvi-variants+yitizi 𦍋:𦬒=cjkvi-variants 𦤄:𦤅=cjkvi-variants
卝	𥫗	2	18	7	䁾:𰦋=wikidata 䘊:蠛=cjkvi-variants+wikidata 懱:𰒢=wikidata 矆:𰦊=wikidata 礣:𥗥=cjkvi-variants+wikidata 鱯:𩽕=cjkvi-variants+wikidata 鱴:𩽣=cjkvi-variants+wikidata
占	沾	3	7	3	㤐:惉=wikidata 苫:𮏝=wikidata 霑:𮦌=wikidata
卢	盧	23	30	24	㠠:𰎐=unihan+wikidata 㿖:𪽮=cjkvi-variants+opencc+unihan+wikidata 嚧:𠰷=cjkvi-variants+opencc+unihan+wikidata 垆:壚=cjkvi-variants+opencc+unihan+wikidata+yitizi 廬:𪪏=cjkvi-variants+opencc+wikidata 攎:𢫘=cjkvi-variants+unihan+wikidata 曥:𣆐=cjkvi-variants+opencc+unihan+wikidata+yitizi 栌:櫨=cjkvi-variants+opencc+unihan+wikidata+yitizi 泸:瀘=cjkvi-variants+opencc+unihan+wikidata+yitizi 獹:𰡄=unihan+wikidata 瓐:𰡵=unihan+wikidata 矑:𪾦=cjkvi-variants+opencc+unihan+wikidata 籚:𰩲=unihan+wikidata 罏:𬙎=cjkvi-variants+unihan+wikidata 胪:臚=cjkvi-variants+opencc+unihan+wikidata+yitizi 舻:艫=cjkvi-variants+opencc+unihan+wikidata+yitizi 蠦:𫊮=cjkvi-variants+opencc+unihan+wikidata 轤:𨋤=cjkvi-variants+wikidata 鑪:𰼥=wikidata 驢:𩢬=cjkvi-variants+wikidata 鱸:𫙔=cjkvi-variants+wikidata 黸:𱋶=unihan+wikidata 𮱚:𱙋=unihan
卣	𠧪	3	7	5	逌:𨔟=cjkvi-variants+wikidata 𠧠:𠧴=cjkvi-variants 𤨗:𤪇=cjkvi-variants 𤩤:𤪎=cjkvi-variants+wikidata
卤	鹵	15	17	16	䴚:𮭰=unihan+wikidata 䴝:𱊼=unihan+wikidata 滷:𰛮=unihan+wikidata 硵:磠=cjkvi-variants+opencc+unihan+wikidata+yitizi 鹺:鹾=cjkvi-variants+opencc+unihan+wikidata+yitizi 𢲸:𫼵=cjkvi-variants+unihan+wikidata 𪉖:𱊺=unihan+wikidata 𪉜:𬸵=cjkvi-variants+unihan+wikidata 𪉣:𱊻=unihan+wikidata 𪉨:𬸶=cjkvi-variants+unihan+wikidata 𪉮:𬸷=cjkvi-variants+unihan+wikidata 𪉱:𬸸=cjkvi-variants+unihan+wikidata 𪉸:𫜊=cjkvi-variants+opencc+unihan+wikidata 𪉿:𬸹=cjkvi-variants+unihan+wikidata 𪊉:𱊽=unihan+wikidata
卥	西	2	6	5	垔:𡍏=cjkvi-variants+wikidata 洒:𣶓=cjkvi-variants+mj-shrink-map+wikidata 湮:𣻶=wikidata 煙:𤎆=cjkvi-variants+wikidata 禋:𥛡=cjkvi-variants+wikidata
卩	阝	18	57	21	䘏:卹=cjkvi-variants+wikidata 䣂:𦓥=cjkvi-variants+wikidata 䣃:卸=cjkvi-variants+mj-shrink-map+wikidata 卬:𨙪=wikidata 卭:邛=cjkvi-variants+mj-shrink-map+wikidata 卯:𫑗=wikidata 卶:𨛅=wikidata 卻:郤=cjkvi-variants+wikidata 叩:𨙫=cjkvi-variants+wikidata 柳:𬂪=wikidata 笻:筇=cjkvi-variants+mj-shrink-map+yitizi 節:𫂉=mj-shrink-map+wikidata 邽:𭅶=wikidata 郃:𪠁=wikidata 郷:𭅼=mj-shrink-map 𣒂:𣓱=wikidata 𦃁:𦃛=cjkvi-variants 𦭎:𦭭=cjkvi-variants 𧌞:𧌴=wikidata 𨙭:𫭘=wikidata
卬	卭	4	5	5	䒢:𦭎=cjkvi-variants+wikidata 䭹:𩢞=cjkvi-variants 昂:昻=cjkvi-variants+hng-basic-data+mj-shrink-map+unihan+wikidata+yitizi 𩾱:𪀃=cjkvi-variants
卬	卯	6	23	8	㧕:抑=cjkvi-variants+wikidata 昂:昴=cjkvi-variants+wikidata 枊:柳=cjkvi-variants+wikidata 泖:𭯹=wikidata 聊:𦕅=wikidata 迎:𨒖=cjkvi-variants+wikidata 𠵫:𭈾=wikidata
卬	印	5	11	5	䩕:𩊕=cjkvi-variants+wikidata 仰:𠈟=wikidata 抑:𢬃=cjkvi-variants+mj-shrink-map+wikidata 昂:𰖄=wikidata 迎:𨒦=cjkvi-variants+wikidata
卭	邛	2	1	1	笻:筇=cjkvi-variants+mj-shrink-map+yitizi 𦭎:𦭭=cjkvi-variants
卮	巵	3	4	4	䝈:𧱒=cjkvi-variants 栀:梔=cjkvi-variants+mj-shrink-map+opencc+unihan+wikidata+yitizi 𨋜:𨌌=cjkvi-variants+wikidata
卯	夘	7	12	8	昴:𭥦=wikidata 柳:栁=cjkvi-variants+mj-shrink-map+unihan+wikidata 窌:𰩇=wikidata 鉚:𮡯=wikidata 𠥰:𰅫=wikidata 𨋖:𰹏=wikidata 𩖴:𱂾=wikidata
卯	戼	4	6	5	昴:𣆻=cjkvi-variants+mj-shrink-map+opencc+wikidata 窌:𥥺=cjkvi-variants+opencc+wikidata 茆:𦯆=cjkvi-variants+mj-shrink-map+wikidata 𨋖:𨌡=cjkvi-variants+wikidata
卯	𫝁	2	1	1	柳:𫞉=mj-shrink-map+wikidata 茆:𦮉=cjkvi-variants+wikidata
即	節	4	11	4	㘉:唧=cjkvi-variants 㸅:𤊵=cjkvi-variants+wikidata 楖:櫛=cjkvi-variants+mj-shrink-map+wikidata 𥠈:𥣮=cjkvi-variants+wikidata
却	卻	8	10	10	㑢:𠊬=cjkvi-variants+wikidata 㾡:𤷽=cjkvi-variants+unihan+wikidata 䖼:𧍕=cjkvi-variants+unihan+wikidata 脚:腳=cjkvi-variants+mj-shrink-map+opencc+unihan+wikidata+yitizi 腳:𦛶=cjkvi-variants+wikidata 𠳞:𠶸=cjkvi-variants+unihan 𢜭:𪫸=cjkvi-variants+unihan+wikidata 𨌞:𨍖=cjkvi-variants+wikidata
卷	眷	3	9	3	圈:𡈕=cjkvi-variants+mj-shrink-map+wikidata 睠:𰦀=wikidata 綣:𮈿=wikidata
卽	節	3	8	3	㸅:𤊵=cjkvi-variants+wikidata 楖:櫛=cjkvi-variants+mj-shrink-map+wikidata 𥠈:𥣮=cjkvi-variants+wikidata
厂	广	45	165	55	㕈:庡=cjkvi-variants+wikidata 㕉:𢈈=cjkvi-variants+wikidata 㕎:廅=cjkvi-variants+wikidata 㕑:廚=cjkvi-variants+mj-shrink-map+wikidata+yitizi 㕔:廳=cjkvi-variants+wikidata 㡸:厏=cjkvi-variants 䨾:厞=cjkvi-variants+wikidata 仄:庂=cjkvi-variants+wikidata 厎:底=cjkvi-variants+wikidata 厔:庢=cjkvi-variants+wikidata 厖:庬=cjkvi-variants+mj-shrink-map+unihan+wikidata+yitizi 厚:𢈲=cjkvi-variants+wikidata 厠:廁=cjkvi-variants+mj-shrink-map+opencc+unihan+wikidata+yitizi 厢:廂=cjkvi-variants+opencc+unihan+wikidata+yitizi 厦:廈=cjkvi-variants+opencc+unihan+wikidata+yitizi 厨:𢊍=unihan+yitizi 厩:廐=cjkvi-variants+mj-shrink-map+unihan+wikidata+yitizi 厪:廑=cjkvi-variants+unihan+wikidata+yitizi 厫:廒=cjkvi-variants+mj-shrink-map+wikidata 厭:𭙵=wikidata 厮:廝=cjkvi-variants+mj-shrink-map+opencc+unihan+wikidata+yitizi 厰:廠=cjkvi-variants+mj-shrink-map+unihan+wikidata+yitizi 厲:𭙿=wikidata 幮:𢅥=wikidata 庀:𠨬=cjkvi-variants+wikidata 庝:𠩁=cjkvi-variants+wikidata 庣:𠩓=cjkvi-variants+wikidata 庮:𠩚=cjkvi-variants+wikidata 廇:𠪐=wikidata 廉:𠪊=cjkvi-variants+mj-shrink-map+wikidata 廛:𠪨=cjkvi-variants+mj-shrink-map+wikidata 廜:𠪡=cjkvi-variants+wikidata 廦:𠪮=cjkvi-variants 廨:𪠘=cjkvi-variants+mj-shrink-map+wikidata 廬:𠫂=wikidata 櫉:櫥=wikidata+yitizi 瀍:𤁄=cjkvi-variants+wikidata 磿:𭚇=wikidata 菧:𦰘=cjkvi-variants+wikidata 躕:𨆼=wikidata 鄽:𨞬=cjkvi-variants 龎:龐=cjkvi-variants+mj-shrink-map+unihan+wikidata+yitizi 𠩸:𫷸=wikidata 𠪯:𢋇=cjkvi-variants 𠶲:𠷄=cjkvi-variants+wikidata 𣂀:𣂁=cjkvi-variants+wikidata 𣖅:𣖸=wikidata 𣤔:𭭖=wikidata 𧓋:𧔊=cjkvi-variants+wikidata 𧸪:𧸳=cjkvi-variants+wikidata 𧻀:𧻧=cjkvi-variants+wikidata 𩒣:𩒯=wikidata 𩖄:𩖆=cjkvi-variants+wikidata
厄	戹	11	13	12	㧖:扼=cjkvi-variants+mj-shrink-map+opencc+unihan+wikidata+yitizi 䝈:豟=cjkvi-variants+wikidata 呃:呝=cjkvi-variants+wikidata 枙:𣐖=cjkvi-variants 砈:砨=cjkvi-variants+wikidata 蚅:𧉵=cjkvi-variants+wikidata 軛:軶=cjkvi-variants+opencc+unihan+wikidata 阨:阸=cjkvi-variants+mj-shrink-map+unihan+wikidata+yitizi 𤜸:𤝤=cjkvi-variants 𧠏:𧠞=cjkvi-variants+wikidata 𩚚:𩚬=cjkvi-variants+wikidata
厄	𠂘	2	1	1	砈:𥑣=cjkvi-variants 𡛖:𡛣=cjkvi-variants+wikidata
厄	𠂬	6	8	7	㛂:𡛖=cjkvi-variants+wikidata 伌:𠈊=cjkvi-variants 扼:𢫷=cjkvi-variants 頋:𩒒=cjkvi-variants+wikidata 𦙜:𦛐=cjkvi-variants 𩵡:𩷁=cjkvi-variants
厄	𢨩	2	1	1	扼:𢬉=cjkvi-variants 阨:𨹖=wikidata
历	歷	17	22	18	㠣:𫵷=cjkvi-variants+opencc+unihan+wikidata 䍽:𦍠=cjkvi-variants+opencc+unihan+wikidata 䟐:𫎱=cjkvi-variants+opencc+unihan+wikidata 䥶:𬫂=cjkvi-variants+wikidata 儮:𮯸=unihan+wikidata 呖:嚦=cjkvi-variants+opencc+unihan+wikidata+yitizi 坜:壢=cjkvi-variants+opencc+unihan+wikidata+yitizi 枥:櫪=cjkvi-variants+opencc+unihan+wikidata+yitizi 沥:瀝=cjkvi-variants+opencc+unihan+wikidata+yitizi 疬:癧=cjkvi-variants+opencc+unihan+wikidata+yitizi 礰:𰦦=unihan+wikidata 苈:藶=cjkvi-variants+opencc+unihan+wikidata+yitizi 雳:靂=cjkvi-variants+opencc+unihan+wikidata+yitizi 𠠝:𫥳=cjkvi-variants+unihan+wikidata 𢤩:𪫡=cjkvi-variants+opencc+unihan+wikidata 𨇗:𬦣=cjkvi-variants+unihan+wikidata 𨟑:𮷨=unihan+wikidata
厈	斥	4	8	5	㟁:𡶜=cjkvi-variants+mj-shrink-map 䞣:𧻀=cjkvi-variants+wikidata 泝:𣳙=cjkvi-variants+mj-shrink-map+wikidata 訴:𧦡=cjkvi-variants+mj-shrink-map+opencc+wikidata
厉	厲	9	10	10	励:勵=cjkvi-variants+hng-basic-data+mj-shrink-map+opencc+unihan+wikidata+yitizi 栃:櫔=cjkvi-variants 濿:𪵱=cjkvi-variants+opencc+unihan+wikidata 爄:𤇃=cjkvi-variants+opencc+unihan+wikidata+yitizi 砺:礪=cjkvi-variants+opencc+unihan+wikidata+yitizi 粝:糲=cjkvi-variants+mj-shrink-map+opencc+unihan+wikidata+yitizi 蛎:蠣=cjkvi-variants+opencc+unihan+wikidata+yitizi 𠠏:𫥵=cjkvi-variants+unihan+wikidata 𨞺:𫟫=cjkvi-variants+opencc+unihan+wikidata
厌	厭	16	18	17	厣:厴=cjkvi-variants+opencc+unihan+wikidata+yitizi 嚈:𫩫=cjkvi-variants+unihan+wikidata 壓:𰉧=wikidata 嬮:𰋽=unihan+wikidata 恹:懨=cjkvi-variants+opencc+unihan+wikidata+yitizi 懕:𰑕=unihan+wikidata 擪:𰓙=unihan+wikidata 擫:𢬍=cjkvi-variants+opencc+unihan+wikidata 檿:𰗜=unihan+wikidata 靥:靨=cjkvi-variants+opencc+unihan+wikidata+yitizi 餍:饜=cjkvi-variants+opencc+unihan+wikidata+yitizi 魇:魘=cjkvi-variants+opencc+unihan+wikidata+yitizi 黡:黶=cjkvi-variants+opencc+unihan+wikidata+yitizi 𣴇:𰝜=unihan 𥀬:𪠏=cjkvi-variants+unihan+wikidata 𧞣:𰳹=unihan+wikidata
厓	崖	4	8	5	啀:嘊=cjkvi-variants+mj-shrink-map+wikidata 涯:漄=cjkvi-variants+mj-shrink-map+wikidata 睚:𥊅=cjkvi-variants+mj-shrink-map+wikidata 𪘬:𮯒=wikidata
厘	廛	4	13	5	䱳:𩼼=cjkvi-variants 湹:瀍=cjkvi-variants+wikidata 緾:纏=cjkvi-variants+wikidata 躔:𨂷=cjkvi-variants+wikidata
厤	歷	5	7	6	㺡:𤡫=cjkvi-variants+wikidata 䍽:𦏈=cjkvi-variants+wikidata 䟐:𧽺=cjkvi-variants+wikidata 櫪:𣙽=cjkvi-variants+wikidata 讈:𧬎=cjkvi-variants+wikidata
厤	𠩵	3	15	14	厯:𠪱=cjkvi-variants 攊:𫾐=cjkvi-variants 櫪:𭬒=mj-shrink-map+wikidata 歴:歷=cjkvi-variants+hng-basic-data+mj-shrink-map+opencc+unihan+wikidata+yitizi 瀝:𤁋=cjkvi-variants+mj-shrink-map+wikidata 癧:𭼰=mj-shrink-map 藶:𮒃=wikidata 轣:𮝬=mj-shrink-map+wikidata 靂:𮦷=mj-shrink-map+wikidata 𠪾:𢟍=cjkvi-variants 𧞿:𫌕=cjkvi-variants
厥	欮	3	5	3	橛:𣖬=cjkvi-variants+mj-shrink-map+wikidata 瘚:𤺤=cjkvi-variants+wikidata 蕨:𫟔=cjkvi-variants+mj-shrink-map+wikidata
厥	闕	3	5	3	㵐:灍=cjkvi-variants+wikidata 橛:𭬸=wikidata 蹶:𨇮=cjkvi-variants+mj-shrink-map+wikidata
厨	廚	4	5	5	㡡:幮=cjkvi-variants+wikidata 橱:櫥=cjkvi-variants+opencc+unihan+wikidata+yitizi 蟵:𧔋=cjkvi-variants+wikidata 蹰:躕=cjkvi-variants+opencc+unihan+wikidata+yitizi
厭	猒	3	10	10	㩎:擫=cjkvi-variants+wikidata 𣚕:𣝓=cjkvi-variants 𥜒:𮂘=wikidata
厲	萬	9	20	9	䊪:糲=cjkvi-variants+mj-shrink-map+wikidata 䜕:𧭡=cjkvi-variants+wikidata 噧:𡂖=cjkvi-variants+wikidata 巁:𡽇=cjkvi-variants+wikidata 櫔:𣜜=cjkvi-variants 犡:𤛶=cjkvi-variants+wikidata 禲:𥜍=cjkvi-variants+wikidata 蠇:蠣=cjkvi-variants+mj-shrink-map+wikidata 贎:𧸱=cjkvi-variants+wikidata
厳	嚴	2	1	1	儼:𠑊=cjkvi-variants+mj-shrink-map+wikidata 巌:巖=cjkvi-variants+hng-basic-data+opencc+wikidata+yitizi
厶	{25}	2	3	2	套:𡘷=cjkvi-variants+mj-shrink-map+wikidata 長:镸=cjkvi-variants+mj-shrink-map+wikidata 𨲵:𨲷=cjkvi-variants
厶	口	25	223	85	㔯:𠤰=cjkvi-variants 㕣:公=cjkvi-variants+wikidata 㦯:或=cjkvi-variants+mj-shrink-map+wikidata 㫟:昖=cjkvi-variants+wikidata 㯞:𣚓=cjkvi-variants 㳙:涓=cjkvi-variants+mj-shrink-map+wikidata 㻆:琄=cjkvi-variants+wikidata 䏍:肙=cjkvi-variants+mj-shrink-map+wikidata 䑦:𦨛=cjkvi-variants+wikidata 䓲:𦲮=cjkvi-variants+wikidata 䛇:訟=cjkvi-variants 䧎:𨹆=cjkvi-variants+wikidata 䧺:雄=cjkvi-variants+mj-shrink-map+wikidata 䬲:𩚘=cjkvi-variants+wikidata 䳌:鵑=cjkvi-variants+mj-shrink-map+wikidata 傊:𠋏=cjkvi-variants+wikidata 充:𠑽=cjkvi-variants+mj-shrink-map+wikidata 兊:兌=cjkvi-variants+mj-shrink-map+wikidata 兖:兗=cjkvi-variants+mj-shrink-map+opencc+unihan+wikidata+yitizi 勾:句=cjkvi-variants+wikidata+yitizi 厷:右=cjkvi-variants+wikidata 厹:叴=cjkvi-variants+unihan+wikidata+yitizi 吊:𢁔=cjkvi-variants+wikidata 呆:𠫡=wikidata 呴:𠯜=cjkvi-variants 和:私=cjkvi-variants+wikidata 員:貟=cjkvi-variants+mj-shrink-map+wikidata 哾:𠱕=cjkvi-variants+wikidata 圎:圓=cjkvi-variants+mj-shrink-map+wikidata+yitizi 塤:𡎖=cjkvi-variants+wikidata 夠:𡖜=cjkvi-variants+wikidata 姢:娟=cjkvi-variants+mj-shrink-map+wikidata+yitizi 宏:𡧣=mj-shrink-map 宲:𪧌=cjkvi-variants+wikidata 岣:𡵺=cjkvi-variants+mj-shrink-map+wikidata 弘:𪪺=cjkvi-variants+mj-shrink-map+wikidata 強:强=cjkvi-variants+mj-shrink-map+opencc+unihan+wikidata+yitizi 怐:𢗕=cjkvi-variants+mj-shrink-map+wikidata 恱:悅=cjkvi-variants+wikidata 抅:拘=cjkvi-variants+mj-shrink-map+wikidata 挩:𢬁=cjkvi-variants+wikidata 松:柗=cjkvi-variants+mj-shrink-map+wikidata 沟:泃=cjkvi-variants+wikidata 治:𣳮=cjkvi-variants+mj-shrink-map+wikidata 滚:滾=cjkvi-variants+mj-shrink-map+opencc+unihan+wikidata+yitizi 牟:𰠧=wikidata 痀:𤵆=wikidata 磙:𥕦=cjkvi-variants+wikidata 竊:𫁝=cjkvi-variants 竘:𥩞=cjkvi-variants+wikidata 笱:𥬉=wikidata 紘:𮈆=wikidata 統:綂=cjkvi-variants+mj-shrink-map+unihan+wikidata+yitizi 総:縂=cjkvi-variants+mj-shrink-map+yitizi 繈:繦=cjkvi-variants+mj-shrink-map+unihan+wikidata+yitizi 舩:船=cjkvi-variants+hng-basic-data+mj-shrink-map+wikidata+yitizi 芶:苟=cjkvi-variants+wikidata 茺:𦯇=cjkvi-variants+mj-shrink-map+wikidata 莌:𦮀=cjkvi-variants+wikidata 萒:𦳆=cjkvi-variants+wikidata 蒟:𦵑=cjkvi-variants+wikidata 蓘:蔉=cjkvi-variants+wikidata+yitizi 虽:𧈧=cjkvi-variants 衮:袞=cjkvi-variants+mj-shrink-map+opencc+unihan+wikidata+yitizi 袁:𡋡=cjkvi-variants+wikidata 袧:𧘤=cjkvi-variants+wikidata 豞:𧰴=cjkvi-variants+wikidata 軥:𨊵=cjkvi-variants+wikidata 醢:𨡿=cjkvi-variants+wikidata 鈆:鉛=cjkvi-variants+mj-shrink-map+unihan+wikidata+yitizi 鈎:鉤=cjkvi-variants+hng-basic-data+opencc+unihan+wikidata+yitizi 銳:𨦣=cjkvi-variants+wikidata 雖:𨿽=cjkvi-variants+mj-shrink-map+wikidata 駽:𩢺=cjkvi-variants+wikidata 鮈:𩵻=wikidata 鶰:𪃰=cjkvi-variants+wikidata 麰:𪌸=cjkvi-variants+wikidata 齁:𪖙=cjkvi-variants+unihan+wikidata+yitizi 𠙆:𠙏=cjkvi-variants 𠚸:𠛎=cjkvi-variants+wikidata 𠹝:𣓕=wikidata 𢛋:𢞈=cjkvi-variants 𣧔:𣧬=cjkvi-variants+wikidata 𣽕:𣿏=cjkvi-variants+wikidata 𤠔:𪻅=cjkvi-variants 𦊰:𦋀=cjkvi-variants 𦮌:𦮻=cjkvi-variants+wikidata 𧶀:𧶊=cjkvi-variants 𨍽:𨎊=cjkvi-variants+wikidata 𨑪:𨒄=cjkvi-variants 𨸮:𱀄=wikidata 𩆹:𩇂=cjkvi-variants
厷	宏	10	25	11	㢬:𭚴=wikidata 吰:𠴈=cjkvi-variants+wikidata 汯:浤=cjkvi-variants+wikidata 硡:𥐪=cjkvi-variants+wikidata 竑:竤=cjkvi-variants+wikidata 紘:綋=cjkvi-variants+mj-shrink-map+wikidata 翃:翝=cjkvi-variants+wikidata 耾:𦕹=cjkvi-variants+wikidata 谹:𮙎=wikidata 閎:𨴵=wikidata
厸	⿰{58}刀	2	3	2	留:𤱊=cjkvi-variants+mj-shrink-map+wikidata 貿:𧴵=cjkvi-variants+mj-shrink-map+wikidata 鄮:𨝤=cjkvi-variants+wikidata
厸	吅	4	14	6	單:𠫹=cjkvi-variants+wikidata 嬋:𡠐=cjkvi-variants+mj-shrink-map+wikidata 斚:斝=cjkvi-variants+mj-shrink-map+unihan+wikidata+yitizi 晉:𣈆=cjkvi-variants+mj-shrink-map+wikidata 襄:𮖠=mj-shrink-map+wikidata 鄑:𨝶=cjkvi-variants+wikidata
厺	去	3	8	4	㳒:法=cjkvi-variants+mj-shrink-map+wikidata 刦:𠛗=cjkvi-variants 胠:𦚁=cjkvi-variants+mj-shrink-map+opencc+wikidata
去	太	2	41	16	㗐:嗑=cjkvi-variants+mj-shrink-map+opencc+wikidata 䗘:𮔡=wikidata 壒:𡑷=cjkvi-variants+mj-shrink-map+wikidata 榼:𣖁=cjkvi-variants+mj-shrink-map+opencc+wikidata 溘:𣹆=cjkvi-variants+mj-shrink-map+opencc+wikidata 灩:𤅿=cjkvi-variants+mj-shrink-map+wikidata 盇:盍=cjkvi-variants+mj-shrink-map+unihan+wikidata+yitizi 磕:𥔐=cjkvi-variants+mj-shrink-map+opencc+wikidata 葢:蓋=cjkvi-variants+hng-basic-data+mj-shrink-map+opencc+unihan+wikidata+yitizi 豓:豔=cjkvi-variants+mj-shrink-map+opencc+unihan+wikidata+yitizi 闔:𨵵=cjkvi-variants+mj-shrink-map+opencc+wikidata 饁:𩝉=cjkvi-variants+mj-shrink-map+opencc+wikidata 𣣥:𣣹=cjkvi-variants+wikidata 𤸙:𤸱=cjkvi-variants+wikidata 𧰚:𧰟=cjkvi-variants 𨜨:𨜴=cjkvi-variants+wikidata
去	能	3	33	15	䆉:𫁂=cjkvi-variants+opencc+unihan+wikidata 䎬:䎱=cjkvi-variants+opencc+unihan+wikidata 䙓:襬=cjkvi-variants+opencc+unihan+wikidata+yitizi 摆:擺=cjkvi-variants+opencc+unihan+wikidata+yitizi 犤:𰠹=unihan+wikidata 矲:𰦜=unihan+wikidata 罢:罷=cjkvi-variants+mj-shrink-map+opencc+unihan+wikidata+yitizi 罴:羆=cjkvi-variants+opencc+unihan+wikidata+yitizi 藣:𰱯=unihan+wikidata 𡓁:𪤄=cjkvi-variants+opencc+unihan 𣘓:𣞻=cjkvi-variants+opencc+unihan+yitizi 𣺽:𤁣=cjkvi-variants+opencc+unihan+wikidata+yitizi 𤳄:𤳸=cjkvi-variants+opencc+unihan+yitizi 𤳷:𪽝=cjkvi-variants+opencc+unihan 𦃿:𬘊=wikidata
厽	品	3	12	4	㜗:𡣏=cjkvi-variants+wikidata 參:𠻝=cjkvi-variants+wikidata 臊:𦟅=cjkvi-variants+wikidata 𥳋:𥶟=cjkvi-variants
厽	田	3	17	9	㹎:𤛡=cjkvi-variants+wikidata 䉂:𥳮=cjkvi-variants+wikidata 摞:𢴱=cjkvi-variants+wikidata 樏:𣚎=cjkvi-variants 累:絫=cjkvi-variants+mj-shrink-map+wikidata 縲:𦅍=cjkvi-variants+wikidata 𡻭:𡼊=cjkvi-variants+wikidata 𤮉:𤮎=cjkvi-variants+wikidata 𥉹:𥊻=cjkvi-variants+wikidata
厽	畾	6	19	9	㒍:儽=cjkvi-variants+wikidata 垒:壘=cjkvi-variants+opencc+unihan+wikidata+yitizi 灅:𣸫=cjkvi-variants 絫:纍=cjkvi-variants+wikidata 纝:𦅍=cjkvi-variants 蘽:𦶖=cjkvi-variants+wikidata 虆:𮑙=wikidata 𡼊:𡿜=cjkvi-variants+wikidata 𥊻:𥍔=cjkvi-variants
叀	專	6	7	7	嫥:𡞍=cjkvi-variants+wikidata 摶:𢮨=cjkvi-variants+wikidata 漙:𣶣=cjkvi-variants+wikidata 篿:𥮔=cjkvi-variants+wikidata 縳:𦁆=cjkvi-variants+wikidata 膞:𦝏=cjkvi-variants
叁	參	5	7	6	嘇:𭈧=wikidata 惨:慘=cjkvi-variants+hng-basic-data+mj-shrink-map+opencc+unihan+wikidata+yitizi 縿:𫃰=wikidata 蔘:𦲞=cjkvi-variants+wikidata 襂:𫌄=cjkvi-variants
参	參	38	43	40	㓄:𪠟=cjkvi-variants+opencc+unihan 㜗:𡞋=cjkvi-variants+opencc+unihan 㟥:嵾=cjkvi-variants+opencc+unihan+wikidata 㠁:𫶅=cjkvi-variants+unihan+wikidata 㡎:幓=cjkvi-variants+opencc+unihan+wikidata 㺑:𬌷=cjkvi-variants+unihan+wikidata 䅟:穇=cjkvi-variants+opencc+unihan+wikidata 䟃:𫎺=cjkvi-variants+opencc+unihan+wikidata 傪:𫢺=cjkvi-variants+unihan+wikidata 嘇:𰇼=unihan 墋:𫮅=cjkvi-variants+mj-shrink-map+unihan+wikidata 惨:慘=cjkvi-variants+hng-basic-data+mj-shrink-map+opencc+unihan+wikidata+yitizi 掺:摻=cjkvi-variants+opencc+unihan+wikidata+yitizi 椮:槮=cjkvi-variants+opencc+unihan+wikidata 毵:毿=cjkvi-variants+opencc+unihan+wikidata+yitizi 毶:𣯶=cjkvi-variants+opencc+unihan+wikidata 渗:滲=cjkvi-variants+opencc+unihan+wikidata+yitizi 瘆:瘮=cjkvi-variants+opencc+unihan+wikidata+yitizi 碜:磣=cjkvi-variants+opencc+unihan+wikidata+yitizi 篸:𥮾=cjkvi-variants+opencc+unihan+wikidata 糁:糝=cjkvi-variants+opencc+unihan+wikidata+yitizi 縿:𫃰=wikidata 蔘:𦲞=cjkvi-variants+wikidata 襂:𰴂=unihan+wikidata 謲:𬢳=cjkvi-variants+unihan+wikidata 贂:𬥞=cjkvi-variants+wikidata 醦:𮠳=unihan+wikidata 鏒:𨨕=cjkvi-variants 驂:𬳯=cjkvi-variants+wikidata 鬖:𩭹=cjkvi-variants+opencc+unihan+wikidata 鯵:鰺=cjkvi-variants+wikidata 黪:黲=cjkvi-variants+opencc+unihan+wikidata+yitizi 𠗿:𰄁=unihan+wikidata 𢕕:𱝳=unihan 𤍜:𰞷=unihan+wikidata 𧂅:𬞣=cjkvi-variants+unihan+wikidata 𩅙:𫕨=cjkvi-variants+opencc+unihan 𬯊:𬯘=cjkvi-variants+unihan+wikidata 𮜒:𰸙=wikidata
參	叄	2	1	1	㺑:𤡙=cjkvi-variants+wikidata 慘:𢠊=cjkvi-variants+wikidata
參	叅	24	32	25	㵕:滲=cjkvi-variants+mj-shrink-map+wikidata 㽩:𤳒=cjkvi-variants+wikidata 䟃:𧾋=cjkvi-variants+wikidata 䫩:𩕞=cjkvi-variants+wikidata 嘇:𭋁=wikidata 墋:𡑐=cjkvi-variants+wikidata 嵾:𡼶=cjkvi-variants+wikidata 慘:𢡖=cjkvi-variants+mj-shrink-map+wikidata 摻:撡=cjkvi-variants+wikidata 槮:𣚈=cjkvi-variants+mj-shrink-map+wikidata 毿:𣯺=cjkvi-variants+mj-shrink-map+wikidata 犙:𤛤=cjkvi-variants+wikidata 瘮:𤺑=cjkvi-variants 磣:𥕺=cjkvi-variants+wikidata 篸:𥳋=cjkvi-variants+wikidata 蔘:𦼒=cjkvi-variants+mj-shrink-map+wikidata 遪:𨗘=cjkvi-variants+wikidata 醦:𨣔=cjkvi-variants 鬖:𩯑=cjkvi-variants+mj-shrink-map+wikidata 鰺:𩻦=cjkvi-variants 𤨵:𤩨=cjkvi-variants+wikidata 𧑁:𧑫=cjkvi-variants 𩌰:𩍑=cjkvi-variants+wikidata 𩞀:𩞼=cjkvi-variants
參	喿	14	41	15	㓄:𣜣=cjkvi-variants+wikidata 㺑:𤢖=cjkvi-variants+wikidata 剼:劋=cjkvi-variants 幓:幧=cjkvi-variants 慘:懆=cjkvi-variants+wikidata 燥:𤍜=cjkvi-variants+mj-shrink-map+wikidata 糝:𥼾=cjkvi-variants+wikidata 藻:𮒌=wikidata 謲:譟=cjkvi-variants+wikidata 躁:𮜒=mj-shrink-map+wikidata 驂:𮪚=wikidata 髞:𩫦=cjkvi-variants+mj-shrink-map+wikidata 鬖:𩯟=cjkvi-variants+mj-shrink-map+wikidata 鰺:鱢=cjkvi-variants+wikidata
參	𠫵	2	2	1	穇:𥠩=cjkvi-variants+wikidata 鰺:𩹧=cjkvi-variants
叅	喿	9	23	9	撡:操=cjkvi-variants+wikidata 燥:𤏟=cjkvi-variants+mj-shrink-map+wikidata 璪:𤩨=cjkvi-variants+wikidata 繰:𦅒=mj-shrink-map 臊:𦠨=cjkvi-variants+mj-shrink-map+wikidata 藻:𧁑=cjkvi-variants+mj-shrink-map+wikidata 躁:𨅶=cjkvi-variants+mj-shrink-map+wikidata 鱢:𩻦=cjkvi-variants+wikidata 𩯑:𩯟=cjkvi-variants
又	⿱业𦍌	7	14	11	㬣:𬀮=cjkvi-variants+unihan+wikidata 㳔:濧=cjkvi-variants+opencc+unihan+wikidata+yitizi 䨴:𱁒=unihan+wikidata 对:對=cjkvi-variants+mj-shrink-map+opencc+unihan+wikidata+yitizi 怼:懟=cjkvi-variants+opencc+unihan+wikidata+yitizi 树:𣝉=cjkvi-variants 薱:𰰱=unihan+wikidata 襨:𰳸=unihan+wikidata 𠏮:𫢘=cjkvi-variants+unihan+wikidata 𡽵:𫵹=cjkvi-variants+unihan+wikidata 𢫊:𢷮=cjkvi-variants+opencc+unihan+wikidata+yitizi
又	⿳⿱⿻⿰丨丨丷一䒑土	7	13	11	㬣:𬀮=cjkvi-variants+unihan+wikidata 㳔:濧=cjkvi-variants+opencc+unihan+wikidata+yitizi 䨴:𱁒=unihan+wikidata 对:對=cjkvi-variants+mj-shrink-map+opencc+unihan+wikidata+yitizi 怼:懟=cjkvi-variants+opencc+unihan+wikidata+yitizi 树:𣝉=cjkvi-variants 薱:𰰱=unihan+wikidata 襨:𰳸=unihan+wikidata 𠏮:𫢘=cjkvi-variants+unihan+wikidata 𡽵:𫵹=cjkvi-variants+unihan+wikidata 𢫊:𢷮=cjkvi-variants+opencc+unihan+wikidata+yitizi
又	⿳⿱⿻⿰丨丨丷一丷王	7	13	11	㬣:𬀮=cjkvi-variants+unihan+wikidata 㳔:濧=cjkvi-variants+opencc+unihan+wikidata+yitizi 䨴:𱁒=unihan+wikidata 对:對=cjkvi-variants+mj-shrink-map+opencc+unihan+wikidata+yitizi 怼:懟=cjkvi-variants+opencc+unihan+wikidata+yitizi 树:𣝉=cjkvi-variants 薱:𰰱=unihan+wikidata 襨:𰳸=unihan+wikidata 𠏮:𫢘=cjkvi-variants+unihan+wikidata 𡽵:𫵹=cjkvi-variants+unihan+wikidata 𢫊:𢷮=cjkvi-variants+opencc+unihan+wikidata+yitizi
又	夊	10	21	11	䇱:笝=cjkvi-variants+wikidata 变:変=yitizi 夃:𡕔=wikidata+yitizi 夑:燮=wikidata 畟:𤰯=cjkvi-variants+wikidata 鋄:錽=cjkvi-variants+wikidata+yitizi 隻:𨾏=cjkvi-variants+mj-shrink-map+wikidata 雙:𩀱=cjkvi-variants+wikidata 𣷷:𭱝=wikidata 𦯘:𦲯=cjkvi-variants+wikidata
又	𦰩	13	32	18	㬮:𰖠=unihan+wikidata 㰙:𣗙=cjkvi-variants+opencc+unihan+wikidata 㸐:𬊾=cjkvi-variants+unihan+wikidata 傩:儺=cjkvi-variants+opencc+unihan+wikidata+yitizi 叹:嘆=cjkvi-variants+opencc+unihan+wikidata+yitizi 戁:𫺷=cjkvi-variants+unihan+wikidata 摊:攤=cjkvi-variants+opencc+unihan+wikidata+yitizi 欢:歎=cjkvi-variants+wikidata 汉:漢=cjkvi-variants+opencc+unihan+wikidata+yitizi 滩:灘=cjkvi-variants+opencc+unihan+wikidata+yitizi 瘫:癱=cjkvi-variants+opencc+unihan+wikidata+yitizi 臡:𰯋=unihan+wikidata 艰:艱=cjkvi-variants+opencc+unihan+wikidata+yitizi 难:難=cjkvi-variants+opencc+unihan+wikidata+yitizi 𡁚:𭇙=unihan+wikidata 𡅧:𭉼=unihan+wikidata 𤓌:𪹠=cjkvi-variants+opencc+unihan+wikidata 𦟗:𦣎=cjkvi-variants+opencc+unihan+yitizi
又	𮥶	3	10	3	劝:勧=mj-shrink-map 权:権=cjkvi-variants+mj-shrink-map 覌:観=mj-shrink-map+yitizi
友	犮	10	15	12	妭:𡛀=cjkvi-variants 抜:拔=cjkvi-variants+hng-basic-data+mj-shrink-map+opencc+unihan+wikidata+yitizi 沷:𰛍=wikidata 盋:𥁊=cjkvi-variants 翇:𦐓=cjkvi-variants+wikidata 胈:𦙓=cjkvi-variants 苃:茇=cjkvi-variants 髪:髮=cjkvi-variants+hng-basic-data+mj-shrink-map+opencc+unihan+wikidata+yitizi 鮁:𩵼=cjkvi-variants 𢇬:𢇷=cjkvi-variants
双	雙	8	9	9	㧐:㩳=cjkvi-variants+opencc+unihan+wikidata+yitizi 䉶:𫁷=cjkvi-variants+opencc+unihan+wikidata 孇:𪥫=cjkvi-variants+opencc+unihan+wikidata 欆:𮲮=unihan+wikidata 艭:𰰋=unihan+wikidata 𢥠:𫹷=cjkvi-variants+unihan+wikidata 𧉐:𧕟=cjkvi-variants+opencc+unihan+wikidata 𨇯:𰸇=unihan+wikidata
収	收	2	1	1	荍:𮎢=wikidata 𤙘:𭷘=wikidata
叏	夬	10	11	11	䏐:𦚀=cjkvi-variants+wikidata 快:𢘦=cjkvi-variants+mj-shrink-map+wikidata 抉:𱟰=opencc 決:𣲺=cjkvi-variants+mj-shrink-map+opencc+wikidata 炔:𤆿=cjkvi-variants+wikidata 玦:𤤏=cjkvi-variants+mj-shrink-map+opencc+wikidata 缺:𦈫=cjkvi-variants+mj-shrink-map+opencc+wikidata 訣:𧦾=cjkvi-variants+mj-shrink-map+opencc+wikidata 趹:𨀆=cjkvi-variants+opencc+wikidata 鈌:𨥻=cjkvi-variants+opencc+wikidata
叐	犮	11	20	13	㧞:拔=cjkvi-variants+mj-shrink-map+wikidata 䟦:跋=cjkvi-variants+mj-shrink-map+wikidata 䮂:𩢚=cjkvi-variants+wikidata 坺:𰉠=wikidata 柭:𣐪=cjkvi-variants+wikidata 祓:𬒲=cjkvi-variants+mj-shrink-map+wikidata 秡:𮂺=wikidata 紱:𥿈=cjkvi-variants+mj-shrink-map+wikidata 茇:𦭞=cjkvi-variants+wikidata 𢂛:𢂤=cjkvi-variants+wikidata 𤤒:𤤣=cjkvi-variants+wikidata
发	發	12	18	15	㗶:𭇜=unihan+wikidata 䉬:𫂈=cjkvi-variants+opencc+unihan+wikidata+yitizi 墢:𫭨=cjkvi-variants+unihan+wikidata 废:廢=cjkvi-variants+opencc+unihan+wikidata+yitizi 拨:撥=cjkvi-variants+opencc+unihan+wikidata+yitizi 橃:𭩰=unihan+wikidata 櫠:𪲮=cjkvi-variants+opencc+unihan+wikidata 泼:潑=cjkvi-variants+opencc+unihan+wikidata+yitizi 癈:𬏦=cjkvi-variants+unihan+wikidata 蕟:𬜧=cjkvi-variants+unihan+wikidata 袯:襏=cjkvi-variants+opencc+unihan+yitizi 蹳:𫏆=cjkvi-variants+opencc+unihan+wikidata 酦:醱=cjkvi-variants+opencc+unihan+wikidata+yitizi 𥳊:𬔹=cjkvi-variants+unihan+wikidata
叓	吏	2	1	1	使:𠉕=cjkvi-variants+mj-shrink-map+opencc+wikidata 𩢲:𩣬=wikidata
叔	尗	7	16	8	䱙:鮛=cjkvi-variants+wikidata 寂:𡧯=cjkvi-variants+mj-shrink-map+wikidata 惄:𢙤=cjkvi-variants+wikidata 椒:𣐹=cjkvi-variants+mj-shrink-map+wikidata 淑:𰛧=wikidata 踧:𨀚=cjkvi-variants+mj-shrink-map+wikidata 𠱙:𠴫=cjkvi-variants+wikidata
叔	𠦑	7	8	8	寂:𡨜=cjkvi-variants+mj-shrink-map+wikidata 掓:𰓹=wikidata 椒:𣒏=cjkvi-variants+wikidata 督:𥆳=cjkvi-variants+mj-shrink-map+wikidata 菽:𦯂=cjkvi-variants+mj-shrink-map+wikidata 裻:𧚛=cjkvi-variants+wikidata 踧:𨁕=cjkvi-variants+mj-shrink-map+wikidata
取	耴	4	8	6	㖩:𠲷=cjkvi-variants+wikidata 㳧:𭰮=wikidata 㷅:𤈨=cjkvi-variants+wikidata 趣:𧼈=cjkvi-variants+wikidata
取	𦔮	10	29	10	㖩:𠲷=cjkvi-variants+wikidata 㡇:𢃣=cjkvi-variants+wikidata 㤴:𢛏=cjkvi-variants+wikidata 㳧:𭰮=wikidata 㷅:𤈨=cjkvi-variants+wikidata 趣:𧼈=cjkvi-variants+wikidata 踂:踙=cjkvi-variants+wikidata 輒:輙=cjkvi-variants+hng-basic-data+mj-shrink-map+unihan+wikidata+yitizi 銸:鋷=cjkvi-variants+wikidata 𩂻:𱁝=wikidata
受	𤔔	3	4	3	亂:𠃶=cjkvi-variants+mj-shrink-map+wikidata 覶:𧡓=cjkvi-variants+wikidata 辤:辭=cjkvi-variants+unihan+wikidata+yitizi
变	變	4	5	5	𡍣:𡔖=cjkvi-variants+opencc 𣷷:𤅶=cjkvi-variants+opencc+wikidata 𤊰:𤓩=cjkvi-variants+opencc+wikidata 𫶄:𫶦=unihan+wikidata
叜	⿳穴𠆢又	2	5	5	䤹:𨨿=cjkvi-variants 𠊯:𠋢=cjkvi-variants
叜	叟	26	40	32	㛮:嫂=cjkvi-variants+mj-shrink-map+wikidata 㪢:𢾐=cjkvi-variants+wikidata 㮴:𣔱=cjkvi-variants+wikidata 䏂:𦖪=cjkvi-variants+wikidata 䑹:艘=cjkvi-variants+wikidata 䕅:𦺋=cjkvi-variants+wikidata 䗏:螋=cjkvi-variants+wikidata 䤹:鎪=cjkvi-variants+wikidata+yitizi 䩳:𩌅=cjkvi-variants+wikidata 䬒:颼=cjkvi-variants+unihan+wikidata+yitizi 䮟:騪=cjkvi-variants 䱸:𩹔=wikidata 傁:𠋢=cjkvi-variants 廀:廋=cjkvi-variants+unihan+wikidata+yitizi 搜:𢯱=cjkvi-variants+mj-shrink-map+unihan+wikidata+yitizi 溲:𣸈=cjkvi-variants+mj-shrink-map+wikidata 獀:𤟫=cjkvi-variants+opencc+wikidata 瘦:𤸃=cjkvi-variants+mj-shrink-map+wikidata 瞍:𥈟=cjkvi-variants+unihan+wikidata+yitizi 謏:𧩮=cjkvi-variants 鄋:𨜛=cjkvi-variants+wikidata 醙:𨡻=cjkvi-variants+wikidata 餿:𩜯=cjkvi-variants+wikidata 𠩹:𠪇=cjkvi-variants+wikidata 𣮬:𣯜=cjkvi-variants+wikidata 𧼭:𧽏=cjkvi-variants+wikidata 𨺦:𱀥=wikidata
叞	尉	2	1	1	蔚:𦵥=cjkvi-variants+mj-shrink-map+wikidata 褽:𧛽=cjkvi-variants+wikidata
叟	⿳穴𠆢又	14	17	15	㮴:𣔱=cjkvi-variants+wikidata 䤇:醙=cjkvi-variants+wikidata+yitizi 䬒:颼=cjkvi-variants+unihan+wikidata+yitizi 䮟:騪=cjkvi-variants 嗖:𠷃=cjkvi-variants+wikidata 搜:𢯱=cjkvi-variants+mj-shrink-map+unihan+wikidata+yitizi 瞍:𥈃=cjkvi-variants+wikidata 謏:𧩮=cjkvi-variants 鄋:𨜛=cjkvi-variants+wikidata 鎪:𨨿=wikidata 餿:𩜯=cjkvi-variants+wikidata 𣮬:𣯜=cjkvi-variants+wikidata 𥔉:𥕋=wikidata 𧼭:𧽏=cjkvi-variants+wikidata
叟	⿳穴𠆢夕	4	6	5	搜:摉=cjkvi-variants+wikidata 瞍:𥉡=wikidata 鎪:𨫂=wikidata 餿:𩝯=wikidata
叟	𡨼	4	9	5	獀:𤡗=cjkvi-variants+wikidata 瞍:𰦁=wikidata 鄋:𰻻=wikidata 餿:𮩏=wikidata
叠	疊	3	4	4	㩹:𢶣=cjkvi-variants+unihan+yitizi 㲲:𬇇=cjkvi-variants+unihan+wikidata 𣜖:𣡭=cjkvi-variants+wikidata
口	{50}	3	47	22	㔽:卣=cjkvi-variants+mj-shrink-map+wikidata 㺿:𮴐=wikidata 䛗:𧧃=wikidata 姫:姬=cjkvi-variants+hng-basic-data+mj-shrink-map+opencc+wikidata+yitizi 宦:宧=cjkvi-variants 尀:𡬡=cjkvi-variants+wikidata 弫:弬=cjkvi-variants 栕:𣐵=cjkvi-variants 煕:𤋮=cjkvi-variants+mj-shrink-map 熙:𤋮=cjkvi-variants+mj-shrink-map+wikidata 臣:𦣞=cjkvi-variants 臤:𠭃=cjkvi-variants+wikidata 茝:茞=cjkvi-variants 賾:𦣱=cjkvi-variants+wikidata 頣:頤=cjkvi-variants+unihan+yitizi 𠱸:𠲬=cjkvi-variants 𤇴:𤇸=cjkvi-variants 𤱥:𤱻=cjkvi-variants 𦂳:𦃂=cjkvi-variants 𦚟:𦚠=cjkvi-variants 𩠝:𩠡=cjkvi-variants 𩠞:𩠢=cjkvi-variants
口	{67}	4	21	16	勔:𠡳=cjkvi-variants+wikidata 回:囬=cjkvi-variants+mj-shrink-map+unihan+wikidata+yitizi 媔:𡞎=cjkvi-variants+wikidata 廻:廽=cjkvi-variants+mj-shrink-map+yitizi 湎:𭰫=wikidata 緬:𬗟=wikidata 蛔:蜖=cjkvi-variants+wikidata+yitizi 諄:𧩽=cjkvi-variants+mj-shrink-map+wikidata 迴:逥=cjkvi-variants+wikidata 面:靣=cjkvi-variants+mj-shrink-map+wikidata 高:髙=cjkvi-variants+mj-shrink-map+unihan+wikidata+yitizi 麵:𬹃=wikidata 𣮗:𣮻=cjkvi-variants 𩞒:𩞮=cjkvi-variants 𬍭:𬍵=wikidata
口	曰	3	18	8	㫚:𠯳=cjkvi-variants 㭼:𣒩=cjkvi-variants+wikidata 㳷:𭰞=wikidata 䐇:脗=cjkvi-variants+yitizi 𦧞:𦧟=wikidata
口	𠘧	2	42	16	役:𭛠=mj-shrink-map+wikidata 投:𭠘=mj-shrink-map+wikidata 殳:𪠲=cjkvi-variants 殷:𭮱=mj-shrink-map+wikidata 殸:𭮶=wikidata 殹:𥏏=cjkvi-variants+wikidata 毄:𭮼=wikidata 没:𣳚=cjkvi-variants 聲:𮋻=mj-shrink-map+wikidata 般:𮎆=mj-shrink-map+wikidata 芟:𰰭=wikidata 設:𮘂=mj-shrink-map+wikidata 軗:𮝇=wikidata 𠚹:𭃒=wikidata 𨱚:𨱮=cjkvi-variants 𩑦:𮨄=wikidata
只	戠	18	23	20	䛊:識=cjkvi-variants+wikidata 嬂:𡛰=cjkvi-variants 帜:幟=cjkvi-variants+opencc+unihan+wikidata+yitizi 怾:𢡠=cjkvi-variants 抧:𢴠=cjkvi-variants 枳:樴=cjkvi-variants 炽:熾=cjkvi-variants+opencc+unihan+wikidata+yitizi 积:𥢧=cjkvi-variants 織:𥿗=cjkvi-variants 职:職=cjkvi-variants+opencc+unihan+wikidata+yitizi 胑:膱=cjkvi-variants 蘵:𰱲=unihan+wikidata 蟙:𧊄=cjkvi-variants+wikidata 軄:𨈪=cjkvi-variants 𣲵:𣽚=cjkvi-variants 𦭜:𦺿=cjkvi-variants 𧙋:𧝊=cjkvi-variants 𩬫:𩯈=cjkvi-variants 𪼞:𮴉=wikidata
召	𠮦	2	1	1	招:𭠡=mj-shrink-map+wikidata 昭:𫞃=cjkvi-variants+mj-shrink-map+wikidata
可	阿	7	17	7	䋍:䋪=cjkvi-variants+wikidata 呵:啊=cjkvi-variants 妸:婀=cjkvi-variants+mj-shrink-map+wikidata 疴:痾=cjkvi-variants+opencc+unihan+wikidata+yitizi 砢:𮀫=wikidata 鈳:錒=cjkvi-variants+mj-shrink-map+wikidata 閜:𨵌=cjkvi-variants
台	臺	5	18	6	抬:擡=cjkvi-variants+mj-shrink-map+opencc+unihan+wikidata+yitizi 枱:檯=cjkvi-variants+opencc+unihan+wikidata+yitizi 苔:薹=cjkvi-variants+opencc 駘:𩦽=cjkvi-variants+mj-shrink-map+wikidata 𢅣:𭘚=unihan
史	吏	5	16	5	㳏:𣳪=cjkvi-variants+wikidata 駛:𩢲=cjkvi-variants+mj-shrink-map+unihan+wikidata+yitizi 𧲬:𧳅=cjkvi-variants+wikidata 𩰡:𩰢=cjkvi-variants 𫾫:𭣥=wikidata
叹	{11}	2	9	6	㖤:𠷭=cjkvi-variants+wikidata 㴠:涵=cjkvi-variants+mj-shrink-map+wikidata 䈄:𮅮=wikidata 䤴:𫒶=cjkvi-variants+wikidata 函:凾=cjkvi-variants+hng-basic-data+mj-shrink-map+unihan+wikidata+yitizi 菡:𦴻=cjkvi-variants+wikidata
吅	⿰{58}刀	2	7	5	㽞:留=cjkvi-variants+mj-shrink-map+wikidata 溜:𰜵=wikidata 瘤:𰣾=wikidata 霤:𩅑=cjkvi-variants+wikidata 騮:𩥺=cjkvi-variants+wikidata 𦃓:𦄛=cjkvi-variants+wikidata
吅	𫩏	5	7	6	品:𠯮=cjkvi-variants+mj-shrink-map+wikidata 單:𠦤=cjkvi-variants+mj-shrink-map+wikidata 嚴:𫝝=cjkvi-variants+mj-shrink-map+wikidata 灌:𫞞=cjkvi-variants+mj-shrink-map+wikidata 觀:𫟜=cjkvi-variants+mj-shrink-map+wikidata 𧙬:𧚾=cjkvi-variants
吅	𭕄	6	18	13	儼:𠑊=cjkvi-variants+mj-shrink-map+wikidata 単:單=cjkvi-variants+hng-basic-data+mj-shrink-map+opencc+unihan+wikidata+yitizi 厳:嚴=cjkvi-variants+hng-basic-data+mj-shrink-map+opencc+unihan+wikidata+yitizi 巌:巖=cjkvi-variants+hng-basic-data+opencc+wikidata+yitizi 弾:彈=cjkvi-variants+hng-basic-data+mj-shrink-map+opencc+unihan+wikidata+yitizi 惮:憚=cjkvi-variants+opencc+unihan+wikidata+yitizi 戦:戰=cjkvi-variants+hng-basic-data+mj-shrink-map+opencc+unihan+wikidata+yitizi 獣:獸=cjkvi-variants+hng-basic-data+mj-shrink-map+opencc+unihan+wikidata+yitizi 箪:簞=cjkvi-variants+hng-basic-data+mj-shrink-map+opencc+unihan+wikidata+yitizi 蝉:蟬=cjkvi-variants+hng-basic-data+mj-shrink-map+opencc+unihan+wikidata+yitizi 褝:襌=cjkvi-variants+mj-shrink-map+unihan+wikidata 騨:驒=cjkvi-variants+wikidata+yitizi
吊	弔	5	8	6	鈟:銱=cjkvi-variants 𢬢:𫼛=wikidata 𥝼:𥞡=cjkvi-variants 𥾯:𬗏=cjkvi-variants 𦙨:𦛉=cjkvi-variants
后	後	3	4	4	㖃:𠷴=cjkvi-variants 𡢐:𢖖=cjkvi-variants 𢖕:𪢈=cjkvi-variants+unihan
向	鄉	2	3	1	珦:𤩬=cjkvi-variants+wikidata 響:𩐢=cjkvi-variants+mj-shrink-map+wikidata
吕	呂	2	1	1	侣:侶=cjkvi-variants+opencc+unihan+wikidata+yitizi 宫:宮=cjkvi-variants+mj-shrink-map+opencc+unihan+wikidata+yitizi
吳	吴	4	6	6	俁:俣=cjkvi-variants+mj-shrink-map+opencc+unihan+wikidata+yitizi 娛:娱=cjkvi-variants+opencc+unihan+wikidata+yitizi 悞:悮=cjkvi-variants+mj-shrink-map+opencc+unihan+yitizi 𦨳:𦨼=wikidata
吳	吾	8	25	9	㹳:𤝲=cjkvi-variants+wikidata 㻍:珸=cjkvi-variants+mj-shrink-map+wikidata 䓊:茣=cjkvi-variants+wikidata 峿:𡷤=cjkvi-variants+wikidata 捂:𢫸=cjkvi-variants+wikidata 蜈:𧋋=cjkvi-variants+mj-shrink-map+wikidata 鋘:鋙=cjkvi-variants+wikidata 鼯:𪕜=cjkvi-variants+mj-shrink-map+wikidata
吴	吾	9	28	9	㹳:𤝲=cjkvi-variants+wikidata 㻍:珸=cjkvi-variants+mj-shrink-map+wikidata 䓊:茣=cjkvi-variants+wikidata 峿:𡷤=cjkvi-variants+wikidata 捂:𢫸=cjkvi-variants+wikidata 蜈:𧋋=cjkvi-variants+mj-shrink-map+wikidata 鋘:鋙=cjkvi-variants+wikidata 鯃:𩶭=cjkvi-variants+wikidata 鼯:𪕜=cjkvi-variants+mj-shrink-map+wikidata
呆	𣎼	2	6	2	保:𠈃=cjkvi-variants+mj-shrink-map+wikidata 𩬽:𩭚=cjkvi-variants+wikidata
员	員	20	26	24	㛣:㜏=cjkvi-variants+opencc+unihan+wikidata+yitizi 䐣:𬁽=cjkvi-variants+unihan+wikidata 傊:𱎯=wikidata 償:𱏐=wikidata 勋:勛=cjkvi-variants+opencc+unihan+wikidata+yitizi 圆:圓=cjkvi-variants+opencc+unihan+wikidata+yitizi 埙:塤=cjkvi-variants+opencc+unihan+wikidata+yitizi 损:損=cjkvi-variants+opencc+unihan+wikidata+yitizi 殒:殞=cjkvi-variants+opencc+unihan+wikidata+yitizi 涢:溳=cjkvi-variants+opencc+unihan+wikidata+yitizi 熉:𤈶=cjkvi-variants+opencc+unihan+wikidata+yitizi 磒:𬒍=cjkvi-variants+unihan+wikidata 筼:篔=cjkvi-variants+opencc+unihan+yitizi 賞:赏=cjkvi-variants+opencc+unihan+wikidata+yitizi 郧:鄖=cjkvi-variants+opencc+unihan+wikidata+yitizi 陨:隕=cjkvi-variants+opencc+unihan+wikidata+yitizi 霣:𫕥=cjkvi-variants+opencc+unihan+wikidata 韻:𱂐=unihan+wikidata 𤏩:𮳯=unihan+wikidata 𤠔:𰡐=unihan 𤶧:𤸫=cjkvi-variants+opencc+unihan+wikidata+yitizi 𧜘:𮷁=unihan+wikidata
呙	咼	21	24	23	㖞:喎=cjkvi-variants+opencc+unihan+wikidata+yitizi 㶽:煱=cjkvi-variants+opencc+unihan+wikidata+yitizi 剐:剮=cjkvi-variants+opencc+unihan+wikidata+yitizi 卨:𫧯=cjkvi-variants+unihan+wikidata 埚:堝=cjkvi-variants+opencc+unihan+wikidata+yitizi 娲:媧=cjkvi-variants+opencc+unihan+wikidata+yitizi 楇:𣒌=cjkvi-variants+opencc+unihan+wikidata 歄:𬅥=cjkvi-variants+unihan+wikidata 涡:渦=cjkvi-variants+opencc+unihan+wikidata+yitizi 猧:𰡏=unihan+wikidata 瘑:𬏮=cjkvi-variants+unihan+wikidata 碢:𰦿=unihan+wikidata 祸:禍=cjkvi-variants+opencc+unihan+wikidata+yitizi 窝:窩=cjkvi-variants+opencc+unihan+wikidata+yitizi 脶:腡=cjkvi-variants+opencc+unihan+wikidata+yitizi 莴:萵=cjkvi-variants+opencc+unihan+wikidata+yitizi 蜗:蝸=cjkvi-variants+opencc+unihan+wikidata+yitizi 過:𬨨=cjkvi-variants+wikidata 鍋:𬫚=cjkvi-variants+wikidata 𡹬:𪨹=cjkvi-variants+opencc+unihan+wikidata 𣄸:𬀥=cjkvi-variants+unihan+wikidata 𨘌:𬩎=cjkvi-variants+unihan
咅	⿱㐬口	4	5	4	䎧:𦔑=cjkvi-variants+wikidata 倍:𠋭=cjkvi-variants+mj-shrink-map+wikidata 剖:𠞌=cjkvi-variants+mj-shrink-map+wikidata 陪:𨻓=cjkvi-variants+mj-shrink-map+wikidata
咅	⿳亠𠫝口	4	5	4	䎧:𦔑=cjkvi-variants+wikidata 倍:𠋭=cjkvi-variants+mj-shrink-map+wikidata 剖:𠞌=cjkvi-variants+mj-shrink-map+wikidata 陪:𨻓=cjkvi-variants+mj-shrink-map+wikidata
咠	戢	6	14	6	䁒:𥊬=cjkvi-variants+wikidata 䐕:𦠾=cjkvi-variants 楫:檝=cjkvi-variants+unihan+wikidata+yitizi 湒:濈=cjkvi-variants+wikidata 輯:𨎵=cjkvi-variants+wikidata 𧤏:𧥄=cjkvi-variants+wikidata
咠	𦙃	8	18	9	揖:𢯇=cjkvi-variants+wikidata 緝:𦂝=cjkvi-variants+wikidata 葺:𦲭=cjkvi-variants+wikidata 輯:𮝛=wikidata 𠦣:𠦫=cjkvi-variants+wikidata 𡁰:𡃃=cjkvi-variants+wikidata 𧤉:𧤏=cjkvi-variants 𪔤:𪔪=cjkvi-variants+wikidata
咢	噩	7	13	7	䫷:顎=cjkvi-variants+wikidata 堮:𡓐=cjkvi-variants+wikidata 萼:蘁=cjkvi-variants 諤:讍=cjkvi-variants+mj-shrink-map+unihan+wikidata+yitizi 鄂:𬪠=wikidata 鍔:鑩=cjkvi-variants+wikidata 鰐:鱷=cjkvi-variants+hng-basic-data+unihan+wikidata+yitizi
咸	減	3	6	3	喊:𠽦=cjkvi-variants 箴:𥳒=cjkvi-variants 葴:𦺘=cjkvi-variants+wikidata
咸	箴	4	11	4	羬:𦏣=cjkvi-variants+wikidata 鍼:𨮼=cjkvi-variants+mj-shrink-map+wikidata 黬:𪒹=cjkvi-variants+wikidata 𪇳:𮭄=wikidata
咼	𩰬	2	3	1	諣:𧬭=cjkvi-variants+wikidata 騧:𩦣=cjkvi-variants+wikidata
員	貟	7	8	8	傊:𠋏=cjkvi-variants+wikidata 圎:圓=cjkvi-variants+mj-shrink-map+wikidata+yitizi 塤:𡎖=cjkvi-variants+wikidata 鶰:𪃰=cjkvi-variants+wikidata 𤠔:𪻅=cjkvi-variants 𧶀:𧶊=cjkvi-variants 𩆹:𩇂=cjkvi-variants
哲	折	3	8	3	哳:𠹗=cjkvi-variants+mj-shrink-map+wikidata 𦄃:𬗗=wikidata 𧋍:𧎴=cjkvi-variants+wikidata
商	啇	8	23	9	䁤:𥊔=wikidata 嫡:𫱨=wikidata 敵:𪯔=wikidata 滳:滴=cjkvi-variants+wikidata 螪:𧏸=cjkvi-variants+wikidata 適:𮷧=wikidata 鏑:𨫢=wikidata 𪄱:𪄲=cjkvi-variants+wikidata
啇	啻	15	17	16	䎮:𦔝=cjkvi-variants+wikidata 䐱:膪=cjkvi-variants+wikidata 䙗:𧝐=cjkvi-variants 䵂:𪍼=cjkvi-variants+wikidata 嘀:𠽜=cjkvi-variants 嫡:𡡿=cjkvi-variants+mj-shrink-map+opencc+wikidata 摘:𢴨=cjkvi-variants+opencc+wikidata 敵:𪯙=cjkvi-variants+mj-shrink-map+wikidata 樀:𣚌=cjkvi-variants+opencc+wikidata 滴:𣾪=cjkvi-variants+mj-shrink-map+opencc+wikidata 謫:𧬍=cjkvi-variants+mj-shrink-map+opencc+wikidata 蹢:𨅙=cjkvi-variants+mj-shrink-map+opencc+wikidata 適:𨗁=cjkvi-variants+mj-shrink-map+wikidata 鏑:𨬙=cjkvi-variants+mj-shrink-map+opencc+wikidata 𪄱:𪆡=cjkvi-variants+wikidata
啇	適	6	16	6	㰅:樀=cjkvi-variants+wikidata 摘:擿=cjkvi-variants+wikidata 滴:𤁷=cjkvi-variants+mj-shrink-map+wikidata 謫:讁=cjkvi-variants+mj-shrink-map+unihan+wikidata+yitizi 鏑:𨮹=cjkvi-variants+mj-shrink-map 𥕐:𥖾=cjkvi-variants
問	问	2	1	1	㭣:𣙎=cjkvi-variants+opencc+unihan+wikidata+yitizi 蔄:𬜬=cjkvi-variants+opencc+unihan+wikidata
啚	甾	3	8	4	緇:𮈻=wikidata 輜:𨎏=wikidata 鯔:𩻂=wikidata
啬	嗇	8	12	9	墙:墻=cjkvi-variants+opencc+unihan+wikidata+yitizi 嫱:嬙=cjkvi-variants+opencc+unihan+wikidata+yitizi 廧:𪪞=cjkvi-variants+opencc+unihan+wikidata 懎:𢠁=cjkvi-variants+opencc+wikidata 樯:檣=cjkvi-variants+mj-shrink-map+opencc+unihan+wikidata+yitizi 濇:𬈧=cjkvi-variants+unihan+wikidata 穑:穡=cjkvi-variants+opencc+unihan+wikidata+yitizi 蔷:薔=cjkvi-variants+opencc+unihan+wikidata+yitizi
善	⿻⿱卝干誩	3	3	3	僐:𠑫=cjkvi-variants+mj-shrink-map+wikidata 嫸:𡤮=cjkvi-variants+wikidata 鄯:𨟪=cjkvi-variants+mj-shrink-map+opencc+wikidata
善	⿻⿳卝一十誩	3	3	3	僐:𠑫=cjkvi-variants+mj-shrink-map+wikidata 嫸:𡤮=cjkvi-variants+wikidata 鄯:𨟪=cjkvi-variants+mj-shrink-map+opencc+wikidata
善	譱	2	1	1	㷽:𭶩=wikidata 僐:𭀒=wikidata
善	𦎍	2	1	1	僐:𠏜=cjkvi-variants+wikidata 橏:𣜆=cjkvi-variants
善	𧨅	2	1	1	繕:𦆶=cjkvi-variants+wikidata 膳:𦢃=cjkvi-variants+mj-shrink-map+opencc+wikidata
喬	𠳮	16	20	17	䎗:𦑽=cjkvi-variants+wikidata 䚩:𧤦=cjkvi-variants+wikidata 僑:𬾿=mj-shrink-map+wikidata 撟:𢱪=cjkvi-variants+wikidata 槗:橋=cjkvi-variants+mj-shrink-map+wikidata 獢:𤠬=cjkvi-variants+wikidata 矯:𰦝=wikidata 穚:𰨱=wikidata 繑:𦃣=cjkvi-variants+wikidata 趫:𰷼=wikidata 蹻:𨃧=cjkvi-variants+mj-shrink-map+wikidata 轎:𨎄=cjkvi-variants+mj-shrink-map+wikidata 鞽:𩌚=cjkvi-variants 驕:𱄫=wikidata 鱎:𩺙=cjkvi-variants+wikidata 鷮:𪄘=cjkvi-variants+wikidata
嗇	⿱⿻土吅回	3	4	3	墻:𫮶=cjkvi-variants 檣:𣞸=cjkvi-variants+wikidata 穡:穯=cjkvi-variants+wikidata
嗇	𠾂	7	9	9	嬙:𡣰=cjkvi-variants+mj-shrink-map+wikidata 廧:𢋢=cjkvi-variants+wikidata 檣:𣞱=cjkvi-variants+wikidata 濇:瀒=cjkvi-variants+mj-shrink-map+unihan+wikidata+yitizi 牆:𤖠=cjkvi-variants+mj-shrink-map+wikidata 穡:𥣱=cjkvi-variants+mj-shrink-map+wikidata 薔:𮒙=mj-shrink-map+wikidata
嗇	𭍠	2	3	1	㱇:𰙖=wikidata 廧:𢊂=cjkvi-variants+wikidata
嚴	巖	3	5	4	㘙:𡆑=cjkvi-variants+wikidata 儼:𫤖=cjkvi-variants 𥍓:𥍛=cjkvi-variants
嚻	囂	2	1	1	㺧:𤣠=cjkvi-variants+wikidata 䖀:虈=cjkvi-variants+wikidata
囘	回	5	8	6	廻:𢌞=cjkvi-variants 洄:𭰁=mj-shrink-map+wikidata 硘:𬒅=wikidata 迴:𮞉=wikidata 鮰:𩶠=cjkvi-variants
囙	⿴囗仌	2	6	4	卣:𠧪=cjkvi-variants+mj-shrink-map+wikidata 逌:𨔟=cjkvi-variants+wikidata 𠧠:𠧴=cjkvi-variants 𤨗:𤪇=cjkvi-variants 𤩤:𤪎=cjkvi-variants+wikidata
囙	因	8	13	9	㤙:恩=cjkvi-variants+mj-shrink-map+wikidata 咽:𠰸=cjkvi-variants+mj-shrink-map+wikidata 姻:𡛸=cjkvi-variants+wikidata 欭:𰙌=wikidata 洇:𭰊=wikidata 裀:𧙊=cjkvi-variants+wikidata 駰:𱄔=wikidata 𪜭:𪜶=cjkvi-variants
囚	日	3	32	17	媪:媼=cjkvi-variants+mj-shrink-map+opencc+unihan+wikidata+yitizi 愠:慍=cjkvi-variants+hng-basic-data+mj-shrink-map+opencc+unihan+wikidata+yitizi 揾:搵=cjkvi-variants+opencc+unihan+wikidata+yitizi 昷:𥁕=cjkvi-variants+mj-shrink-map+unihan+wikidata+yitizi 榅:榲=cjkvi-variants+mj-shrink-map+opencc+unihan+wikidata+yitizi 氲:氳=cjkvi-variants+mj-shrink-map+opencc+unihan+wikidata+yitizi 温:溫=cjkvi-variants+mj-shrink-map+opencc+unihan+wikidata+yitizi 煴:熅=cjkvi-variants+mj-shrink-map+opencc+unihan+wikidata+yitizi 緼:縕=cjkvi-variants+mj-shrink-map+opencc+wikidata+yitizi 腽:膃=cjkvi-variants+mj-shrink-map+opencc+unihan+wikidata+yitizi 蒀:蒕=cjkvi-variants+opencc+wikidata 蕰:薀=cjkvi-variants+hng-basic-data+mj-shrink-map+opencc+unihan+wikidata+yitizi 藴:蘊=cjkvi-variants+mj-shrink-map+opencc+wikidata+yitizi 輼:轀=cjkvi-variants+mj-shrink-map+opencc+wikidata+yitizi 醖:醞=cjkvi-variants+mj-shrink-map+opencc+wikidata+yitizi 鰛:鰮=cjkvi-variants+mj-shrink-map+opencc+wikidata 𩟣:𩟤=cjkvi-variants+wikidata
回	囬	6	18	14	勔:𠡳=cjkvi-variants+wikidata 媔:𡞎=cjkvi-variants+wikidata 廻:廽=cjkvi-variants+mj-shrink-map+yitizi 湎:𭰫=wikidata 緬:𬗟=wikidata 蛔:蜖=cjkvi-variants+wikidata+yitizi 迴:逥=cjkvi-variants+wikidata 面:靣=cjkvi-variants+mj-shrink-map+wikidata 麵:𬹃=wikidata 𣮗:𣮻=cjkvi-variants 𩞒:𩞮=cjkvi-variants 𬍭:𬍵=wikidata
因	垔	12	31	12	㖶:咽=cjkvi-variants+mj-shrink-map+wikidata 㘻:堙=cjkvi-variants 㸶:𤚕=cjkvi-variants+wikidata 䄄:禋=cjkvi-variants+wikidata 䍰:𦎣=cjkvi-variants+wikidata 䓰:茵=cjkvi-variants+mj-shrink-map+wikidata 凐:𠗃=cjkvi-variants+wikidata 洇:湮=cjkvi-variants+wikidata 烟:煙=cjkvi-variants+mj-shrink-map+opencc+unihan+wikidata+yitizi 絪:緸=cjkvi-variants+wikidata 裀:𧛑=cjkvi-variants+wikidata 𧹢:𧹬=cjkvi-variants+wikidata
团	團	2	1	1	檲:𣑝=cjkvi-variants+unihan 糰:𰪶=unihan+wikidata
困	囷	12	19	12	㖥:𠳁=cjkvi-variants+wikidata 㬷:䐃=wikidata 㻒:𤥳=wikidata 䠅:𨁉=cjkvi-variants+wikidata 悃:𢛕=cjkvi-variants 捆:𢮖=cjkvi-variants+wikidata 梱:棞=cjkvi-variants+mj-shrink-map+wikidata 稇:稛=cjkvi-variants+yitizi 菌:𮏄=mj-shrink-map+wikidata 麕:𪊽=wikidata 齫:𪘩=cjkvi-variants 𩒱:𩓽=cjkvi-variants+wikidata
囱	⿱囪心	4	8	7	總:𦀙=cjkvi-variants+mj-shrink-map+wikidata 蟌:𧋙=cjkvi-variants+wikidata 驄:𩣢=cjkvi-variants+mj-shrink-map+wikidata 𢈣:𢊕=cjkvi-variants+wikidata
囱	⿳㇒{31}心	4	7	6	總:𦀙=cjkvi-variants+mj-shrink-map+wikidata 蟌:𧋙=cjkvi-variants+wikidata 驄:𩣢=cjkvi-variants+mj-shrink-map+wikidata 𢈣:𢊕=cjkvi-variants+wikidata
囱	悤	9	12	10	摠:𢭇=cjkvi-variants+mj-shrink-map+wikidata 牕:𤗄=cjkvi-variants+mj-shrink-map 窗:窻=cjkvi-variants+unihan+wikidata+yitizi 總:𦀙=cjkvi-variants+mj-shrink-map+wikidata 聰:𦕻=cjkvi-variants+mj-shrink-map+wikidata 蔥:𦯎=cjkvi-variants+mj-shrink-map+wikidata 蟌:𧋙=cjkvi-variants+wikidata 驄:𩣢=cjkvi-variants+mj-shrink-map+wikidata 𢈣:𢊕=cjkvi-variants+wikidata
围	圍	2	1	1	涠:潿=cjkvi-variants+opencc+unihan+wikidata+yitizi 𡼱:𰎢=unihan+wikidata
国	國	11	15	12	啯:嘓=cjkvi-variants+opencc+unihan+wikidata+yitizi 帼:幗=cjkvi-variants+opencc+unihan+wikidata+yitizi 慖:𮲇=unihan+wikidata 掴:摑=cjkvi-variants+mj-shrink-map+opencc+unihan+wikidata+yitizi 椢:槶=cjkvi-variants+mj-shrink-map+opencc+unihan+wikidata+yitizi 漍:𬇹=cjkvi-variants+opencc+unihan+wikidata 簂:𫂆=cjkvi-variants+opencc+unihan+wikidata 腘:膕=cjkvi-variants+opencc+unihan+wikidata+yitizi 蔮:𬜿=cjkvi-variants+unihan+wikidata 蝈:蟈=cjkvi-variants+opencc+unihan+wikidata+yitizi 𨉹:𬧩=cjkvi-variants+unihan+wikidata
土	圡	4	11	9	䂯:𥒹=cjkvi-variants 壁:𨐬=wikidata 庄:庒=cjkvi-variants+mj-shrink-map 灶:𤆧=cjkvi-variants 粧:𥺁=cjkvi-variants 肚:𫆖=wikidata 賍:賘=cjkvi-variants+wikidata 𢬂:𪭽=cjkvi-variants
土	士	10	35	27	㕵:𠰃=cjkvi-variants 㽵:𤴶=cjkvi-variants 䚾:𧥶=cjkvi-variants 任:仼=cjkvi-variants+unihan 凷:𠙽=cjkvi-variants 墫:壿=cjkvi-variants+opencc+unihan 壯:𡉟=cjkvi-variants+mj-shrink-map+unihan+wikidata 忹:𢗖=cjkvi-variants 扗:𢩿=cjkvi-variants 枉:𣐅=cjkvi-variants 狂:狅=cjkvi-variants+wikidata 祍:𥘛=cjkvi-variants 紝:𥿁=cjkvi-variants 軖:軠=cjkvi-variants+wikidata 迋:𨑳=cjkvi-variants+wikidata 閏:𨳝=cjkvi-variants+mj-shrink-map 𡔞:𤣴=cjkvi-variants 𧺑:𧺔=cjkvi-variants 𨓏:𨓒=cjkvi-variants 𩂊:𩂐=cjkvi-variants
土	龶	4	25	8	周:𠱬=cjkvi-variants+mj-shrink-map+wikidata 斳:𣂷=cjkvi-variants+wikidata 斳:𣂼=cjkvi-variants+wikidata 至:𦤳=cjkvi-variants+mj-shrink-map+wikidata 騹:𩥕=cjkvi-variants+wikidata 鼇:𪓴=cjkvi-variants+mj-shrink-map+wikidata 𡅤:𡅸=cjkvi-variants
土	𩫏	4	13	4	垣:𩫧=cjkvi-variants+mj-shrink-map+wikidata 城:𩫨=cjkvi-variants+mj-shrink-map+wikidata 堵:𩫭=cjkvi-variants+mj-shrink-map+wikidata 墉:𩫱=cjkvi-variants+mj-shrink-map+wikidata
土	𬴘	4	9	4	垣:𬴠=wikidata 城:𬴡=wikidata 堣:𬴣=wikidata 堵:𬴢=wikidata
圣	在	4	13	4	怪:恠=cjkvi-variants+hng-basic-data+mj-shrink-map+unihan+wikidata+yitizi 𡌪:𡖪=cjkvi-variants+wikidata 𥑋:𥒒=cjkvi-variants+wikidata 𩶜:𩶦=cjkvi-variants
圣	巠	19	27	20	㹩:㹵=cjkvi-variants 勁:𠡍=cjkvi-variants+mj-shrink-map+wikidata 径:徑=cjkvi-variants+hng-basic-data+mj-shrink-map+opencc+unihan+wikidata+yitizi 徑:𮱻=wikidata 柽:桱=cjkvi-variants 烴:𤇂=cjkvi-variants 痙:𫞬=cjkvi-variants+wikidata 硜:𥑋=cjkvi-variants 経:經=cjkvi-variants+hng-basic-data+mj-shrink-map+opencc+unihan+wikidata+yitizi 脛:𦙾=cjkvi-variants+wikidata 茎:莖=cjkvi-variants+hng-basic-data+mj-shrink-map+opencc+unihan+wikidata+yitizi 蛏:蛵=cjkvi-variants 踁:𨀃=cjkvi-variants 軽:輕=cjkvi-variants+hng-basic-data+mj-shrink-map+opencc+unihan+wikidata+yitizi 逕:𮷠=wikidata 鋞:𫒔=cjkvi-variants 鑋:𬬆=cjkvi-variants+wikidata 陘:𫔽=cjkvi-variants 頚:頸=cjkvi-variants+hng-basic-data+wikidata+yitizi 𩶜:𩷏=cjkvi-variants
圣	聖	7	14	8	柽:檉=cjkvi-variants+opencc+unihan+wikidata+yitizi 蛏:蟶=cjkvi-variants+opencc+unihan+wikidata+yitizi 𠏄:𮯻=unihan+wikidata 𠱅:𪢎=cjkvi-variants 𢫞:𢶫=cjkvi-variants+opencc+unihan+yitizi 𨼳:𫔽=cjkvi-variants+opencc+unihan 𮵚:𱵭=unihan+wikidata
圣	𢀖	6	14	7	劲:𠡍=cjkvi-variants 柽:𣐕=cjkvi-variants 泾:𣲾=cjkvi-variants 烃:𤇂=cjkvi-variants 硁:𥑋=cjkvi-variants 胫:𦙾=cjkvi-variants
圭	⿱丶⿻工二	2	8	3	㚝:奞=cjkvi-variants+unihan+yitizi 佳:隹=mj-shrink-map 萑:龿=wikidata 𧡖:𧡞=wikidata
圭	⿱丶⿻王一	2	8	3	㚝:奞=cjkvi-variants+unihan+yitizi 萑:龿=wikidata 𧡖:𧡞=wikidata
圭	⿱亠龶	2	8	3	㚝:奞=cjkvi-variants+unihan+yitizi 萑:龿=wikidata 𧡖:𧡞=wikidata
圭	⿳丨一龶	2	8	3	㚝:奞=cjkvi-variants+unihan+yitizi 萑:龿=wikidata 𧡖:𧡞=wikidata
圭	⿳丶一龶	2	8	3	㚝:奞=cjkvi-variants+unihan+yitizi 萑:龿=wikidata 𧡖:𧡞=wikidata
圼	𬛸	5	11	11	䛼:𧨚=cjkvi-variants 捏:揑=cjkvi-variants+mj-shrink-map+unihan+wikidata+yitizi 涅:湼=cjkvi-variants+mj-shrink-map+unihan+wikidata 陧:隉=cjkvi-variants+opencc+unihan+wikidata+yitizi 𦄇:𬘀=wikidata
圼	𭥐	2	1	1	涅:𣵀=cjkvi-variants+mj-shrink-map+wikidata 𧨚:𧨤=cjkvi-variants
圼	𱼭	5	10	10	㘿:𡍤=cjkvi-variants+wikidata 𦄇:𬘀=wikidata 𦛠:𦞆=cjkvi-variants+wikidata 𦯖:𦵐=cjkvi-variants+wikidata
坐	𡋲	6	7	7	㛗:𡟽=cjkvi-variants+wikidata 侳:𠋿=cjkvi-variants+opencc+wikidata 剉:𠞐=cjkvi-variants+mj-shrink-map+opencc+wikidata 挫:𢲖=cjkvi-variants+mj-shrink-map+opencc+wikidata 睉:𥉢=cjkvi-variants+wikidata 髽:𩮢=cjkvi-variants+opencc+wikidata
坒	𡌦	5	7	5	㯇:梐=cjkvi-variants+mj-shrink-map+wikidata 悂:𢟵=cjkvi-variants+wikidata 狴:𤡝=cjkvi-variants 𦀘:𦄕=cjkvi-variants+wikidata 𧧺:𧫔=cjkvi-variants+wikidata
坚	堅	11	14	12	㭴:樫=cjkvi-variants+mj-shrink-map+opencc+unihan+wikidata+yitizi 䃘:𬒎=cjkvi-variants+unihan+wikidata 悭:慳=cjkvi-variants+opencc+unihan+wikidata+yitizi 摼:𰓱=unihan+wikidata 熞:𰞤=unihan+wikidata 鏗:𮡸=wikidata 𠼤:𫪄=cjkvi-variants+opencc+unihan+wikidata 𥉸:𰥣=unihan+wikidata 𧜶:𮖃=unihan+wikidata 𪼑:𮴚=unihan+wikidata 𭨶:𮌲=wikidata
坴	幸	3	59	25	䙝:褻=cjkvi-variants+mj-shrink-map+unihan+wikidata+yitizi 䞇:贄=mj-shrink-map+wikidata 䠟:𨄧=cjkvi-variants+wikidata 䥍:𨫔=cjkvi-variants+wikidata 䲀:𩻉=cjkvi-variants+wikidata 勢:𫝑=cjkvi-variants+mj-shrink-map+wikidata 囈:𭌵=wikidata 墊:𫮛=wikidata 慹:𢟯=cjkvi-variants+wikidata+yitizi 暬:𣊓=wikidata 槷:𣙗=wikidata 熱:𤍠=unihan+wikidata+yitizi 燅:𰟚=wikidata 爇:𭶢=wikidata 蓺:蓻=cjkvi-variants+wikidata 蟄:𧐨=wikidata 褺:𧜼=cjkvi-variants+wikidata 騺:驇=cjkvi-variants+wikidata+yitizi 鷙:𬷮=wikidata 𡠗:𡠦=cjkvi-variants+wikidata 𢅮:𢅲=cjkvi-variants+wikidata 𢸧:𭣆=wikidata 𦄌:𬗵=wikidata 𨎌:𨎐=cjkvi-variants+wikidata
垂	埀	8	10	9	捶:𪮜=cjkvi-variants 涶:𣺡=cjkvi-variants 睡:𪾶=cjkvi-variants+wikidata 硾:𰧗=wikidata 錘:𨪰=cjkvi-variants 𠝶:𪟏=cjkvi-variants 𢛉:𪬗=cjkvi-variants 𩸫:𩺖=cjkvi-variants
垂	𠂹	5	6	6	䮔:𩥗=cjkvi-variants+wikidata 睡:𥉚=cjkvi-variants+mj-shrink-map+wikidata 錘:𨪼=cjkvi-variants+mj-shrink-map+wikidata 陲:𨻌=cjkvi-variants 𦈼:𦉈=cjkvi-variants
垂	𡍮	16	20	17	䅜:𥢤=cjkvi-variants+wikidata 倕:𠍮=cjkvi-variants+wikidata 厜:𠪪=cjkvi-variants+opencc+wikidata 唾:𠾊=cjkvi-variants+mj-shrink-map+wikidata 埵:𡑊=cjkvi-variants+mj-shrink-map+opencc+wikidata 捶:𢴹=cjkvi-variants+mj-shrink-map+opencc+wikidata 睡:𥋍=cjkvi-variants+mj-shrink-map+wikidata 硾:𥖌=cjkvi-variants+opencc+wikidata 箠:𥴓=cjkvi-variants+opencc+wikidata 諈:𧬡=cjkvi-variants+opencc+wikidata 郵:𨞄=cjkvi-variants+mj-shrink-map+opencc+wikidata 錘:𨭇=cjkvi-variants+mj-shrink-map+opencc+wikidata 陲:𨼦=cjkvi-variants+wikidata 𡙇:𡚆=cjkvi-variants+mj-shrink-map 𨙔:𨙦=cjkvi-variants+wikidata+yitizi 𨿠:𩁅=cjkvi-variants+wikidata
垂	𡸁	6	7	7	䅜:𮃙=wikidata 郵:𨜚=cjkvi-variants+mj-shrink-map+wikidata 錘:𨪸=cjkvi-variants+wikidata 陲:𨺪=cjkvi-variants+wikidata 𡑈:𡼻=cjkvi-variants+wikidata 𤷣:𤸣=cjkvi-variants
垔	⿱㢴土	4	4	4	煙:𤏯=cjkvi-variants+mj-shrink-map+opencc+wikidata 甄:𤮔=cjkvi-variants+mj-shrink-map+opencc+wikidata 禋:𥛿=cjkvi-variants+wikidata 𦎣:𦏍=cjkvi-variants+wikidata
垔	⿳㢴十一	4	4	4	煙:𤏯=cjkvi-variants+mj-shrink-map+opencc+wikidata 甄:𤮔=cjkvi-variants+mj-shrink-map+opencc+wikidata 禋:𥛿=cjkvi-variants+wikidata 𦎣:𦏍=cjkvi-variants+wikidata
垔	𡍏	3	4	4	湮:𣻶=wikidata 煙:𤎆=cjkvi-variants+wikidata 禋:𥛡=cjkvi-variants+wikidata
垚	𭠍	4	33	29	㹓:𰠴=unihan+wikidata 䁱:𬑒=cjkvi-variants+unihan+wikidata 䰫:𱆙=unihan+wikidata 侥:僥=cjkvi-variants+opencc+unihan+wikidata+yitizi 哓:嘵=cjkvi-variants+opencc+unihan+wikidata+yitizi 堯:尧=cjkvi-variants+opencc+unihan+wikidata+yitizi 墝:𫭪=cjkvi-variants+unihan+wikidata 娆:嬈=cjkvi-variants+opencc+unihan+wikidata+yitizi 峣:嶢=cjkvi-variants+opencc+unihan+wikidata+yitizi 嶤:𰎔=unihan+wikidata 憢:𢙒=cjkvi-variants+opencc+unihan+wikidata 挠:撓=cjkvi-variants+opencc+unihan+wikidata+yitizi 晓:曉=cjkvi-variants+opencc+unihan+wikidata+yitizi 桡:橈=cjkvi-variants+opencc+unihan+wikidata+yitizi 浇:澆=cjkvi-variants+opencc+unihan+wikidata+yitizi 烧:燒=cjkvi-variants+opencc+unihan+wikidata+yitizi 獟:𬌮=cjkvi-variants+unihan+wikidata 硗:磽=cjkvi-variants+opencc+unihan+wikidata+yitizi 翘:翹=cjkvi-variants+opencc+unihan+wikidata+yitizi 膮:𰮝=unihan+wikidata 荛:蕘=cjkvi-variants+opencc+unihan+wikidata+yitizi 蛲:蟯=cjkvi-variants+opencc+unihan+wikidata+yitizi 襓:𫋹=cjkvi-variants+opencc+unihan+wikidata 趬:𰷵=unihan+wikidata 跷:蹺=cjkvi-variants+opencc+unihan+wikidata+yitizi 遶:𰺷=unihan+wikidata 髐:𱅮=unihan+wikidata 𤩊:𮴗=unihan+wikidata 𩯆:𬴨=cjkvi-variants+unihan+wikidata
埶	執	21	36	22	䙝:褻=cjkvi-variants+mj-shrink-map+unihan+wikidata+yitizi 䞇:贄=mj-shrink-map+wikidata 䠟:𨄧=cjkvi-variants+wikidata 䥍:𨫔=cjkvi-variants+wikidata 䲀:𩻉=cjkvi-variants+wikidata 勢:𫝑=cjkvi-variants+mj-shrink-map+wikidata 囈:𭌵=wikidata 墊:𫮛=wikidata 慹:𢟯=cjkvi-variants+wikidata+yitizi 暬:𣊓=wikidata 槷:𣙗=wikidata 熱:𤍠=unihan+wikidata+yitizi 爇:𭶢=wikidata 蓺:蓻=cjkvi-variants+wikidata 蟄:𧐨=wikidata 褺:𧜼=cjkvi-variants+wikidata 騺:驇=cjkvi-variants+wikidata+yitizi 鷙:𬷮=wikidata 𡠗:𡠦=cjkvi-variants+wikidata 𦄌:𬗵=wikidata 𨎌:𨎐=cjkvi-variants+wikidata
埶	执	5	13	5	㙯:𮲐=wikidata 亵:褻=cjkvi-variants+opencc+unihan+wikidata+yitizi 势:勢=cjkvi-variants+mj-shrink-map+opencc+unihan+wikidata+yitizi 热:熱=cjkvi-variants+mj-shrink-map+opencc+unihan+wikidata+yitizi 爇:𦶟=cjkvi-variants+opencc+wikidata
埶	蓺	2	9	3	㙯:藝=cjkvi-variants+wikidata 囈:𡂞=cjkvi-variants+mj-shrink-map+wikidata 槸:𣞕=cjkvi-variants+wikidata
埶	𡎐	4	7	5	摰:𢴸=cjkvi-variants+wikidata 暬:𭧳=wikidata 𡠦:𡢂=cjkvi-variants+wikidata 𨫔:𨬝=cjkvi-variants+wikidata
執	执	12	20	13	䠟:𰸈=unihan+wikidata 垫:墊=cjkvi-variants+opencc+unihan+wikidata+yitizi 慹:𰑔=unihan+wikidata 挚:摯=cjkvi-variants+opencc+unihan+wikidata+yitizi 漐:𰛣=unihan+wikidata 热:𤍠=cjkvi-variants 絷:縶=cjkvi-variants+opencc+unihan+wikidata+yitizi 蛰:蟄=cjkvi-variants+opencc+unihan+wikidata+yitizi 褺:𬡓=cjkvi-variants+unihan+wikidata 𠽃:𪠺=cjkvi-variants+opencc 𥅿:𥊝=cjkvi-variants+opencc 𩅀:𲉵=unihan
執	𡙕	5	6	6	慹:𢡶=cjkvi-variants+opencc+wikidata 摯:𢴷=cjkvi-variants+mj-shrink-map+opencc+wikidata 縶:𦅬=cjkvi-variants+wikidata 謺:𧬓=cjkvi-variants+opencc+wikidata 𩅀:𩅱=cjkvi-variants+wikidata
堅	臤	3	6	4	菣:𦸃=cjkvi-variants+wikidata 𥦞:𥧬=cjkvi-variants+wikidata 𧼒:𧽡=cjkvi-variants+wikidata
堇	⿱廿⿻口土	3	4	3	斳:𣂷=cjkvi-variants+wikidata 騹:𩥕=cjkvi-variants+wikidata 𡅤:𡅸=cjkvi-variants
堇	⿳卄一⿻口土	4	5	4	斳:𣂷=cjkvi-variants+wikidata 斳:𣂼=cjkvi-variants+wikidata 騹:𩥕=cjkvi-variants+wikidata 𡅤:𡅸=cjkvi-variants
堇	𡏳	7	12	8	墐:𡒣=cjkvi-variants+mj-shrink-map+opencc+wikidata 廑:𢋓=cjkvi-variants+opencc+wikidata 殣:𣩲=cjkvi-variants+opencc+wikidata 瑾:𤪣=cjkvi-variants+mj-shrink-map+wikidata 覲:𧢚=cjkvi-variants+mj-shrink-map+opencc+wikidata 謹:𧭩=cjkvi-variants+mj-shrink-map+opencc+wikidata 𥎊:𥎚=cjkvi-variants
堇	𦰩	4	15	5	歎:歏=cjkvi-variants+wikidata 難:𩀤=cjkvi-variants+mj-shrink-map+wikidata 𩴓:𩴗=cjkvi-variants+wikidata 𪄿:𪅀=cjkvi-variants+wikidata
堯	尧	28	32	29	㹓:𰠴=unihan+wikidata 䁱:𬑒=cjkvi-variants+unihan+wikidata 䰫:𱆙=unihan+wikidata 侥:僥=cjkvi-variants+opencc+unihan+wikidata+yitizi 哓:嘵=cjkvi-variants+opencc+unihan+wikidata+yitizi 墝:𫭪=cjkvi-variants+unihan+wikidata 娆:嬈=cjkvi-variants+opencc+unihan+wikidata+yitizi 峣:嶢=cjkvi-variants+opencc+unihan+wikidata+yitizi 嶤:𰎔=unihan+wikidata 憢:𢙒=cjkvi-variants+opencc+unihan+wikidata 挠:撓=cjkvi-variants+opencc+unihan+wikidata+yitizi 晓:曉=cjkvi-variants+opencc+unihan+wikidata+yitizi 桡:橈=cjkvi-variants+opencc+unihan+wikidata+yitizi 浇:澆=cjkvi-variants+opencc+unihan+wikidata+yitizi 烧:燒=cjkvi-variants+opencc+unihan+wikidata+yitizi 獟:𬌮=cjkvi-variants+unihan+wikidata 硗:磽=cjkvi-variants+opencc+unihan+wikidata+yitizi 翘:翹=cjkvi-variants+opencc+unihan+wikidata+yitizi 膮:𰮝=unihan+wikidata 荛:蕘=cjkvi-variants+opencc+unihan+wikidata+yitizi 蛲:蟯=cjkvi-variants+opencc+unihan+wikidata+yitizi 襓:𫋹=cjkvi-variants+opencc+unihan+wikidata 趬:𰷵=unihan+wikidata 跷:蹺=cjkvi-variants+opencc+unihan+wikidata+yitizi 遶:𰺷=unihan+wikidata 髐:𱅮=unihan+wikidata 𤩊:𮴗=unihan+wikidata 𩯆:𬴨=cjkvi-variants+unihan+wikidata
堯	尭	10	12	12	嶢:𡸳=cjkvi-variants+wikidata 暁:曉=cjkvi-variants+mj-shrink-map+opencc+unihan+wikidata+yitizi 橈:𣓤=cjkvi-variants+wikidata 澆:𣷝=cjkvi-variants+mj-shrink-map+wikidata 焼:燒=cjkvi-variants+hng-basic-data+mj-shrink-map+opencc+unihan+wikidata+yitizi 皢:𭽙=wikidata 蕘:𮏔=mj-shrink-map+wikidata 蹺:𮛡=wikidata 遶:𮞚=wikidata 驍:𮪈=wikidata
墮	隋	2	2	1	橢:𣟁=wikidata 𥳔:𥶴=cjkvi-variants+wikidata
壐	⿱爾王	3	3	3	㣆:𢑃=cjkvi-variants+wikidata 𤣐:𤣔=cjkvi-variants 𥜦:𥜬=cjkvi-variants
壐	⿳爾一土	3	3	3	㣆:𢑃=cjkvi-variants+wikidata 𤣐:𤣔=cjkvi-variants 𥜦:𥜬=cjkvi-variants
壐	爾	3	4	3	彌:𢑃=mj-shrink-map 獮:𤣐=cjkvi-variants+wikidata 禰:𥜦=cjkvi-variants+wikidata
壘	畾	7	14	8	㒦:儡=cjkvi-variants+wikidata 㠥:𡾊=cjkvi-variants+wikidata 㵽:灅=cjkvi-variants+wikidata 礧:𥗬=cjkvi-variants+wikidata 蠝:𧕫=wikidata 鸓:𪈦=cjkvi-variants+wikidata 𥣬:𥤐=cjkvi-variants+wikidata
壬	王	14	21	15	㕵:𠰃=cjkvi-variants 䚾:𧥶=cjkvi-variants 任:仼=cjkvi-variants+unihan 忹:𢗖=cjkvi-variants 枉:𣐅=cjkvi-variants 狂:狅=cjkvi-variants+wikidata 祍:𥘛=cjkvi-variants 紝:𥿁=cjkvi-variants 軖:軠=cjkvi-variants+wikidata 迋:𨑳=cjkvi-variants+wikidata 閏:𨳝=cjkvi-variants+mj-shrink-map 𡔞:𤣴=cjkvi-variants 𨓏:𨓒=cjkvi-variants 𩂊:𩂐=cjkvi-variants
壮	壯	3	4	4	荘:莊=cjkvi-variants+hng-basic-data+mj-shrink-map+opencc+unihan+wikidata+yitizi 装:裝=cjkvi-variants+hng-basic-data+mj-shrink-map+opencc+unihan+wikidata+yitizi 𬨋:𮷚=unihan
壯	牡	2	1	1	莊:𰱆=wikidata 裝:𧚒=cjkvi-variants+wikidata
声	聲	2	1	1	𠴢:𡄔=cjkvi-variants+opencc+unihan+yitizi 𨧅:𫓠=cjkvi-variants
売	賣	3	5	5	涜:瀆=cjkvi-variants+hng-basic-data+mj-shrink-map+wikidata+yitizi 続:續=cjkvi-variants+hng-basic-data+mj-shrink-map+opencc+unihan+wikidata+yitizi 読:讀=cjkvi-variants+hng-basic-data+mj-shrink-map+opencc+unihan+wikidata+yitizi
売	𧶠	4	5	4	㸿:犢=cjkvi-variants+wikidata 涜:瀆=cjkvi-variants+hng-basic-data+mj-shrink-map+wikidata+yitizi 続:續=cjkvi-variants+hng-basic-data+mj-shrink-map+opencc+unihan+wikidata+yitizi 読:讀=cjkvi-variants+hng-basic-data+mj-shrink-map+opencc+unihan+wikidata+yitizi
壳	⿳士冖一	2	7	7	愨:慤=cjkvi-variants+mj-shrink-map+wikidata+yitizi 愨:𢡱=cjkvi-variants+wikidata+yitizi 殻:𣪊=mj-shrink-map 殼:𣪊=mj-shrink-map+wikidata 螜:𧐜=cjkvi-variants+wikidata 𤚼:𤛓=cjkvi-variants+wikidata
壴	豆	8	33	11	㕑:厨=cjkvi-variants+mj-shrink-map+unihan+wikidata+yitizi 㡡:𢅥=cjkvi-variants 㴻:澍=cjkvi-variants+wikidata 䐍:脰=cjkvi-variants+wikidata 侸:𠊪=cjkvi-variants+wikidata 壹:𡔹=cjkvi-variants+mj-shrink-map+wikidata 廚:𢊍=cjkvi-variants+wikidata+yitizi 樹:𣗳=cjkvi-variants+mj-shrink-map+wikidata 橱:櫉=cjkvi-variants 蹰:𨆼=cjkvi-variants 𠽑:𠿤=wikidata
壽	⿹{120}口	3	3	3	㹗:𤛒=cjkvi-variants+wikidata 幬:𢄛=cjkvi-variants+mj-shrink-map+opencc+wikidata 醻:𨢫=cjkvi-variants
壽	夀	2	1	1	擣:𢷬=cjkvi-variants+wikidata 燽:𤐭=cjkvi-variants+wikidata
壽	寿	34	37	36	㤽:懤=cjkvi-variants+opencc+unihan+wikidata 㦞:𪫷=cjkvi-variants+opencc+unihan+wikidata 㿧:𤽯=cjkvi-variants+opencc+unihan+wikidata+yitizi 䊭:𥺅=cjkvi-variants+opencc+unihan+wikidata+yitizi 䌧:𦀳=wikidata 䓓:薵=cjkvi-variants+opencc+unihan 䬞:𩗡=cjkvi-variants+wikidata 俦:儔=cjkvi-variants+mj-shrink-map+opencc+unihan+wikidata+yitizi 壔:𭎜=unihan+wikidata 嬦:𫝩=cjkvi-variants+opencc+unihan+wikidata 嶹:𫝵=cjkvi-variants+opencc+unihan+wikidata 帱:幬=cjkvi-variants+opencc+unihan+wikidata+yitizi 擣:𢭏=cjkvi-variants+mj-shrink-map+opencc+unihan+wikidata+yitizi 梼:檮=cjkvi-variants+hng-basic-data+opencc+unihan+wikidata+yitizi 涛:濤=cjkvi-variants+hng-basic-data+opencc+unihan+wikidata+yitizi 焘:燾=cjkvi-variants+opencc+unihan+wikidata+yitizi 燽:𬊍=cjkvi-variants+unihan+wikidata 璹:𰡽=unihan+wikidata 畴:疇=cjkvi-variants+hng-basic-data+mj-shrink-map+opencc+unihan+wikidata+yitizi 祷:禱=cjkvi-variants+hng-basic-data+mj-shrink-map+opencc+unihan+wikidata+yitizi 筹:籌=cjkvi-variants+opencc+unihan+wikidata+yitizi 翿:𰭣=unihan+wikidata 譸:𬢪=cjkvi-variants+unihan+wikidata 踌:躊=cjkvi-variants+opencc+unihan+wikidata+yitizi 軇:𮜶=unihan+wikidata 醻:𲆭=unihan 鋳:鑄=cjkvi-variants+mj-shrink-map+opencc+unihan+wikidata+yitizi 陦:隯=cjkvi-variants+mj-shrink-map+opencc+unihan+wikidata 魗:𱆛=unihan+wikidata 𣀘:𫾳=cjkvi-variants+unihan+wikidata 𤘀:𪺣=cjkvi-variants+opencc+unihan+wikidata 𥖲:𪿞=cjkvi-variants+opencc+unihan+wikidata 𨞪:𫜷=unihan+wikidata 𫇠:𮎍=unihan+wikidata 𫾏:𫾡=cjkvi-variants+unihan+wikidata
壽	𠃬	4	6	4	濤:𣵬=cjkvi-variants+mj-shrink-map+wikidata 禱:𥙸=cjkvi-variants+mj-shrink-map+wikidata 𢥰:𥲅=cjkvi-variants+wikidata 𣪐:𣫐=cjkvi-variants+wikidata
壽	𠷎	19	22	20	㦞:𢢧=cjkvi-variants 㹗:𤛴=cjkvi-variants+wikidata 㿒:𤺜=cjkvi-variants+wikidata 㿧:𤾦=cjkvi-variants+wikidata 䬞:𩘿=cjkvi-variants+wikidata 儔:𠍻=cjkvi-variants+mj-shrink-map+wikidata 壔:𡑏=cjkvi-variants+mj-shrink-map+opencc+wikidata 幬:𢅂=cjkvi-variants+mj-shrink-map+wikidata 擣:𢶈=cjkvi-variants+mj-shrink-map+wikidata 檮:𣚑=cjkvi-variants+mj-shrink-map+opencc+wikidata 濤:𣾭=cjkvi-variants+wikidata 璹:𤩈=cjkvi-variants+mj-shrink-map+wikidata 疇:𰣚=wikidata 薵:𦺚=cjkvi-variants+wikidata 躊:𨅡=cjkvi-variants+mj-shrink-map+wikidata 醻:𨣊=cjkvi-variants 𢿟:𣀓=cjkvi-variants 𣪾:𣫐=cjkvi-variants+wikidata 𪆇:𪇘=cjkvi-variants+wikidata
壽	𮋛	3	4	4	濤:𭱹=wikidata 疇:𭻪=wikidata 鑄:𮢷=wikidata
夂	攴	5	10	6	滌:𣼝=cjkvi-variants+mj-shrink-map+opencc+wikidata 絛:𠍞=cjkvi-variants+mj-shrink-map+wikidata 脩:𠋛=cjkvi-variants+mj-shrink-map+opencc+wikidata 致:𦤺=cjkvi-variants+mj-shrink-map+wikidata 𥉈:𥊕=cjkvi-variants+wikidata 𪔻:𪔿=cjkvi-variants
夂	攵	2	3	3	㳊:汷=cjkvi-variants+wikidata 𡕕:𢻯=cjkvi-variants
夅	夆	12	44	16	䀱:𫞳=wikidata 䙜:𧜨=wikidata 䜶:𮙔=wikidata 䧏:降=mj-shrink-map+wikidata 峰:𡶶=mj-shrink-map+wikidata 烽:𤇺=wikidata 膖:𮌨=wikidata 蜂:𧊵=wikidata 蠭:𧔧=cjkvi-variants 逄:逢=cjkvi-variants+wikidata 鋒:𨦟=cjkvi-variants+mj-shrink-map+wikidata 𣝘:𣟀=cjkvi-variants 𥹪:𥹾=wikidata 𩄦:𱁡=wikidata 𩷄:𩷭=wikidata 𪐿:𱋸=wikidata
夅	𢁙	3	6	3	洚:𣴗=cjkvi-variants+wikidata 絳:𥿸=cjkvi-variants+mj-shrink-map+wikidata 降:𨹓=cjkvi-variants+mj-shrink-map+wikidata
夆	逢	16	37	17	䏺:膖=cjkvi-variants+wikidata 䗦:蜂=cjkvi-variants+mj-shrink-map+wikidata 䩼:𩊩=cjkvi-variants 捀:摓=cjkvi-variants 浲:漨=cjkvi-variants+wikidata 烽:熢=cjkvi-variants+mj-shrink-map+wikidata 篷:𥭗=cjkvi-variants+mj-shrink-map+wikidata 綘:縫=cjkvi-variants+mj-shrink-map+wikidata 莑:蓬=cjkvi-variants+mj-shrink-map+wikidata 蠭:𧒒=cjkvi-variants+yitizi 鋒:鏠=cjkvi-variants+mj-shrink-map+wikidata 韸:韼=cjkvi-variants+wikidata 髼:鬔=cjkvi-variants+wikidata 𢓱:𢕝=cjkvi-variants+wikidata 𥍮:𥎌=cjkvi-variants+wikidata 𪔞:𪔲=wikidata
备	𤰇	7	13	7	㸢:𤗌=cjkvi-variants+wikidata 俻:備=cjkvi-variants+mj-shrink-map+unihan+wikidata+yitizi 犕:𤙳=cjkvi-variants+wikidata 糒:𥺢=cjkvi-variants+mj-shrink-map+wikidata 韛:𩏄=cjkvi-variants 𠻋:𭈜=wikidata 𣓂:𣖾=cjkvi-variants+wikidata
夊	攴	3	11	8	䦩:闅=wikidata 夐:敻=cjkvi-variants+mj-shrink-map+wikidata+yitizi 藑:𧁰=cjkvi-variants+opencc+wikidata 觼:𧥎=cjkvi-variants+wikidata 讂:𧭦=cjkvi-variants+opencc+wikidata 𡕥:𥄎=wikidata 𡙋:𥆗=cjkvi-variants
夊	攵	3	5	4	夐:敻=cjkvi-variants+mj-shrink-map+wikidata+yitizi 夑:𣀢=cjkvi-variants 𡙋:𡙐=cjkvi-variants+wikidata
夋	⿱厼又	5	8	5	俊:𰂍=wikidata 踆:𰸓=wikidata 酸:𰼉=wikidata 駿:𱄢=wikidata 𪘑:𱌞=wikidata
夋	⿳厶小又	5	7	5	俊:𰂍=wikidata 踆:𰸓=wikidata 酸:𰼉=wikidata 駿:𱄢=wikidata 𪘑:𱌞=wikidata
夋	𭆙	2	3	1	㑓:俊=cjkvi-variants+mj-shrink-map+wikidata 畯:𭻒=wikidata
夌	麥	7	18	7	䴺:𭐭=wikidata 淩:𣼊=wikidata 踜:𨄣=wikidata 𠡭:𪋾=cjkvi-variants+wikidata 𣣋:𪌒=cjkvi-variants+wikidata 𩜁:𮩍=wikidata 𪌘:𭐨=wikidata
夌	麦	12	18	13	堎:𮰢=wikidata 棱:𭪄=wikidata 淩:𭰗=wikidata 碐:𰦽=wikidata 稜:𥟀=cjkvi-variants+wikidata 菱:𮏀=mj-shrink-map+wikidata 踜:𨀱=wikidata 輘:𨌐=cjkvi-variants+wikidata 陵:𨹧=cjkvi-variants+mj-shrink-map+wikidata 𤊥:𮳩=wikidata 𪅋:𮭏=wikidata 𮌕:𮌜=wikidata
复	夏	6	18	6	廈:𭙦=wikidata 椱:榎=mj-shrink-map 鍑:𮢩=wikidata 馥:𩡘=cjkvi-variants+wikidata 鰒:𮬆=wikidata 𥦸:𥧜=cjkvi-variants
复	復	7	12	8	㙏:𡐣=cjkvi-variants+wikidata 癁:𤸑=cjkvi-variants+unihan+wikidata 蕧:𰱦=unihan+wikidata 複:𮖵=wikidata 鰒:𮬑=wikidata 𠣴:𠣾=cjkvi-variants+wikidata 𥦸:𥨍=cjkvi-variants+unihan+wikidata
复	𡕨	5	8	7	復:𢕒=cjkvi-variants+wikidata 蝮:𧐛=cjkvi-variants+wikidata 複:𧜰=cjkvi-variants+mj-shrink-map+opencc+wikidata 輹:𨎙=cjkvi-variants+wikidata 鰒:𩺽=cjkvi-variants+wikidata 𠣾:𠤇=cjkvi-variants+wikidata
夐	𢿌	3	4	4	藑:𧁰=cjkvi-variants+opencc+wikidata 觼:𧥎=cjkvi-variants+wikidata 讂:𧭦=cjkvi-variants+opencc+wikidata
夒	夔	3	6	4	㹛:犪=cjkvi-variants 𢅼:𢆃=cjkvi-variants 𢥝:𪭆=wikidata
夒	憂	4	8	4	㹛:𤛾=cjkvi-variants+wikidata 擾:𢺕=cjkvi-variants+wikidata 獶:獿=cjkvi-variants 瓇:𤫕=cjkvi-variants
夒	柔	3	8	3	猱:獿=cjkvi-variants 瑈:𤫕=cjkvi-variants+wikidata 𢜸:𢥝=cjkvi-variants+wikidata
夕	歹	8	37	14	㭮:桚=cjkvi-variants 㱳:𡖶=cjkvi-variants 㳨:𣴖=cjkvi-variants+wikidata 夙:𡖆=cjkvi-variants+wikidata 夝:殅=cjkvi-variants+wikidata 斘:𭮃=wikidata 汐:𣲠=cjkvi-variants+mj-shrink-map+wikidata 蕵:薞=cjkvi-variants+wikidata 飧:飱=cjkvi-variants+mj-shrink-map+opencc+unihan+wikidata+yitizi 𠡝:𠡢=wikidata 𣟃:𬄺=unihan 𨀨:𫏎=cjkvi-variants+wikidata
夕	維	3	27	19	㑩:儸=cjkvi-variants+opencc+unihan+wikidata+yitizi 㦬:𰑫=unihan+wikidata 㼈:𭹜=unihan+wikidata 啰:囉=cjkvi-variants+opencc+unihan+wikidata+yitizi 攞:𫽋=cjkvi-variants+unihan+wikidata 椤:欏=cjkvi-variants+opencc+unihan+wikidata+yitizi 猡:玀=cjkvi-variants+opencc+unihan+wikidata+yitizi 箩:籮=cjkvi-variants+opencc+unihan+wikidata+yitizi 罗:羅=cjkvi-variants+mj-shrink-map+opencc+unihan+wikidata+yitizi 萝:蘿=cjkvi-variants+opencc+unihan+wikidata+yitizi 逻:邏=cjkvi-variants+opencc+unihan+wikidata+yitizi 𡤢:𮱊=unihan+wikidata 𤄷:𪶒=cjkvi-variants+opencc+unihan+wikidata 𤓓:𬊜=cjkvi-variants+unihan+wikidata 𥗴:𬒓=cjkvi-variants+unihan+wikidata 𦣇:𬂂=cjkvi-variants+unihan+wikidata 𧟌:𬡠=cjkvi-variants+unihan+wikidata 𨇽:𫏑=cjkvi-variants+opencc+unihan+wikidata 𩉙:𬰡=cjkvi-variants+unihan+wikidata
夕	𠂎	5	20	9	卯:夘=cjkvi-variants+hng-basic-data+mj-shrink-map+unihan+wikidata+yitizi 卿:𡖖=cjkvi-variants+mj-shrink-map+wikidata 昴:𭥦=wikidata 柳:栁=cjkvi-variants+mj-shrink-map+unihan+wikidata 窌:𰩇=wikidata 鉚:𮡯=wikidata 𠥰:𰅫=wikidata 𨋖:𰹏=wikidata 𩖴:𱂾=wikidata
夕	𱼀	2	10	3	䚻:𧥧=cjkvi-variants 炙:𬉹=cjkvi-variants+mj-shrink-map+wikidata 𦠁:𭵫=wikidata
夗	⿰{58}刀	3	10	8	貿:𧵍=cjkvi-variants+mj-shrink-map+wikidata 鄮:𨞆=cjkvi-variants+wikidata 飀:𱃊=wikidata 騮:𱄭=wikidata 鰡:𩺜=cjkvi-variants+mj-shrink-map+wikidata 𥛅:𰨏=wikidata 𥰣:𥰷=cjkvi-variants+wikidata 𧽖:𰷽=wikidata
夗	宛	8	20	8	䑱:𦨨=cjkvi-variants+wikidata 䳃:𪂭=cjkvi-variants+wikidata 剜:𠛠=cjkvi-variants+mj-shrink-map+wikidata 怨:惌=cjkvi-variants+wikidata 綩:𥿎=cjkvi-variants+wikidata 苑:菀=yitizi 鵷:𪀈=cjkvi-variants+mj-shrink-map+wikidata 𩎝:𩎺=cjkvi-variants+wikidata
夗	死	3	9	5	怨:𭜨=wikidata 𥧉:𥧛=wikidata 𧵍:𧵲=cjkvi-variants
夗	𡖅	5	10	7	剜:𭃰=wikidata 宛:𭓩=wikidata 怨:𭜥=mj-shrink-map+wikidata 苑:𫟍=cjkvi-variants+mj-shrink-map+wikidata 菀:𮏑=mj-shrink-map+wikidata 鴛:𫠔=cjkvi-variants+mj-shrink-map+wikidata
夗	𭭽	2	3	1	剜:𭃰=wikidata 菀:𮏑=mj-shrink-map+wikidata
多	𢑑	7	20	8	移:𰨨=wikidata 𡖓:𢑝=cjkvi-variants 𡖯:𢑧=cjkvi-variants 𤈕:𤈗=cjkvi-variants 𦍹:𦍽=cjkvi-variants+wikidata 𨐔:𨐕=cjkvi-variants+wikidata 𨛃:𨛅=cjkvi-variants
夢	瞢	4	12	5	䑅:𦢧=cjkvi-variants+wikidata 儚:𠐧=cjkvi-variants+wikidata 懜:懵=cjkvi-variants+opencc+unihan+wikidata+yitizi 𨮒:𨯠=cjkvi-variants+wikidata
大	太	19	29	20	㐲:㑀=cjkvi-variants 㣕:㣖=cjkvi-variants 㳲:𣴘=cjkvi-variants 䙲:𧟧=cjkvi-variants 呔:𠯈=cjkvi-variants 奋:𡘒=cjkvi-variants+wikidata 忕:忲=cjkvi-variants+wikidata 汏:汰=cjkvi-variants+wikidata 盇:𡘃=cjkvi-variants 舦:𦨐=cjkvi-variants+wikidata 軑:軚=cjkvi-variants+wikidata 达:迏=cjkvi-variants+wikidata 釱:鈦=cjkvi-variants 馱:駄=cjkvi-variants+mj-shrink-map+wikidata+yitizi 𡉑:𡊀=cjkvi-variants 𡚻:𡛕=cjkvi-variants 𢪂:𢪯=cjkvi-variants 𥫵:𰩬=wikidata 𪐝:𪐥=cjkvi-variants
大	犬	24	45	29	㐲:伏=cjkvi-variants+mj-shrink-map+wikidata 㚟:𤟭=cjkvi-variants+yitizi 㧋:𢪂=cjkvi-variants 䭾:馱=cjkvi-variants+unihan+wikidata+yitizi 䲦:𩿁=cjkvi-variants+wikidata 䲪:𩿛=cjkvi-variants 吠:𠯈=cjkvi-variants 奘:𤞛=cjkvi-variants 奜:猆=cjkvi-variants+wikidata 奬:獎=cjkvi-variants+mj-shrink-map+unihan+wikidata+yitizi 忕:𢗗=cjkvi-variants+wikidata 戻:戾=cjkvi-variants+hng-basic-data+mj-shrink-map+opencc+unihan+wikidata+yitizi 扷:𢪺=cjkvi-variants 杕:枤=cjkvi-variants 涙:淚=cjkvi-variants+hng-basic-data+mj-shrink-map+opencc+unihan+wikidata+yitizi 獘:𡚁=cjkvi-variants 芖:𦬫=cjkvi-variants 达:迖=cjkvi-variants+wikidata 闃:𨵢=cjkvi-variants+wikidata 默:𪐝=cjkvi-variants 𡗻:𤝟=cjkvi-variants 𢁖:𤜧=cjkvi-variants 𤣂:𤳦=cjkvi-variants 𦨐:𦨚=cjkvi-variants 𩡱:𩡷=cjkvi-variants
大	𡗜	10	66	39	㤿:𢞷=cjkvi-variants 㮈:𣗟=wikidata 㷈:𤌥=cjkvi-variants+wikidata 䠑:𨅆=cjkvi-variants+wikidata 䱞:𩺚=cjkvi-variants+wikidata 侉:𪝄=cjkvi-variants 刳:𪟉=cjkvi-variants+wikidata 匏:𠣻=cjkvi-variants+wikidata 唵:𠺄=cjkvi-variants+wikidata 夯:𠡊=cjkvi-variants+wikidata 夸:𡘆=cjkvi-variants+mj-shrink-map+wikidata 奄:𡘤=cjkvi-variants+mj-shrink-map+wikidata 奈:𥘾=cjkvi-variants+mj-shrink-map+wikidata 奞:𨾮=cjkvi-variants+wikidata 姱:𡝻=cjkvi-variants 庵:𢊊=cjkvi-variants+mj-shrink-map+wikidata 憭:𭝷=wikidata 掩:𢲅=cjkvi-variants+wikidata 獠:𭸡=wikidata 瓠:𤬄=cjkvi-variants+wikidata 痷:𤹃=cjkvi-variants+wikidata 胯:𦜮=cjkvi-variants+wikidata 腌:𦞴=cjkvi-variants 菴:𫈸=cjkvi-variants 袴:𫋾=cjkvi-variants+mj-shrink-map 誇:𧩊=cjkvi-variants+mj-shrink-map+wikidata 跨:𨂍=cjkvi-variants+wikidata 郀:𨜆=cjkvi-variants+wikidata 銙:𨨆=cjkvi-variants+wikidata 鐐:𬫴=wikidata 陓:𨺈=cjkvi-variants+wikidata 馣:𬳡=wikidata 𥯃:𫂑=cjkvi-variants 𦖈:𦗆=cjkvi-variants 𦾀:𫉌=cjkvi-variants 𨺍:𨻚=cjkvi-variants 𪑭:𪒖=cjkvi-variants+wikidata
天	夭	7	20	11	䋬:𦁔=cjkvi-variants+wikidata 䚶:訞=cjkvi-variants 乔:𡗤=cjkvi-variants 吞:呑=cjkvi-variants+hng-basic-data+mj-shrink-map+unihan+wikidata+yitizi 祅:祆=cjkvi-variants+wikidata 镺:𮸤=wikidata 𣷹:𣸸=cjkvi-variants
夬	決	4	6	5	芵:𦯊=cjkvi-variants+wikidata 赽:𧻯=cjkvi-variants+wikidata 鴂:𪁠=cjkvi-variants+mj-shrink-map 𦑗:𬚇=wikidata
夭	芺	8	13	8	䄏:祅=cjkvi-variants+wikidata 妖:𡝩=cjkvi-variants+mj-shrink-map+wikidata 枖:𣓎=cjkvi-variants+wikidata 殀:𣨘=cjkvi-variants+wikidata 沃:𣵽=cjkvi-variants+mj-shrink-map+wikidata 訞:𧨶=cjkvi-variants+wikidata 飫:𩜈=cjkvi-variants+wikidata 鴁:𪁾=cjkvi-variants+wikidata
失	⿱壬儿	4	4	4	㲳:𣱎=cjkvi-variants+wikidata 帙:𢂮=cjkvi-variants+mj-shrink-map+wikidata 詄:𧧲=cjkvi-variants+wikidata 镻:𨱷=cjkvi-variants+wikidata
失	⿳㇒士儿	4	4	4	㲳:𣱎=cjkvi-variants+wikidata 帙:𢂮=cjkvi-variants+mj-shrink-map+wikidata 詄:𧧲=cjkvi-variants+wikidata 镻:𨱷=cjkvi-variants+wikidata
失	⿳一士儿	4	4	4	㲳:𣱎=cjkvi-variants+wikidata 帙:𢂮=cjkvi-variants+mj-shrink-map+wikidata 詄:𧧲=cjkvi-variants+wikidata 镻:𨱷=cjkvi-variants+wikidata
夸	𡗢	8	11	9	䠸:𨉀=cjkvi-variants+wikidata 刳:𰄨=wikidata 胯:𰮞=wikidata 胯:𰮟=wikidata 誇:𧧳=cjkvi-variants+mj-shrink-map+wikidata 跨:𨀗=cjkvi-variants+mj-shrink-map+wikidata 骻:𱅯=wikidata 鮬:𩶮=cjkvi-variants+mj-shrink-map+wikidata
夸	𡘆	12	17	14	侉:𪝄=cjkvi-variants 刳:𪟉=cjkvi-variants+wikidata 匏:𠣻=cjkvi-variants+wikidata 姱:𡝻=cjkvi-variants 瓠:𤬄=cjkvi-variants+wikidata 胯:𦜮=cjkvi-variants+wikidata 袴:𫋾=cjkvi-variants+mj-shrink-map 誇:𧩊=cjkvi-variants+mj-shrink-map+wikidata 跨:𨂍=cjkvi-variants+wikidata 郀:𨜆=cjkvi-variants+wikidata 銙:𨨆=cjkvi-variants+wikidata 陓:𨺈=cjkvi-variants+wikidata 𦾀:𫉌=cjkvi-variants
夸	𭑃	3	4	4	洿:𣳹=wikidata 跨:𰸉=wikidata 陓:𱀍=wikidata
夹	夾	38	49	44	㓨:刾=cjkvi-variants+opencc+unihan+wikidata+yitizi 㛍:𮰿=unihan+wikidata 㤲:𫺁=cjkvi-variants+unihan+wikidata 㥷:𰑸=unihan+wikidata 㪎:𪯋=cjkvi-variants+opencc+unihan+wikidata 㰰:𬅢=cjkvi-variants+unihan+wikidata 㵤:𬉇=cjkvi-variants+unihan+wikidata 䀹:𥅴=cjkvi-variants+opencc+unihan+wikidata+yitizi 䇲:筴=cjkvi-variants+mj-shrink-map+opencc+unihan+wikidata+yitizi 侠:俠=cjkvi-variants+hng-basic-data+mj-shrink-map+opencc+unihan+wikidata+yitizi 唊:𰇕=unihan+wikidata 埉:𰉥=unihan+wikidata 峡:峽=cjkvi-variants+mj-shrink-map+opencc+unihan+wikidata+yitizi 悏:𫺂=cjkvi-variants+unihan+wikidata 惬:愜=cjkvi-variants+opencc+unihan+wikidata+yitizi 挟:挾=cjkvi-variants+hng-basic-data+mj-shrink-map+opencc+unihan+wikidata+yitizi 梜:𬂩=cjkvi-variants+opencc+unihan+wikidata 浃:浹=cjkvi-variants+mj-shrink-map+opencc+unihan+wikidata+yitizi 狭:狹=cjkvi-variants+hng-basic-data+mj-shrink-map+opencc+unihan+wikidata+yitizi 瘗:瘞=cjkvi-variants+opencc+unihan+wikidata+yitizi 瘱:𪽷=cjkvi-variants+opencc+unihan+wikidata 硖:硤=cjkvi-variants+opencc+unihan+wikidata+yitizi 箧:篋=cjkvi-variants+opencc+unihan+wikidata+yitizi 翜:𰭢=unihan+wikidata 脥:𣍰=cjkvi-variants+opencc+unihan+wikidata+yitizi 荚:莢=cjkvi-variants+opencc+unihan+wikidata+yitizi 蛱:蛺=cjkvi-variants+opencc+unihan+wikidata+yitizi 裌:𬡒=cjkvi-variants+unihan+wikidata 郏:郟=cjkvi-variants+opencc+unihan+wikidata+yitizi 鋏:𨦇=cjkvi-variants+wikidata 陕:陜=cjkvi-variants+wikidata 陿:𬯅=cjkvi-variants+unihan+wikidata 頬:頰=cjkvi-variants+hng-basic-data+mj-shrink-map+wikidata+yitizi 𠩘:𫨆=cjkvi-variants+unihan+wikidata 𢊃:𰏽=unihan+wikidata 𤥵:𮴑=unihan+wikidata 𤲍:𱰱=unihan 𥞦:𥞵=cjkvi-variants+opencc+unihan+wikidata 𥩺:𥪂=cjkvi-variants+opencc+unihan+wikidata 𧌥:𧎈=cjkvi-variants+opencc+wikidata 𨁂:𬦯=cjkvi-variants+unihan+wikidata 𨋸:𫏶=cjkvi-variants 𪖨:𱌕=unihan+wikidata
奂	奐	9	11	11	㛟:𡞵=cjkvi-variants+opencc+unihan+wikidata+yitizi 唤:喚=cjkvi-variants+opencc+unihan+wikidata+yitizi 寏:𡨡=cjkvi-variants+wikidata 愌:𢚾=cjkvi-variants+wikidata 换:換=cjkvi-variants+opencc+unihan+wikidata+yitizi 涣:渙=cjkvi-variants+opencc+unihan+wikidata+yitizi 焕:煥=cjkvi-variants+opencc+unihan+wikidata+yitizi 瑍:𤥺=cjkvi-variants+wikidata 痪:瘓=cjkvi-variants+opencc+unihan+wikidata+yitizi
奄	弇	7	23	7	㤿:𢜰=cjkvi-variants+wikidata 崦:𡹮=cjkvi-variants+mj-shrink-map+wikidata 掩:揜=cjkvi-variants+unihan+yitizi 淹:渰=unihan+yitizi 菴:葊=cjkvi-variants+mj-shrink-map+wikidata 鵪:𪂻=cjkvi-variants+wikidata 黤:黭=cjkvi-variants
奄	菴	3	5	3	㭺:𣚖=cjkvi-variants+wikidata 唵:𭊭=wikidata 埯:𮰭=wikidata
奄	𡘤	12	19	15	㤿:𢞷=cjkvi-variants 㷈:𤌥=cjkvi-variants+wikidata 唵:𠺄=cjkvi-variants+wikidata 庵:𢊊=cjkvi-variants+mj-shrink-map+wikidata 掩:𢲅=cjkvi-variants+wikidata 痷:𤹃=cjkvi-variants+wikidata 腌:𦞴=cjkvi-variants 菴:𫈸=cjkvi-variants 馣:𬳡=wikidata 𥯃:𫂑=cjkvi-variants 𦖈:𦗆=cjkvi-variants 𨺍:𨻚=cjkvi-variants
奄	𡘹	3	5	4	䁆:𥉱=cjkvi-variants+wikidata 淹:𣼜=cjkvi-variants+mj-shrink-map+opencc+wikidata 腌:𦟩=cjkvi-variants+opencc+wikidata
奇	⿱𠂉奇	3	3	3	䫯:𩕲=cjkvi-variants+wikidata 旑:旖=cjkvi-variants+wikidata 檹:𣚂=cjkvi-variants+wikidata
奇	⿳𠂉大可	3	3	3	䫯:𩕲=cjkvi-variants+wikidata 旑:旖=cjkvi-variants+wikidata 檹:𣚂=cjkvi-variants+wikidata
奇	竒	24	30	25	㟢:嵜=cjkvi-variants+unihan 㾨:𭼝=wikidata 䄎:𰨌=wikidata 倚:𠋣=cjkvi-variants+mj-shrink-map+wikidata 埼:𫮍=cjkvi-variants 寄:𭔃=mj-shrink-map+wikidata 崎:﨑=cjkvi-variants+mj-shrink-map+unihan 掎:𢰤=cjkvi-variants+wikidata 敧:𭣿=wikidata 旖:𭥃=wikidata 椅:𬃪=cjkvi-variants+mj-shrink-map+wikidata 欹:𣣱=cjkvi-variants+wikidata 犄:𰠸=wikidata 猗:𭸟=wikidata 琦:𤦺=cjkvi-variants+wikidata 畸:𰣍=wikidata 碕:𥔎=cjkvi-variants+mj-shrink-map+unihan+wikidata 綺:𦂶=cjkvi-variants+wikidata 輢:𰹝=wikidata 錡:𨪆=cjkvi-variants+wikidata 騎:𮪍=mj-shrink-map+wikidata 齮:𱌡=wikidata 𠵇:𫫀=cjkvi-variants 𨵎:𨵤=cjkvi-variants+wikidata
奈	柰	10	11	11	㮈:㮏=cjkvi-variants 㲡:𣮦=cjkvi-variants+wikidata 㴎:渿=cjkvi-variants 䱞:𩹟=cjkvi-variants 捺:𭡠=mj-shrink-map+wikidata 萘:𦳐=cjkvi-variants 𡞏:𡞫=cjkvi-variants 𤷈:𤸏=cjkvi-variants+wikidata 𥇧:𥈡=cjkvi-variants 𩈫:𩈶=cjkvi-variants+wikidata
奈	𥘾	2	3	1	㮈:𣗟=wikidata 䱞:𩺚=cjkvi-variants+wikidata
契	絜	5	16	5	䐼:𦝜=cjkvi-variants 䥛:鍥=cjkvi-variants+wikidata 喫:噄=cjkvi-variants+mj-shrink-map+wikidata 潔:𣸲=wikidata 𪃈:𪅸=cjkvi-variants+wikidata
契	𢍆	6	9	7	䝟:𧳳=cjkvi-variants+wikidata 䱮:𱆵=wikidata 揳:𢰟=wikidata 猰:𤟻=cjkvi-variants+wikidata 葜:𦳴=cjkvi-variants+mj-shrink-map+wikidata 𧼪:𧽁=cjkvi-variants
奔	𢍃	2	3	1	錛:𨪻=cjkvi-variants+wikidata 𨁼:𨃦=cjkvi-variants
奚	⿱爫夫	6	6	6	徯:𭛳=wikidata 渓:溪=cjkvi-variants+mj-shrink-map+opencc+unihan+wikidata+yitizi 谿:𧮾=cjkvi-variants+wikidata 蹊:𮛪=wikidata 雞:𨿸=cjkvi-variants+wikidata 鶏:鷄=cjkvi-variants+mj-shrink-map+opencc+unihan
奚	⿳㇒⿲㇒丶丶夫	6	6	6	徯:𭛳=wikidata 渓:溪=cjkvi-variants+mj-shrink-map+opencc+unihan+wikidata+yitizi 谿:𧮾=cjkvi-variants+wikidata 蹊:𮛪=wikidata 雞:𨿸=cjkvi-variants+wikidata 鶏:鷄=cjkvi-variants+mj-shrink-map+opencc+unihan
奚	⿳㇒𭕄夫	6	6	6	徯:𭛳=wikidata 渓:溪=cjkvi-variants+mj-shrink-map+opencc+unihan+wikidata+yitizi 谿:𧮾=cjkvi-variants+wikidata 蹊:𮛪=wikidata 雞:𨿸=cjkvi-variants+wikidata 鶏:鷄=cjkvi-variants+mj-shrink-map+opencc+unihan
奭	𠁗	2	2	1	襫:𧞲=cjkvi-variants+wikidata 𣂏:𣂐=cjkvi-variants
奭	𥇛	3	7	3	㪺:𣂏=cjkvi-variants+wikidata 𠟰:𠠘=cjkvi-variants+wikidata 𣰋:𣰰=cjkvi-variants
奰	𡚤	2	1	1	㶔:𤅹=cjkvi-variants 㿙:𤼤=cjkvi-variants+wikidata
妟	晏	4	12	5	䁙:𰥤=wikidata 䳛:鷃=cjkvi-variants+mj-shrink-map+wikidata 偃:𠍾=wikidata 宴:𡩷=cjkvi-variants+mj-shrink-map+wikidata 椻:𣚼=wikidata
娄	婁	57	70	63	㜢:𡞱=cjkvi-variants+opencc+unihan+wikidata+yitizi 㟺:𪩇=cjkvi-variants+opencc+unihan+wikidata 㡞:𰏜=unihan+wikidata 㥪:慺=cjkvi-variants+opencc+unihan+wikidata 㪹:𬖠=cjkvi-variants+unihan+wikidata 㺏:𤠋=cjkvi-variants+opencc+unihan+wikidata+yitizi 䁖:瞜=cjkvi-variants+opencc+unihan+wikidata+yitizi 䉤:籔=cjkvi-variants+opencc+unihan+wikidata+yitizi 䝏:𰶬=unihan+wikidata 䫫:𩔗=cjkvi-variants 䱾:𱆹=wikidata 偻:僂=cjkvi-variants+mj-shrink-map+opencc+unihan+wikidata+yitizi 喽:嘍=cjkvi-variants+opencc+unihan+wikidata+yitizi 塿:𪣻=cjkvi-variants+opencc+unihan+wikidata 寠:𪧘=cjkvi-variants+opencc+unihan+wikidata 屡:屢=cjkvi-variants+hng-basic-data+mj-shrink-map+opencc+unihan+wikidata+yitizi 屦:屨=cjkvi-variants+opencc+unihan+wikidata+yitizi 嵝:嶁=cjkvi-variants+opencc+unihan+wikidata+yitizi 廔:𫷹=cjkvi-variants+unihan+wikidata 搂:摟=cjkvi-variants+opencc+unihan+wikidata+yitizi 擞:擻=cjkvi-variants+opencc+unihan+wikidata+yitizi 数:數=cjkvi-variants+hng-basic-data+mj-shrink-map+opencc+unihan+wikidata+yitizi 楼:樓=cjkvi-variants+hng-basic-data+mj-shrink-map+opencc+unihan+wikidata+yitizi 櫢:𰘸=unihan+wikidata 氀:𰚦=unihan+wikidata 溇:漊=cjkvi-variants+opencc+unihan+wikidata+yitizi 熡:𤋏=cjkvi-variants+opencc+unihan+wikidata+yitizi 甊:𰢦=unihan+wikidata 瘘:瘻=cjkvi-variants+mj-shrink-map+opencc+unihan+wikidata 窭:窶=cjkvi-variants+opencc+unihan+wikidata+yitizi 篓:簍=cjkvi-variants+opencc+unihan+wikidata+yitizi 縷:𫃵=cjkvi-variants+wikidata 耧:耬=cjkvi-variants+opencc+unihan+wikidata+yitizi 膢:𦝼=cjkvi-variants+opencc+unihan+wikidata+yitizi 艛:𰰑=unihan+wikidata 蒌:蔞=cjkvi-variants+opencc+unihan+wikidata+yitizi 薮:藪=cjkvi-variants+hng-basic-data+mj-shrink-map+opencc+unihan+wikidata+yitizi 蝼:螻=cjkvi-variants+mj-shrink-map+opencc+unihan+wikidata+yitizi 褛:褸=cjkvi-variants+mj-shrink-map+opencc+unihan+wikidata+yitizi 貗:𫎌=cjkvi-variants+opencc+unihan+wikidata 遱:𫐷=cjkvi-variants+opencc+unihan+wikidata 鏤:𨩐=cjkvi-variants+mj-shrink-map+wikidata 鞻:𱁺=unihan+wikidata 髅:髏=cjkvi-variants+opencc+unihan+wikidata+yitizi 鷜:𱈲=wikidata 𠐍:𫣫=cjkvi-variants+unihan+wikidata 𠞭:𫦉=cjkvi-variants+unihan+wikidata 𡀿:𫫵=cjkvi-variants+unihan+wikidata 𡂡:𪢒=cjkvi-variants+opencc+unihan+wikidata 𡗆:𰋖=unihan 𣤋:𰙕=unihan+wikidata 𤛠:𬌥=cjkvi-variants+wikidata 𤬏:𱰆=unihan 𥹰:𱍿=wikidata 𦎹:𰭚=unihan+wikidata 𧲕:𫲜=cjkvi-variants+wikidata 𩯁:𫙂=cjkvi-variants+opencc+unihan+wikidata 𪢈:𱕎=wikidata 𪮴:𱡃=wikidata 𫄄:𫄎=cjkvi-variants+wikidata 𫏻:𬧻=cjkvi-variants+wikidata 𭧖:𰖚=unihan+wikidata
婁	𡝤	3	4	4	㜢:𡡎=cjkvi-variants 數:𢿙=cjkvi-variants+mj-shrink-map+wikidata 𣰝:𣰢=cjkvi-variants
婴	嬰	14	15	15	嘤:嚶=cjkvi-variants+opencc+unihan+wikidata+yitizi 孆:𫝭=cjkvi-variants+opencc+unihan+wikidata 孾:𪧀=cjkvi-variants+opencc+unihan+wikidata 巊:𪩎=cjkvi-variants+opencc+unihan+wikidata 廮:𫷾=cjkvi-variants+unihan+wikidata 撄:攖=cjkvi-variants+opencc+unihan+wikidata+yitizi 樱:櫻=cjkvi-variants+opencc+unihan+wikidata+yitizi 瀴:𰜳=unihan+wikidata 璎:瓔=cjkvi-variants+opencc+unihan+wikidata+yitizi 瘿:癭=cjkvi-variants+opencc+unihan+wikidata+yitizi 蘡:𮐨=unihan+wikidata 蠳:𰳗=unihan+wikidata 𤣎:𰡢=unihan+wikidata 𪝼:𱏆=wikidata
嬰	𰋷	3	4	4	䋝:纓=cjkvi-variants+wikidata 桜:櫻=cjkvi-variants+mj-shrink-map+opencc+unihan+wikidata+yitizi 珱:瓔=cjkvi-variants+hng-basic-data+mj-shrink-map+wikidata
嬴	盈	3	9	3	㨕:攍=cjkvi-variants+wikidata 䕦:萾=cjkvi-variants+wikidata 楹:𣟅=cjkvi-variants+mj-shrink-map+wikidata
孙	孫	5	6	6	愻:𢙏=cjkvi-variants+opencc+wikidata 搎:𰓧=unihan+wikidata 狲:猻=cjkvi-variants+opencc+unihan+wikidata+yitizi 荪:蓀=cjkvi-variants+opencc+unihan+wikidata+yitizi 逊:遜=cjkvi-variants+opencc+unihan+wikidata+yitizi
孚	浮	3	8	4	䳕:𪃽=cjkvi-variants+wikidata 哹:𠸷=cjkvi-variants+wikidata 罦:𮊑=wikidata
孛	𡥞	2	1	1	㪍:𢾢=cjkvi-variants 挬:𢰏=cjkvi-variants+wikidata
孝	𡥈	2	1	1	酵:𨡆=cjkvi-variants+wikidata 𡦳:𡦴=cjkvi-variants
孝	𡥉	3	5	4	敎:教=cjkvi-variants+hng-basic-data+mj-shrink-map+opencc+unihan+wikidata+yitizi 𡦭:𡦳=cjkvi-variants 𪁡:𱈩=wikidata
孤	狐	3	4	3	箛:𮅜=wikidata 菰:𦱄=yitizi 𠍐:𡦈=wikidata
学	學	6	7	7	㙾:𰉽=unihan+wikidata 㩭:𫽊=cjkvi-variants+unihan+wikidata 敩:斆=cjkvi-variants+opencc+unihan+wikidata+yitizi 斅:𢽾=cjkvi-variants+opencc+unihan+wikidata+yitizi 𠐮:𬾣=unihan+wikidata 𤊀:𤒎=cjkvi-variants+opencc+unihan+yitizi
孨	孱	3	5	4	僝:𠊩=cjkvi-variants+wikidata 潺:𣹏=wikidata 𩹆:𩻣=cjkvi-variants
學	斈	2	1	1	𢚙:𢤾=cjkvi-variants 𨯰:𫒤=cjkvi-variants
宀	宂	51	200	61	㗌:㗧=cjkvi-variants+wikidata 㝓:䆟=cjkvi-variants+wikidata 㝔:窔=cjkvi-variants+wikidata 㝗:䆡=cjkvi-variants+wikidata 㝣:窫=cjkvi-variants+wikidata 㝩:䆲=cjkvi-variants+wikidata 㝱:𮄥=wikidata 㨓:𢭂=cjkvi-variants+wikidata 䆖:宏=cjkvi-variants+wikidata 䆜:宥=cjkvi-variants+wikidata 䆠:宦=cjkvi-variants+mj-shrink-map+wikidata 䆣:宸=cjkvi-variants+wikidata 䆯:𡪚=wikidata 䆿:寱=cjkvi-variants+wikidata 侒:𠊢=cjkvi-variants+wikidata 僒:𠌣=wikidata 噾:𠽨=cjkvi-variants+wikidata 字:𥤪=cjkvi-variants+mj-shrink-map+wikidata 宄:究=cjkvi-variants+wikidata 宅:𮃸=wikidata 宆:穹=cjkvi-variants+mj-shrink-map+wikidata 宇:穻=cjkvi-variants+mj-shrink-map+wikidata 宊:突=cjkvi-variants+mj-shrink-map+wikidata+yitizi 宕:𥥔=cjkvi-variants+wikidata 官:𮃻=mj-shrink-map+wikidata 宙:𥥉=cjkvi-variants+wikidata 宨:窕=cjkvi-variants+wikidata 宬:窚=cjkvi-variants 宯:窙=cjkvi-variants+wikidata 寏:𥦺=cjkvi-variants 寐:𥧌=cjkvi-variants+wikidata 寔:𥦽=cjkvi-variants+mj-shrink-map+wikidata 寙:窳=cjkvi-variants 寞:𰩙=wikidata 寠:窶=cjkvi-variants+unihan+yitizi 寢:𥨊=cjkvi-variants+wikidata 寤:窹=cjkvi-variants+wikidata 寥:𥧯=cjkvi-variants 寫:𰩛=wikidata 寮:竂=cjkvi-variants+wikidata 牢:窂=cjkvi-variants+wikidata 穿:𭓟=wikidata 窈:𫳀=wikidata 窟:𰍅=wikidata 窡:𡨤=cjkvi-variants+wikidata 窯:𰍔=wikidata 窱:𡩢=cjkvi-variants+wikidata 窸:𭔎=wikidata 竁:𡪣=cjkvi-variants+wikidata 腟:膣=cjkvi-variants+mj-shrink-map+yitizi 螲:𧍱=cjkvi-variants+wikidata 𠐏:𠑅=wikidata 𡧍:𥤵=cjkvi-variants+wikidata 𡫬:𥩁=cjkvi-variants+wikidata
宀	寍	3	23	18	㤖:懧=cjkvi-variants+unihan 㲰:𰚔=unihan+wikidata 䗿:𧉞=cjkvi-variants+opencc+unihan+yitizi 佇:儜=cjkvi-variants 咛:嚀=cjkvi-variants+opencc+unihan+wikidata+yitizi 嬣:𪥰=cjkvi-variants+opencc+unihan+wikidata 宁:寧=cjkvi-variants+opencc+unihan+wikidata+yitizi 拧:擰=cjkvi-variants+opencc+unihan+wikidata+yitizi 柠:檸=cjkvi-variants+opencc+unihan+wikidata+yitizi 泞:濘=cjkvi-variants+opencc+unihan+wikidata+yitizi 狞:獰=cjkvi-variants+opencc+unihan+wikidata+yitizi 眝:矃=cjkvi-variants 聍:聹=cjkvi-variants+opencc+unihan+wikidata+yitizi 苧:薴=cjkvi-variants+opencc+unihan+wikidata+yitizi 鬡:𮫂=unihan+wikidata 鸋:𬷌=cjkvi-variants 𤪥:𬍜=cjkvi-variants 𤻝:𰣩=unihan
宁	寗	2	1	1	柠:𣜏=cjkvi-variants 泞:𤀑=cjkvi-variants
宁	寧	17	22	18	㤖:懧=cjkvi-variants+unihan 㲰:𰚔=unihan+wikidata 䗿:𧉞=cjkvi-variants+opencc+unihan+yitizi 佇:儜=cjkvi-variants 咛:嚀=cjkvi-variants+opencc+unihan+wikidata+yitizi 嬣:𪥰=cjkvi-variants+opencc+unihan+wikidata 拧:擰=cjkvi-variants+opencc+unihan+wikidata+yitizi 柠:檸=cjkvi-variants+opencc+unihan+wikidata+yitizi 泞:濘=cjkvi-variants+opencc+unihan+wikidata+yitizi 狞:獰=cjkvi-variants+opencc+unihan+wikidata+yitizi 眝:矃=cjkvi-variants 聍:聹=cjkvi-variants+opencc+unihan+wikidata+yitizi 苧:薴=cjkvi-variants+opencc+unihan+wikidata+yitizi 鬡:𮫂=unihan+wikidata 鸋:𬷌=cjkvi-variants 𤪥:𬍜=cjkvi-variants 𤻝:𰣩=unihan
宂	穴	10	14	14	㧒:抭=cjkvi-variants+wikidata 䴳:𪌡=cjkvi-variants+wikidata 坹:𡊫=cjkvi-variants 泬:𣲽=cjkvi-variants 袕:𧙇=cjkvi-variants 貁:𮙩=wikidata 鴧:鴪=cjkvi-variants 𣍥:𦙮=cjkvi-variants 𧉡:𧉢=cjkvi-variants 𪕎:𪕏=cjkvi-variants
它	陀	3	5	3	䪑:𩎼=cjkvi-variants+wikidata 沱:𣵻=cjkvi-variants+mj-shrink-map+wikidata 鴕:𪂊=cjkvi-variants+mj-shrink-map+wikidata
它	陁	4	7	4	沱:𣵺=cjkvi-variants+mj-shrink-map+wikidata 鉈:𨧯=cjkvi-variants+mj-shrink-map+wikidata 駝:𩣾=cjkvi-variants+mj-shrink-map+wikidata 鮀:𩷿=cjkvi-variants+wikidata
完	皃	9	18	10	䯘:𩩕=cjkvi-variants+wikidata 垸:𡌗=cjkvi-variants+mj-shrink-map+wikidata 晥:𣆿=cjkvi-variants+mj-shrink-map+wikidata 浣:𣴟=cjkvi-variants+wikidata 睆:𥆒=cjkvi-variants+wikidata 筦:𥭨=cjkvi-variants+mj-shrink-map+wikidata 綄:𦀸=wikidata 莞:𦯜=cjkvi-variants+mj-shrink-map+wikidata 鵍:𪁤=cjkvi-variants+wikidata
宐	宜	2	1	1	誼:𧧼=cjkvi-variants+mj-shrink-map+wikidata 𨌊:𨌵=cjkvi-variants
宓	必	4	16	5	㴵:㵥=cjkvi-variants+wikidata 密:𡶇=cjkvi-variants+mj-shrink-map+wikidata 蔤:𦰷=cjkvi-variants+mj-shrink-map+wikidata 鴓:𪂁=cjkvi-variants+wikidata 𪂨:𪅮=cjkvi-variants+wikidata
宛	𭓩	2	2	1	剜:𭃰=wikidata 菀:𮏑=mj-shrink-map+wikidata
宝	寶	4	6	5	軉:𨉗=cjkvi-variants+opencc+unihan+wikidata+yitizi 𨰰:𫒭=cjkvi-variants 𩇉:𮦚=unihan 𪴥:𬃏=cjkvi-variants+unihan+wikidata
审	審	6	8	7	㰂:𰗵=unihan+wikidata 㻘:𤪺=cjkvi-variants+opencc+unihan+wikidata+yitizi 婶:嬸=cjkvi-variants+opencc+unihan+wikidata+yitizi 渖:瀋=cjkvi-variants+opencc+unihan+wikidata 𢸙:𭡜=unihan+wikidata 𰧊:𱵁=wikidata
宣	𡨈	2	1	1	揎:𢱱=cjkvi-variants+wikidata 瑄:𤧺=cjkvi-variants+mj-shrink-map+wikidata
室	窒	3	6	3	㗌:㗧=cjkvi-variants+wikidata 腟:膣=cjkvi-variants+mj-shrink-map+yitizi 螲:𧍱=cjkvi-variants+wikidata
宪	憲	3	5	4	幰:𫷉=cjkvi-variants+unihan+wikidata 櫶:𬃫=cjkvi-variants+unihan+wikidata 瀗:𮳏=unihan+wikidata
宫	穹	3	7	3	䃔:𥓰=wikidata 焪:熍=cjkvi-variants+wikidata 𢛙:𢞏=cjkvi-variants+wikidata
害	𡧱	8	9	9	㪡:𢾒=cjkvi-variants 瞎:𰥷=wikidata 豁:𰶖=wikidata 轄:𨍤=cjkvi-variants+wikidata 鶷:𪃜=cjkvi-variants+wikidata 𦎩:𦎱=cjkvi-variants+wikidata 𧛪:𧜅=cjkvi-variants+wikidata 𨜱:𨝃=cjkvi-variants+wikidata
宴	晏	3	6	3	䁙:𥉛=cjkvi-variants 鷃:𮭍=wikidata 𠹵:𠻈=cjkvi-variants
宼	寇	2	1	1	䳹:𪄓=cjkvi-variants 蔻:𦸅=wikidata
宽	寬	3	4	4	臗:𣎑=cjkvi-variants+opencc+unihan+wikidata+yitizi 髋:髖=cjkvi-variants+opencc+unihan+wikidata+yitizi 𡬘:𱚛=unihan
宾	賓	21	22	22	㺍:獱=cjkvi-variants+opencc+unihan+wikidata+yitizi 䎙:𫅭=cjkvi-variants+opencc+unihan+wikidata 傧:儐=cjkvi-variants+opencc+unihan+wikidata+yitizi 嫔:嬪=cjkvi-variants+opencc+unihan+wikidata+yitizi 摈:擯=cjkvi-variants+opencc+unihan+wikidata+yitizi 槟:檳=cjkvi-variants+opencc+unihan+wikidata+yitizi 殡:殯=cjkvi-variants+opencc+unihan+wikidata+yitizi 滨:濱=cjkvi-variants+opencc+unihan+wikidata+yitizi 瑸:璸=cjkvi-variants+opencc+unihan+wikidata+yitizi 矉:𪾸=cjkvi-variants+opencc+unihan+wikidata 膑:臏=cjkvi-variants+opencc+unihan+wikidata+yitizi 薲:𬝯=cjkvi-variants+unihan+wikidata 蠙:𧏖=cjkvi-variants+opencc+unihan+wikidata 馪:𮹀=unihan+wikidata 髌:髕=cjkvi-variants+opencc+unihan+wikidata+yitizi 鬓:鬢=cjkvi-variants+opencc+unihan+wikidata+yitizi 𡁟:𰈚=wikidata 𢣐:𪬚=cjkvi-variants+opencc+unihan+wikidata 𣋪:𮲨=unihan+wikidata 𣰨:𬇄=cjkvi-variants+unihan+wikidata 𪵢:𰚬=unihan
宿	⿱宂伯	2	1	1	䑿:𦪥=cjkvi-variants+wikidata 𧐴:𧑲=cjkvi-variants+wikidata
宿	⿱穴伯	2	1	1	䑿:𦪥=cjkvi-variants+wikidata 𧐴:𧑲=cjkvi-variants+wikidata
宿	𪧐	2	1	1	𧎧:𧐴=cjkvi-variants+wikidata 𩥥:𩥿=wikidata
寅	𡩟	4	6	5	演:𤀋=cjkvi-variants+mj-shrink-map+opencc+wikidata 濥:𤃚=cjkvi-variants+wikidata 瞚:𥋰=cjkvi-variants+mj-shrink-map+opencc+wikidata 𦟘:𭩋=wikidata
密	蜜	4	11	4	㨸:𭢼=wikidata 䌏:𮉒=wikidata 樒:櫁=cjkvi-variants+mj-shrink-map 蔤:藌=cjkvi-variants+mj-shrink-map+wikidata
密	𡶇	2	1	1	蔤:𦰷=cjkvi-variants+mj-shrink-map+wikidata 𪂨:𪅮=cjkvi-variants+wikidata
寇	𡨥	3	6	6	滱:𣻎=cjkvi-variants+wikidata 蔲:蔻=cjkvi-variants+wikidata+yitizi 𢟭:𢠠=cjkvi-variants+wikidata
寉	隺	2	1	1	㩁:搉=cjkvi-variants+unihan+wikidata+yitizi 榷:𣙜=cjkvi-variants+mj-shrink-map+wikidata
寍	寧	3	4	4	嬣:𰌖=wikidata 濘:𣾈=cjkvi-variants+wikidata 薴:𦺝=cjkvi-variants+wikidata
寕	寧	6	8	7	擰:𢴕=cjkvi-variants 濘:𬈿=cjkvi-variants+wikidata 聹:𦗰=cjkvi-variants+wikidata 薴:𬞊=wikidata 𦅜:𦆭=cjkvi-variants+wikidata 𧰗:𫎄=cjkvi-variants
寗	寧	2	1	1	檸:𣜏=cjkvi-variants 濘:𤀑=cjkvi-variants+wikidata
寧	甯	7	9	8	䔭:薴=cjkvi-variants 䗿:𧑗=cjkvi-variants+wikidata 橣:檸=cjkvi-variants 澝:濘=cjkvi-variants+wikidata 獰:𤢆=cjkvi-variants+wikidata 鸋:𪆢=cjkvi-variants+wikidata 𩕋:𩕳=cjkvi-variants+wikidata
寫	舄	3	6	3	䉣:𥶘=cjkvi-variants 潟:瀉=cjkvi-variants 磶:𥖽=cjkvi-variants+wikidata
寳	寶	2	2	1	靌:𩇉=cjkvi-variants 𨰦:𨰰=cjkvi-variants+wikidata
对	對	10	12	11	㬣:𬀮=cjkvi-variants+unihan+wikidata 㳔:濧=cjkvi-variants+opencc+unihan+wikidata+yitizi 䨴:𱁒=unihan+wikidata 怼:懟=cjkvi-variants+opencc+unihan+wikidata+yitizi 树:𣝉=cjkvi-variants 薱:𰰱=unihan+wikidata 襨:𰳸=unihan+wikidata 𠏮:𫢘=cjkvi-variants+unihan+wikidata 𡽵:𫵹=cjkvi-variants+unihan+wikidata 𢫊:𢷮=cjkvi-variants+opencc+unihan+wikidata+yitizi
寻	尋	15	20	16	㖊:噚=cjkvi-variants+opencc+unihan+wikidata+yitizi 彟:彠=cjkvi-variants+opencc+unihan+wikidata+yitizi 挦:撏=cjkvi-variants+opencc+unihan+wikidata+yitizi 攳:𰕁=unihan+wikidata 桪:樳=cjkvi-variants+opencc+unihan+wikidata+yitizi 浔:潯=cjkvi-variants+opencc+unihan+wikidata+yitizi 燖:𬊈=cjkvi-variants+opencc+unihan+wikidata 璕:𬍤=cjkvi-variants+opencc+unihan+wikidata 荨:蕁=cjkvi-variants+opencc+unihan+wikidata+yitizi 蟳:𫊻=cjkvi-variants+opencc+unihan+wikidata 鄩:𬩽=cjkvi-variants+opencc+unihan+wikidata 𠎅:𰂃=unihan+wikidata 𡑎:𫭯=cjkvi-variants+unihan+wikidata 𣎟:𫞅=cjkvi-variants 𦠅:𫞅=cjkvi-variants+opencc+unihan+wikidata
対	對	7	11	8	㦠:𢙪=cjkvi-variants 懟:𪫼=cjkvi-variants 濧:𪶊=cjkvi-variants 𢬭:𢷮=cjkvi-variants 𦆹:𬗔=wikidata 𨒻:𨘗=cjkvi-variants 𩛜:𩟡=cjkvi-variants
尃	旉	4	6	5	䎔:𦒊=cjkvi-variants+wikidata 傅:𠌽=cjkvi-variants+wikidata 敷:𢾭=cjkvi-variants+mj-shrink-map+wikidata 𥠵:𥡨=cjkvi-variants
尃	薄	5	16	5	䭦:餺=cjkvi-variants+mj-shrink-map+wikidata 榑:欂=cjkvi-variants+wikidata 膊:𦢸=cjkvi-variants+mj-shrink-map+wikidata 鎛:鑮=cjkvi-variants+wikidata 𪙍:𪚂=cjkvi-variants
将	將	11	12	12	墏:𰊈=unihan+wikidata 奨:奬=cjkvi-variants+mj-shrink-map+opencc+unihan+yitizi 嶈:𡺃=cjkvi-variants+opencc+unihan+wikidata 摪:𫽣=cjkvi-variants+unihan+wikidata 蒋:蔣=cjkvi-variants+mj-shrink-map+opencc+unihan+wikidata+yitizi 螀:螿=cjkvi-variants+opencc+unihan+wikidata+yitizi 蹡:𬧀=unihan+wikidata 醤:醬=cjkvi-variants+hng-basic-data+mj-shrink-map+opencc+wikidata+yitizi 鏘:𨪙=cjkvi-variants+wikidata 𤖛:𬌒=unihan+wikidata 𫦋:𫦔=cjkvi-variants+unihan+wikidata
將	⿰丬夕	4	4	4	奖:奬=cjkvi-variants+opencc+unihan+yitizi 桨:槳=cjkvi-variants+opencc+unihan+wikidata+yitizi 浆:漿=cjkvi-variants+opencc+unihan+wikidata+yitizi 酱:醬=cjkvi-variants+opencc+unihan+wikidata+yitizi
將	⿲冫丨夕	4	4	4	奖:奬=cjkvi-variants+opencc+unihan+yitizi 桨:槳=cjkvi-variants+opencc+unihan+wikidata+yitizi 浆:漿=cjkvi-variants+opencc+unihan+wikidata+yitizi 酱:醬=cjkvi-variants+opencc+unihan+wikidata+yitizi
專	{7}	5	9	5	剸:𫦂=wikidata 惠:𢞯=cjkvi-variants+mj-shrink-map+wikidata 摶:𢮛=cjkvi-variants 膞:𦝏=cjkvi-variants 𩃘:𩅂=cjkvi-variants+wikidata
專	𨊢	3	4	3	嫥:𡞤=cjkvi-variants+mj-shrink-map+wikidata 摶:𢰁=cjkvi-variants+mj-shrink-map+wikidata 漙:𣷼=cjkvi-variants+wikidata
尉	𤈫	2	1	1	慰:𢟬=cjkvi-variants+mj-shrink-map+opencc+wikidata 褽:𧜷=cjkvi-variants+wikidata
尋	𡬶	3	5	5	潯:𰝐=wikidata 鄩:𨝻=wikidata 𦅀:𦅛=cjkvi-variants+wikidata
尋	𢒫	2	1	1	蕁:𧀷=cjkvi-variants+wikidata 鄩:𨟈=cjkvi-variants+wikidata
尌	𭔰	4	11	7	㕑:厨=cjkvi-variants+mj-shrink-map+unihan+wikidata+yitizi 㡡:𢅥=cjkvi-variants 㴻:澍=cjkvi-variants+wikidata 廚:𢊍=cjkvi-variants+wikidata+yitizi 樹:𣗳=cjkvi-variants+mj-shrink-map+wikidata 橱:櫉=cjkvi-variants 蹰:𨆼=cjkvi-variants
小	巛	2	29	12	鯔:𩸛=cjkvi-variants 𨳒:𨳖=cjkvi-variants
小	彡	4	53	24	㕘:參=cjkvi-variants+wikidata 㺑:𤡅=cjkvi-variants+wikidata 㽩:𤳑=cjkvi-variants+wikidata 䪾:𩒈=cjkvi-variants+wikidata 勠:𠢜=cjkvi-variants+wikidata 参:𠫭=mj-shrink-map 憀:𢟺=cjkvi-variants+wikidata 殄:𣧠=cjkvi-variants+mj-shrink-map+wikidata 沴:𣳅=cjkvi-variants+wikidata 珍:𭹀=wikidata 疹:𤵲=wikidata 瘮:𤹮=cjkvi-variants 瘳:𤹭=wikidata 診:𧦜=cjkvi-variants+mj-shrink-map+wikidata 趁:𮚶=mj-shrink-map+wikidata 跈:𨀀=cjkvi-variants+wikidata 軫:𨋏=cjkvi-variants+mj-shrink-map+wikidata 雡:𱁌=wikidata 飂:𱃍=wikidata 駗:𩢜=cjkvi-variants+wikidata 驂:𩥵=cjkvi-variants+wikidata 鷚:𱈹=wikidata 𪐲:𪐳=cjkvi-variants+wikidata
小	火	4	66	21	㷉:尉=cjkvi-variants+mj-shrink-map+wikidata 䕩:𧃬=cjkvi-variants+wikidata 僚:𠏗=cjkvi-variants+mj-shrink-map+opencc+wikidata 嫽:𡢴=cjkvi-variants+opencc+wikidata 撩:𰔬=opencc+wikidata 橑:𰘴=wikidata 潦:𣿳=cjkvi-variants+mj-shrink-map+opencc+wikidata 燎:𤐗=cjkvi-variants+mj-shrink-map+opencc+wikidata 爒:𤒧=cjkvi-variants+wikidata 獠:𤢙=cjkvi-variants+opencc+wikidata 璙:𤪃=cjkvi-variants+mj-shrink-map+wikidata 簝:𥵐=cjkvi-variants+opencc+wikidata 繚:𦆖=cjkvi-variants+mj-shrink-map+opencc+wikidata 鐐:𨭼=cjkvi-variants+mj-shrink-map+opencc+wikidata 𧀪:𧃉=cjkvi-variants 𧛽:𧜷=cjkvi-variants
小	系	3	16	6	孙:孫=cjkvi-variants+opencc+unihan+wikidata+yitizi 愻:𢙏=cjkvi-variants+opencc+wikidata 搎:𰓧=unihan+wikidata 狲:猻=cjkvi-variants+opencc+unihan+wikidata+yitizi 荪:蓀=cjkvi-variants+opencc+unihan+wikidata+yitizi 逊:遜=cjkvi-variants+opencc+unihan+wikidata+yitizi
小	𣥂	3	5	4	歲:歳=cjkvi-variants+hng-basic-data+mj-shrink-map+opencc+unihan+wikidata+yitizi 荹:𦯝=cjkvi-variants 𦶵:𦶼=cjkvi-variants
尐	龰	3	5	4	㱜:𣧖=cjkvi-variants+wikidata 𠯙:𠯬=cjkvi-variants+wikidata 𧉆:𧉍=cjkvi-variants+wikidata
少	𡭔	2	12	6	隙:𨻶=cjkvi-variants+mj-shrink-map+unihan+wikidata+yitizi 𡄼:𡅗=cjkvi-variants 𡭴:𡭽=cjkvi-variants+wikidata 𡭾:𡮑=cjkvi-variants+wikidata 𧎾:𧐑=cjkvi-variants+wikidata 𧯈:𧯊=cjkvi-variants
尒	尓	4	27	11	㫆:𣃥=cjkvi-variants 苶:𦬼=cjkvi-variants+wikidata 𠰒:𠰚=cjkvi-variants 𡝠:𡝡=cjkvi-variants
尒	尔	8	27	11	䂧:𥑒=cjkvi-variants 伱:你=cjkvi-variants+mj-shrink-map+unihan+wikidata+yitizi 弥:𢏏=cjkvi-variants+yitizi 狝:𤝝=cjkvi-variants 苶:𦬼=cjkvi-variants+wikidata 迩:𨒛=yitizi 𠰒:𠰚=cjkvi-variants 𡊑:𡊒=cjkvi-variants 𡝠:𡝡=cjkvi-variants
尒	爾	14	29	19	㚷:嬭=cjkvi-variants+mj-shrink-map+wikidata 㜷:𡝡=cjkvi-variants+wikidata 㩶:𢲺=cjkvi-variants+wikidata 䇣:籋=cjkvi-variants 䕳:𦱨=cjkvi-variants+wikidata 伱:儞=cjkvi-variants 彌:𢏏=cjkvi-variants+wikidata+yitizi 檷:𣐐=cjkvi-variants+wikidata 濔:𣳅=cjkvi-variants 禰:𥙄=cjkvi-variants+mj-shrink-map+wikidata 躎:𨀀=cjkvi-variants 邇:𨒛=cjkvi-variants+mj-shrink-map+wikidata 鉩:鑈=cjkvi-variants+wikidata 镾:𨱯=cjkvi-variants 𠰒:𡁠=cjkvi-variants 𩬯:𩯨=cjkvi-variants+wikidata 𩰐:𩰞=cjkvi-variants+wikidata 𬾡:𭀎=wikidata
尓	尔	3	4	4	𣍨:𦙳=cjkvi-variants 𤱏:𬏂=cjkvi-variants 𧦽:𧧂=cjkvi-variants
尓	爾	19	54	46	㜷:𡝠=cjkvi-variants+opencc+unihan+wikidata+yitizi 㟜:𡾱=cjkvi-variants+opencc+unihan+wikidata+yitizi 㳽:瀰=cjkvi-variants+mj-shrink-map+opencc+unihan+wikidata+yitizi 䉲:𥮜=cjkvi-variants+opencc+unihan+wikidata+yitizi 䌤:𥿜=cjkvi-variants 䕳:𦰴=cjkvi-variants+opencc+unihan+wikidata+yitizi 䟢:躎=cjkvi-variants+opencc+unihan+yitizi 䥸:𨧮=cjkvi-variants+unihan 弥:彌=cjkvi-variants+hng-basic-data+mj-shrink-map+opencc+unihan+wikidata+yitizi 狝:獮=cjkvi-variants+opencc+unihan+wikidata+yitizi 猕:獼=cjkvi-variants+mj-shrink-map+opencc+unihan+wikidata+yitizi 瓕:𤦀=cjkvi-variants+opencc+unihan+wikidata+yitizi 称:穪=cjkvi-variants+mj-shrink-map 薾:𦬼=cjkvi-variants+wikidata 袮:襧=cjkvi-variants 覙:覼=yitizi 迩:邇=cjkvi-variants+hng-basic-data+mj-shrink-map+opencc+unihan+wikidata+yitizi 𠵸:𡄣=cjkvi-variants+opencc+unihan+wikidata+yitizi 𤵜:𤻞=cjkvi-variants+unihan 𨨮:𬬠=wikidata 𩬘:𩯨=cjkvi-variants+wikidata 𩸹:𮬚=wikidata 𪋈:𱋂=unihan 𪡇:𭌞=wikidata 𮕖:𰳉=wikidata
尔	爾	38	56	48	㜷:𡝠=cjkvi-variants+opencc+unihan+wikidata+yitizi 㟜:𡾱=cjkvi-variants+opencc+unihan+wikidata+yitizi 㳽:瀰=cjkvi-variants+mj-shrink-map+opencc+unihan+wikidata+yitizi 䉲:𥮜=cjkvi-variants+opencc+unihan+wikidata+yitizi 䕳:𦰴=cjkvi-variants+opencc+unihan+wikidata+yitizi 䟢:躎=cjkvi-variants+opencc+unihan+yitizi 䥸:𨧮=cjkvi-variants+unihan 䦵:𨳴=cjkvi-variants+wikidata 你:儞=cjkvi-variants+wikidata 妳:嬭=cjkvi-variants+mj-shrink-map+unihan+wikidata+yitizi 弥:彌=cjkvi-variants+hng-basic-data+mj-shrink-map+opencc+unihan+wikidata+yitizi 擟:𪭧=cjkvi-variants+opencc+unihan+wikidata 檷:𪱾=cjkvi-variants+wikidata 沵:濔=cjkvi-variants+wikidata+yitizi 狝:獮=cjkvi-variants+opencc+unihan+wikidata+yitizi 猕:獼=cjkvi-variants+mj-shrink-map+opencc+unihan+wikidata+yitizi 玺:璽=cjkvi-variants+mj-shrink-map+opencc+unihan+wikidata+yitizi 珎:𤪙=cjkvi-variants 瓕:𤦀=cjkvi-variants+opencc+unihan+wikidata+yitizi 祢:禰=cjkvi-variants+hng-basic-data+mj-shrink-map+opencc+unihan+wikidata+yitizi 称:穪=cjkvi-variants+mj-shrink-map 籋:𥬞=cjkvi-variants+opencc+unihan+yitizi 薾:𦬼=cjkvi-variants+wikidata 蠒:𫊱=cjkvi-variants+unihan 覙:覼=yitizi 趂:趰=cjkvi-variants 迩:邇=cjkvi-variants+hng-basic-data+mj-shrink-map+opencc+unihan+wikidata+yitizi 鸍:𩿥=cjkvi-variants+mj-shrink-map+wikidata 鿟:鿠=unihan+wikidata 𠰚:𡁠=cjkvi-variants 𠵸:𡄣=cjkvi-variants+opencc+unihan+wikidata+yitizi 𢘝:𢣚=cjkvi-variants+opencc+unihan+wikidata+yitizi 𢘞:𢣭=cjkvi-variants+opencc+unihan+wikidata+yitizi 𣍨:𦢈=cjkvi-variants+opencc+unihan+yitizi 𤐨:𪸞=cjkvi-variants+wikidata 𤵜:𤻞=cjkvi-variants+unihan 𥅘:𥌃=cjkvi-variants+opencc+unihan+yitizi 𨤰:𨤻=cjkvi-variants+opencc+unihan+yitizi 𨨮:𬬠=wikidata 𨮪:𮷯=unihan+wikidata 𩬘:𩯨=cjkvi-variants+wikidata 𩸹:𮬚=wikidata 𪋈:𱋂=unihan 𪡇:𭌞=wikidata 𮕖:𰳉=wikidata
尞	⿳大日小	3	3	3	憭:𭝷=wikidata 獠:𭸡=wikidata 鐐:𬫴=wikidata
尞	𤊽	12	16	14	䕩:𧃬=cjkvi-variants+wikidata 僚:𠏗=cjkvi-variants+mj-shrink-map+opencc+wikidata 嫽:𡢴=cjkvi-variants+opencc+wikidata 撩:𰔬=opencc+wikidata 橑:𰘴=wikidata 潦:𣿳=cjkvi-variants+mj-shrink-map+opencc+wikidata 燎:𤐗=cjkvi-variants+mj-shrink-map+opencc+wikidata 爒:𤒧=cjkvi-variants+wikidata 獠:𤢙=cjkvi-variants+opencc+wikidata 璙:𤪃=cjkvi-variants+mj-shrink-map+wikidata 簝:𥵐=cjkvi-variants+opencc+wikidata 繚:𦆖=cjkvi-variants+mj-shrink-map+opencc+wikidata 鐐:𨭼=cjkvi-variants+mj-shrink-map+opencc+wikidata 𧀪:𧃉=cjkvi-variants
尢	尣	19	28	22	㝽:𡯑=cjkvi-variants+wikidata 㝾:𡯛=cjkvi-variants+wikidata+yitizi 㝿:𤿑=cjkvi-variants+wikidata 㞁:𡯧=cjkvi-variants+wikidata 㞇:𡰂=cjkvi-variants+wikidata 㞊:𡰇=cjkvi-variants 尥:尦=cjkvi-variants+wikidata+yitizi 尩:尪=cjkvi-variants+mj-shrink-map+wikidata 尬:𡯗=cjkvi-variants+wikidata 尳:𡰊=cjkvi-variants+wikidata 尷:𡰛=cjkvi-variants+wikidata 𡯒:𡯙=cjkvi-variants 𡯚:𡯡=cjkvi-variants+wikidata 𡯜:𡯠=cjkvi-variants+wikidata 𡯫:𡯬=cjkvi-variants+wikidata 𡯳:𡯷=cjkvi-variants+wikidata 𡯴:𫵑=wikidata 𡰟:𡰠=cjkvi-variants+wikidata 𡰡:𡰢=cjkvi-variants+wikidata
尢	尤	7	12	10	䓼:𦳨=cjkvi-variants+wikidata 尨:𡯎=cjkvi-variants+mj-shrink-map 蛖:𧊑=cjkvi-variants+wikidata 訧:𧥩=cjkvi-variants+wikidata 𡯙:𡯟=cjkvi-variants+wikidata 𡯤:𡯮=cjkvi-variants 𡰍:𡰓=cjkvi-variants 𡰗:𡰜=cjkvi-variants 𦬍:𦬓=cjkvi-variants
尨	𡯎	2	1	1	䓼:𦳨=cjkvi-variants+wikidata 蛖:𧊑=cjkvi-variants+wikidata
尸	𠃜	4	14	7	㞒:𦤋=cjkvi-variants+wikidata 屓:𮙸=wikidata 湄:𣷍=wikidata 眉:𭕘=mj-shrink-map+wikidata 郿:𮟿=wikidata 𡰶:𣅩=cjkvi-variants
尸	𡰣	2	1	1	𠅏:𡱀=cjkvi-variants 𠔅:𠔆=cjkvi-variants
尺	睪	11	24	11	䋇:繹=wikidata 凙:𪞚=wikidata 嶧:𡵸=cjkvi-variants+wikidata 懌:𢗜=wikidata 択:擇=cjkvi-variants+hng-basic-data+mj-shrink-map+opencc+unihan+wikidata+yitizi 沢:澤=cjkvi-variants+hng-basic-data+mj-shrink-map+opencc+unihan+wikidata+yitizi 礋:𥐮=cjkvi-variants+wikidata 訳:譯=cjkvi-variants+hng-basic-data+mj-shrink-map+opencc+unihan+wikidata+yitizi 釈:釋=cjkvi-variants+hng-basic-data+mj-shrink-map+opencc+unihan+wikidata+yitizi 鈬:鐸=cjkvi-variants+hng-basic-data+mj-shrink-map+wikidata+yitizi 駅:驛=cjkvi-variants+hng-basic-data+mj-shrink-map+opencc+unihan+wikidata+yitizi
尼	𡰥	3	8	4	柅:𣐓=cjkvi-variants+wikidata 眤:𥄿=cjkvi-variants 𩖹:𩖾=cjkvi-variants+wikidata
尼	𡰱	6	9	7	昵:𣆓=cjkvi-variants+mj-shrink-map+wikidata 泥:𭰖=wikidata 狔:𤝺=cjkvi-variants+wikidata 秜:𥞭=cjkvi-variants+wikidata 𩖹:𩗑=cjkvi-variants 𩚯:𩛐=cjkvi-variants+wikidata
尽	盡	11	13	12	㯸:𰗦=unihan+wikidata 䝲:贐=cjkvi-variants+wikidata 侭:儘=cjkvi-variants+opencc+wikidata+yitizi 嚍:𫩺=cjkvi-variants+unihan+wikidata 壗:𡋤=cjkvi-variants+opencc+unihan+wikidata 嬧:𮱁=unihan+wikidata 孻:𡥧=cjkvi-variants+opencc+unihan+wikidata 浕:濜=cjkvi-variants+opencc+unihan+wikidata+yitizi 烬:燼=cjkvi-variants+mj-shrink-map+opencc+unihan+wikidata+yitizi 荩:藎=cjkvi-variants+opencc+unihan+wikidata+yitizi 𠛾:𪟖=cjkvi-variants+opencc+unihan
屆	届	2	1	1	𥇗:𥇵=cjkvi-variants+wikidata 𥇤:𥇵=cjkvi-variants+wikidata
屈	𡲬	5	6	6	堀:𡒈=cjkvi-variants+wikidata 崛:𡽈=cjkvi-variants+opencc+wikidata 掘:𢶵=cjkvi-variants+mj-shrink-map+opencc+wikidata 淈:𣿲=cjkvi-variants+mj-shrink-map+opencc+wikidata 誳:𧬲=cjkvi-variants
屏	屛	3	4	4	偋:𠌸=cjkvi-variants+opencc+wikidata 箳:簈=cjkvi-variants+wikidata+yitizi 𧩱:𧫮=cjkvi-variants
屖	犀	9	17	12	㓾:𠞂=cjkvi-variants+wikidata 䙙:𧛺=cjkvi-variants+wikidata 䜄:謘=cjkvi-variants+wikidata 墀:𡎰=cjkvi-variants+wikidata 徲:𢕌=wikidata 搱:摨=cjkvi-variants+wikidata 漽:𣹲=cjkvi-variants+wikidata 稺:穉=cjkvi-variants+yitizi 遟:遲=cjkvi-variants+unihan+wikidata+yitizi 𡁂:𡂙=cjkvi-variants+wikidata 𧭋:𧭟=cjkvi-variants+wikidata
屛	并	3	7	3	拼:摒=cjkvi-variants+unihan+yitizi 誁:𧫮=cjkvi-variants+wikidata 𤳊:𤳫=cjkvi-variants+yitizi
属	屬	14	16	15	㔉:劚=cjkvi-variants+opencc+unihan+wikidata+yitizi 䌵:𦅉=cjkvi-variants+wikidata 䙱:𧜭=cjkvi-variants+opencc+unihan+wikidata 䠱:𨅛=cjkvi-variants+opencc+unihan 嘱:囑=cjkvi-variants+mj-shrink-map+opencc+unihan+wikidata+yitizi 孎:𡠟=cjkvi-variants+opencc+unihan+wikidata 斸:𣃁=cjkvi-variants+mj-shrink-map+opencc+unihan+wikidata 欘:𣚚=cjkvi-variants+opencc+unihan+wikidata 灟:𭲫=unihan+wikidata 爥:𪹳=cjkvi-variants+opencc+unihan+wikidata 瞩:矚=cjkvi-variants+mj-shrink-map+opencc+unihan+wikidata+yitizi 蠾:𧑏=cjkvi-variants+opencc+unihan+wikidata 𣀻:𫿗=cjkvi-variants+unihan+wikidata 𫍏:𫍘=cjkvi-variants+unihan+wikidata
屡	屢	3	5	4	𡀿:𫫵=cjkvi-variants+unihan+wikidata 𪮴:𱡃=wikidata 𫄄:𫄎=cjkvi-variants+wikidata
屬	蜀	10	24	10	㒔:𭀔=wikidata 䌵:𦆂=cjkvi-variants+wikidata 䙱:襡=cjkvi-variants+wikidata 䠱:躅=cjkvi-variants+unihan+wikidata+yitizi 斸:𭤦=wikidata 歜:𣥀=cjkvi-variants+wikidata 燭:爥=cjkvi-variants+wikidata 矚:𥋛=cjkvi-variants+wikidata 蠋:蠾=cjkvi-variants+wikidata 鸀:𪈺=cjkvi-variants
屬	𰍱	2	1	1	囑:𰇰=wikidata 矚:𰥩=wikidata
屮	山	5	9	9	㞣:𡵳=cjkvi-variants 屵:𠨲=cjkvi-variants+wikidata 崮:𡹍=cjkvi-variants+wikidata 豈:𧯛=cjkvi-variants 𡴦:𡼡=cjkvi-variants
屯	{8}	23	23	23	㹠:𤜨=cjkvi-variants+mj-shrink-map 䣨:䣩=cjkvi-variants 䤜:鈍=cjkvi-variants+mj-shrink-map+wikidata 囤:𡆰=cjkvi-variants+wikidata 坉:𡉒=cjkvi-variants+wikidata 庉:𢇠=cjkvi-variants+wikidata 扥:扽=cjkvi-variants+wikidata 沌:𣲃=cjkvi-variants+mj-shrink-map+wikidata 炖:𤆚=cjkvi-variants+wikidata 窀:𥤭=cjkvi-variants+wikidata 純:𥾑=cjkvi-variants+wikidata 訰:𧥫=cjkvi-variants+wikidata 豘:𧰭=cjkvi-variants 軘:𨊯=cjkvi-variants+wikidata 迍:𨑞=cjkvi-variants+mj-shrink-map+wikidata 邨:𨙲=cjkvi-variants+mj-shrink-map 霕:𩃌=cjkvi-variants+wikidata 飩:𩚊=cjkvi-variants+mj-shrink-map+wikidata 黗:𪐠=cjkvi-variants+wikidata 𤘛:𤘫=cjkvi-variants+wikidata 𥫬:𥫱=wikidata 𦍓:𦍣=cjkvi-variants+wikidata 𪎴:𪎶=cjkvi-variants+wikidata
屯	𡗗	3	9	3	旾:春=cjkvi-variants+mj-shrink-map+wikidata 萅:萶=cjkvi-variants 鬊:𩭱=cjkvi-variants+wikidata
屰	羊	5	22	7	厥:𭆏=mj-shrink-map+wikidata 朔:𦍤=cjkvi-variants+mj-shrink-map+wikidata 欮:𭭋=wikidata 翔:𫅦=wikidata 逆:𨒫=cjkvi-variants+wikidata 鎙:𮢮=wikidata 闕:𨶕=cjkvi-variants+wikidata
屰	逆	3	5	4	磀:𥑺=cjkvi-variants+wikidata 縌:𥿬=cjkvi-variants+wikidata 𠱘:𠸺=cjkvi-variants+unihan+wikidata+yitizi
屰	龵	3	9	4	朔:𦙚=cjkvi-variants+mj-shrink-map+wikidata 槊:𣓞=cjkvi-variants+mj-shrink-map+wikidata 溯:𣷥=wikidata 𧩝:𧪜=cjkvi-variants+wikidata
山	𰀄	4	7	5	揣:𢰚=cjkvi-variants+mj-shrink-map+wikidata 貒:𧳲=cjkvi-variants+mj-shrink-map+wikidata 隑:𨻭=cjkvi-variants+wikidata
岁	歲	10	12	11	㑕:𬿳=wikidata 䠩:𰸊=unihan+wikidata 刿:劌=cjkvi-variants+opencc+unihan+wikidata+yitizi 哕:噦=cjkvi-variants+opencc+unihan+wikidata+yitizi 奯:𫯥=cjkvi-variants+unihan+wikidata 濊:𰛦=unihan+wikidata 獩:𤞃=cjkvi-variants+opencc+unihan+wikidata 秽:穢=cjkvi-variants+opencc+unihan+wikidata+yitizi 翙:翽=cjkvi-variants+opencc+unihan+wikidata+yitizi 薉:𬜨=cjkvi-variants+unihan+wikidata
岂	豈	20	23	21	㜐:𫝧=cjkvi-variants+opencc+unihan+wikidata 㨟:𫼥=cjkvi-variants+unihan+wikidata 䔇:𰰴=unihan+wikidata 凯:凱=cjkvi-variants+opencc+unihan+wikidata+yitizi 剀:剴=cjkvi-variants+opencc+unihan+wikidata+yitizi 垲:塏=cjkvi-variants+opencc+unihan+wikidata+yitizi 恺:愷=cjkvi-variants+opencc+unihan+wikidata+yitizi 敳:𮲔=unihan+wikidata 暟:𬀱=cjkvi-variants+unihan+wikidata 桤:榿=cjkvi-variants+opencc+unihan+wikidata+yitizi 溰:𰛥=unihan+wikidata 皑:皚=cjkvi-variants+opencc+unihan+wikidata+yitizi 硙:磑=cjkvi-variants+opencc+unihan+wikidata+yitizi 螘:𰲹=unihan+wikidata 铠:𮸛=unihan 隑:𬮿=cjkvi-variants+opencc+unihan+wikidata 𠹛:𫩯=cjkvi-variants+unihan+wikidata 𤧸:𮴒=unihan+wikidata 𤩑:𮴥=unihan+wikidata 𦒀:𫅥=cjkvi-variants+opencc+unihan+wikidata
岡	罡	5	12	6	㓻:剛=cjkvi-variants+mj-shrink-map+wikidata 䌉:綱=cjkvi-variants+mj-shrink-map+wikidata 掆:𢱫=cjkvi-variants+wikidata 鋼:鎠=cjkvi-variants+wikidata 𤭛:𤭺=cjkvi-variants
島	鳥	3	11	4	㨶:搗=cjkvi-variants+mj-shrink-map+wikidata 嶋:𡻅=mj-shrink-map 嶌:𭗃=mj-shrink-map
崇	祟	3	4	3	䳳:𪅁=cjkvi-variants+wikidata 𥨒:𥨢=cjkvi-variants+wikidata 𨜿:𨝡=cjkvi-variants+wikidata
嵗	歲	2	1	1	奯:𫯻=wikidata 濊:𣿄=wikidata
嶲	巂	14	19	15	㒞:儶=cjkvi-variants+unihan+yitizi 㼇:瓗=cjkvi-variants+wikidata 䥴:鑴=cjkvi-variants+wikidata 䪎:𩍺=cjkvi-variants+wikidata 孈:𡣸=cjkvi-variants+wikidata 攜:𢹂=cjkvi-variants+wikidata 蠵:𧔍=cjkvi-variants+wikidata 觽:觿=cjkvi-variants+mj-shrink-map+wikidata 讗:𧮄=cjkvi-variants+wikidata 酅:𨟎=cjkvi-variants+wikidata 驨:𩧎=cjkvi-variants+wikidata 𢤮:𢥘=cjkvi-variants+wikidata 𧲑:𧲚=cjkvi-variants 𩽌:𩽨=cjkvi-variants+wikidata
嶲	雋	5	13	5	㒞:儁=cjkvi-variants+mj-shrink-map 㰎:檇=cjkvi-variants+wikidata 䥴:鐫=cjkvi-variants+wikidata 臇:𦢥=cjkvi-variants+wikidata 觹:觽=cjkvi-variants
巂	雋	8	19	8	擕:攜=cjkvi-variants+mj-shrink-map+wikidata 檇:欈=cjkvi-variants 纗:𦆈=cjkvi-variants+wikidata 臇:𦢿=cjkvi-variants 蠵:𧓈=cjkvi-variants+wikidata 觹:觿=cjkvi-variants+mj-shrink-map+wikidata 鐫:鑴=unihan+yitizi 驨:𩦩=wikidata
巂	𡻎	3	4	4	㩗:攜=cjkvi-variants+mj-shrink-map+wikidata 觿:𧥅=wikidata 鑴:𨭽=wikidata
巂	𮥼	4	8	4	㩦:攜=cjkvi-variants+mj-shrink-map+wikidata 纗:𮉖=wikidata 蠵:𮕐=wikidata 觿:𧥏=wikidata
巛	𡭔	8	23	12	䣔:𨝉=cjkvi-variants+wikidata 捎:𢭓=cjkvi-variants 瑣:𤨏=cjkvi-variants+mj-shrink-map+wikidata 鎖:鎻=cjkvi-variants+mj-shrink-map+unihan+wikidata+yitizi 隙:𨻩=cjkvi-variants+wikidata 𡭙:𡿩=cjkvi-variants 𤽋:𤽔=cjkvi-variants 𥔭:𮁁=wikidata 𧴪:𧴲=cjkvi-variants+wikidata 𨻈:𨻨=cjkvi-variants+wikidata 𩪇:𩪈=cjkvi-variants 𩾟:𩾣=cjkvi-variants
巛	𡿧	2	7	5	淄:湽=cjkvi-variants+mj-shrink-map+wikidata+yitizi 菑:葘=cjkvi-variants+mj-shrink-map+opencc+wikidata+yitizi 輜:輺=cjkvi-variants+mj-shrink-map+opencc+wikidata+yitizi 錙:鍿=cjkvi-variants+mj-shrink-map+opencc+wikidata+yitizi 𧇄:𧇕=cjkvi-variants
巛	𫶧	5	10	5	㡆:𢂩=cjkvi-variants+wikidata 侃:𠈉=cjkvi-variants+opencc+wikidata 荒:𦮋=cjkvi-variants+mj-shrink-map+wikidata 𥡃:𥡍=cjkvi-variants+wikidata 𨓲:𨔃=cjkvi-variants+wikidata
巛	𭕄	5	10	5	巢:巣=cjkvi-variants+hng-basic-data+mj-shrink-map+opencc+unihan+wikidata+yitizi 悩:𢚰=cjkvi-variants+mj-shrink-map 甾:畄=cjkvi-variants 陘:𨹢=cjkvi-variants+mj-shrink-map+wikidata 鼡:𡿳=cjkvi-variants+mj-shrink-map
川	𫶧	2	6	4	巟:𡿫=cjkvi-variants+wikidata 紃:𥾖=cjkvi-variants+mj-shrink-map+wikidata 𣆖:𣆬=cjkvi-variants+wikidata 𧧢:𧧮=wikidata
巟	荒	5	9	5	㡆:㡛=cjkvi-variants+wikidata 㤺:慌=cjkvi-variants+mj-shrink-map+wikidata 䀮:𥉂=cjkvi-variants+wikidata 𥡃:𰨧=wikidata 𥿼:𦃑=cjkvi-variants+wikidata
巟	𠯚	2	1	1	䀮:𥆰=cjkvi-variants+wikidata 宺:𡧽=cjkvi-variants+wikidata
巟	𡿫	2	2	1	𣆖:𣆬=cjkvi-variants+wikidata 𧧢:𧧮=wikidata
巠	⿱爫工	3	4	3	䪫:𱂑=wikidata 挳:𢭊=cjkvi-variants 鋞:𨧑=cjkvi-variants
巠	⿳⿱㇒⿲㇒丶丶丅一	3	4	3	䪫:𱂑=wikidata 挳:𢭊=cjkvi-variants 鋞:𨧑=cjkvi-variants
巠	⿳⿱㇒𭕄丅一	3	4	3	䪫:𱂑=wikidata 挳:𢭊=cjkvi-variants 鋞:𨧑=cjkvi-variants
巠	𡉊	2	3	1	䡖:輕=cjkvi-variants+wikidata 經:𦀇=cjkvi-variants+unihan+wikidata+yitizi
巠	𢀖	26	29	29	䀴:𬑏=cjkvi-variants+unihan+wikidata 䞓:𫎭=cjkvi-variants+opencc+unihan+wikidata 俓:𠇹=cjkvi-variants+opencc+unihan+wikidata 刭:剄=cjkvi-variants+mj-shrink-map+opencc+unihan+wikidata+yitizi 劲:勁=cjkvi-variants+opencc+unihan+wikidata+yitizi 娙:𫰛=cjkvi-variants+opencc+unihan+wikidata 巯:巰=cjkvi-variants+opencc+unihan+wikidata+yitizi 弪:弳=cjkvi-variants+opencc+unihan+wikidata+yitizi 径:徑=cjkvi-variants+hng-basic-data+mj-shrink-map+opencc+unihan+wikidata+yitizi 桱:𣐕=cjkvi-variants+opencc+unihan+wikidata 氢:氫=cjkvi-variants+opencc+unihan+wikidata+yitizi 泾:涇=cjkvi-variants+opencc+unihan+wikidata+yitizi 烃:烴=cjkvi-variants+opencc+unihan+wikidata+yitizi 牼:𰠲=unihan+wikidata 痉:痙=cjkvi-variants+opencc+unihan+wikidata+yitizi 硁:硜=cjkvi-variants+opencc+unihan+wikidata+yitizi 羟:羥=cjkvi-variants+opencc+unihan+wikidata+yitizi 胫:脛=cjkvi-variants+opencc+unihan+wikidata+yitizi 茎:莖=cjkvi-variants+hng-basic-data+mj-shrink-map+opencc+unihan+wikidata+yitizi 葝:𫈎=cjkvi-variants+opencc+unihan+wikidata 蛵:𰲶=unihan+wikidata 迳:逕=cjkvi-variants+mj-shrink-map+opencc+unihan+wikidata+yitizi 陉:陘=cjkvi-variants+opencc+unihan+wikidata+yitizi 𡷨:𫵸=cjkvi-variants+unihan+wikidata 𣫒:𫶲=cjkvi-variants+unihan+wikidata 𩬣:𩭙=cjkvi-variants+opencc+unihan+wikidata+yitizi 𩰰:𩰹=cjkvi-variants+opencc+unihan+wikidata
巠	𱑱	3	4	3	硁:硜=cjkvi-variants+opencc+unihan+wikidata+yitizi 頚:頸=cjkvi-variants+hng-basic-data+wikidata+yitizi 頸:𩒍=cjkvi-variants+wikidata
巢	⿱巛⿻臼木	6	6	6	䜈:𧭄=cjkvi-variants+wikidata 剿:𠟾=cjkvi-variants+wikidata 勦:𠢶=cjkvi-variants+mj-shrink-map+opencc+wikidata 薻:𧃡=cjkvi-variants 轈:𨏋=cjkvi-variants+opencc+wikidata 𠞰:𠟿=cjkvi-variants
巢	⿱巛⿻𦥑木	6	6	6	䜈:𧭄=cjkvi-variants+wikidata 剿:𠟾=cjkvi-variants+wikidata 勦:𠢶=cjkvi-variants+mj-shrink-map+opencc+wikidata 薻:𧃡=cjkvi-variants 轈:𨏋=cjkvi-variants+opencc+wikidata 𠞰:𠟿=cjkvi-variants
巢	𧴪	6	19	6	䞆:𧷣=cjkvi-variants+wikidata 䲃:𩹳=cjkvi-variants 䵀:𪍨=cjkvi-variants+wikidata 瑣:璅=cjkvi-variants+mj-shrink-map 鎖:鏁=cjkvi-variants+mj-shrink-map+unihan+wikidata+yitizi 𥔭:𥕘=cjkvi-variants+wikidata
巤	⿳巛𠔿𠂡	4	4	4	擸:𢴫=cjkvi-variants+wikidata 爉:𤎞=cjkvi-variants+wikidata 臘:𦠼=cjkvi-variants+mj-shrink-map+wikidata 鬣:𩯓=cjkvi-variants+wikidata
巤	葛	9	28	9	䗶:蠟=cjkvi-variants+mj-shrink-map+wikidata 獦:獵=cjkvi-variants+wikidata 臈:臘=cjkvi-variants+mj-shrink-map+unihan+wikidata+yitizi 躐:𨆍=cjkvi-variants+wikidata 鑞:𨭛=cjkvi-variants+mj-shrink-map+wikidata 鬣:𩯝=cjkvi-variants+mj-shrink-map+wikidata 𡅘:𭌫=wikidata 𥀥:𥀰=cjkvi-variants+wikidata 𦅶:𦆻=cjkvi-variants+wikidata
巤	鼡	4	5	5	猟:獵=cjkvi-variants+hng-basic-data+mj-shrink-map+opencc+unihan+wikidata+yitizi 臘:𫞇=cjkvi-variants+mj-shrink-map+wikidata 蝋:蠟=cjkvi-variants+mj-shrink-map+opencc+wikidata+yitizi 鬣:𮫋=wikidata
工	{39}	3	6	5	䒢:𦭎=cjkvi-variants+wikidata 䭹:𩢞=cjkvi-variants 卬:卭=cjkvi-variants+unihan+wikidata+yitizi 昂:昻=cjkvi-variants+hng-basic-data+mj-shrink-map+unihan+wikidata+yitizi 𩾱:𪀃=cjkvi-variants
巩	⿰工几	11	11	11	㠫:巬=cjkvi-variants 㼦:𤬳=cjkvi-variants+wikidata 䡗:𨋑=cjkvi-variants 筑:𥬑=cjkvi-variants+wikidata 篫:𢲿=cjkvi-variants+wikidata 聓:𦕓=cjkvi-variants 蛩:𧉨=cjkvi-variants+mj-shrink-map+wikidata 銎:𨥲=cjkvi-variants+wikidata 𠋕:𠌖=cjkvi-variants 𠦕:𠦘=cjkvi-variants+wikidata 𩬛:𩬰=cjkvi-variants+wikidata
巩	⿰工口	4	10	8	䅃:𥞣=cjkvi-variants+wikidata 尋:𡬶=cjkvi-variants+mj-shrink-map+wikidata 恐:𢙢=cjkvi-variants+mj-shrink-map+unihan+wikidata+yitizi 潯:𰝐=wikidata 鄩:𨝻=wikidata 𠋸:𠌖=cjkvi-variants 𦅀:𦅛=cjkvi-variants+wikidata
巩	⿲工丿㇈	11	11	11	㠫:巬=cjkvi-variants 㼦:𤬳=cjkvi-variants+wikidata 䡗:𨋑=cjkvi-variants 筑:𥬑=cjkvi-variants+wikidata 篫:𢲿=cjkvi-variants+wikidata 聓:𦕓=cjkvi-variants 蛩:𧉨=cjkvi-variants+mj-shrink-map+wikidata 銎:𨥲=cjkvi-variants+wikidata 𠋕:𠌖=cjkvi-variants 𠦕:𠦘=cjkvi-variants+wikidata 𩬛:𩬰=cjkvi-variants+wikidata
巩	邛	3	6	3	㧬:㧭=cjkvi-variants+wikidata 䅃:𥞱=cjkvi-variants+wikidata+yitizi 蛩:𧊡=cjkvi-variants+mj-shrink-map+wikidata
巩	𢀜	8	9	9	㧬:𢭤=cjkvi-variants+wikidata 䂬:𥒽=cjkvi-variants+wikidata 恐:𢙷=cjkvi-variants+mj-shrink-map+opencc+wikidata 築:𥲒=cjkvi-variants+mj-shrink-map+wikidata 茿:𦯋=cjkvi-variants+opencc+wikidata 蛩:𧋳=cjkvi-variants+mj-shrink-map+opencc+wikidata 銎:𨧎=cjkvi-variants+opencc+wikidata 鞏:𩊳=cjkvi-variants+mj-shrink-map+opencc+wikidata
差	荖	4	7	5	嗟:𠺜=cjkvi-variants+wikidata 槎:𣗩=wikidata 瑳:𤧳=wikidata 齹:𪙐=cjkvi-variants+wikidata
差	𢀩	14	16	15	㽨:𤳶=cjkvi-variants+wikidata 䰈:𩯸=cjkvi-variants+wikidata 䴾:𪎀=cjkvi-variants+wikidata 嗟:𭋿=wikidata 嵯:𡾑=cjkvi-variants+mj-shrink-map+opencc+wikidata 搓:𢷼=cjkvi-variants+mj-shrink-map+wikidata 槎:𣞚=cjkvi-variants+mj-shrink-map+wikidata 溠:𤁺=cjkvi-variants+opencc+wikidata 瑳:𤪩=cjkvi-variants+mj-shrink-map+opencc+wikidata 瘥:𤻸=cjkvi-variants+mj-shrink-map+opencc+wikidata 縒:𦇈=cjkvi-variants+mj-shrink-map+wikidata 蹉:𨇏=cjkvi-variants+mj-shrink-map+opencc+wikidata 髊:𩪳=cjkvi-variants+wikidata 鹺:𪊈=cjkvi-variants+wikidata
差	𭅒	3	4	4	䴾:𪍙=cjkvi-variants+wikidata 嗟:𭉈=mj-shrink-map+wikidata 槎:𣕗=wikidata
己	已	5	7	6	䄫:𥝗=cjkvi-variants 圮:𡉏=cjkvi-variants+wikidata 屺:𡴾=cjkvi-variants+mj-shrink-map+wikidata 玘:𤣱=cjkvi-variants+wikidata 𢩵:𢩽=cjkvi-variants
己	巳	15	21	16	㞯:𡵒=cjkvi-variants 㰝:𣢇=cjkvi-variants 㷗:㷩=cjkvi-variants 圮:圯=cjkvi-variants+wikidata 妃:𡚱=cjkvi-variants+wikidata 屺:𡵆=cjkvi-variants+wikidata 改:攺=cjkvi-variants+wikidata 杞:𣏌=cjkvi-variants+mj-shrink-map+wikidata 汜:𣲆=cjkvi-variants+wikidata 芑:𦬊=cjkvi-variants+wikidata 邔:𰻠=wikidata 釲:𨥈=cjkvi-variants 魢:𩵗=cjkvi-variants 𡊈:𡊓=cjkvi-variants 𢚓:𢚢=cjkvi-variants 𤓿:𤔂=cjkvi-variants+wikidata
己	豆	2	57	20	㜐:𫝧=cjkvi-variants+opencc+unihan+wikidata 㨟:𫼥=cjkvi-variants+unihan+wikidata 䔇:𰰴=unihan+wikidata 凯:凱=cjkvi-variants+opencc+unihan+wikidata+yitizi 剀:剴=cjkvi-variants+opencc+unihan+wikidata+yitizi 垲:塏=cjkvi-variants+opencc+unihan+wikidata+yitizi 岂:豈=cjkvi-variants+opencc+unihan+wikidata+yitizi 恺:愷=cjkvi-variants+opencc+unihan+wikidata+yitizi 敳:𮲔=unihan+wikidata 暟:𬀱=cjkvi-variants+unihan+wikidata 桤:榿=cjkvi-variants+opencc+unihan+wikidata+yitizi 溰:𰛥=unihan+wikidata 皑:皚=cjkvi-variants+opencc+unihan+wikidata+yitizi 硙:磑=cjkvi-variants+opencc+unihan+wikidata+yitizi 螘:𰲹=unihan+wikidata 铠:𮸛=unihan 隑:𬮿=cjkvi-variants+opencc+unihan+wikidata 𠹛:𫩯=cjkvi-variants+unihan+wikidata 𤧸:𮴒=unihan+wikidata 𤩑:𮴥=unihan+wikidata 𦒀:𫅥=cjkvi-variants+opencc+unihan+wikidata
巴	𭅲	3	7	3	帊:𢁡=cjkvi-variants+wikidata 跁:𧿏=cjkvi-variants 𥑣:𥑽=cjkvi-variants+wikidata
巵	𠂬	3	6	3	㛂:𡜮=cjkvi-variants 𡭍:𡭐=cjkvi-variants+wikidata 𢫷:𢬯=cjkvi-variants+wikidata
巸	⿰𱼧巳	2	4	3	凞:𠘕=cjkvi-variants 煕:熈=cjkvi-variants+hng-basic-data+mj-shrink-map+yitizi 熈:熙=cjkvi-variants+mj-shrink-map+unihan+wikidata+yitizi
巸	⿲丿臣巳	2	3	2	凞:𠘕=cjkvi-variants 煕:熈=cjkvi-variants+hng-basic-data+mj-shrink-map+yitizi 熈:熙=cjkvi-variants+mj-shrink-map+unihan+wikidata+yitizi
巾	{48}	2	15	9	幃:𭘮=wikidata 洚:𣴗=cjkvi-variants+wikidata 絳:𥿸=cjkvi-variants+mj-shrink-map+wikidata 衛:𫟘=mj-shrink-map+wikidata 諱:𮘪=mj-shrink-map+wikidata 違:𨔻=cjkvi-variants+mj-shrink-map+wikidata 闈:𨵾=cjkvi-variants+wikidata 降:𨹓=cjkvi-variants+mj-shrink-map+wikidata
巿	市	2	4	2	㤄:𢘥=cjkvi-variants 𩦔:𩦴=cjkvi-variants
巿	𠂔	9	22	8	㸬:牬=cjkvi-variants+wikidata 㾅:𤴹=cjkvi-variants+wikidata 䍨:𦍜=cjkvi-variants+wikidata 䣪:𨠓=cjkvi-variants+wikidata 姉:姊=cjkvi-variants+mj-shrink-map+opencc+unihan+wikidata+yitizi 旆:𣃩=cjkvi-variants+wikidata 肺:胏=cjkvi-variants 𠚷:𠛔=cjkvi-variants+wikidata
巿	𣎳	4	6	4	㳈:沛=cjkvi-variants+mj-shrink-map+opencc+wikidata 㸬:𤘱=cjkvi-variants 杮:𣏕=cjkvi-variants+mj-shrink-map+wikidata 犻:𤝂=cjkvi-variants+wikidata
巿	𣎵	3	4	3	㤄:𢘨=cjkvi-variants+wikidata 㧊:𢪹=cjkvi-variants+wikidata 䰽:𩶚=cjkvi-variants+wikidata
巿	𪩲	4	11	4	䑔:𦥥=cjkvi-variants+wikidata 姉:𡛷=mj-shrink-map 𧠎:𧠥=wikidata 𧢿:𧣘=cjkvi-variants
帀	師	5	13	5	㺰:瑡=cjkvi-variants+wikidata 獅:𤜳=cjkvi-variants+mj-shrink-map+wikidata 魳:鰤=cjkvi-variants+wikidata 鶳:𩿐=cjkvi-variants+wikidata 𩡸:𩥐=cjkvi-variants+wikidata
市	𠂔	4	14	5	姉:姊=cjkvi-variants+mj-shrink-map+opencc+unihan+wikidata+yitizi 柹:柿=cjkvi-variants+mj-shrink-map+wikidata 秭:𥞑=cjkvi-variants+wikidata 肺:胏=cjkvi-variants
师	師	7	8	8	浉:溮=cjkvi-variants+opencc+unihan+wikidata+yitizi 狮:獅=cjkvi-variants+opencc+unihan+wikidata+yitizi 筛:篩=cjkvi-variants+opencc+unihan+wikidata+yitizi 蒒:𰰳=unihan+wikidata 蛳:螄=cjkvi-variants+opencc+unihan+wikidata+yitizi 𢲐:𰓝=unihan+wikidata 𧜂:𬡔=cjkvi-variants+unihan+wikidata
帚	𫜹	3	7	3	妇:婦=cjkvi-variants+opencc+unihan+wikidata+yitizi 帰:归=mj-shrink-map 扫:掃=cjkvi-variants+opencc+unihan+wikidata+yitizi
带	帶	17	20	19	㗣:𫪺=cjkvi-variants+unihan+wikidata 㛿:𡠹=cjkvi-variants+opencc+unihan+wikidata+yitizi 㯂:𰘀=unihan+wikidata 䗖:螮=cjkvi-variants+opencc+unihan+wikidata+yitizi 䙊:𧜵=cjkvi-variants+opencc+unihan+yitizi 䠠:𰸛=unihan+wikidata 僀:𰂗=unihan+wikidata 墆:𰊂=unihan+wikidata 嵽:𫶇=cjkvi-variants+opencc+unihan+wikidata 廗:𰏼=unihan+wikidata 慸:𰑵=unihan+wikidata 懘:𰒒=unihan+wikidata 摕:𰔇=unihan+wikidata 殢:𣨼=cjkvi-variants+opencc+unihan+wikidata 滞:滯=cjkvi-variants+hng-basic-data+mj-shrink-map+opencc+unihan+wikidata+yitizi 艜:𰰏=unihan+wikidata 蹛:𰸚=unihan+wikidata 遰:𰻆=unihan+wikidata
帯	帶	2	3	3	廗:鿮=wikidata 懘:𰒒=unihan+wikidata 滞:滯=cjkvi-variants+hng-basic-data+mj-shrink-map+opencc+unihan+wikidata+yitizi
帶	𢃄	4	5	5	摕:𢲄=cjkvi-variants+wikidata 滯:𣻉=cjkvi-variants+wikidata 蔕:𦷾=cjkvi-variants+mj-shrink-map+wikidata 𥕧:𬒛=wikidata
帶	𭘧	3	4	4	廗:𭙺=wikidata 𤢻:𤣇=cjkvi-variants 𧜵:𧝫=cjkvi-variants
干	氏	3	77	25	䀨:𥆠=cjkvi-variants+wikidata 䄆:𥙱=cjkvi-variants+wikidata 䒷:𦯚=cjkvi-variants 䛡:話=cjkvi-variants+mj-shrink-map+opencc+unihan+wikidata+yitizi 䯏:𩩎=cjkvi-variants+wikidata 䯺:髺=cjkvi-variants+opencc+wikidata 佸:𠈲=cjkvi-variants+mj-shrink-map+opencc+wikidata 刮:𠜜=cjkvi-variants+mj-shrink-map+opencc+wikidata 咶:𠳂=cjkvi-variants+wikidata 姡:𡜶=cjkvi-variants+opencc+wikidata 懖:𢤌=cjkvi-variants+opencc+wikidata 括:𢬸=cjkvi-variants+mj-shrink-map+opencc+wikidata 栝:桰=cjkvi-variants+wikidata 活:𣴠=cjkvi-variants+mj-shrink-map+opencc+wikidata 秳:𥞸=cjkvi-variants+wikidata 聒:𦕾=cjkvi-variants+mj-shrink-map+opencc+wikidata 舌:𠯑=cjkvi-variants+mj-shrink-map+wikidata 趏:𬦐=wikidata 适:𨓈=cjkvi-variants+mj-shrink-map+opencc+wikidata 銛:銽=cjkvi-variants+wikidata 闊:𨶖=cjkvi-variants+mj-shrink-map+opencc+wikidata 頢:𩒲=cjkvi-variants+wikidata 鴰:𪁝=cjkvi-variants+opencc+wikidata 𦗾:𦘉=cjkvi-variants 𪗽:𪘢=cjkvi-variants+wikidata
干	𢆉	3	10	3	㶣:𤇇=cjkvi-variants+wikidata 犴:𤝪=cjkvi-variants+wikidata 𧻀:𮚺=wikidata
平	⿱兀丂	2	1	1	𠀩:𢆊=cjkvi-variants 𤘾:𤙀=cjkvi-variants+wikidata
平	⿳一八丂	2	1	1	𠀩:𢆊=cjkvi-variants 𤘾:𤙀=cjkvi-variants+wikidata
年	秊	2	1	1	姩:𡝟=cjkvi-variants+wikidata 𨚶:𨛲=cjkvi-variants+wikidata
幵	开	10	12	12	刑:𠛬=cjkvi-variants+mj-shrink-map+opencc+wikidata 妍:姸=cjkvi-variants+hng-basic-data+mj-shrink-map+wikidata+yitizi 研:硏=cjkvi-variants+hng-basic-data+mj-shrink-map+opencc+unihan+wikidata+yitizi 笄:筓=cjkvi-variants+mj-shrink-map+opencc+wikidata+yitizi 荆:荊=cjkvi-variants+hng-basic-data+mj-shrink-map+opencc+unihan+wikidata+yitizi 訮:詽=cjkvi-variants+unihan+wikidata 豜:豣=cjkvi-variants+unihan+wikidata+yitizi 邢:郉=cjkvi-variants+mj-shrink-map+wikidata+yitizi 鈃:銒=cjkvi-variants+unihan+wikidata 𢆚:𢆞=cjkvi-variants+wikidata 𣥎:𣥭=cjkvi-variants
并	幷	11	16	16	併:倂=cjkvi-variants+mj-shrink-map+opencc+unihan+wikidata+yitizi 偋:𠌸=cjkvi-variants+opencc+wikidata 剏:𠝵=cjkvi-variants 屏:屛=cjkvi-variants+hng-basic-data+mj-shrink-map+opencc+wikidata+yitizi 帡:帲=cjkvi-variants+unihan+wikidata+yitizi 瓶:甁=cjkvi-variants+mj-shrink-map+opencc+unihan+wikidata+yitizi 箳:簈=cjkvi-variants+wikidata+yitizi 胼:腁=cjkvi-variants+mj-shrink-map+unihan+wikidata+yitizi 軿:輧=cjkvi-variants+opencc+unihan+wikidata+yitizi 迸:逬=cjkvi-variants+hng-basic-data+mj-shrink-map+wikidata+yitizi 餅:餠=cjkvi-variants+hng-basic-data+mj-shrink-map+opencc+unihan+wikidata+yitizi 駢:騈=cjkvi-variants+hng-basic-data+mj-shrink-map+opencc+unihan+wikidata+yitizi 𠆕:𢆣=cjkvi-variants+wikidata 𧩱:𧫮=cjkvi-variants
幸	扌	5	39	15	䠟:𰸈=unihan+wikidata 垫:墊=cjkvi-variants+opencc+unihan+wikidata+yitizi 執:执=cjkvi-variants+mj-shrink-map+opencc+unihan+wikidata+yitizi 報:报=cjkvi-variants+mj-shrink-map+opencc+unihan+wikidata+yitizi 慹:𰑔=unihan+wikidata 挚:摯=cjkvi-variants+opencc+unihan+wikidata+yitizi 掬:𰏮=wikidata 漐:𰛣=unihan+wikidata 热:𤍠=cjkvi-variants 絷:縶=cjkvi-variants+opencc+unihan+wikidata+yitizi 蛰:蟄=cjkvi-variants+opencc+unihan+wikidata+yitizi 褺:𬡓=cjkvi-variants+unihan+wikidata 𠽃:𪠺=cjkvi-variants+opencc 𥅿:𥊝=cjkvi-variants+opencc 𩅀:𲉵=unihan
幸	羍	6	10	7	䁄:𥈖=cjkvi-variants 倖:𰂘=wikidata 啈:𠶿=cjkvi-variants 執:𦎃=cjkvi-variants+mj-shrink-map+wikidata 婞:𰌍=wikidata 𣖂:𪲟=cjkvi-variants
幸	𠂷	3	4	4	婞:𡟡=cjkvi-variants+wikidata 涬:𣸖=cjkvi-variants+mj-shrink-map+wikidata 緈:𦂜=cjkvi-variants+wikidata
幸	𢆎	4	5	5	䂔:𥏢=cjkvi-variants+wikidata 䥍:𨫦=cjkvi-variants 醳:𨣠=cjkvi-variants+mj-shrink-map+wikidata 𣔏:𪲟=cjkvi-variants
幸	𦍒	2	6	4	墶:𡐿=wikidata 逹:達=cjkvi-variants+hng-basic-data+mj-shrink-map+wikidata+yitizi 𤿹:𥀀=cjkvi-variants 𩞱:𩟐=wikidata
幹	榦	2	2	1	檊:𭬕=wikidata 𦼮:𦾮=cjkvi-variants+wikidata
幻	幼	5	11	5	㘭:坳=cjkvi-variants+mj-shrink-map+wikidata 岰:𡵿=cjkvi-variants+wikidata 抝:拗=cjkvi-variants+mj-shrink-map+unihan+wikidata+yitizi 窈:𥥆=cjkvi-variants+wikidata 靿:𩉷=cjkvi-variants+wikidata
幾	𢆻	2	1	1	禨:𰨆=wikidata 饑:𩜆=cjkvi-variants+wikidata
广	廣	20	23	21	㲿:瀇=cjkvi-variants+opencc+unihan+wikidata+yitizi 䊯:𰪩=wikidata 儣:𠆲=cjkvi-variants+opencc+unihan+wikidata+yitizi 嚝:𫩕=cjkvi-variants+unihan+wikidata 圹:壙=cjkvi-variants+opencc+unihan+wikidata+yitizi 彍:𭚦=unihan+wikidata 懭:𰐾=unihan+wikidata 扩:擴=cjkvi-variants+opencc+unihan+wikidata+yitizi 旷:曠=cjkvi-variants+opencc+unihan+wikidata+yitizi 櫎:𰗓=unihan+wikidata 爌:𤆓=cjkvi-variants+wikidata 犷:獷=cjkvi-variants+opencc+unihan+wikidata+yitizi 矿:礦=cjkvi-variants+opencc+unihan+wikidata+yitizi 穬:𰨜=unihan+wikidata 邝:鄺=cjkvi-variants+opencc+unihan+wikidata+yitizi 𠚳:𠠎=cjkvi-variants+opencc+unihan+yitizi 𧈴:𫋧=cjkvi-variants+unihan 𧿈:𨇁=cjkvi-variants+opencc+unihan+wikidata+yitizi 𨤡:𬪺=cjkvi-variants+unihan+wikidata 𨸘:𨽏=cjkvi-variants+opencc+unihan+yitizi
広	廣	9	12	10	䊯:𮇋=wikidata 嚝:𭇗=wikidata 懭:𭜡=wikidata 拡:擴=cjkvi-variants+mj-shrink-map+opencc+unihan+wikidata+yitizi 昿:曠=cjkvi-variants+hng-basic-data+mj-shrink-map+wikidata+yitizi 矌:𭾦=wikidata 砿:礦=cjkvi-variants+mj-shrink-map+wikidata+yitizi 絋:纊=cjkvi-variants+yitizi 鉱:鑛=cjkvi-variants+mj-shrink-map+opencc+unihan
庄	庒	4	5	5	䂯:𥒹=cjkvi-variants 粧:𥺁=cjkvi-variants 賍:賘=cjkvi-variants+wikidata 𢬂:𪭽=cjkvi-variants
应	應	4	6	5	㒣:𬾖=unihan+wikidata 𡄖:𭈉=unihan 𧃽:𰱊=unihan+wikidata 𪯂:𭡆=unihan+wikidata
底	氐	10	22	10	㭽:柢=cjkvi-variants+mj-shrink-map+wikidata 䣌:邸=cjkvi-variants+mj-shrink-map+wikidata 坻:𡍓=cjkvi-variants+mj-shrink-map+wikidata 抵:掋=cjkvi-variants+wikidata 牴:𤚃=cjkvi-variants+mj-shrink-map+wikidata 羝:𮊭=wikidata 茋:菧=cjkvi-variants+wikidata 詆:𧨱=cjkvi-variants+mj-shrink-map 軧:𨌮=cjkvi-variants+wikidata 鴟:𪂑=cjkvi-variants
废	廢	2	2	1	䉬:𫂈=cjkvi-variants+opencc+unihan+wikidata+yitizi 櫠:𪲮=cjkvi-variants+opencc+unihan+wikidata
庭	廷	4	12	5	㹶:𤠜=cjkvi-variants+wikidata 烶:𭵬=wikidata 艇:𦪅=cjkvi-variants+wikidata 霆:𮦥=wikidata
庶	遮	2	2	1	蔗:𧀹=cjkvi-variants+unihan+wikidata 謶:𧭧=cjkvi-variants+wikidata
庶	𢉙	4	5	5	樜:𣙃=cjkvi-variants+wikidata 蟅:𧐚=cjkvi-variants+opencc+wikidata 謶:𧫽=cjkvi-variants+wikidata 遮:𨖓=cjkvi-variants+wikidata
康	𥹺	2	1	1	㝩:𡪼=cjkvi-variants+wikidata 漮:𣾩=cjkvi-variants+opencc+wikidata
廉	𠔳	7	8	7	劆:𠠟=cjkvi-variants+wikidata 燫:𤒄=cjkvi-variants 簾:𬖄=wikidata 譧:𫍓=cjkvi-variants 𢅏:𢅳=cjkvi-variants 𣜰:𣟚=cjkvi-variants 𦆆:𫄔=cjkvi-variants
廌	薦	4	9	4	䍎:𦉙=cjkvi-variants+wikidata 瀳:𣿕=cjkvi-variants+wikidata 韀:韉=cjkvi-variants+wikidata 𨷓:𨷳=cjkvi-variants+wikidata
廌	𢊁	2	1	1	𡦱:𡦵=cjkvi-variants+wikidata 𡦲:𡦳=cjkvi-variants
廛	𠪨	3	6	6	鄽:𨞬=cjkvi-variants 𧓋:𧔊=cjkvi-variants+wikidata 𧸪:𧸳=cjkvi-variants+wikidata
廩	稟	5	10	6	凜:𠘡=cjkvi-variants+mj-shrink-map+wikidata 壈:𡓔=cjkvi-variants+wikidata 懍:𢤭=cjkvi-variants+mj-shrink-map+wikidata 燣:𤒢=cjkvi-variants+wikidata 𡗋:𪥀=cjkvi-variants
廴	辶	11	43	13	㢠:迥=cjkvi-variants+wikidata 䢖:建=cjkvi-variants+mj-shrink-map+wikidata 巡:廵=cjkvi-variants+unihan+wikidata+yitizi 延:𨒂=cjkvi-variants+mj-shrink-map+wikidata 廸:迪=cjkvi-variants+mj-shrink-map+unihan+wikidata+yitizi 廹:迫=cjkvi-variants+mj-shrink-map+unihan+wikidata+yitizi 廻:迴=cjkvi-variants+hng-basic-data+unihan+wikidata+yitizi 廼:迺=cjkvi-variants+hng-basic-data+mj-shrink-map+unihan+wikidata+yitizi 莛:𮏙=wikidata 遑:𪪱=wikidata 鍵:𮢱=wikidata 霆:𨗒=cjkvi-variants+mj-shrink-map+wikidata 𢌛:𨒌=cjkvi-variants
廾	⿰𠂇十	2	3	2	卉:𠦄=cjkvi-variants+mj-shrink-map+wikidata 𥫠:𥫲=cjkvi-variants
廾	𠬞	5	12	6	舁:𦥠=cjkvi-variants+mj-shrink-map+opencc+wikidata 𡲯:𡲱=cjkvi-variants 𢍏:𨤑=cjkvi-variants+wikidata 𢍱:𦦒=cjkvi-variants+wikidata 𫩄:𫸜=wikidata
廿	龷	2	2	2	𧿰:𧿱=cjkvi-variants 𨔋:𨔘=cjkvi-variants
弖	氐	5	9	5	低:𫢏=cjkvi-variants+mj-shrink-map+wikidata 坻:𡉶=cjkvi-variants+mj-shrink-map+wikidata 底:𭙗=mj-shrink-map+wikidata 胝:𦙠=cjkvi-variants+mj-shrink-map+wikidata 詆:𧦒=cjkvi-variants+wikidata
弗	費	7	17	7	㔗:𠢥=cjkvi-variants+wikidata 㩌:拂=cjkvi-variants 㵒:沸=cjkvi-variants+unihan+wikidata+yitizi 昲:曊=cjkvi-variants+wikidata 疿:𤺕=cjkvi-variants+wikidata 鄪:𨚓=cjkvi-variants+wikidata 靅:𩃸=cjkvi-variants+wikidata
张	張	2	2	1	涨:漲=cjkvi-variants+opencc+unihan+wikidata+yitizi 𨄰:𬦵=cjkvi-variants+unihan+wikidata
弥	彌	13	14	14	㜷:𡝠=cjkvi-variants+opencc+unihan+wikidata+yitizi 㟜:𡾱=cjkvi-variants+opencc+unihan+wikidata+yitizi 㳽:瀰=cjkvi-variants+mj-shrink-map+opencc+unihan+wikidata+yitizi 䉲:𥮜=cjkvi-variants+opencc+unihan+wikidata+yitizi 䕳:𦰴=cjkvi-variants+opencc+unihan+wikidata+yitizi 䥸:𨧮=cjkvi-variants+unihan 猕:獼=cjkvi-variants+mj-shrink-map+opencc+unihan+wikidata+yitizi 瓕:𤦀=cjkvi-variants+opencc+unihan+wikidata+yitizi 𠵸:𡄣=cjkvi-variants+opencc+unihan+wikidata+yitizi 𨨮:𬬠=wikidata 𩸹:𮬚=wikidata 𪋈:𱋂=unihan 𮕖:𰳉=wikidata
弭	彌	2	2	1	䕳:葞=cjkvi-variants 麛:𱋂=wikidata
弯	彎	4	6	5	塆:壪=cjkvi-variants+opencc+unihan+wikidata+yitizi 湾:灣=cjkvi-variants+mj-shrink-map+opencc+unihan+wikidata+yitizi 𡤶:𮱐=unihan+wikidata 𨂺:𨈊=cjkvi-variants+opencc+unihan+wikidata+yitizi
張	長	4	12	4	㙊:㙣=cjkvi-variants+wikidata 䗅:𧐊=cjkvi-variants+wikidata 涱:漲=cjkvi-variants+mj-shrink-map+wikidata 痮:瘬=cjkvi-variants+mj-shrink-map
強	彊	3	9	5	勥:𠣃=cjkvi-variants 襁:𧟂=cjkvi-variants+mj-shrink-map+wikidata 𠼢:𭌡=wikidata
强	彊	4	9	5	勥:𠣃=cjkvi-variants 嵹:𡾪=cjkvi-variants+wikidata 襁:𧟂=cjkvi-variants+mj-shrink-map+wikidata 𠼢:𭌡=wikidata
彌	𢏏	2	1	1	㜷:𡝡=cjkvi-variants+wikidata 䕳:𦱨=cjkvi-variants+wikidata
彑	{42}	5	13	13	剝:剥=cjkvi-variants+opencc+unihan+wikidata+yitizi 彔:录=cjkvi-variants+mj-shrink-map+opencc+wikidata 彙:彚=cjkvi-variants+mj-shrink-map+wikidata+yitizi 彛:彜=cjkvi-variants+mj-shrink-map+yitizi 彝:彞=cjkvi-variants+mj-shrink-map+unihan+wikidata+yitizi 淥:渌=cjkvi-variants+opencc+unihan+wikidata+yitizi 祿:禄=cjkvi-variants+hng-basic-data+mj-shrink-map+opencc+unihan+wikidata+yitizi 綠:緑=cjkvi-variants+hng-basic-data+mj-shrink-map+opencc+unihan+wikidata+yitizi 緣:縁=cjkvi-variants+hng-basic-data+mj-shrink-map+opencc+unihan+wikidata+yitizi 錄:録=cjkvi-variants+hng-basic-data+mj-shrink-map+opencc+unihan+wikidata+yitizi 𨔡:𨔵=cjkvi-variants
归	歸	3	4	4	岿:巋=cjkvi-variants+opencc+unihan+wikidata+yitizi 蘬:𰰮=unihan+wikidata 𠐽:𫢔=cjkvi-variants+unihan+wikidata
当	當	18	20	19	㓥:劏=cjkvi-variants+opencc+unihan+wikidata+yitizi 㜭:𫰠=cjkvi-variants+unihan+wikidata 儅:𰁸=unihan+wikidata 噹:𪠽=cjkvi-variants+opencc+unihan+wikidata 垱:壋=cjkvi-variants+opencc+unihan+wikidata+yitizi 挡:擋=cjkvi-variants+opencc+unihan+wikidata+yitizi 档:檔=cjkvi-variants+mj-shrink-map+opencc+unihan+wikidata+yitizi 澢:𭰎=unihan+wikidata 珰:璫=cjkvi-variants+opencc+unihan+wikidata+yitizi 筜:簹=cjkvi-variants+opencc+unihan+yitizi 蟷:𬠅=cjkvi-variants+unihan+wikidata 裆:襠=cjkvi-variants+opencc+unihan+wikidata+yitizi 鐺:𫟰=cjkvi-variants+mj-shrink-map+wikidata 𤇻:𭶙=unihan 𥢷:𫀮=cjkvi-variants+opencc+unihan+wikidata 𥹥:𥼽=cjkvi-variants+opencc+unihan+wikidata+yitizi 𨆉:𮛗=unihan+wikidata 𬙏:𬙔=cjkvi-variants+unihan+wikidata
彔	录	5	7	7	剝:剥=cjkvi-variants+opencc+unihan+wikidata+yitizi 淥:渌=cjkvi-variants+opencc+unihan+wikidata+yitizi 祿:禄=cjkvi-variants+hng-basic-data+mj-shrink-map+opencc+unihan+wikidata+yitizi 綠:緑=cjkvi-variants+hng-basic-data+mj-shrink-map+opencc+unihan+wikidata+yitizi 錄:録=cjkvi-variants+hng-basic-data+mj-shrink-map+opencc+unihan+wikidata+yitizi
彖	⿱{42}𧰨	2	1	1	緣:縁=cjkvi-variants+hng-basic-data+mj-shrink-map+opencc+unihan+wikidata+yitizi 𨔡:𨔵=cjkvi-variants
彗	惠	8	18	8	㨹:𢴥=cjkvi-variants+wikidata 嘒:𠽡=cjkvi-variants+wikidata 槥:橞=cjkvi-variants+wikidata 繐:𦄑=cjkvi-variants+wikidata 轊:𨎥=cjkvi-variants 鏏:鏸=cjkvi-variants+wikidata 韢:𩏚=cjkvi-variants 𦒄:𦒎=cjkvi-variants+wikidata
彗	慧	10	16	10	㨹:㩨=cjkvi-variants+wikidata 㬩:暳=cjkvi-variants+wikidata 䡺:轊=cjkvi-variants+mj-shrink-map 䵻:𪔊=cjkvi-variants+wikidata 嘒:嚖=cjkvi-variants+wikidata 槥:櫘=cjkvi-variants+wikidata 篲:𥶙=cjkvi-variants+wikidata 𢄣:𢅫=cjkvi-variants+wikidata 𦄑:𦇀=cjkvi-variants+wikidata 𩏚:𩏲=cjkvi-variants+wikidata
彡	⿴{11}亅	3	9	4	䵏:𪏧=cjkvi-variants+wikidata 參:𭆤=mj-shrink-map+wikidata 膠:𭩎=wikidata 蓼:𮑹=wikidata
彡	氺	4	14	5	䵏:𪏧=cjkvi-variants+wikidata 参:𭆞=mj-shrink-map 參:𭆤=mj-shrink-map+wikidata 膠:𭩎=wikidata 蓼:𮑹=wikidata
役	殳	4	13	4	疫:𤶣=cjkvi-variants+mj-shrink-map+wikidata 豛:𧱕=cjkvi-variants+wikidata 鈠:𨦯=cjkvi-variants+wikidata 𩵤:𩷍=cjkvi-variants+wikidata
往	徃	3	4	4	暀:𣇭=cjkvi-variants+wikidata 𣶂:𭰵=wikidata 𥯁:𥯂=cjkvi-variants
従	從	7	8	8	慫:𭞁=wikidata 樅:𫞋=cjkvi-variants+wikidata 縦:縱=cjkvi-variants+hng-basic-data+mj-shrink-map+opencc+unihan+wikidata+yitizi 聳:𮋹=wikidata 豵:𧱷=cjkvi-variants+wikidata 蹤:𮜀=wikidata 𩀨:𱁋=wikidata
徙	歨	4	8	4	縰:𦁡=cjkvi-variants+wikidata 褷:𧚺=cjkvi-variants+mj-shrink-map+wikidata 蹝:𨁾=cjkvi-variants+wikidata 𩋀:𩌦=cjkvi-variants+wikidata
徙	麗	6	15	6	矖:𥊂=cjkvi-variants 簁:籭=cjkvi-variants+wikidata 縰:纚=cjkvi-variants+mj-shrink-map+wikidata 褷:襹=cjkvi-variants+wikidata 蹝:躧=cjkvi-variants+unihan+wikidata+yitizi 𩌦:𩎉=cjkvi-variants+wikidata
從	⿱䒑龰	3	4	3	樅:𭪒=wikidata 縱:𮈕=wikidata 蹤:𮛙=wikidata
從	⿱从龰	4	10	4	㧿:摐=cjkvi-variants+wikidata 䡮:𨌰=cjkvi-variants+wikidata 踨:蹤=cjkvi-variants+mj-shrink-map+wikidata+yitizi 鏦:𮷲=wikidata
從	⿳丷一龰	3	4	3	樅:𭪒=wikidata 縱:𮈕=wikidata 蹤:𮛙=wikidata
御	禦	3	4	4	䥏:𨯣=cjkvi-variants+wikidata 篽:籞=cjkvi-variants+mj-shrink-map+wikidata 蓹:蘌=cjkvi-variants+wikidata
徹	𰕎	2	1	1	澈:𤁲=cjkvi-variants+mj-shrink-map+wikidata 𨅊:𨇂=cjkvi-variants+wikidata
必	𠂭	2	6	2	蓾:𦷕=cjkvi-variants+wikidata 鹵:𠧸=cjkvi-variants+mj-shrink-map+wikidata 𠚊:𠚍=cjkvi-variants
忝	沗	2	3	1	添:𣸸=mj-shrink-map+wikidata 菾:𦲑=wikidata
忩	⿱囪心	13	20	18	䡯:𨌪=cjkvi-variants+wikidata 䶼:𣎗=wikidata 倊:傯=cjkvi-variants+wikidata 幒:𢃧=cjkvi-variants+wikidata 憁:𢛌=cjkvi-variants+wikidata 捴:摠=cjkvi-variants+mj-shrink-map+wikidata 焧:熜=cjkvi-variants+unihan+wikidata 璁:𤥼=cjkvi-variants+mj-shrink-map+unihan+wikidata 総:總=cjkvi-variants+hng-basic-data+mj-shrink-map+opencc+unihan+wikidata+yitizi 聡:聰=cjkvi-variants+hng-basic-data+mj-shrink-map+opencc+wikidata+yitizi 謥:𧩟=cjkvi-variants+wikidata 驄:𩣭=cjkvi-variants+mj-shrink-map+wikidata 𢈳:𢊕=cjkvi-variants
忩	⿳㇒{31}心	13	16	16	䡯:𨌪=cjkvi-variants+wikidata 䶼:𣎗=wikidata 倊:傯=cjkvi-variants+wikidata 幒:𢃧=cjkvi-variants+wikidata 憁:𢛌=cjkvi-variants+wikidata 捴:摠=cjkvi-variants+mj-shrink-map+wikidata 焧:熜=cjkvi-variants+unihan+wikidata 璁:𤥼=cjkvi-variants+mj-shrink-map+unihan+wikidata 総:總=cjkvi-variants+hng-basic-data+mj-shrink-map+opencc+unihan+wikidata+yitizi 聡:聰=cjkvi-variants+hng-basic-data+mj-shrink-map+opencc+wikidata+yitizi 謥:𧩟=cjkvi-variants+wikidata 驄:𩣭=cjkvi-variants+mj-shrink-map+wikidata 𢈳:𢊕=cjkvi-variants
忩	怱	9	28	10	䐋:𦝰=cjkvi-variants 䓗:葱=cjkvi-variants 倊:偬=cjkvi-variants+mj-shrink-map 捴:揔=cjkvi-variants 棇:楤=cjkvi-variants+wikidata 総:緫=cjkvi-variants+mj-shrink-map 聡:聦=cjkvi-variants+mj-shrink-map 𢃧:𢃭=cjkvi-variants 𧩟:𧩪=cjkvi-variants
忩	总	5	8	6	捴:搃=cjkvi-variants+yitizi 焧:𮳳=unihan 総:縂=cjkvi-variants+mj-shrink-map+yitizi 聡:聪=cjkvi-variants 𤥼:𮴨=unihan
忩	悤	17	24	21	䓗:蔥=cjkvi-variants+mj-shrink-map+wikidata 䡯:𨌪=cjkvi-variants+wikidata 倊:傯=cjkvi-variants+wikidata 幒:𢃧=cjkvi-variants+wikidata 憁:𢛌=cjkvi-variants+wikidata 捴:摠=cjkvi-variants+mj-shrink-map+wikidata 棇:樬=cjkvi-variants+wikidata 焧:熜=cjkvi-variants+unihan+wikidata 牕:𤗉=cjkvi-variants+mj-shrink-map 璁:𤥼=cjkvi-variants+mj-shrink-map+unihan+wikidata 総:總=cjkvi-variants+hng-basic-data+mj-shrink-map+opencc+unihan+wikidata+yitizi 聡:聰=cjkvi-variants+hng-basic-data+mj-shrink-map+opencc+wikidata+yitizi 謥:𧩟=cjkvi-variants+wikidata 鏓:𨨟=cjkvi-variants+wikidata 驄:𩣭=cjkvi-variants+mj-shrink-map+wikidata 𢈳:𢊕=cjkvi-variants 𣚜:𣞷=cjkvi-variants+wikidata 𥡥:𮃐=wikidata
忽	⿱囪心	3	13	6	㧾:摠=cjkvi-variants+wikidata 傯:𬾠=wikidata 總:𦁕=cjkvi-variants+wikidata
忽	⿳㇒{31}心	3	10	6	㧾:摠=cjkvi-variants+wikidata 傯:𬾠=wikidata 總:𦁕=cjkvi-variants+wikidata
忽	悤	6	17	6	㧾:摠=cjkvi-variants+wikidata 傯:𬾠=wikidata 熜:𬊡=wikidata 璁:𤦏=unihan 總:𦁕=cjkvi-variants+wikidata 聰:𦖟=cjkvi-variants+wikidata
忽	𡿺	5	10	5	㛴:𡝲=cjkvi-variants+wikidata 惚:惱=cjkvi-variants+wikidata 瑙:𤦏=wikidata 腦:𦜩=wikidata 𧩓:𧩣=wikidata
怱	⿱囪心	15	26	23	㷓:熜=cjkvi-variants+wikidata 䉥:𥳺=cjkvi-variants+wikidata 䗓:蟌=cjkvi-variants+wikidata 䡯:𨍉=cjkvi-variants 偬:傯=cjkvi-variants+mj-shrink-map+opencc+unihan+wikidata+yitizi 幒:𢃭=cjkvi-variants+wikidata 愡:憁=cjkvi-variants+wikidata 揔:摠=cjkvi-variants+wikidata+yitizi 緫:總=cjkvi-variants+mj-shrink-map+unihan+wikidata+yitizi 聦:聰=cjkvi-variants+mj-shrink-map+unihan+wikidata+yitizi 謥:𧩪=cjkvi-variants+wikidata 鍯:鏓=cjkvi-variants+wikidata 騘:驄=cjkvi-variants+mj-shrink-map+unihan+wikidata+yitizi 𢉛:𢊕=cjkvi-variants+wikidata 𥍷:𥎋=cjkvi-variants+wikidata 𨡮:𨢨=cjkvi-variants+wikidata
怱	⿳㇒{31}心	15	19	18	㷓:熜=cjkvi-variants+wikidata 䉥:𥳺=cjkvi-variants+wikidata 䗓:蟌=cjkvi-variants+wikidata 䡯:𨍉=cjkvi-variants 偬:傯=cjkvi-variants+mj-shrink-map+opencc+unihan+wikidata+yitizi 幒:𢃭=cjkvi-variants+wikidata 愡:憁=cjkvi-variants+wikidata 揔:摠=cjkvi-variants+wikidata+yitizi 緫:總=cjkvi-variants+mj-shrink-map+unihan+wikidata+yitizi 聦:聰=cjkvi-variants+mj-shrink-map+unihan+wikidata+yitizi 謥:𧩪=cjkvi-variants+wikidata 鍯:鏓=cjkvi-variants+wikidata 騘:驄=cjkvi-variants+mj-shrink-map+unihan+wikidata+yitizi 𢉛:𢊕=cjkvi-variants+wikidata 𥍷:𥎋=cjkvi-variants+wikidata 𨡮:𨢨=cjkvi-variants+wikidata
怱	悤	21	34	27	㷓:熜=cjkvi-variants+wikidata 䉥:𥳺=cjkvi-variants+wikidata 䗓:蟌=cjkvi-variants+wikidata 䡯:𨍉=cjkvi-variants 偬:傯=cjkvi-variants+mj-shrink-map+opencc+unihan+wikidata+yitizi 幒:𢃭=cjkvi-variants+wikidata 愡:憁=cjkvi-variants+wikidata 憽:𢤄=cjkvi-variants+wikidata 揔:摠=cjkvi-variants+wikidata+yitizi 濍:𤁬=cjkvi-variants 牎:牕=cjkvi-variants+yitizi 璁:𤧚=cjkvi-variants+unihan+wikidata+yitizi 緫:總=cjkvi-variants+mj-shrink-map+unihan+wikidata+yitizi 繱:𦇎=cjkvi-variants+wikidata 聦:聰=cjkvi-variants+mj-shrink-map+unihan+wikidata+yitizi 葱:蔥=cjkvi-variants+mj-shrink-map+opencc+unihan+wikidata+yitizi 謥:𧩪=cjkvi-variants+wikidata 鍯:鏓=cjkvi-variants+wikidata 騘:驄=cjkvi-variants+mj-shrink-map+unihan+wikidata+yitizi 𡟟:𡠴=cjkvi-variants 𢉛:𢊕=cjkvi-variants+wikidata 𥍷:𥎋=cjkvi-variants+wikidata 𧛤:𧜢=cjkvi-variants 𨡮:𨢨=cjkvi-variants+wikidata 𩮀:𩮰=cjkvi-variants+wikidata
总	⿱囪心	3	7	5	搃:摠=unihan+wikidata+yitizi 縂:總=cjkvi-variants+mj-shrink-map+unihan+wikidata+yitizi 聪:聰=cjkvi-variants+opencc+unihan+wikidata+yitizi
总	⿳㇒{31}心	3	7	5	搃:摠=unihan+wikidata+yitizi 縂:總=cjkvi-variants+mj-shrink-map+unihan+wikidata+yitizi 聪:聰=cjkvi-variants+opencc+unihan+wikidata+yitizi
总	悤	5	10	5	搃:摠=unihan+wikidata+yitizi 熜:𮳳=unihan+wikidata 璁:𮴨=unihan+wikidata 縂:總=cjkvi-variants+mj-shrink-map+unihan+wikidata+yitizi 聪:聰=cjkvi-variants+opencc+unihan+wikidata+yitizi
恆	恒	8	11	10	㮓:𣕲=cjkvi-variants+unihan 䱭:䱴=cjkvi-variants 堩:𡍷=cjkvi-variants+wikidata 揯:搄=cjkvi-variants+opencc+wikidata+yitizi 緪:縆=cjkvi-variants+unihan+wikidata+yitizi 𣎄:𦞌=cjkvi-variants+unihan 𥔂:𮀲=unihan+wikidata 𦵕:𬝖=cjkvi-variants+unihan
恆	𢛢	2	1	1	㮓:𣘰=cjkvi-variants 揯:𢳖=cjkvi-variants+opencc+wikidata
恋	戀	2	3	1	纞:𦃳=cjkvi-variants 𨄄:𨈌=cjkvi-variants+opencc+unihan+wikidata+yitizi
恵	惠	2	1	1	穂:穗=cjkvi-variants+hng-basic-data+mj-shrink-map+opencc+unihan+wikidata+yitizi 鏸:𨫍=cjkvi-variants+wikidata
恶	惡	4	7	5	僫:𱏀=wikidata 噁:𫫇=cjkvi-variants+opencc+unihan+wikidata 𢵣:𭡵=unihan+wikidata 𣽏:𪶮=cjkvi-variants+opencc+unihan+wikidata
悤	⿴囗夕	3	3	3	摠:𢭇=cjkvi-variants+mj-shrink-map+wikidata 牕:𤗄=cjkvi-variants+mj-shrink-map 總:𦀙=cjkvi-variants+mj-shrink-map+wikidata
悶	闷	8	10	9	㦖:𫺓=cjkvi-variants+unihan+wikidata 㵍:𬇰=cjkvi-variants+unihan+wikidata 䉍:𬕊=cjkvi-variants+unihan+wikidata 焖:燜=cjkvi-variants+opencc+unihan+wikidata+yitizi 蕄:𰱉=unihan+wikidata 𠎒:𫢨=cjkvi-variants+unihan+wikidata 𪮰:𫼽=cjkvi-variants+unihan+wikidata 𫃐:𬖟=cjkvi-variants+unihan
惡	𢙣	5	8	6	僫:𰂢=wikidata 𡠇:𡢇=wikidata 𪅴:𱈵=wikidata 𭞋:𭞪=wikidata 𱄪:𱄲=wikidata
惢	歮	4	10	4	橤:𰘭=wikidata 澁:𣾫=cjkvi-variants+mj-shrink-map 蕊:蕋=cjkvi-variants+mj-shrink-map+unihan+wikidata+yitizi 蘂:蘃=cjkvi-variants+mj-shrink-map
意	𠶷	3	5	3	檍:𣚍=cjkvi-variants+mj-shrink-map+wikidata 澺:𣽢=cjkvi-variants+wikidata 薏:𦺳=cjkvi-variants+mj-shrink-map+wikidata
意	𢡃	3	4	3	億:𠐥=cjkvi-variants+mj-shrink-map+opencc+wikidata 憶:𭟞=mj-shrink-map+wikidata 檍:𣟥=cjkvi-variants+mj-shrink-map+wikidata
愛	爱	12	13	13	僾:𫣊=cjkvi-variants+unihan+wikidata 嗳:噯=cjkvi-variants+opencc+unihan+wikidata+yitizi 嫒:嬡=cjkvi-variants+opencc+unihan+wikidata+yitizi 懓:𭞄=unihan+wikidata 暧:曖=cjkvi-variants+opencc+unihan+wikidata+yitizi 燰:𬊺=cjkvi-variants+unihan+wikidata 瑷:璦=cjkvi-variants+opencc+unihan+wikidata+yitizi 薆:𫉁=cjkvi-variants+opencc+unihan+wikidata 𣜬:𪳗=cjkvi-variants+opencc+wikidata 𥴨:𫂖=cjkvi-variants+opencc+unihan+wikidata 𦡝:𫆫=cjkvi-variants+opencc+unihan+wikidata 𩡖:𩡣=opencc+unihan+wikidata
慈	茲	3	15	5	滋:濨=cjkvi-variants 礠:𥔵=cjkvi-variants 鷀:𪇔=cjkvi-variants
慮	虑	5	7	6	儢:𰂦=unihan+wikidata 勴:𰅔=unihan+wikidata 摅:攄=cjkvi-variants+opencc+unihan+wikidata+yitizi 滤:濾=cjkvi-variants+opencc+unihan+wikidata+yitizi 藘:𰱮=unihan+wikidata
慼	戚	4	8	5	䙘:𧞰=cjkvi-variants+wikidata 嘁:𡂔=cjkvi-variants+wikidata 摵:𢷾=cjkvi-variants+wikidata 𦟠:𦢑=cjkvi-variants+wikidata
戈	𢦏	6	22	8	䟈:𧽮=cjkvi-variants+wikidata 戎:𢦛=cjkvi-variants+wikidata 截:𫻼=wikidata 戴:𢨇=cjkvi-variants+mj-shrink-map+wikidata 胾:𫻯=wikidata 鐵:𨫓=cjkvi-variants+mj-shrink-map+wikidata 驖:𩥳=cjkvi-variants+wikidata 𪭐:𪭒=wikidata
戉	戊	6	13	7	㞽:𡶙=wikidata 泧:𣳡=wikidata 狘:𭸀=wikidata 茂:𫇮=cjkvi-variants 鉞:龯=cjkvi-variants+wikidata 𣐋:𭩤=wikidata
戉	戌	3	12	4	䮅:𩣊=cjkvi-variants+wikidata 鉞:銊=cjkvi-variants+wikidata 𣧡:𣧵=cjkvi-variants+wikidata
戊	戌	4	14	5	䮅:𩣊=cjkvi-variants+wikidata 珬:𭸿=wikidata 茂:𦮠=mj-shrink-map 銊:龯=wikidata
戋	戔	21	29	27	㹽:𫞣=cjkvi-variants+opencc+unihan+wikidata 䗃:𰲳=unihan+wikidata 刬:剗=cjkvi-variants+opencc+unihan+wikidata+yitizi 嶘:𡺄=cjkvi-variants+opencc+wikidata 帴:𰏕=unihan+wikidata 栈:棧=cjkvi-variants+opencc+unihan+wikidata+yitizi 残:殘=cjkvi-variants+hng-basic-data+mj-shrink-map+opencc+unihan+wikidata+yitizi 浅:淺=cjkvi-variants+hng-basic-data+mj-shrink-map+opencc+unihan+wikidata+yitizi 濺:𣿽=cjkvi-variants+wikidata 牋:𰠛=unihan+wikidata 琖:𬍙=cjkvi-variants+unihan+wikidata 盏:盞=cjkvi-variants+opencc+unihan+wikidata+yitizi 笺:箋=cjkvi-variants+opencc+unihan+wikidata+yitizi 虦:𰲠=unihan+wikidata 賎:賤=cjkvi-variants+hng-basic-data+wikidata 践:踐=cjkvi-variants+hng-basic-data+mj-shrink-map+opencc+unihan+wikidata+yitizi 醆:𬪨=cjkvi-variants+unihan+wikidata 𠽈:𭈟=unihan+wikidata 𣘷:𣝕=cjkvi-variants+opencc+unihan+wikidata+yitizi 𣚙:𬃦=cjkvi-variants+unihan+wikidata 𤷃:𪽭=cjkvi-variants+opencc+unihan+wikidata 𥂫:𰤽=unihan+wikidata 𥱔:𥵃=cjkvi-variants+opencc+unihan+yitizi 𧣴:𬢕=cjkvi-variants+unihan+wikidata
戌	戍	2	1	1	㖅:𠲌=cjkvi-variants+wikidata 荗:𦮠=cjkvi-variants
戎	𢦦	2	1	1	娀:𡞨=cjkvi-variants+opencc+wikidata 駥:𩤭=cjkvi-variants+opencc+wikidata
戒	𢦶	5	6	6	㖑:𠸴=wikidata 㳦:𣸂=cjkvi-variants+wikidata 悈:𢜾=cjkvi-variants+wikidata 裓:𧛠=cjkvi-variants+mj-shrink-map+wikidata 誡:𧪖=cjkvi-variants+mj-shrink-map+wikidata
戔	𢦍	3	4	3	琖:𬍗=wikidata 盞:𥁘=wikidata 𦶻:𦾟=cjkvi-variants+opencc
或	𢦙	5	7	6	䰥:𩳠=cjkvi-variants 掝:𭠵=wikidata 淢:𣴤=cjkvi-variants+wikidata 𧣱:𧣼=cjkvi-variants+wikidata 𪑝:𱋷=wikidata
或	𢨋	2	3	2	𤁭:𤅳=cjkvi-variants+wikidata 𤉹:𤒓=cjkvi-variants+wikidata 𧤅:𧥑=cjkvi-variants
戚	蹙	5	8	6	㰗:槭=cjkvi-variants+mj-shrink-map+wikidata 䙘:䙯=cjkvi-variants+wikidata 嘁:𡄱=cjkvi-variants+wikidata 縬:𦇰=cjkvi-variants+mj-shrink-map+wikidata 顣:𩖑=wikidata
戜	𢧜	3	5	3	䟈:𧽮=cjkvi-variants+wikidata 鐵:𨫓=cjkvi-variants+mj-shrink-map+wikidata 驖:𩥳=cjkvi-variants+wikidata
截	𢧵	12	14	13	㘍:𡁶=cjkvi-variants 㵶:𤁢=cjkvi-variants 䕙:𦿐=cjkvi-variants+wikidata 䘁:𧓷=cjkvi-variants 䟌:𧾢=cjkvi-variants+wikidata 䰏:𩯰=cjkvi-variants+wikidata 䶪:𪙻=cjkvi-variants+wikidata 嶻:巀=cjkvi-variants+wikidata+yitizi 擮:𢷿=cjkvi-variants 蠽:𧕾=cjkvi-variants+wikidata 𧞛:𧞩=cjkvi-variants 𩟙:𩟦=cjkvi-variants
戯	戲	5	8	6	㩬:𢹍=cjkvi-variants+wikidata 嚱:𡃰=wikidata 巇:𡾟=cjkvi-variants+wikidata 隵:𱀼=wikidata 𤂴:𤃪=cjkvi-variants+wikidata
戱	戲	3	8	6	㩬:𢹍=cjkvi-variants+wikidata 巇:𡾟=cjkvi-variants+wikidata 𤂴:𤃪=cjkvi-variants+wikidata
戲	羲	4	6	4	㰕:𣟵=cjkvi-variants+wikidata 巇:𡾞=cjkvi-variants+wikidata 𢸤:𢹍=cjkvi-variants+wikidata 𧔠:𧕆=cjkvi-variants+wikidata
戶	盧	9	27	13	䡎:轤=cjkvi-variants+mj-shrink-map+wikidata 壚:𡉴=cjkvi-variants+wikidata 庐:廬=cjkvi-variants+mj-shrink-map+opencc+unihan+wikidata+yitizi 枦:櫨=cjkvi-variants+mj-shrink-map+wikidata 沪:瀘=cjkvi-variants 炉:爐=cjkvi-variants+hng-basic-data+mj-shrink-map+opencc+unihan+wikidata+yitizi 芦:蘆=cjkvi-variants+hng-basic-data+mj-shrink-map+opencc+unihan+wikidata+yitizi 馿:驢=cjkvi-variants+mj-shrink-map+unihan+wikidata+yitizi 魲:鱸=cjkvi-variants+mj-shrink-map+wikidata
户	盧	12	27	13	㿖:𬏞=wikidata 䡎:轤=cjkvi-variants+mj-shrink-map+wikidata 壚:𡉴=cjkvi-variants+wikidata 庐:廬=cjkvi-variants+mj-shrink-map+opencc+unihan+wikidata+yitizi 枦:櫨=cjkvi-variants+mj-shrink-map+wikidata 沪:瀘=cjkvi-variants 炉:爐=cjkvi-variants+hng-basic-data+mj-shrink-map+opencc+unihan+wikidata+yitizi 舮:艫=cjkvi-variants+mj-shrink-map+wikidata+yitizi 芦:蘆=cjkvi-variants+hng-basic-data+mj-shrink-map+opencc+unihan+wikidata+yitizi 鈩:鑪=cjkvi-variants+mj-shrink-map+wikidata 馿:驢=cjkvi-variants+mj-shrink-map+unihan+wikidata+yitizi 魲:鱸=cjkvi-variants+mj-shrink-map+wikidata
戸	盧	7	10	7	䋆:纑=cjkvi-variants+wikidata 䡎:轤=cjkvi-variants+mj-shrink-map+wikidata 枦:櫨=cjkvi-variants+mj-shrink-map+wikidata 沪:瀘=cjkvi-variants 炉:爐=cjkvi-variants+hng-basic-data+mj-shrink-map+opencc+unihan+wikidata+yitizi 舮:艫=cjkvi-variants+mj-shrink-map+wikidata+yitizi 鈩:鑪=cjkvi-variants+mj-shrink-map+wikidata
手	𰀁	2	11	4	㩮:攑=cjkvi-variants+wikidata 丮:𢩦=cjkvi-variants+mj-shrink-map+wikidata 擧:舉=cjkvi-variants+hng-basic-data+mj-shrink-map+opencc+unihan+wikidata+yitizi 櫸:欅=cjkvi-variants+wikidata
扌	⿱䶹䶹	2	2	2	㪿:折=cjkvi-variants+mj-shrink-map+wikidata 哲:𠺤=cjkvi-variants+mj-shrink-map+wikidata 狾:𤠥=cjkvi-variants+wikidata
扎	札	3	4	4	㳐:𣲞=cjkvi-variants+wikidata 紥:紮=cjkvi-variants+mj-shrink-map+unihan+wikidata+yitizi 蚻:𧉒=wikidata
择	擇	2	1	1	箨:籜=cjkvi-variants+opencc+unihan+wikidata+yitizi 萚:蘀=cjkvi-variants+opencc+unihan+wikidata+yitizi
挙	擧	2	1	1	欅:﨔=cjkvi-variants 襷:𧜎=cjkvi-variants+wikidata
掌	牚	4	7	4	撐:撑=cjkvi-variants+opencc+unihan+wikidata+yitizi 橕:𣛟=wikidata 罉:𦉘=wikidata 𩞦:𬲜=wikidata
擧	舉	2	1	1	㩮:攑=cjkvi-variants+wikidata 櫸:欅=cjkvi-variants+wikidata
支	攴	29	73	29	㩻:𢼨=cjkvi-variants+wikidata 㪬:𭣟=wikidata 䜴:豉=cjkvi-variants 䣫:𨠃=wikidata 伎:𠆸=cjkvi-variants+wikidata 吱:𭇅=wikidata 妓:𪥩=cjkvi-variants+wikidata 屐:𭕞=wikidata 岐:𡵨=wikidata 庋:𢇮=wikidata 技:𢪊=cjkvi-variants+wikidata 攲:敧=cjkvi-variants+wikidata 敊:𢻃=opencc 敮:𢻗=cjkvi-variants+wikidata 敲:𫾣=wikidata 斀:𢻧=cjkvi-variants+wikidata 枝:𣏽=cjkvi-variants+wikidata 跂:𰸅=wikidata 鈘:鈙=cjkvi-variants+wikidata 鼓:鼔=cjkvi-variants+unihan+wikidata+yitizi 𢻚:𢾪=cjkvi-variants+wikidata 𢻨:𩐅=wikidata 𢾊:𭣙=wikidata 𢿦:𭣝=wikidata 𢿧:𭣜=wikidata 𣧏:𭮂=wikidata 𨑤:𬨞=wikidata 𩉨:𩉲=cjkvi-variants 𪓍:𪓏=cjkvi-variants+wikidata
攴	攵	133	181	152	㢭:𢎿=cjkvi-variants 㪃:𢼔=cjkvi-variants+wikidata 㪆:𢼕=cjkvi-variants+wikidata 㪉:敆=cjkvi-variants+wikidata 㪊:𢽏=cjkvi-variants+wikidata 㪋:𢽎=cjkvi-variants+wikidata 㪐:𢽲=cjkvi-variants+wikidata 㪑:𢽱=cjkvi-variants+wikidata 㪗:敨=cjkvi-variants+wikidata 㪙:敤=cjkvi-variants+wikidata 㪛:𢾤=cjkvi-variants+wikidata 㪣:敲=cjkvi-variants+mj-shrink-map+wikidata 㪧:𢿴=cjkvi-variants+wikidata 㪨:敾=cjkvi-variants+wikidata 㳊:𣲏=cjkvi-variants+wikidata 㺳:玫=cjkvi-variants+mj-shrink-map+wikidata 䍩:𢼝=cjkvi-variants 䏿:𦜹=cjkvi-variants+wikidata 䚺:𬢟=wikidata 䵇:𪎘=cjkvi-variants 坆:𪢺=cjkvi-variants 孜:𰌡=wikidata 寇:𡨥=cjkvi-variants+wikidata+yitizi 攷:𰕃=wikidata 攸:𭣢=mj-shrink-map+wikidata 攺:𢻰=cjkvi-variants+wikidata 放:𰕆=wikidata 敀:𤽐=cjkvi-variants+wikidata 敂:𢼒=cjkvi-variants 敇:𭣯=wikidata 敊:𭣬=wikidata 敋:𢼛=cjkvi-variants+wikidata+yitizi 敌:𢼤=cjkvi-variants+wikidata 敍:敘=cjkvi-variants+hng-basic-data+mj-shrink-map+opencc+unihan+wikidata+yitizi 敕:𭣴=wikidata 敞:𰕋=wikidata 敠:敪=cjkvi-variants+unihan+wikidata+yitizi 敡:𫾻=cjkvi-variants+wikidata 散:𭣹=mj-shrink-map+wikidata 敥:𢽻=cjkvi-variants+wikidata 敦:𭣸=mj-shrink-map+wikidata 敧:𢽽=cjkvi-variants+wikidata 敩:𢽾=cjkvi-variants 敫:𭤁=mj-shrink-map+wikidata 敭:𢾙=cjkvi-variants 敯:𢾞=cjkvi-variants+wikidata 敱:敳=cjkvi-variants+opencc+wikidata+yitizi 整:𢿫=cjkvi-variants+mj-shrink-map+opencc+wikidata 數:𢿘=cjkvi-variants+mj-shrink-map+opencc+wikidata 敺:𢿛=cjkvi-variants+mj-shrink-map+wikidata+yitizi 敻:𢿌=wikidata 敽:敿=cjkvi-variants+opencc+wikidata+yitizi 斀:𣀈=cjkvi-variants+wikidata 斁:𣀇=cjkvi-variants+opencc+wikidata 斅:斆=cjkvi-variants+mj-shrink-map+opencc+unihan+yitizi 枚:𣏽=cjkvi-variants+mj-shrink-map+opencc+wikidata 滱:𣻎=cjkvi-variants+wikidata 漵:潊=cjkvi-variants+opencc+wikidata 炇:𤆝=cjkvi-variants+wikidata 牧:𤘴=cjkvi-variants+mj-shrink-map+opencc+wikidata 絛:𠍞=cjkvi-variants+mj-shrink-map+wikidata 肇:𦘟=cjkvi-variants+mj-shrink-map+opencc+wikidata 脩:𠋛=cjkvi-variants+mj-shrink-map+opencc+wikidata 莜:𦰞=cjkvi-variants 蓛:𦵪=cjkvi-variants+opencc+wikidata 蔲:蔻=cjkvi-variants+wikidata+yitizi 藑:𧁰=cjkvi-variants+opencc+wikidata 變:𣀵=cjkvi-variants+mj-shrink-map+opencc+wikidata 贁:𣀕=cjkvi-variants 軙:𨊴=cjkvi-variants 鈙:𫒋=cjkvi-variants+wikidata 鋚:𨦷=cjkvi-variants+wikidata 𠅨:𠅬=cjkvi-variants 𠆸:𰁦=wikidata 𠪚:𠪬=wikidata 𠷙:𠷾=cjkvi-variants+wikidata 𡙐:𥆗=cjkvi-variants+wikidata 𡛇:𪥩=cjkvi-variants 𡵨:𡵲=cjkvi-variants 𢝠:𢝽=cjkvi-variants 𢟭:𢠠=cjkvi-variants+wikidata 𢪊:𢪛=cjkvi-variants 𢻫:𢻱=cjkvi-variants+wikidata 𢻳:𪯈=cjkvi-variants 𢻵:𢼆=cjkvi-variants+wikidata 𢻸:𢼇=cjkvi-variants+wikidata 𢻼:𢼈=cjkvi-variants+wikidata 𢼂:𤕝=cjkvi-variants 𢼣:𫾪=wikidata 𢼦:𢼭=cjkvi-variants+wikidata 𢼨:𢼮=cjkvi-variants+wikidata 𢼩:𢼶=cjkvi-variants+wikidata 𢼫:𢼬=cjkvi-variants+wikidata 𢼯:𢼴=cjkvi-variants 𢼹:𢽊=cjkvi-variants+wikidata 𢼼:𢽐=cjkvi-variants+wikidata 𢼾:𢽋=cjkvi-variants+wikidata 𢽚:𢽴=cjkvi-variants+wikidata 𢽜:𢽷=cjkvi-variants+wikidata 𢽞:𪯎=cjkvi-variants 𢽢:𢽵=cjkvi-variants+wikidata 𢽣:𢽶=cjkvi-variants+wikidata 𢽨:𪯏=cjkvi-variants+wikidata 𢽪:𢽰=cjkvi-variants 𢽫:𢾣=cjkvi-variants+wikidata 𢾁:𢾝=cjkvi-variants+wikidata 𢾅:𢾖=cjkvi-variants+wikidata 𢾊:𢾛=cjkvi-variants+wikidata 𢾍:𢾕=cjkvi-variants 𢾎:𢾜=cjkvi-variants+wikidata 𢾑:𢾚=cjkvi-variants+wikidata 𢾲:𢾼=cjkvi-variants+wikidata 𢾺:𢾻=cjkvi-variants+wikidata 𢿍:𣁛=cjkvi-variants 𢿏:𢿖=cjkvi-variants+wikidata 𢿕:𢿜=cjkvi-variants+wikidata 𢿢:𢿳=cjkvi-variants+wikidata 𢿣:𢿲=cjkvi-variants+wikidata 𢿦:𢿽=cjkvi-variants+wikidata 𢿧:𢿵=cjkvi-variants+wikidata 𢿨:𢿱=cjkvi-variants 𢿾:𣀉=cjkvi-variants+wikidata 𣀃:𣀊=cjkvi-variants+wikidata 𣀓:𣀘=cjkvi-variants+wikidata 𣀛:𣀠=cjkvi-variants 𣀜:𣀡=cjkvi-variants+wikidata 𣀤:𣀩=cjkvi-variants 𣀧:𩀼=cjkvi-variants+wikidata 𣀮:𭤑=yitizi 𣀶:𣀹=cjkvi-variants+wikidata 𣀸:𣀺=cjkvi-variants 𣀻:𣀼=cjkvi-variants+wikidata 𣧏:𭣤=wikidata 𤯛:𪯉=cjkvi-variants 𥃊:𥃎=cjkvi-variants 𥉈:𥊕=cjkvi-variants+wikidata 𥲖:𫂜=cjkvi-variants 𦔼:𫾬=wikidata 𨈙:𨈡=cjkvi-variants 𩉩:𩉲=cjkvi-variants 𪌏:𪌑=cjkvi-variants 𫣇:𫣈=wikidata
攵	文	16	59	20	䖍:虔=cjkvi-variants+unihan+wikidata+yitizi 坆:坟=yitizi 孜:𪦹=wikidata 抆:𢪛=cjkvi-variants+wikidata 攸:𠇥=wikidata 政:𫿮=wikidata 敃:𭤙=wikidata 敗:𰶹=wikidata 敘:𣁏=cjkvi-variants+wikidata 斐:𭣻=mj-shrink-map+wikidata 斑:𭹞=wikidata 旼:𪰋=wikidata 榩:𣖳=wikidata 玟:玫=cjkvi-variants+unihan+wikidata+yitizi 紋:𮈄=mj-shrink-map+wikidata 鰬:𩺇=cjkvi-variants+wikidata 𢾋:𣁗=cjkvi-variants+wikidata 𣁛:𣁟=wikidata 𥔮:𮀸=wikidata
攸	條	6	9	6	䱔:鰷=cjkvi-variants+wikidata 悠:𭞝=wikidata 筱:篠=cjkvi-variants+mj-shrink-map+opencc+unihan+wikidata+yitizi 莜:蓧=cjkvi-variants+unihan+wikidata+yitizi 鋚:鎥=cjkvi-variants+wikidata 𠤼:𠥑=cjkvi-variants+wikidata
攸	𭣢	2	1	1	莜:𦰞=cjkvi-variants 鋚:𨦷=cjkvi-variants+wikidata
敄	⿰牙攵	3	4	3	婺:𭒀=wikidata 愗:𫺗=wikidata 瞀:𭾹=wikidata
敄	矛	4	13	4	䖥:蝥=mj-shrink-map 嵍:𬑭=wikidata 雺:霚=cjkvi-variants 髳:𩭾=cjkvi-variants+wikidata
敇	敕	3	5	4	䔩:蓛=cjkvi-variants+wikidata 整:𢿋=cjkvi-variants+wikidata 𢲆:𢳯=wikidata
敉	敝	3	6	3	幣:𢄞=cjkvi-variants+wikidata 瞥:𰥼=wikidata 蔽:𦷥=wikidata
敕	欶	9	19	9	䔩:蔌=cjkvi-variants+wikidata 嗽:𠻳=cjkvi-variants+mj-shrink-map+wikidata 嫩:嫰=cjkvi-variants+mj-shrink-map+unihan+wikidata 樕:𣙙=cjkvi-variants+wikidata 漱:潄=cjkvi-variants+mj-shrink-map+wikidata+yitizi 簌:𫂙=wikidata 鏉:𨫾=cjkvi-variants+wikidata 𦌉:𦌊=cjkvi-variants 𩮶:𩮸=cjkvi-variants+wikidata
敕	𠡠	2	2	1	整:𠢫=cjkvi-variants+wikidata 遫:𨔤=cjkvi-variants+wikidata
敖	𢾕	14	17	15	䦋:𨲶=cjkvi-variants+wikidata 䵅:𪍾=cjkvi-variants 厫:𠪭=cjkvi-variants 摮:𢶗=cjkvi-variants+wikidata 滶:𣿗=cjkvi-variants+wikidata 熬:𤏺=cjkvi-variants+mj-shrink-map+wikidata 獒:𤢝=cjkvi-variants+mj-shrink-map+wikidata 聱:𦗷=cjkvi-variants+wikidata 蔜:𦽠=cjkvi-variants+wikidata 贅:𧸟=cjkvi-variants+wikidata 遨:𨗯=cjkvi-variants+mj-shrink-map+wikidata 鰲:𩼡=cjkvi-variants+mj-shrink-map+wikidata 鼇:𪓾=cjkvi-variants+mj-shrink-map+wikidata 𦪈:𦪰=cjkvi-variants+wikidata
敛	斂	3	4	4	潋:瀲=cjkvi-variants+opencc+unihan+wikidata+yitizi 蔹:蘞=cjkvi-variants+opencc+unihan+wikidata+yitizi 𤒦:𬋃=cjkvi-variants+unihan+wikidata
敢	𣪏	4	7	7	㺖:𤡘=cjkvi-variants+wikidata 䉷:𥸂=cjkvi-variants+wikidata 嚴:𡃫=cjkvi-variants+mj-shrink-map+opencc+wikidata 譀:𧫫=cjkvi-variants+opencc+wikidata 闞:𨶞=cjkvi-variants+mj-shrink-map+opencc+wikidata 𠪘:𠪚=cjkvi-variants+wikidata
散	𢿨	3	4	4	䨷:霰=cjkvi-variants+mj-shrink-map+wikidata 饊:𩟴=cjkvi-variants+wikidata 𧽾:𧾬=cjkvi-variants+wikidata
散	𢿱	2	1	1	繖:𦇕=cjkvi-variants+mj-shrink-map+wikidata 𢊰:𢋮=cjkvi-variants+wikidata
敦	𣀦	2	2	1	暾:𣌘=cjkvi-variants+mj-shrink-map+wikidata 鐓:𨰮=cjkvi-variants+mj-shrink-map+wikidata
敫	𨈡	4	8	4	激:𰜹=wikidata 竅:𥨂=wikidata 邀:𨖟=cjkvi-variants+wikidata 𩅓:𩅢=cjkvi-variants
数	數	6	8	7	䉤:籔=cjkvi-variants+opencc+unihan+wikidata+yitizi 擞:擻=cjkvi-variants+opencc+unihan+wikidata+yitizi 櫢:𰘸=unihan+wikidata 薮:藪=cjkvi-variants+hng-basic-data+mj-shrink-map+opencc+unihan+wikidata+yitizi 𠐍:𫣫=cjkvi-variants+unihan+wikidata 𡂡:𪢒=cjkvi-variants+opencc+unihan+wikidata
斂	歛	3	8	4	㶑:瀲=cjkvi-variants+wikidata 蘝:蘞=cjkvi-variants+wikidata+yitizi 𢋻:𢌃=cjkvi-variants+wikidata
文	{26}	3	22	14	㑪:儕=cjkvi-variants+wikidata 㨈:擠=cjkvi-variants+wikidata 剤:劑=cjkvi-variants+mj-shrink-map+opencc+unihan+wikidata+yitizi 懠:𭝚=wikidata 済:濟=cjkvi-variants+hng-basic-data+mj-shrink-map+opencc+unihan+wikidata+yitizi 緕:纃=cjkvi-variants+mj-shrink-map+wikidata 臍:𦜝=cjkvi-variants+mj-shrink-map+wikidata 萕:薺=cjkvi-variants+mj-shrink-map+wikidata+yitizi 躋:𨂋=cjkvi-variants+wikidata 鑇:𮢕=wikidata 隮:𫕅=cjkvi-variants+wikidata 霽:𬰁=cjkvi-variants+wikidata
文	⿱⿰{58}刀金	4	8	7	䬟:𩗌=cjkvi-variants+wikidata 刘:劉=cjkvi-variants+mj-shrink-map+opencc+unihan+wikidata+yitizi 嚠:𭇯=unihan+wikidata 懰:𰑙=unihan+wikidata 藰:𰰹=unihan+wikidata 𪝵:𰂁=unihan+wikidata
文	⿱业𦍌	6	12	8	㦠:𢙪=cjkvi-variants 対:對=cjkvi-variants+hng-basic-data+mj-shrink-map+opencc+unihan+wikidata+yitizi 懟:𪫼=cjkvi-variants 濧:𪶊=cjkvi-variants 𢬭:𢷮=cjkvi-variants 𦆹:𬗔=wikidata 𨒻:𨘗=cjkvi-variants 𩛜:𩟡=cjkvi-variants
文	⿳⿱⿻⿰丨丨丷一䒑土	6	12	8	㦠:𢙪=cjkvi-variants 対:對=cjkvi-variants+hng-basic-data+mj-shrink-map+opencc+unihan+wikidata+yitizi 懟:𪫼=cjkvi-variants 濧:𪶊=cjkvi-variants 𢬭:𢷮=cjkvi-variants 𦆹:𬗔=wikidata 𨒻:𨘗=cjkvi-variants 𩛜:𩟡=cjkvi-variants
文	⿳⿱⿻⿰丨丨丷一丷王	6	12	8	㦠:𢙪=cjkvi-variants 対:對=cjkvi-variants+hng-basic-data+mj-shrink-map+opencc+unihan+wikidata+yitizi 懟:𪫼=cjkvi-variants 濧:𪶊=cjkvi-variants 𢬭:𢷮=cjkvi-variants 𦆹:𬗔=wikidata 𨒻:𨘗=cjkvi-variants 𩛜:𩟡=cjkvi-variants
文	𦥯	2	15	5	學:斈=cjkvi-variants+hng-basic-data+mj-shrink-map+unihan+wikidata+yitizi 攪:𰔤=wikidata 斍:覺=cjkvi-variants+mj-shrink-map+unihan+wikidata+yitizi 𢚙:𢤾=cjkvi-variants 𨯰:𫒤=cjkvi-variants
文	𨥫	4	9	7	䬟:𩗌=cjkvi-variants+wikidata 嚠:𭇯=unihan+wikidata 懰:𰑙=unihan+wikidata 藰:𰰹=unihan+wikidata 𪝵:𰂁=unihan+wikidata
斉	齊	12	14	13	㑪:儕=cjkvi-variants+wikidata 㨈:擠=cjkvi-variants+wikidata 剤:劑=cjkvi-variants+mj-shrink-map+opencc+unihan+wikidata+yitizi 懠:𭝚=wikidata 済:濟=cjkvi-variants+hng-basic-data+mj-shrink-map+opencc+unihan+wikidata+yitizi 緕:纃=cjkvi-variants+mj-shrink-map+wikidata 臍:𦜝=cjkvi-variants+mj-shrink-map+wikidata 萕:薺=cjkvi-variants+mj-shrink-map+wikidata+yitizi 躋:𨂋=cjkvi-variants+wikidata 鑇:𮢕=wikidata 隮:𫕅=cjkvi-variants+wikidata 霽:𬰁=cjkvi-variants+wikidata
斊	齊	7	9	8	䶩:𪙘=cjkvi-variants+wikidata 嚌:𠻎=cjkvi-variants+wikidata 濟:𰜮=wikidata 穧:𥡒=wikidata 臍:𰯉=wikidata 隮:𨻕=cjkvi-variants+wikidata 𥕁:𥖭=cjkvi-variants
斗	𣂑	2	1	1	枓:𣏸=cjkvi-variants+wikidata 魁:𩲔=cjkvi-variants+mj-shrink-map+wikidata
斥	𠩋	3	4	4	䞣:𧼞=cjkvi-variants 柝:𣓣=cjkvi-variants+wikidata 泝:𣶮=cjkvi-variants
斥	𢇛	3	7	4	䞣:𧻧=cjkvi-variants 柝:𣐼=cjkvi-variants+wikidata 泝:𣴔=cjkvi-variants+mj-shrink-map+wikidata
斥	𰏴	2	1	1	坼:𡍔=cjkvi-variants+mj-shrink-map+wikidata 訴:𧩔=cjkvi-variants+wikidata
斩	斬	21	27	27	㜞:𰌆=unihan+wikidata 㨻:𪮃=cjkvi-variants+opencc+unihan+wikidata 䁪:𥇢=cjkvi-variants+opencc+unihan+wikidata+yitizi 䭕:𬲕=cjkvi-variants+unihan+wikidata 堑:塹=cjkvi-variants+opencc+unihan+wikidata+yitizi 壍:𰊢=unihan+wikidata 崭:嶄=cjkvi-variants+opencc+unihan+wikidata+yitizi 惭:慚=cjkvi-variants+opencc+unihan+wikidata+yitizi 慙:𰑧=unihan+wikidata 摲:𰓼=unihan+wikidata 暂:暫=cjkvi-variants+opencc+unihan+wikidata+yitizi 椠:槧=cjkvi-variants+opencc+unihan+wikidata+yitizi 渐:漸=cjkvi-variants+opencc+unihan+wikidata+yitizi 獑:𰡔=unihan+wikidata 聻:𫆏=cjkvi-variants+opencc+unihan+wikidata 蔪:𰱑=unihan+wikidata 螹:𰳂=unihan+wikidata 蹔:𫏐=cjkvi-variants+opencc+unihan+wikidata 錾:鏨=cjkvi-variants+opencc+unihan+wikidata+yitizi 𠼗:𫪚=cjkvi-variants+unihan+wikidata 𤍖:𬊗=cjkvi-variants+unihan+wikidata 𦾶:𬞋=cjkvi-variants+unihan+wikidata 𧽯:𫎸=cjkvi-variants+opencc+unihan+wikidata 𩉍:𬰣=cjkvi-variants+unihan+wikidata 𩟗:𫗚=cjkvi-variants+opencc+unihan+wikidata 𬆂:𬆉=cjkvi-variants+unihan+wikidata
斬	漸	7	12	7	㜞:嬱=cjkvi-variants+wikidata 䭕:𩟗=cjkvi-variants+wikidata 塹:壍=cjkvi-variants+mj-shrink-map+unihan+wikidata+yitizi 嶄:𡽻=cjkvi-variants+wikidata 聻:𦗚=cjkvi-variants+wikidata 蔪:𦾶=cjkvi-variants+wikidata 魙:𩴕=cjkvi-variants+wikidata
断	斷	2	1	1	簖:籪=cjkvi-variants+opencc+unihan+wikidata+yitizi 𨇰:𫏞=cjkvi-variants+opencc+unihan+wikidata
斲	斵	2	1	1	𤂊:𤃮=cjkvi-variants+wikidata 𨷖:𨷵=cjkvi-variants
斲	豆	2	5	2	鬭:𩰒=cjkvi-variants+mj-shrink-map 𡂛:𡆏=cjkvi-variants+wikidata 𨷖:𫔡=cjkvi-variants
旋	𭻾	8	13	9	㯀:𣒀=cjkvi-variants+wikidata 㳬:漩=cjkvi-variants+wikidata 琁:璇=cjkvi-variants+wikidata 縼:𦀢=cjkvi-variants+wikidata 蜁:𧐗=cjkvi-variants 颴:𩘶=cjkvi-variants 𢭀:𢳄=cjkvi-variants+wikidata 𣎓:𦛔=cjkvi-variants+wikidata
旑	旖	2	1	1	䫯:𩕲=cjkvi-variants+wikidata 檹:𣚂=cjkvi-variants+wikidata
无	無	16	18	17	㷻:𭴊=unihan+wikidata 䉑:𫁲=cjkvi-variants+opencc+unihan+wikidata 呒:嘸=cjkvi-variants+opencc+unihan+wikidata+yitizi 墲:𪢸=cjkvi-variants+opencc+wikidata 妩:嫵=cjkvi-variants+opencc+unihan+wikidata+yitizi 幠:𭘓=unihan+wikidata 庑:廡=cjkvi-variants+opencc+unihan+wikidata+yitizi 怃:憮=cjkvi-variants+opencc+unihan+wikidata+yitizi 抚:撫=cjkvi-variants+mj-shrink-map+opencc+unihan+wikidata+yitizi 橅:𬂠=cjkvi-variants+unihan+wikidata 潕:𣲘=cjkvi-variants+opencc+unihan+wikidata 甒:𰢢=unihan+wikidata 膴:𰮇=unihan+wikidata 芜:蕪=cjkvi-variants+opencc+unihan+wikidata+yitizi 蟱:𰲫=unihan+wikidata 鄦:𰻡=unihan+wikidata
旡	既	4	6	4	塈:𡉙=cjkvi-variants+wikidata 摡:𢪑=cjkvi-variants+wikidata 溉:𣲪=wikidata 穊:𥝪=cjkvi-variants+wikidata
既	旣	4	7	7	塈:墍=cjkvi-variants+wikidata+yitizi 暨:曁=cjkvi-variants+mj-shrink-map+opencc+wikidata+yitizi 概:槪=cjkvi-variants+hng-basic-data+mj-shrink-map+opencc+unihan+wikidata+yitizi 溉:漑=cjkvi-variants+mj-shrink-map+wikidata+yitizi
日	⿴囗丷	2	30	26	㖦:𠷬=cjkvi-variants 㨂:揀=cjkvi-variants+mj-shrink-map+wikidata 䦨:闌=cjkvi-variants+mj-shrink-map+wikidata 倲:𠋖=cjkvi-variants 埬:堜=cjkvi-variants+wikidata 娻:媡=cjkvi-variants 徚:𢔅=cjkvi-variants+wikidata 暕:𰖍=wikidata 朄:𣌾=cjkvi-variants+wikidata 東:柬=cjkvi-variants+wikidata 棟:楝=cjkvi-variants+wikidata 氭:𣱨=cjkvi-variants 涷:湅=cjkvi-variants+wikidata 熏:𤋱=cjkvi-variants+mj-shrink-map+wikidata 瑓:𤦪=cjkvi-variants 菄:萰=cjkvi-variants 薫:薰=cjkvi-variants+mj-shrink-map+opencc+unihan+wikidata+yitizi 蝀:𧍴=cjkvi-variants+mj-shrink-map 諌:諫=cjkvi-variants+hng-basic-data+wikidata+yitizi 錬:鍊=cjkvi-variants+hng-basic-data+mj-shrink-map+opencc+unihan+wikidata 鯟:鰊=cjkvi-variants 鶇:鶫=cjkvi-variants 𤗗:𤗛=cjkvi-variants+wikidata 𧡍:𧡴=cjkvi-variants 𧹩:𧹯=cjkvi-variants
日	臼	21	145	54	㘿:𡍤=cjkvi-variants+wikidata 㬰:臾=cjkvi-variants+mj-shrink-map+wikidata 㳫:沓=cjkvi-variants+wikidata 䁆:𥉱=cjkvi-variants+wikidata 䄝:𬓉=wikidata 䜈:𧭄=cjkvi-variants+wikidata 䮞:𩥫=cjkvi-variants+wikidata 䰠:𩳱=cjkvi-variants+mj-shrink-map+wikidata 䶾:𣢧=unihan+wikidata 剿:𠟾=cjkvi-variants+wikidata 勦:𠢶=cjkvi-variants+mj-shrink-map+opencc+wikidata 圼:𱼭=wikidata 奄:𡘹=cjkvi-variants+mj-shrink-map+opencc+wikidata 惷:憃=cjkvi-variants+wikidata+yitizi 挿:揷=cjkvi-variants+mj-shrink-map+unihan 捜:搜=cjkvi-variants+hng-basic-data+mj-shrink-map+opencc+unihan+wikidata+yitizi 斔:螤=cjkvi-variants+wikidata 昌:𣆫=cjkvi-variants+mj-shrink-map+wikidata 淹:𣼜=cjkvi-variants+mj-shrink-map+opencc+wikidata 湷:𣻛=cjkvi-variants+wikidata 申:𦥔=cjkvi-variants+mj-shrink-map+wikidata 痩:瘦=cjkvi-variants+hng-basic-data+mj-shrink-map+opencc+unihan+wikidata+yitizi 神:𥚞=cjkvi-variants+mj-shrink-map+wikidata 紳:𦁴=cjkvi-variants+mj-shrink-map+opencc+wikidata 腌:𦟩=cjkvi-variants+opencc+wikidata 腴:𦚤=cjkvi-variants+mj-shrink-map+wikidata 薻:𧃡=cjkvi-variants 轈:𨏋=cjkvi-variants+opencc+wikidata 陳:𨻰=cjkvi-variants+mj-shrink-map+wikidata 𠞰:𠟿=cjkvi-variants 𢆍:𦥛=cjkvi-variants 𣉅:𦦅=wikidata 𣋁:𦦣=wikidata 𣒋:𣕕=cjkvi-variants 𤤺:𤦥=cjkvi-variants+wikidata 𤺁:𤻯=cjkvi-variants 𥑷:𥔢=cjkvi-variants 𥠔:𥡟=wikidata 𥥗:𥦣=cjkvi-variants+wikidata 𦀤:𦦆=cjkvi-variants 𦄇:𬘀=wikidata 𦒂:𦒟=wikidata 𦛠:𦞆=cjkvi-variants+wikidata 𦯖:𦵐=cjkvi-variants+wikidata 𧊋:𧌫=cjkvi-variants 𧊠:𧍳=cjkvi-variants+wikidata 𪀙:𪃪=cjkvi-variants
日	𦥑	8	71	33	㬰:臾=cjkvi-variants+mj-shrink-map+wikidata 㳫:沓=cjkvi-variants+wikidata 䁆:𥉱=cjkvi-variants+wikidata 䜈:𧭄=cjkvi-variants+wikidata 䰠:𩳱=cjkvi-variants+mj-shrink-map+wikidata 䶾:𣢧=unihan+wikidata 剿:𠟾=cjkvi-variants+wikidata 勦:𠢶=cjkvi-variants+mj-shrink-map+opencc+wikidata 奄:𡘹=cjkvi-variants+mj-shrink-map+opencc+wikidata 挿:揷=cjkvi-variants+mj-shrink-map+unihan 捜:搜=cjkvi-variants+hng-basic-data+mj-shrink-map+opencc+unihan+wikidata+yitizi 斔:螤=cjkvi-variants+wikidata 曳:𦥙=cjkvi-variants+mj-shrink-map+opencc+wikidata 淹:𣼜=cjkvi-variants+mj-shrink-map+opencc+wikidata 申:𦥔=cjkvi-variants+mj-shrink-map+wikidata 痩:瘦=cjkvi-variants+hng-basic-data+mj-shrink-map+opencc+unihan+wikidata+yitizi 神:𥚞=cjkvi-variants+mj-shrink-map+wikidata 紳:𦁴=cjkvi-variants+mj-shrink-map+opencc+wikidata 腌:𦟩=cjkvi-variants+opencc+wikidata 腴:𦚤=cjkvi-variants+mj-shrink-map+wikidata 薻:𧃡=cjkvi-variants 轈:𨏋=cjkvi-variants+opencc+wikidata 陳:𨻰=cjkvi-variants+mj-shrink-map+wikidata 𠀻:𠒞=cjkvi-variants 𠞰:𠟿=cjkvi-variants 𢆍:𦥛=cjkvi-variants 𥑷:𥔢=cjkvi-variants 𧊋:𧌫=cjkvi-variants 𧊠:𧍳=cjkvi-variants+wikidata 𪀙:𪃪=cjkvi-variants
旧	臼	11	40	24	㫪:舂=cjkvi-variants+mj-shrink-map+wikidata 㴞:滔=cjkvi-variants+mj-shrink-map+wikidata 㷔:熖=cjkvi-variants 児:兒=cjkvi-variants+hng-basic-data+mj-shrink-map+opencc+unihan+wikidata+yitizi 毀:𭮳=mj-shrink-map+wikidata 焔:焰=cjkvi-variants+hng-basic-data+mj-shrink-map+opencc+wikidata+yitizi 猊:𭸍=wikidata 睨:𥆩=cjkvi-variants+wikidata 稲:稻=cjkvi-variants+hng-basic-data+mj-shrink-map+opencc+unihan+wikidata+yitizi 舄:𭴷=wikidata 舅:𠢎=cjkvi-variants+mj-shrink-map+wikidata 舊:𦾔=cjkvi-variants+mj-shrink-map+wikidata 謟:𮘦=mj-shrink-map+wikidata 蹈:𨂻=cjkvi-variants+wikidata 陥:陷=cjkvi-variants+hng-basic-data+mj-shrink-map+opencc+unihan+wikidata+yitizi 韜:𮧲=wikidata 𥈺:𥉰=wikidata 𦢨:𰯤=wikidata 𦭻:𫇰=wikidata 𧀜:𬞨=wikidata 𩓟:𮨌=wikidata 𪉦:𱊹=wikidata
旧	舊	2	1	1	嚿:𫩥=cjkvi-variants+unihan+wikidata 欍:𣐤=cjkvi-variants+opencc+unihan+wikidata+yitizi
旨	𣅀	4	6	5	㚛:𡘐=wikidata 嘗:𡮢=cjkvi-variants+wikidata 指:𢫾=cjkvi-variants+mj-shrink-map+wikidata 𨌁:𰹑=wikidata
早	⿻甲一	2	5	4	單:𭈼=wikidata 曋:𣊢=wikidata 醰:𨣌=cjkvi-variants+wikidata
旬	荀	4	10	4	姰:𡟱=cjkvi-variants+wikidata 恂:𫺰=wikidata 絢:𦃜=cjkvi-variants+mj-shrink-map+wikidata 𦚧:𰯅=wikidata
旬	𠣬	4	8	4	侚:𠋹=cjkvi-variants+mj-shrink-map+wikidata 筍:𥰴=cjkvi-variants+mj-shrink-map+wikidata 詢:𧪱=cjkvi-variants+mj-shrink-map+wikidata 郇:𨝁=cjkvi-variants+mj-shrink-map+wikidata
时	時	7	11	8	埘:塒=cjkvi-variants+opencc+unihan+wikidata+yitizi 榯:𰗨=unihan+wikidata 溡:𪶄=cjkvi-variants+opencc+unihan+wikidata 莳:蒔=cjkvi-variants+opencc+unihan+wikidata+yitizi 𠺮:𫪅=cjkvi-variants+unihan+wikidata 𥻵:𬖞=cjkvi-variants+unihan+wikidata 𬌠:𬌦=cjkvi-variants+unihan+wikidata
旻	民	3	9	3	岷:𡹋=cjkvi-variants+mj-shrink-map+wikidata 珉:琝=cjkvi-variants+mj-shrink-map+wikidata 閺:𨳶=cjkvi-variants+wikidata
昆	晜	2	2	1	菎:𦸫=cjkvi-variants+mj-shrink-map+wikidata 鯤:𩻋=cjkvi-variants+mj-shrink-map+wikidata
昆	𥊽	2	1	1	菎:𧃣=cjkvi-variants+mj-shrink-map+wikidata 鯤:𩽞=cjkvi-variants+mj-shrink-map+wikidata
昍	明	3	5	3	晶:𣇵=wikidata 焸:焽=wikidata 盟:𰤼=wikidata
明	朙	3	4	4	䳟:𪆌=cjkvi-variants+wikidata 盟:𥂗=cjkvi-variants+mj-shrink-map+wikidata 萌:𦹩=cjkvi-variants+mj-shrink-map+opencc+wikidata
昏	昬	18	28	19	㛰:婚=cjkvi-variants+mj-shrink-map+wikidata 㨉:捪=cjkvi-variants+wikidata 㬆:𣇲=cjkvi-variants 㱪:殙=cjkvi-variants+wikidata 䁕:睧=cjkvi-variants 䃉:碈=cjkvi-variants 䫒:𩔉=cjkvi-variants+wikidata 惛:惽=cjkvi-variants+mj-shrink-map+unihan+wikidata+yitizi 涽:湣=cjkvi-variants 痻:𤸅=cjkvi-variants+wikidata 緍:緡=cjkvi-variants+mj-shrink-map+wikidata 錉:鍲=cjkvi-variants+wikidata 閽:𨵽=cjkvi-variants+wikidata 𠉣:𠊽=cjkvi-variants+wikidata 𢽹:𢾞=cjkvi-variants 𣣏:𣣤=cjkvi-variants+wikidata 𨌲:𨍌=cjkvi-variants+wikidata 𪂆:𪃯=cjkvi-variants+wikidata
昏	民	11	37	12	㟩:𡼐=cjkvi-variants 䡑:𨌲=cjkvi-variants 䪸:䫒=cjkvi-variants+wikidata 岷:崏=cjkvi-variants+mj-shrink-map+wikidata 怋:惛=cjkvi-variants+wikidata 抿:捪=cjkvi-variants+wikidata 敃:𢽹=cjkvi-variants+wikidata 殙:𣧟=cjkvi-variants+wikidata 珉:琘=cjkvi-variants+mj-shrink-map 痻:𤵤=cjkvi-variants+wikidata 鈱:錉=cjkvi-variants+wikidata 鴖:𪂆=cjkvi-variants+wikidata
易	昜	14	48	15	㻛:瑒=wikidata 剔:𭃶=wikidata 埸:場=mj-shrink-map 暢:𣈱=mj-shrink-map+wikidata 痬:瘍=cjkvi-variants+wikidata 碭:𥓘=wikidata 腸:𮌝=wikidata 蜴:蝪=cjkvi-variants+wikidata 賜:𧶽=cjkvi-variants+mj-shrink-map+wikidata 踢:踼=cjkvi-variants+wikidata 錫:鍚=cjkvi-variants+mj-shrink-map+wikidata 陽:𬯆=cjkvi-variants+wikidata 颺:𩗺=wikidata 餳:𩛿=cjkvi-variants+mj-shrink-map+wikidata
昔	⿱龷⺝	4	6	4	㪚:散=cjkvi-variants+mj-shrink-map+wikidata 撒:𪮫=cjkvi-variants+wikidata 皵:𭽬=wikidata 𦠐:𮌼=wikidata
昔	⿱龷⺼	3	3	3	㪚:散=cjkvi-variants+mj-shrink-map+wikidata 撒:𪮫=cjkvi-variants+wikidata 𦠐:𮌼=wikidata
昔	⿳卄一⺝	4	6	4	㪚:散=cjkvi-variants+mj-shrink-map+wikidata 撒:𪮫=cjkvi-variants+wikidata 皵:𭽬=wikidata 𦠐:𮌼=wikidata
昔	⿳卄一⺼	3	3	3	㪚:散=cjkvi-variants+mj-shrink-map+wikidata 撒:𪮫=cjkvi-variants+wikidata 𦠐:𮌼=wikidata
昜	𠃓	27	42	39	䑗:𬛹=cjkvi-variants+unihan+wikidata 䵘:𬓸=cjkvi-variants+unihan+wikidata 偒:𱎟=wikidata 场:場=cjkvi-variants+opencc+unihan+wikidata+yitizi 婸:𰋸=unihan+wikidata 崵:𫵵=cjkvi-variants+unihan+wikidata 愓:𰐿=wikidata 慯:𫹽=cjkvi-variants+unihan+wikidata 扬:揚=cjkvi-variants+opencc+unihan+wikidata+yitizi 摥:𫼟=cjkvi-variants+wikidata 旸:暘=cjkvi-variants+opencc+unihan+wikidata+yitizi 暢:畅=cjkvi-variants+opencc+unihan+wikidata+yitizi 杨:楊=cjkvi-variants+opencc+unihan+wikidata+yitizi 殇:殤=cjkvi-variants+opencc+unihan+wikidata+yitizi 汤:湯=cjkvi-variants+opencc+unihan+wikidata+yitizi 炀:煬=cjkvi-variants+opencc+unihan+wikidata+yitizi 烫:燙=cjkvi-variants+opencc+unihan+wikidata+yitizi 玚:瑒=cjkvi-variants+opencc+unihan+wikidata+yitizi 璗:𬍡=cjkvi-variants+opencc+unihan+wikidata 畼:𪽈=cjkvi-variants+opencc+wikidata 疡:瘍=cjkvi-variants+opencc+unihan+wikidata+yitizi 砀:碭=cjkvi-variants+opencc+unihan+wikidata+yitizi 禓:𰧰=unihan+wikidata 簜:𰩹=unihan+wikidata 肠:腸=cjkvi-variants+opencc+unihan+wikidata+yitizi 荡:蕩=cjkvi-variants+opencc+unihan+wikidata+yitizi 觞:觴=cjkvi-variants+opencc+unihan+wikidata+yitizi 踼:𰸄=wikidata 逿:𰺲=unihan+wikidata 鬺:𱆌=unihan+wikidata 𡑑:𮰠=unihan+wikidata 𤾉:𰤓=unihan+wikidata 𥂸:𬐠=cjkvi-variants+unihan+wikidata 𦳝:𰰢=unihan+wikidata 𧼮:𬦅=cjkvi-variants+unihan+wikidata 𩋬:𱁱=unihan+wikidata 𪳷:𬂱=cjkvi-variants+unihan+wikidata 𭃶:𰄝=wikidata
昜	𬀷	8	17	8	場:塲=cjkvi-variants+hng-basic-data+mj-shrink-map+unihan+wikidata+yitizi 湯:漡=cjkvi-variants+mj-shrink-map+wikidata 畼:𤳈=yitizi 禓:𥛙=cjkvi-variants+wikidata 腸:膓=cjkvi-variants+mj-shrink-map+unihan+wikidata+yitizi 薚:𧀫=cjkvi-variants+wikidata 踼:𨄆=cjkvi-variants+wikidata 𥏫:𥏻=cjkvi-variants+wikidata
春	萅	5	6	6	偆:𠎲=cjkvi-variants+mj-shrink-map+opencc+wikidata 惷:𢡳=cjkvi-variants+mj-shrink-map+opencc+wikidata 蠢:𧅪=cjkvi-variants+mj-shrink-map+opencc+wikidata 踳:𨅱=cjkvi-variants+wikidata 鬊:𩯐=cjkvi-variants+opencc+wikidata
昬	民	11	25	11	㟭:岷=cjkvi-variants+mj-shrink-map+wikidata 㨉:抿=cjkvi-variants+unihan+yitizi 䂥:䃉=yitizi 䋋:緡=cjkvi-variants+wikidata 䪸:𩔉=cjkvi-variants+wikidata 敃:𢾞=cjkvi-variants+wikidata 珉:瑉=cjkvi-variants+mj-shrink-map 苠:𦳜=cjkvi-variants+wikidata 蟁:𧓹=cjkvi-variants+mj-shrink-map 鈱:鍲=cjkvi-variants 𤵤:𤸅=cjkvi-variants
是	昰	3	6	4	遈:𨕒=cjkvi-variants+wikidata 隄:𱀣=wikidata 𧡨:𧡰=cjkvi-variants+wikidata
昷	𥁕	14	17	17	媪:媼=cjkvi-variants+mj-shrink-map+opencc+unihan+wikidata+yitizi 愠:慍=cjkvi-variants+hng-basic-data+mj-shrink-map+opencc+unihan+wikidata+yitizi 揾:搵=cjkvi-variants+opencc+unihan+wikidata+yitizi 榅:榲=cjkvi-variants+mj-shrink-map+opencc+unihan+wikidata+yitizi 氲:氳=cjkvi-variants+mj-shrink-map+opencc+unihan+wikidata+yitizi 温:溫=cjkvi-variants+mj-shrink-map+opencc+unihan+wikidata+yitizi 煴:熅=cjkvi-variants+mj-shrink-map+opencc+unihan+wikidata+yitizi 緼:縕=cjkvi-variants+mj-shrink-map+opencc+wikidata+yitizi 腽:膃=cjkvi-variants+mj-shrink-map+opencc+unihan+wikidata+yitizi 蒀:蒕=cjkvi-variants+opencc+wikidata 蕰:薀=cjkvi-variants+hng-basic-data+mj-shrink-map+opencc+unihan+wikidata+yitizi 藴:蘊=cjkvi-variants+mj-shrink-map+opencc+wikidata+yitizi 輼:轀=cjkvi-variants+mj-shrink-map+opencc+wikidata+yitizi 醖:醞=cjkvi-variants+mj-shrink-map+opencc+wikidata+yitizi 鰛:鰮=cjkvi-variants+mj-shrink-map+opencc+wikidata 𩟣:𩟤=cjkvi-variants+wikidata
暴	謈	5	7	5	嚗:𡄗=cjkvi-variants+wikidata 懪:𢥑=cjkvi-variants+wikidata 曝:𣌈=cjkvi-variants+mj-shrink-map+wikidata 瀑:𤃵=cjkvi-variants+mj-shrink-map+wikidata 犦:𤜈=cjkvi-variants+wikidata
暴	𭧂	2	2	1	曝:𭨃=wikidata 爆:𪹼=wikidata
曲	𠁳	3	20	18	㒥:僼=cjkvi-variants+wikidata 㠦:𡽍=cjkvi-variants+wikidata 䵄:麷=cjkvi-variants+wikidata 寷:𡫋=cjkvi-variants+wikidata 澧:灃=cjkvi-variants 灎:灩=cjkvi-variants+mj-shrink-map+wikidata+yitizi 灔:灧=yitizi 艶:艷=cjkvi-variants+mj-shrink-map+opencc+unihan+wikidata+yitizi 豊:豐=cjkvi-variants+mj-shrink-map+opencc+unihan+wikidata+yitizi 豑:豒=cjkvi-variants+wikidata 豓:𧰚=cjkvi-variants 豔:𧰟=cjkvi-variants+wikidata 鄷:酆=cjkvi-variants+mj-shrink-map+wikidata+yitizi 霻:靊=cjkvi-variants 𡤩:𡤸=cjkvi-variants 𦡊:𦣂=cjkvi-variants 𨰘:𫓐=cjkvi-variants
曳	曵	2	1	1	𢘽:𢚕=cjkvi-variants+wikidata 𤤺:𤥟=cjkvi-variants+wikidata
曶	𠯳	2	1	1	㳷:𭰞=wikidata 䐇:脗=cjkvi-variants+yitizi
曶	𡇆	2	1	1	㳷:𣴵=cjkvi-variants+wikidata 𣒪:𣓗=cjkvi-variants+wikidata
曷	歇	8	12	8	㵣:渴=cjkvi-variants+mj-shrink-map+wikidata 喝:𠿒=cjkvi-variants+mj-shrink-map+wikidata 愒:𢢚=cjkvi-variants+mj-shrink-map+wikidata 揭:𢶆=cjkvi-variants+mj-shrink-map+wikidata 猲:𤢔=cjkvi-variants+wikidata 蝎:蠍=cjkvi-variants+opencc+unihan+wikidata+yitizi 褐:𧝽=cjkvi-variants+mj-shrink-map+wikidata 𦩥:𦪬=cjkvi-variants+wikidata
曹	𣍘	10	13	11	㷮:𤓗=cjkvi-variants+wikidata 傮:𠑤=cjkvi-variants+opencc+wikidata 嘈:𡅰=cjkvi-variants+mj-shrink-map+wikidata 慒:𢥱=cjkvi-variants+opencc+wikidata 槽:𣡘=cjkvi-variants+mj-shrink-map+opencc+wikidata 漕:𤅍=cjkvi-variants+mj-shrink-map+opencc+wikidata 糟:𥽾=cjkvi-variants+mj-shrink-map+opencc+wikidata 蓸:𧅝=cjkvi-variants+wikidata 褿:𧟔=cjkvi-variants+wikidata 遭:𨙠=cjkvi-variants+mj-shrink-map+wikidata
曼	蔓	2	3	1	鄤:𨞼=cjkvi-variants+wikidata 𠼦:𭋽=wikidata
曼	𭦗	3	4	4	䟂:𧽱=cjkvi-variants+wikidata 縵:𦄡=wikidata 鬘:𫙃=wikidata
曼	𭦟	4	5	5	㡢:幔=cjkvi-variants+mj-shrink-map+wikidata 䜱:𧯐=cjkvi-variants+wikidata 䟂:𧾈=cjkvi-variants+wikidata 䡬:𰹥=wikidata
曾	𭦌	7	9	8	僧:𰂬=wikidata 矰:𰦢=wikidata 磳:𰧞=wikidata 鄫:𰻹=wikidata 驓:𱄱=wikidata 𦠇:𰯐=wikidata 𪒟:𱋹=wikidata
替	朁	27	31	28	㔆:𠟆=cjkvi-variants+wikidata 㣅:𭛆=wikidata 䁮:𥋋=cjkvi-variants+wikidata 䃡:𰧢=wikidata 䅾:𰨸=wikidata 䍼:𦏋=cjkvi-variants+wikidata 䐶:𦠛=wikidata 䤐:𰼓=wikidata 䫬:𩕗=cjkvi-variants+wikidata 䭙:𩞲=cjkvi-variants+wikidata 䲋:𩻛=cjkvi-variants+mj-shrink-map+wikidata 僣:僭=cjkvi-variants+mj-shrink-map+wikidata+yitizi 噆:𠾱=cjkvi-variants+wikidata 嶜:𡼫=cjkvi-variants+wikidata 憯:𢡚=wikidata 撍:𭢗=wikidata 潛:潜=cjkvi-variants+hng-basic-data+mj-shrink-map+opencc+unihan+wikidata+yitizi 熸:𤏖=cjkvi-variants+wikidata 簪:簮=cjkvi-variants+wikidata 譖:譛=cjkvi-variants+hng-basic-data+mj-shrink-map+wikidata 鐕:鐟=cjkvi-variants+wikidata 𨅔:𨅕=cjkvi-variants+wikidata 𨼐:𱀱=wikidata 𩀿:𩁀=cjkvi-variants+wikidata 𩅨:𩅮=cjkvi-variants+wikidata 𪅽:𱈻=wikidata 𪖼:𪖽=cjkvi-variants+wikidata
月	肉	4	140	73	㱚:𣧻=cjkvi-variants+wikidata 幐:𦞊=cjkvi-variants+wikidata 𦙦:𬚲=wikidata 𦚗:𬚴=wikidata
有	⿱左⺝	5	35	11	䔺:𦳉=cjkvi-variants+wikidata 䝐:𰶭=wikidata 堕:墮=cjkvi-variants+hng-basic-data+mj-shrink-map+opencc+unihan+wikidata+yitizi 嶞:𡺆=cjkvi-variants 椭:橢=cjkvi-variants+opencc+unihan+wikidata+yitizi 陏:隋=cjkvi-variants+wikidata+yitizi 随:隨=cjkvi-variants+hng-basic-data+mj-shrink-map+opencc+unihan+wikidata+yitizi 隳:𮥠=wikidata 髄:髓=cjkvi-variants+hng-basic-data+mj-shrink-map+opencc+unihan+wikidata+yitizi 𡓉:𡓷=wikidata 𡓗:𫝡=unihan
有	⿱左⺼	5	34	11	䔺:𦳉=cjkvi-variants+wikidata 䝐:𰶭=wikidata 堕:墮=cjkvi-variants+hng-basic-data+mj-shrink-map+opencc+unihan+wikidata+yitizi 嶞:𡺆=cjkvi-variants 椭:橢=cjkvi-variants+opencc+unihan+wikidata+yitizi 陏:隋=cjkvi-variants+wikidata+yitizi 随:隨=cjkvi-variants+hng-basic-data+mj-shrink-map+opencc+unihan+wikidata+yitizi 隳:𮥠=wikidata 髄:髓=cjkvi-variants+hng-basic-data+mj-shrink-map+opencc+unihan+wikidata+yitizi 𡓉:𡓷=wikidata 𡓗:𫝡=unihan
朔	𦙚	3	7	4	槊:𣓞=cjkvi-variants+mj-shrink-map+wikidata 溯:𣷥=wikidata 𧩝:𧪜=cjkvi-variants+wikidata
木	朮	8	37	19	㾁:𤴷=cjkvi-variants+wikidata 刹:剎=cjkvi-variants+mj-shrink-map+opencc+unihan+wikidata+yitizi 弑:弒=cjkvi-variants+mj-shrink-map+opencc+unihan+wikidata+yitizi 怵:𪫟=wikidata 杰:𤇍=wikidata 禾:𫀦=wikidata 莯:𦱈=cjkvi-variants+wikidata 訹:𮗼=wikidata 述:𫐠=wikidata 𨐖:𨐘=cjkvi-variants+wikidata 𨦅:𨦾=cjkvi-variants 𩲺:𩳘=cjkvi-variants 𩳃:𩳙=cjkvi-variants
木	术	9	37	19	㾁:𤴷=cjkvi-variants+wikidata 䝗:𧲷=cjkvi-variants 休:𠇲=cjkvi-variants+mj-shrink-map+wikidata 刹:剎=cjkvi-variants+mj-shrink-map+opencc+unihan+wikidata+yitizi 弑:弒=cjkvi-variants+mj-shrink-map+opencc+unihan+wikidata+yitizi 杀:𣏂=cjkvi-variants 杰:𤇍=wikidata 秫:𥝰=wikidata 莯:𦱈=cjkvi-variants+wikidata 蚞:𧉱=wikidata 訹:𮗼=wikidata 𨐖:𨐘=cjkvi-variants+wikidata 𨦅:𨦾=cjkvi-variants 𩲺:𩳘=cjkvi-variants 𩳃:𩳙=cjkvi-variants
木	𣎳	2	10	4	怷:怸=cjkvi-variants 朮:术=cjkvi-variants+mj-shrink-map+opencc+wikidata 𤘬:𤘱=cjkvi-variants
朩	𡭕	3	10	4	悆:𢚒=wikidata 畬:畲=cjkvi-variants+mj-shrink-map+wikidata+yitizi 𡝐:𡝙=wikidata
未	末	14	35	14	㶬:𪸙=wikidata 䏞:𦚜=cjkvi-variants+wikidata 佅:𠇱=cjkvi-variants+wikidata+yitizi 帓:𭘕=wikidata 怽:𢗿=cjkvi-variants+unihan+wikidata 沫:沬=cjkvi-variants+wikidata 皌:𤽜=unihan+wikidata 砞:𥑘=unihan+wikidata 祙:𥘯=unihan 苿:茉=unihan 跊:𧿴=cjkvi-variants+wikidata 韎:𩎟=wikidata 𡊉:𫭥=wikidata 𩿣:𩿲=unihan+wikidata
术	術	2	1	1	沭:𣻚=cjkvi-variants+wikidata 𦬸:𦸇=cjkvi-variants
朵	朶	21	27	27	㛆:㛊=cjkvi-variants+wikidata 䤪:𨦃=cjkvi-variants+wikidata+yitizi 刴:剁=cjkvi-variants+unihan+wikidata+yitizi 哚:𫩴=cjkvi-variants+wikidata 垛:垜=cjkvi-variants+unihan+wikidata+yitizi 尮:𡯦=cjkvi-variants+wikidata 挅:挆=cjkvi-variants+wikidata+yitizi 桗:𣑫=cjkvi-variants+wikidata 趓:𧻞=cjkvi-variants+wikidata 跥:跺=cjkvi-variants+unihan+wikidata+yitizi 躱:躲=cjkvi-variants+mj-shrink-map+unihan+wikidata+yitizi 𡶲:𡷔=cjkvi-variants+wikidata 𤤸:𰡼=wikidata 𥙨:𮁳=wikidata 𥬲:𥬸=cjkvi-variants+wikidata 𥿰:𦀉=cjkvi-variants+wikidata 𧊱:𧊶=cjkvi-variants+wikidata 𧙤:𬡖=cjkvi-variants+wikidata 𧧇:𧧨=cjkvi-variants+wikidata 𨹃:𨹄=cjkvi-variants 𪘉:𬹵=cjkvi-variants+wikidata
朿	束	21	53	29	㢀:𢈠=cjkvi-variants+wikidata 㭰:𭪿=wikidata 㾊:𤶬=wikidata 䇿:策=cjkvi-variants+mj-shrink-map+wikidata 䓶:莿=cjkvi-variants 䔩:蓛=cjkvi-variants+wikidata 䱨:鯻=cjkvi-variants 刺:剌=cjkvi-variants+mj-shrink-map+wikidata 拺:捒=cjkvi-variants+wikidata 敇:敕=cjkvi-variants+wikidata 整:𢿋=cjkvi-variants+wikidata 栜:梀=cjkvi-variants+wikidata 棗:𬃔=wikidata 溂:𭰩=wikidata 瘌:𤷫=cjkvi-variants 箣:𥰍=cjkvi-variants 茦:𫇿=wikidata 蔌:𬝜=wikidata 蝲:𮔗=wikidata 趚:𧻕=cjkvi-variants+wikidata 辣:𫐛=wikidata 鵣:𪀜=wikidata 𠲋:𠲿=cjkvi-variants+wikidata 𢲆:𢳯=wikidata 𣽤:𭲱=wikidata 𦖝:𦖨=cjkvi-variants+wikidata 𧊸:𧋐=cjkvi-variants+wikidata 𩂴:𩂺=wikidata
朿	策	3	8	3	㩍:拺=cjkvi-variants+wikidata 憡:𢙀=cjkvi-variants+wikidata 洓:𣽤=cjkvi-variants+wikidata
杀	殺	12	16	13	䊛:𰪻=wikidata 摋:𢫬=cjkvi-variants+opencc+unihan+yitizi 榝:𬂮=cjkvi-variants+unihan 樧:𬂮=wikidata 蔱:𰰵=unihan+wikidata 鎩:𨦅=cjkvi-variants+wikidata 𢘹:𢟌=cjkvi-variants 𣻑:𭰒=unihan+wikidata 𥻦:𫂿=cjkvi-variants+opencc+unihan+wikidata 𧏫:𫊷=cjkvi-variants 𧜁:𬡕=cjkvi-variants+unihan+wikidata 𩶼:𩻈=cjkvi-variants
杀	𣏂	6	8	8	刹:剎=cjkvi-variants+mj-shrink-map+opencc+unihan+wikidata+yitizi 弑:弒=cjkvi-variants+mj-shrink-map+opencc+unihan+wikidata+yitizi 𨐖:𨐘=cjkvi-variants+wikidata 𨦅:𨦾=cjkvi-variants 𩲺:𩳘=cjkvi-variants 𩳃:𩳙=cjkvi-variants
杂	雜	4	6	5	䕹:𰰶=unihan+wikidata 囃:𠱞=cjkvi-variants+opencc+unihan 𢹼:𰓟=unihan+wikidata 𤄖:𭰏=wikidata
条	條	8	9	9	樤:𣔌=cjkvi-variants+opencc 涤:滌=cjkvi-variants+opencc+unihan+wikidata+yitizi 窱:𰩏=unihan+wikidata 筿:篠=cjkvi-variants+mj-shrink-map+opencc+yitizi 绦:𮶃=unihan 蓧:𦰏=cjkvi-variants+opencc+wikidata 𨃜:𬦹=cjkvi-variants+unihan+wikidata 𪮅:𭢌=wikidata
東	柬	22	27	24	㖦:𠷬=cjkvi-variants 㨂:揀=cjkvi-variants+mj-shrink-map+wikidata 䦨:闌=cjkvi-variants+mj-shrink-map+wikidata 倲:𠋖=cjkvi-variants 埬:堜=cjkvi-variants+wikidata 娻:媡=cjkvi-variants 徚:𢔅=cjkvi-variants+wikidata 暕:𰖍=wikidata 朄:𣌾=cjkvi-variants+wikidata 棟:楝=cjkvi-variants+wikidata 氭:𣱨=cjkvi-variants 涷:湅=cjkvi-variants+wikidata 瑓:𤦪=cjkvi-variants 菄:萰=cjkvi-variants 蝀:𧍴=cjkvi-variants+mj-shrink-map 諌:諫=cjkvi-variants+hng-basic-data+wikidata+yitizi 錬:鍊=cjkvi-variants+hng-basic-data+mj-shrink-map+opencc+unihan+wikidata 鯟:鰊=cjkvi-variants 鶇:鶫=cjkvi-variants 𤗗:𤗛=cjkvi-variants+wikidata 𧡍:𧡴=cjkvi-variants 𧹩:𧹯=cjkvi-variants
林	秝	2	26	14	厤:𠩵=cjkvi-variants 厯:𠪱=cjkvi-variants 攊:𫾐=cjkvi-variants 檾:𥣻=wikidata 櫪:𭬒=mj-shrink-map+wikidata 歴:歷=cjkvi-variants+hng-basic-data+mj-shrink-map+opencc+unihan+wikidata+yitizi 瀝:𤁋=cjkvi-variants+mj-shrink-map+wikidata 癧:𭼰=mj-shrink-map 藶:𮒃=wikidata 轣:𮝬=mj-shrink-map+wikidata 靂:𮦷=mj-shrink-map+wikidata 𠪾:𢟍=cjkvi-variants 𧞿:𫌕=cjkvi-variants
林	𣏟	2	4	4	痲:痳=cjkvi-variants+unihan+wikidata+yitizi 菻:𦱍=cjkvi-variants
枭	梟	5	6	6	嘄:𫪧=cjkvi-variants+unihan+wikidata 蟂:𫋇=cjkvi-variants+opencc+unihan 鄡:𰻮=unihan+wikidata 𢳚:𫽐=cjkvi-variants+unihan+wikidata 𣻏:𬇼=cjkvi-variants+unihan+wikidata
枼	葉	13	29	14	㵩:渫=cjkvi-variants 䁋:瞸=cjkvi-variants 䜓:諜=cjkvi-variants+mj-shrink-map 䭎:䭟=cjkvi-variants 偞:僷=cjkvi-variants+wikidata 喋:𠿚=cjkvi-variants+mj-shrink-map+wikidata 堞:𡑢=cjkvi-variants+mj-shrink-map+wikidata 媟:𡢬=wikidata 殜:𣩨=cjkvi-variants+wikidata 蝶:蠂=mj-shrink-map 褋:𧝵=cjkvi-variants+wikidata 鍱:鐷=cjkvi-variants+mj-shrink-map+wikidata 𫅠:𬙾=wikidata
枼	𣏋	28	37	30	㳿:渫=cjkvi-variants+wikidata 䁋:𥇱=cjkvi-variants+wikidata 䐑:𦜈=cjkvi-variants+wikidata 䑜:𦧢=cjkvi-variants+wikidata 䕈:𦺯=cjkvi-variants+wikidata 䚢:𧤇=cjkvi-variants+wikidata 䢡:𨓫=cjkvi-variants+wikidata 偞:𠉪=cjkvi-variants+wikidata 喋:𠴬=cjkvi-variants+mj-shrink-map+wikidata 堞:𡍕=cjkvi-variants+wikidata 媟:𡝥=cjkvi-variants+mj-shrink-map+wikidata 弽:𢏲=cjkvi-variants+mj-shrink-map 惵:𢛐=cjkvi-variants+mj-shrink-map+wikidata 揲:𢮕=cjkvi-variants+mj-shrink-map+wikidata 楪:𭪱=wikidata 殜:𣨚=cjkvi-variants+wikidata 煠:𤉬=cjkvi-variants+mj-shrink-map+wikidata 牒:𤗊=cjkvi-variants+mj-shrink-map+wikidata 緤:𦁛=cjkvi-variants+mj-shrink-map 葉:𦯧=cjkvi-variants+mj-shrink-map+wikidata 褋:𧚦=cjkvi-variants+wikidata 諜:𧨯=cjkvi-variants+mj-shrink-map+wikidata 蹀:𨁻=cjkvi-variants+wikidata 鍱:𨧲=cjkvi-variants+mj-shrink-map+wikidata 鞢:𩋑=cjkvi-variants+mj-shrink-map+wikidata 鰈:𫙢=wikidata 𠗛:𠗨=cjkvi-variants 𣟦:𧃹=wikidata 𦺁:𦻜=cjkvi-variants+wikidata 𪑘:𪑧=cjkvi-variants+wikidata
枼	𣏼	11	14	11	䐑:𦜪=cjkvi-variants+wikidata 䑜:𦧤=cjkvi-variants+wikidata 䚢:𧤈=cjkvi-variants+wikidata 䢡:𨔋=cjkvi-variants+wikidata 弽:𢏼=mj-shrink-map 渫:𣷞=wikidata 葉:𰱒=wikidata 諜:𧩜=cjkvi-variants+mj-shrink-map+wikidata 蹀:𨂏=cjkvi-variants+wikidata 鰈:𩸏=cjkvi-variants+wikidata 𪑞:𪑧=cjkvi-variants+wikidata
枼	𦯧	3	4	3	堞:𡐽=cjkvi-variants+wikidata 殜:𣩣=cjkvi-variants+wikidata 鍱:𨬘=cjkvi-variants+mj-shrink-map+wikidata
柔	𱳛	3	5	3	㽥:𰣑=wikidata 腬:𰯊=wikidata 輮:𰹢=wikidata
查	虘	5	14	5	䶥:𪙁=cjkvi-variants+wikidata 揸:摣=cjkvi-variants+unihan+wikidata+yitizi 楂:樝=cjkvi-variants 皶:皻=cjkvi-variants+wikidata 齄:齇=cjkvi-variants+wikidata
柬	𫠣	4	8	5	拣:揀=cjkvi-variants+opencc+unihan+wikidata+yitizi 炼:煉=cjkvi-variants+opencc+unihan+wikidata+yitizi 𧍴:𬟾=cjkvi-variants+wikidata 𫔀:𮸀=unihan
柰	𰧭	4	6	6	款:歀=cjkvi-variants+mj-shrink-map+wikidata 隷:隸=cjkvi-variants+hng-basic-data+mj-shrink-map+unihan+wikidata+yitizi 𣟌:𪴛=cjkvi-variants+wikidata 𤃀:𭳬=wikidata 𥶾:𥷗=cjkvi-variants+wikidata
査	虘	5	9	5	䶥:𪙁=cjkvi-variants+wikidata 揸:摣=cjkvi-variants+unihan+wikidata+yitizi 楂:樝=cjkvi-variants 皶:皻=cjkvi-variants+wikidata 齄:齇=cjkvi-variants+wikidata
栄	榮	3	4	4	濚:𭱚=wikidata 鑅:𮢚=wikidata 𦆱:𮈰=wikidata
栗	𭫪	2	1	1	溧:𤂈=wikidata 瑮:𰢕=wikidata
栾	欒	2	2	1	圞:𪢮=cjkvi-variants+opencc+unihan+wikidata+yitizi 滦:灤=cjkvi-variants+opencc+unihan+wikidata+yitizi
桀	𭩶	2	2	1	㻧:𤧮=cjkvi-variants 𨃥:𨃮=cjkvi-variants
桀	𭫒	3	5	4	傑:𬿼=wikidata 搩:𢷡=wikidata 磔:𮁐=wikidata
桑	𰗑	2	1	1	嗓:𰇢=wikidata 搡:𰓨=wikidata
桼	𣎽	3	4	3	㓼:𠜀=cjkvi-variants 膝:𮌒=mj-shrink-map+wikidata 𦮇:𦸓=cjkvi-variants+wikidata
桼	𣷚	6	9	8	㓼:𠟴=wikidata 䣛:𨞢=cjkvi-variants+wikidata 漆:𣾰=cjkvi-variants+mj-shrink-map+wikidata 膝:𦡀=cjkvi-variants+mj-shrink-map+wikidata 𩺲:𱇀=wikidata 𪄭:𱈺=wikidata
梨	棃	3	8	4	蟍:𧑇=cjkvi-variants 𩦀:𩦅=cjkvi-variants 𩻌:𩻳=cjkvi-variants
梨	黎	4	12	4	䔧:藜=wikidata 鏫:鑗=cjkvi-variants+wikidata 𥊈:𥌛=cjkvi-variants+wikidata 𩦀:𩧋=cjkvi-variants
棃	黎	3	8	3	蔾:藜=cjkvi-variants+unihan 鑗:𨬏=cjkvi-variants+wikidata 𥌛:𰦃=wikidata
棥	樊	3	4	4	䫶:𩕒=cjkvi-variants+wikidata 礬:𥖎=cjkvi-variants+wikidata 𧢎:𧢜=cjkvi-variants+wikidata
業	菐	13	34	15	㒒:僕=cjkvi-variants+mj-shrink-map 㡤:幞=wikidata 墣:𡑿=cjkvi-variants+opencc+wikidata 撲:擈=cjkvi-variants+mj-shrink-map+opencc+wikidata 樸:檏=cjkvi-variants+mj-shrink-map+wikidata 璞:𤩶=wikidata 穙:𥣈=wikidata 襆:𮖷=wikidata 鄴:𨞊=wikidata 醭:𮡅=wikidata 𤾣:𤾧=cjkvi-variants+wikidata 𦿍:𧀸=cjkvi-variants+wikidata 𪋡:𪋫=cjkvi-variants+wikidata 𪖈:𪖊=wikidata
楽	樂	7	11	9	㰛:𣟿=cjkvi-variants+wikidata 䃯:礫=cjkvi-variants+wikidata 擽:𭢫=wikidata 檪:櫟=cjkvi-variants+mj-shrink-map+wikidata 爍:𭶒=wikidata 薬:藥=cjkvi-variants+hng-basic-data+mj-shrink-map+opencc+unihan+wikidata+yitizi 轢:𮝩=wikidata 鑠:𮣏=wikidata
榮	荣	8	10	9	㮠:𣞁=cjkvi-variants+unihan+wikidata 嵘:嶸=cjkvi-variants+opencc+unihan+wikidata+yitizi 溁:濚=cjkvi-variants+opencc+unihan+wikidata+yitizi 爃:𫞡=cjkvi-variants+opencc+unihan+wikidata 蝾:蠑=cjkvi-variants+opencc+unihan+wikidata+yitizi 鑅:𨪪=cjkvi-variants+wikidata 𤪤:𪛞=unihan+wikidata 𦴇:𦾵=cjkvi-variants+unihan+wikidata
槖	橐	2	3	1	驝:𩧐=cjkvi-variants 𣝔:𣟄=cjkvi-variants
樂	藥	7	9	7	㰛:櫟=cjkvi-variants+mj-shrink-map+wikidata 䁻:𥍐=cjkvi-variants+wikidata 擽:𢺇=cjkvi-variants+wikidata 濼:𤄶=cjkvi-variants+wikidata 爍:𤓈=cjkvi-variants+mj-shrink-map+wikidata 礫:𮁚=wikidata 鑠:𨰤=cjkvi-variants+mj-shrink-map+wikidata
橆	無	2	1	1	廡:𢋰=cjkvi-variants+mj-shrink-map+wikidata 撫:𢸮=cjkvi-variants+mj-shrink-map+wikidata
欝	鬱	3	4	4	㠨:𡿥=cjkvi-variants 爩:𤓭=cjkvi-variants+wikidata 𪓉:𪓊=cjkvi-variants+wikidata
欠	次	8	25	8	㐸:佽=cjkvi-variants+wikidata 㦤:懿=cjkvi-variants+mj-shrink-map+wikidata 㰷:𣣌=cjkvi-variants 䊻:絘=cjkvi-variants+wikidata 䪠:䪡=cjkvi-variants 赼:趑=cjkvi-variants+wikidata 𣧋:𣧸=cjkvi-variants+wikidata 𧿞:𨀥=cjkvi-variants+wikidata
欧	歐	2	2	1	𡂿:𫪘=cjkvi-variants+unihan+wikidata 𰎦:𰎼=unihan+wikidata
欮	𭭋	2	2	1	厥:𭆏=mj-shrink-map+wikidata 闕:𨶕=cjkvi-variants+wikidata
欵	款	3	7	4	䕀:𦹔=wikidata 䲌:𩺶=cjkvi-variants+wikidata 窽:窾=cjkvi-variants+wikidata
欽	钦	5	7	6	䃢:𰧎=unihan+wikidata 嵚:嶔=cjkvi-variants+opencc+unihan+wikidata+yitizi 廞:𫷷=cjkvi-variants+opencc+unihan+wikidata 揿:撳=cjkvi-variants+opencc+unihan+wikidata+yitizi 𠾬:𫪽=cjkvi-variants+unihan+wikidata
款	𣢾	2	1	1	䕀:𬝺=wikidata 窾:𥧾=wikidata
歇	⿱日匂	2	2	2	㵣:渇=mj-shrink-map 掲:𢶆=mj-shrink-map
止	龰	6	23	11	定:𡧡=cjkvi-variants+opencc+wikidata 是:昰=cjkvi-variants+mj-shrink-map+opencc+wikidata+yitizi 正:𤴓=cjkvi-variants+mj-shrink-map+wikidata 疋:𤴔=wikidata 萐:𦱥=cjkvi-variants+opencc+wikidata 足:𧾷=wikidata 遈:𨕒=cjkvi-variants+wikidata 隄:𱀣=wikidata 𧡨:𧡰=cjkvi-variants+wikidata
正	𤴓	2	8	5	定:𡧡=cjkvi-variants+opencc+wikidata 是:昰=cjkvi-variants+mj-shrink-map+opencc+wikidata+yitizi 遈:𨕒=cjkvi-variants+wikidata 隄:𱀣=wikidata 𧡨:𧡰=cjkvi-variants+wikidata
歮	歰	3	10	3	澀:澁=cjkvi-variants+unihan+wikidata+yitizi 譅:𧬃=cjkvi-variants+wikidata 𧴎:𧴙=cjkvi-variants+wikidata
歮	𡿺	6	10	6	㛴:𡢋=cjkvi-variants+wikidata 瑙:𰢐=wikidata 碯:𥖋=cjkvi-variants+mj-shrink-map 腦:𦠊=cjkvi-variants+mj-shrink-map+wikidata 𤊲:𤎠=cjkvi-variants+wikidata 𤷻:𤺙=cjkvi-variants+wikidata
歯	齒	14	17	16	噛:嚙=cjkvi-variants+opencc+wikidata 囓:𭌰=wikidata 鑡:𮣁=wikidata 齔:𮮾=wikidata 齟:𪗱=cjkvi-variants+mj-shrink-map+wikidata 齠:𮯃=wikidata 齡:齢=cjkvi-variants+mj-shrink-map+opencc+unihan+wikidata+yitizi 齣:𫠚=cjkvi-variants+wikidata 齦:𮯅=wikidata 齪:𮯇=wikidata 齬:𪘚=cjkvi-variants+mj-shrink-map+wikidata 齲:𮯌=wikidata 齶:𮯋=wikidata 齷:𮯎=wikidata
歴	歷	8	10	9	攊:𫾐=cjkvi-variants 櫪:𭬒=mj-shrink-map+wikidata 瀝:𤁋=cjkvi-variants+mj-shrink-map+wikidata 癧:𭼰=mj-shrink-map 藶:𮒃=wikidata 轣:𮝬=mj-shrink-map+wikidata 靂:𮦷=mj-shrink-map+wikidata 𧞿:𫌕=cjkvi-variants
歹	歺	22	26	23	㱙:𭭿=wikidata 㱠:𣧮=cjkvi-variants+wikidata 䬸:餐=cjkvi-variants+mj-shrink-map+wikidata 冽:𠗗=cjkvi-variants+mj-shrink-map+wikidata 殀:𣧕=cjkvi-variants+wikidata 殈:𮕞=wikidata 殙:𣨯=cjkvi-variants+wikidata 粲:𥹏=cjkvi-variants+mj-shrink-map+wikidata 肂:𦘖=cjkvi-variants+wikidata 颲:𩗦=cjkvi-variants+wikidata 飱:𩛈=cjkvi-variants 𢤅:𢤔=cjkvi-variants 𣦸:𣦹=cjkvi-variants+wikidata 𣧄:𭗿=wikidata 𣧻:𦚛=cjkvi-variants 𣨐:𬆖=cjkvi-variants 𣨱:𣨷=cjkvi-variants 𣩹:𣩻=cjkvi-variants 𣱚:𣱞=cjkvi-variants 𥂥:𥂫=cjkvi-variants+wikidata 𦍙:𦍲=cjkvi-variants 𧺰:𬦊=cjkvi-variants
歹	𡿩	4	10	7	冽:𠗢=cjkvi-variants+mj-shrink-map+wikidata 列:𠜊=cjkvi-variants+opencc+wikidata 洌:𣶄=cjkvi-variants+mj-shrink-map+opencc+wikidata 蛚:𧌵=cjkvi-variants+opencc+wikidata 裂:𧚲=cjkvi-variants+mj-shrink-map+opencc+wikidata 迾:𨔜=cjkvi-variants+wikidata 颲:𩘃=cjkvi-variants+opencc+wikidata
歹	𡿪	3	13	5	例:𠊖=cjkvi-variants+mj-shrink-map+opencc+wikidata 列:𠛱=cjkvi-variants+mj-shrink-map+wikidata 栵:𣔜=cjkvi-variants+wikidata 烈:𤉩=cjkvi-variants+mj-shrink-map+wikidata 茢:𦱝=cjkvi-variants+opencc+wikidata
歹	𣧄	6	18	10	栵:𣖊=cjkvi-variants+wikidata 洌:𣸟=cjkvi-variants+mj-shrink-map+wikidata 烈:煭=cjkvi-variants+mj-shrink-map+wikidata 茢:𦴟=cjkvi-variants+mj-shrink-map+wikidata 蛚:𧍼=cjkvi-variants+wikidata 裂:𧛵=cjkvi-variants+wikidata 迾:𨔭=cjkvi-variants+wikidata 颲:𩘛=cjkvi-variants+wikidata 鮤:𩹒=cjkvi-variants+wikidata 𡊻:𡎗=cjkvi-variants+wikidata
殳	⿱勹又	4	5	4	歿:殁=cjkvi-variants+mj-shrink-map+opencc+unihan+wikidata+yitizi 沒:没=cjkvi-variants+hng-basic-data+mj-shrink-map+opencc+unihan+wikidata+yitizi 股:𦘿=cjkvi-variants 𤣻:𤤄=cjkvi-variants+wikidata
殳	𪠲	14	22	16	役:𭛠=mj-shrink-map+wikidata 投:𭠘=mj-shrink-map+wikidata 殷:𭮱=mj-shrink-map+wikidata 殸:𭮶=wikidata 殹:𥏏=cjkvi-variants+wikidata 毄:𭮼=wikidata 没:𣳚=cjkvi-variants 聲:𮋻=mj-shrink-map+wikidata 般:𮎆=mj-shrink-map+wikidata 芟:𰰭=wikidata 設:𮘂=mj-shrink-map+wikidata 軗:𮝇=wikidata 𠚹:𭃒=wikidata 𨱚:𨱮=cjkvi-variants 𩑦:𮨄=wikidata
段	𫨻	2	2	1	緞:𫟁=cjkvi-variants 鍛:𨩷=wikidata
段	𭮫	2	3	1	椴:𫞌=cjkvi-variants 煅:𬊷=wikidata
殸	𣪊	4	9	5	撀:𰔕=wikidata 螜:𧐡=wikidata 𤚼:𤛗=wikidata 𨢋:𨢤=cjkvi-variants+wikidata
殹	𰯯	3	5	3	瞖:𭿐=wikidata 繄:𮵾=wikidata 𮢶:𲇔=wikidata
殺	煞	3	12	4	榝:𣛶=cjkvi-variants 樧:𣛶=cjkvi-variants+wikidata 鎩:𨭝=cjkvi-variants+wikidata
殺	𣏂	2	1	1	鎩:𨦾=wikidata 𩳘:𩴇=cjkvi-variants
殻	殼	2	1	1	慤:𢡱=yitizi 𪅏:𪆪=cjkvi-variants
殻	𣪊	3	5	5	愨:慤=cjkvi-variants+mj-shrink-map+wikidata+yitizi 螜:𧐜=cjkvi-variants+wikidata 𤚼:𤛓=cjkvi-variants+wikidata
毄	𣪠	3	5	4	礊:𥖳=cjkvi-variants+wikidata 𤩚:𤪢=cjkvi-variants 𦼷:𦿓=cjkvi-variants+wikidata
毋	母	2	1	1	毎:每=cjkvi-variants+hng-basic-data+mj-shrink-map+opencc+unihan+wikidata+yitizi 𦰓:𦲝=cjkvi-variants
母	每	10	28	10	㑄:侮=cjkvi-variants+mj-shrink-map+unihan+wikidata+yitizi 㙁:坶=cjkvi-variants+wikidata 䱕:𩶋=cjkvi-variants+wikidata 姆:娒=cjkvi-variants+mj-shrink-map+wikidata 栂:梅=cjkvi-variants+wikidata 海:𣳠=cjkvi-variants+wikidata 痗:𤵝=cjkvi-variants+wikidata 胟:脢=cjkvi-variants+wikidata 苺:莓=cjkvi-variants+mj-shrink-map+unihan+yitizi 𡴋:𡴕=cjkvi-variants
比	𣬉	12	29	12	批:𢱧=cjkvi-variants+mj-shrink-map+wikidata 砒:磇=cjkvi-variants+mj-shrink-map+unihan+wikidata+yitizi 笓:篦=cjkvi-variants+unihan+wikidata+yitizi 肶:膍=cjkvi-variants+wikidata 芘:蓖=yitizi 蚍:螕=cjkvi-variants 豼:貔=cjkvi-variants+mj-shrink-map+wikidata 鈚:鎞=cjkvi-variants+wikidata 阰:𨻀=cjkvi-variants+wikidata 魮:𩹻=cjkvi-variants+wikidata 𨈚:𨉮=cjkvi-variants+wikidata 𪌈:𪍜=cjkvi-variants+wikidata
毕	畢	16	19	18	㓖:𰃻=unihan+wikidata 㮿:𮲰=unihan+wikidata 䟆:𫎳=cjkvi-variants+opencc+unihan+wikidata 哔:嗶=cjkvi-variants+opencc+unihan+wikidata+yitizi 彃:𪪼=cjkvi-variants+opencc+wikidata 滭:𰛡=unihan+wikidata 熚:𤇹=cjkvi-variants+opencc 罼:𬙝=cjkvi-variants+unihan+wikidata 荜:蓽=cjkvi-variants+opencc+unihan+wikidata+yitizi 跸:蹕=cjkvi-variants+opencc+unihan+wikidata+yitizi 鞸:𱁴=unihan+wikidata 𡠚:𰋾=unihan+wikidata 𢳂:𫼣=cjkvi-variants+unihan+wikidata 𣭤:𣯴=cjkvi-variants+opencc+unihan+wikidata+yitizi 𧏻:𬠃=cjkvi-variants+unihan+wikidata 𧰆:𬤷=cjkvi-variants+unihan+wikidata
毘	𣬉	5	7	5	媲:𭒇=wikidata 篦:𫞾=mj-shrink-map 螕:𮔢=wikidata 鎞:𮢠=wikidata 𢱧:𭡨=wikidata
毚	𫥎	6	12	8	儳:𠋂=cjkvi-variants+wikidata 搀:攙=cjkvi-variants+opencc+unihan+wikidata+yitizi 纔:𦂯=wikidata 饞:𩝎=cjkvi-variants+wikidata 𡓦:𰊅=unihan+wikidata 𨇩:𰸤=wikidata
毚	𭀰	10	16	12	䜛:讒=cjkvi-variants+mj-shrink-map+wikidata 䧯:𨽊=cjkvi-variants+wikidata 嚵:𡁅=cjkvi-variants+wikidata 巉:𡽡=cjkvi-variants+mj-shrink-map+wikidata 欃:𣝊=cjkvi-variants+wikidata 瀺:𤀧=cjkvi-variants+mj-shrink-map+wikidata 纔:𦆵=wikidata 酁:𨞭=wikidata 饞:𩟖=cjkvi-variants+wikidata 𩯯:𩰃=cjkvi-variants
毫	豪	3	10	3	壕:𡐒=cjkvi-variants+wikidata 濠:𣻼=wikidata 蠔:𧐢=unihan+wikidata+yitizi
氏	氐	21	46	21	㞴:岻=cjkvi-variants+wikidata 㡳:底=cjkvi-variants+mj-shrink-map+wikidata+yitizi 㹝:𤝬=cjkvi-variants+wikidata 䑛:舐=cjkvi-variants+wikidata 䲬:𪀍=cjkvi-variants+wikidata 䲭:鴟=cjkvi-variants+wikidata 厎:𠨿=cjkvi-variants+wikidata 呧:𭇇=wikidata 坁:坻=cjkvi-variants+yitizi 扺:抵=cjkvi-variants+wikidata+yitizi 疧:疷=cjkvi-variants+wikidata+yitizi 眂:眡=yitizi 砥:𬒀=wikidata 祇:祗=cjkvi-variants+wikidata 秖:秪=cjkvi-variants+mj-shrink-map 紙:𥿄=mj-shrink-map 詆:𧦄=wikidata 赿:趆=cjkvi-variants 阺:𨸝=cjkvi-variants+wikidata+yitizi 𪂛:𪃖=cjkvi-variants+wikidata 𭉌:𭉸=wikidata
氏	民	5	70	23	㛰:婚=cjkvi-variants+mj-shrink-map+wikidata 㞴:岷=cjkvi-variants+wikidata 㨉:捪=cjkvi-variants+wikidata 㬆:𣇲=cjkvi-variants 㱪:殙=cjkvi-variants+wikidata 䁕:睧=cjkvi-variants 䃉:碈=cjkvi-variants 䫒:𩔉=cjkvi-variants+wikidata 惛:惽=cjkvi-variants+mj-shrink-map+unihan+wikidata+yitizi 愍:𰑭=wikidata 昏:昬=cjkvi-variants+mj-shrink-map+unihan+wikidata+yitizi 汦:泯=cjkvi-variants+wikidata 涽:湣=cjkvi-variants 珉:𭸻=wikidata 痻:𤸅=cjkvi-variants+wikidata 緍:緡=cjkvi-variants+mj-shrink-map+wikidata 錉:鍲=cjkvi-variants+wikidata 閽:𨵽=cjkvi-variants+wikidata 𠉣:𠊽=cjkvi-variants+wikidata 𢽹:𢾞=cjkvi-variants 𣣏:𣣤=cjkvi-variants+wikidata 𨌲:𨍌=cjkvi-variants+wikidata 𪂆:𪃯=cjkvi-variants+wikidata
氐	𢆰	30	47	33	㕄:厎=cjkvi-variants+wikidata 㪆:𢻽=cjkvi-variants 䟡:𧿠=cjkvi-variants+wikidata 䩘:䩚=cjkvi-variants 䬫:𩚞=cjkvi-variants+wikidata 呧:𠯝=cjkvi-variants+wikidata 坻:𡉬=cjkvi-variants+mj-shrink-map+wikidata 奃:𡗰=cjkvi-variants+wikidata 岻:𡵮=cjkvi-variants+mj-shrink-map+wikidata 底:𢇨=cjkvi-variants+wikidata 弤:𢏁=cjkvi-variants+wikidata 彽:𢓎=wikidata 抵:𰓀=wikidata 牴:𤘳=cjkvi-variants+mj-shrink-map+wikidata 砥:𥐺=cjkvi-variants+mj-shrink-map+wikidata 羝:𦍝=cjkvi-variants+mj-shrink-map+wikidata 胝:𦙘=cjkvi-variants+mj-shrink-map+wikidata 觝:𧣎=cjkvi-variants+mj-shrink-map+wikidata 詆:𧦚=cjkvi-variants+mj-shrink-map+wikidata 貾:𧵇=cjkvi-variants+wikidata 趆:𧺦=cjkvi-variants+wikidata 軧:𨋇=cjkvi-variants+wikidata 邸:𨚏=cjkvi-variants+mj-shrink-map+wikidata 阺:𨸞=cjkvi-variants+wikidata 骶:𩨤=cjkvi-variants+wikidata 鴟:𩿒=cjkvi-variants+mj-shrink-map+wikidata 𥾬:𥿄=cjkvi-variants+wikidata 𦕇:𦕑=cjkvi-variants 𦨠:𦨢=cjkvi-variants+wikidata 𦮈:𦰘=cjkvi-variants 𩵷:𩶅=cjkvi-variants+wikidata
气	氣	17	19	18	㐹:㑶=cjkvi-variants+opencc+unihan 㧉:𭡾=wikidata 䏗:𦞝=cjkvi-variants 忾:愾=cjkvi-variants+opencc+unihan+wikidata+yitizi 暣:𣅠=cjkvi-variants+wikidata 汽:滊=cjkvi-variants 熂:𪸕=cjkvi-variants+opencc+unihan+wikidata 芞:𫉀=cjkvi-variants 鎎:𨥊=cjkvi-variants 靔:靝=cjkvi-variants+opencc+wikidata+yitizi 餼:𩚤=cjkvi-variants 𠯏:𠺪=cjkvi-variants 𣱪:𣱯=cjkvi-variants 𥤶:𥧔=cjkvi-variants+mj-shrink-map 𧎵:𫊨=cjkvi-variants+unihan 𧥷:𧪢=cjkvi-variants 𩡹:𩥀=cjkvi-variants
水	⿲𰀪丨⿱丶丶	2	4	4	瘝:𤸄=cjkvi-variants+wikidata 鰥:𩹌=cjkvi-variants+wikidata 𦬭:𦭅=cjkvi-variants
水	⿴{11}亅	4	6	3	㓼:𠞘=cjkvi-variants+wikidata 㴝:𪏭=cjkvi-variants 𧻦:𧼇=cjkvi-variants
水	氺	6	12	9	㓼:𠞘=cjkvi-variants+wikidata 㴝:𪏭=cjkvi-variants 囦:𡇋=cjkvi-variants 瘝:𤸄=cjkvi-variants+wikidata 鰥:𩹌=cjkvi-variants+wikidata 𧻦:𧼇=cjkvi-variants
氺	米	3	15	5	㝩:𡪼=cjkvi-variants+wikidata 康:𥹺=cjkvi-variants+wikidata 漮:𣾩=cjkvi-variants+opencc+wikidata 鰥:𱆾=wikidata 黎:𮇵=wikidata
汙	汚	2	1	1	䨕:𩂧=cjkvi-variants+wikidata 盓:𥁡=cjkvi-variants+wikidata
汙	污	3	4	4	䨕:𩂧=cjkvi-variants+wikidata 盓:𥁡=cjkvi-variants+wikidata 𡜂:𡜡=cjkvi-variants+wikidata
汤	湯	6	8	7	烫:燙=cjkvi-variants+opencc+unihan+wikidata+yitizi 璗:𬍡=cjkvi-variants+opencc+unihan+wikidata 簜:𰩹=unihan+wikidata 荡:蕩=cjkvi-variants+opencc+unihan+wikidata+yitizi 𡑑:𮰠=unihan+wikidata 𪳷:𬂱=cjkvi-variants+unihan+wikidata
沓	畓	2	3	1	踏:𰸟=wikidata 𦧟:𮍾=wikidata
沓	眔	4	12	4	䎓:𦑶=cjkvi-variants 䓠:𦵺=cjkvi-variants+wikidata 誻:𧪟=cjkvi-variants+wikidata 遝:𨓬=cjkvi-variants+mj-shrink-map+wikidata
淵	渊	2	1	1	㘤:𡈛=cjkvi-variants+unihan+wikidata 奫:𫯶=cjkvi-variants+unihan+wikidata
渐	漸	5	6	6	壍:𰊢=unihan+wikidata 聻:𫆏=cjkvi-variants+opencc+unihan+wikidata 𦾶:𬞋=cjkvi-variants+unihan+wikidata 𩉍:𬰣=cjkvi-variants+unihan+wikidata 𩟗:𫗚=cjkvi-variants+opencc+unihan+wikidata
渠	𭩢	4	5	4	磲:𥓼=cjkvi-variants+mj-shrink-map+wikidata 蟝:𮔟=wikidata 𡞮:𡡥=cjkvi-variants 𦂘:𦄽=cjkvi-variants
满	滿	2	1	1	懑:懣=cjkvi-variants+opencc+unihan+wikidata+yitizi 𦿭:𮶷=unihan+wikidata
火	灬	63	109	80	㶨:㶪=cjkvi-variants 㶵:𤇲=cjkvi-variants 㷅:焣=cjkvi-variants+wikidata 㷊:焚=cjkvi-variants+mj-shrink-map+wikidata 㷗:熈=cjkvi-variants 㷛:煲=cjkvi-variants+wikidata 㷳:𤎝=cjkvi-variants+wikidata 㷶:𤏛=cjkvi-variants 㷼:燕=cjkvi-variants+mj-shrink-map+opencc+wikidata 㸈:𤒏=cjkvi-variants 㸐:𤓉=cjkvi-variants 䀆:盡=cjkvi-variants+mj-shrink-map+opencc+wikidata 䖄:𧆋=cjkvi-variants 䳿:𪆈=cjkvi-variants+wikidata 庶:𢉙=cjkvi-variants+mj-shrink-map+opencc+wikidata 杰:𤆰=cjkvi-variants 樜:𣙃=cjkvi-variants+wikidata 樵:𣛑=cjkvi-variants+opencc+wikidata 淡:𣷇=cjkvi-variants 灸:𤆐=cjkvi-variants+wikidata 点:𭴙=mj-shrink-map 烈:烮=cjkvi-variants+wikidata 烋:𤈢=cjkvi-variants+mj-shrink-map+wikidata 烝:𰞜=wikidata 烲:焎=cjkvi-variants+wikidata 焄:𤉅=cjkvi-variants+wikidata 無:𭴿=wikidata 焦:𤊙=cjkvi-variants+mj-shrink-map+wikidata 然:𤉷=cjkvi-variants+opencc+wikidata 煎:𤋎=cjkvi-variants+wikidata 煑:煮=cjkvi-variants+mj-shrink-map+opencc+unihan+wikidata+yitizi 煕:𤌇=cjkvi-variants 煦:𤋗=cjkvi-variants+wikidata 照:𤋜=cjkvi-variants+mj-shrink-map+wikidata 煭:𤋴=cjkvi-variants 熊:熋=cjkvi-variants+opencc 熙:𤌇=cjkvi-variants+opencc+wikidata 熟:𤍨=cjkvi-variants+wikidata 熬:𤎅=cjkvi-variants+wikidata 熱:𤍽=cjkvi-variants+mj-shrink-map+wikidata 熹:𤏴=cjkvi-variants+mj-shrink-map+opencc+wikidata 爇:𤑔=cjkvi-variants+mj-shrink-map+wikidata+yitizi 缹:𤈣=cjkvi-variants+wikidata 羔:羙=cjkvi-variants+wikidata 蟅:𧐚=cjkvi-variants+opencc+wikidata 謶:𧫽=cjkvi-variants+wikidata 讌:𧮃=cjkvi-variants+mj-shrink-map+wikidata 遮:𨖓=cjkvi-variants+wikidata 鑣:𨯄=cjkvi-variants+opencc+wikidata 魚:𮫬=mj-shrink-map+wikidata 鷦:𪆅=cjkvi-variants+mj-shrink-map+wikidata 鷦:𪆔=cjkvi-variants+wikidata 黒:𭴬=mj-shrink-map 𢶕:𢶨=cjkvi-variants 𤇕:𤇫=cjkvi-variants 𤈈:𤈉=cjkvi-variants 𤉉:𤉌=cjkvi-variants 𤊽:𤋯=cjkvi-variants 𤌉:𤌽=cjkvi-variants 𤌩:𩬊=cjkvi-variants 𤍱:𩃏=cjkvi-variants 𤎩:𨼾=cjkvi-variants 𤎯:𤎰=cjkvi-variants 𤎼:𤏅=cjkvi-variants 𤐧:𤐸=cjkvi-variants+wikidata 𤑏:𤑐=cjkvi-variants 𤑜:𤑨=cjkvi-variants 𤒉:𤒓=cjkvi-variants 𤓜:𤓞=cjkvi-variants 𤓪:𤓬=cjkvi-variants 𤡮:𤢅=cjkvi-variants+wikidata 𨫗:𨫷=cjkvi-variants 𩏶:𩏷=cjkvi-variants 𬊙:𬊛=wikidata
灵	靈	9	11	10	㦭:𭝋=unihan+wikidata 㻏:𤫩=cjkvi-variants+opencc+unihan+wikidata+yitizi 䖅:𫟑=cjkvi-variants+opencc+unihan+wikidata 棂:欞=cjkvi-variants+opencc+unihan+wikidata+yitizi 爧:𫞠=cjkvi-variants+opencc+unihan+wikidata 𤅷:𰛻=unihan+wikidata 𤣤:𬌴=cjkvi-variants+unihan+wikidata 𥘃:𮀡=unihan+wikidata 𥾂:𮇤=unihan
炎	焱	8	20	8	㲜:㲭=cjkvi-variants 剡:𠟡=wikidata 掞:𢴵=cjkvi-variants+wikidata 晱:𭧲=wikidata 欻:歘=cjkvi-variants+wikidata 覢:𮗝=wikidata 郯:𨞇=cjkvi-variants+wikidata 颷:飈=cjkvi-variants
炎	猋	4	12	4	欻:𣤛=wikidata 賧:贆=cjkvi-variants+wikidata 颷:飇=cjkvi-variants 飆:𩗹=wikidata
炏	艹	22	92	62	㮠:𣞁=cjkvi-variants+unihan+wikidata 㹙:𪺴=cjkvi-variants+wikidata 㼆:𬎆=cjkvi-variants+unihan+wikidata 䁝:𰥞=unihan+wikidata 䃕:𰦷=unihan+wikidata 䒮:𠙦=wikidata 䒿:膋=cjkvi-variants+unihan+wikidata 䓨:罃=cjkvi-variants+opencc+unihan+wikidata 僗:𫢬=cjkvi-variants+unihan+wikidata 劳:勞=cjkvi-variants+mj-shrink-map+opencc+unihan+wikidata+yitizi 唠:嘮=cjkvi-variants+opencc+unihan+wikidata+yitizi 塋:茔=cjkvi-variants+opencc+unihan+wikidata+yitizi 嫈:𰌀=unihan+wikidata 崂:嶗=cjkvi-variants+opencc+unihan+wikidata+yitizi 嵘:嶸=cjkvi-variants+opencc+unihan+wikidata+yitizi 巆:𫶕=cjkvi-variants+unihan+wikidata 憦:𫺘=cjkvi-variants+unihan+wikidata 捞:撈=cjkvi-variants+opencc+unihan+wikidata+yitizi 榮:荣=cjkvi-variants+mj-shrink-map+opencc+unihan+wikidata+yitizi 橯:𣓿=cjkvi-variants+opencc+unihan 檾:𰘓=unihan+wikidata 涝:澇=cjkvi-variants+opencc+unihan+wikidata+yitizi 溁:濚=cjkvi-variants+opencc+unihan+wikidata+yitizi 滎:荥=cjkvi-variants+opencc+unihan+wikidata+yitizi 滢:瀅=cjkvi-variants+opencc+unihan+wikidata+yitizi 潆:瀠=cjkvi-variants+opencc+unihan+wikidata+yitizi 濙:𣸨=cjkvi-variants+wikidata 濴:𬈜=cjkvi-variants+unihan+wikidata 瀯:𰝅=unihan+wikidata 煢:茕=cjkvi-variants+opencc+unihan+wikidata+yitizi 熒:荧=cjkvi-variants+opencc+unihan+wikidata+yitizi 營:营=cjkvi-variants+mj-shrink-map+opencc+unihan+wikidata+yitizi 爃:𫞡=cjkvi-variants+opencc+unihan+wikidata 犖:荦=cjkvi-variants+opencc+unihan+wikidata+yitizi 瑩:莹=cjkvi-variants+opencc+unihan+wikidata+yitizi 痨:癆=cjkvi-variants+opencc+unihan+wikidata+yitizi 磱:𮀤=unihan+wikidata 縈:萦=cjkvi-variants+opencc+unihan+wikidata+yitizi 耢:耮=cjkvi-variants+opencc+unihan+yitizi 莺:𮹘=unihan 萤:螢=cjkvi-variants+opencc+unihan+wikidata+yitizi 蒏:醟=cjkvi-variants+opencc+unihan 蓥:鎣=cjkvi-variants+opencc+unihan+wikidata+yitizi 蝾:蠑=cjkvi-variants+opencc+unihan+wikidata+yitizi 蟧:𮔚=wikidata 謍:𰴯=unihan+wikidata 軂:𬧤=cjkvi-variants+unihan+wikidata 鑅:𨪪=cjkvi-variants+wikidata 鶯:𦾉=cjkvi-variants+wikidata 鿲:𧰎=unihan+wikidata 𠠜:𫦕=cjkvi-variants+wikidata 𡑍:𫭼=cjkvi-variants+opencc+unihan+wikidata 𢄋:𦭬=cjkvi-variants+unihan+wikidata 𣂈:𦮜=unihan 𤇾:𫇦=cjkvi-variants+unihan+wikidata 𤎤:𬝃=cjkvi-variants+unihan+wikidata 𤑚:𮳶=unihan+wikidata 𤒨:𮳸=unihan+wikidata 𤙯:𤛮=cjkvi-variants+opencc+unihan+wikidata 𤩂:𫞧=cjkvi-variants+opencc+unihan+wikidata 𤪤:𪛞=unihan+wikidata 𤫎:𮴶=unihan+wikidata 𥣻:𦼖=unihan 𦴇:𦾵=cjkvi-variants+unihan+wikidata 𨣃:𰼋=unihan+wikidata 𨯗:𮢽=wikidata 𪦯:𮱕=unihan+wikidata 𫃑:𰪿=unihan+wikidata 𫦰:𫦸=cjkvi-variants+unihan+wikidata
炏	𤇾	5	14	5	㷀:煢=cjkvi-variants+mj-shrink-map+wikidata 嫈:𮱌=wikidata 禜:𥚡=cjkvi-variants+wikidata 謍:𮘠=wikidata 鶑:鶯=cjkvi-variants+wikidata
炏	𭕄	7	22	11	労:勞=cjkvi-variants+hng-basic-data+mj-shrink-map+opencc+unihan+wikidata+yitizi 営:營=cjkvi-variants+hng-basic-data+mj-shrink-map+opencc+unihan+wikidata+yitizi 撈:𢭐=cjkvi-variants+wikidata 栄:榮=cjkvi-variants+hng-basic-data+mj-shrink-map+opencc+unihan+wikidata+yitizi 濚:𭱚=wikidata 瑩:𭸼=wikidata 癆:𭼎=wikidata 蛍:螢=cjkvi-variants+hng-basic-data+mj-shrink-map+opencc+unihan+wikidata+yitizi 鑅:𮢚=wikidata 鴬:鶯=cjkvi-variants+wikidata+yitizi 𦆱:𮈰=wikidata
為	爲	4	5	5	偽:僞=cjkvi-variants+hng-basic-data+mj-shrink-map+opencc+unihan+wikidata+yitizi 媯:嬀=cjkvi-variants+opencc+unihan+wikidata+yitizi 溈:潙=cjkvi-variants+opencc+unihan+wikidata+yitizi 蒍:蔿=cjkvi-variants+opencc+unihan+wikidata+yitizi
烦	煩	2	1	1	薠:𮐚=unihan+wikidata 𫫏:𫬆=cjkvi-variants+unihan+wikidata
無	⿱大𣚨	4	4	4	幠:𢅿=cjkvi-variants+opencc+wikidata 廡:𢌋=cjkvi-variants+mj-shrink-map+opencc+wikidata 撫:𢺌=cjkvi-variants+mj-shrink-map+opencc+wikidata 𨼊:𨽬=cjkvi-variants+wikidata
無	舞	6	13	6	㒇:儛=unihan+yitizi 㵲:潕=cjkvi-variants+wikidata 䍢:𦌬=cjkvi-variants+wikidata 嫵:𡣆=cjkvi-variants+mj-shrink-map+wikidata 廡:𢋑=cjkvi-variants+mj-shrink-map+wikidata 瞴:𥌇=cjkvi-variants+wikidata
無	𣞤	2	1	1	潕:𤅅=cjkvi-variants+opencc+wikidata 膴:𦣌=cjkvi-variants+opencc+wikidata
焦	𤊙	3	7	4	樵:𣛑=cjkvi-variants+opencc+wikidata 鷦:𪆅=cjkvi-variants+mj-shrink-map+wikidata 𩏶:𩏷=cjkvi-variants
焭	煢	3	4	4	㒌:𠎽=cjkvi-variants 橩:𣜧=cjkvi-variants+wikidata 𦺺:𦽓=cjkvi-variants
焱	猋	7	10	6	䔸:𦼐=cjkvi-variants+wikidata 贆:𧷼=cjkvi-variants+wikidata 飆:飊=cjkvi-variants+wikidata+yitizi 飇:飈=cjkvi-variants+yitizi 𣄠:𣄡=cjkvi-variants+wikidata 𦠎:𰯚=wikidata
然	𤉷	2	1	1	䳿:𪆈=cjkvi-variants+wikidata 𤡮:𤢅=cjkvi-variants+wikidata
熊	能	2	10	5	䥯:𨰟=cjkvi-variants+wikidata 犤:𤜑=cjkvi-variants+wikidata 罷:羆=cjkvi-variants 藣:𧄾=cjkvi-variants+wikidata 襬:𧟍=cjkvi-variants+wikidata
熏	薰	5	10	6	䌲:纁=cjkvi-variants+wikidata 曛:𣌕=wikidata 獯:𭸳=wikidata 臐:𣎰=wikidata 𪇑:𪈧=cjkvi-variants+wikidata
熏	𡼡	3	7	4	櫄:𣝙=cjkvi-variants 臐:𦢜=cjkvi-variants+wikidata 𪇑:𱉃=wikidata
燅	𰟚	2	2	1	𢅮:𢅲=cjkvi-variants+wikidata 𢸧:𭣆=wikidata
營	营	4	6	5	巆:𫶕=cjkvi-variants+unihan+wikidata 瀯:𰝅=unihan+wikidata 𤒨:𮳸=unihan+wikidata 𤫎:𮴶=unihan+wikidata
燮	爕	5	10	6	㦪:𢥥=cjkvi-variants+wikidata 㽊:𤮶=cjkvi-variants+wikidata 躞:𨇾=wikidata 𤫉:𤫙=wikidata 𥍆:𥍏=cjkvi-variants+wikidata
爪	瓜	13	33	15	㼐:𭶳=wikidata 㽿:𪽫=cjkvi-variants 呱:𫩜=wikidata 搲:𢱑=wikidata 沠:泒=cjkvi-variants+wikidata 爬:𭺗=wikidata 狐:𤜶=cjkvi-variants+mj-shrink-map+wikidata 瓞:𤔅=wikidata 瓢:𭶶=wikidata 窊:𮃹=wikidata 苽:𦬔=cjkvi-variants 釽:鈲=cjkvi-variants+wikidata 𤔖:𤬁=cjkvi-variants 𧁾:𮒢=wikidata
爫	𱼀	2	16	8	采:𰗕=wikidata 頯:𩓚=wikidata
爯	爾	9	13	9	㛵:嬭=cjkvi-variants 偁:儞=cjkvi-variants 彌:𪫁=cjkvi-variants 稱:穪=cjkvi-variants+mj-shrink-map+unihan+wikidata+yitizi 趰:𧽃=cjkvi-variants 隬:𫕋=cjkvi-variants 𢜻:𢣚=cjkvi-variants 𤌁:𤐨=cjkvi-variants 𥈦:𥌃=cjkvi-variants
爵	𩰥	3	4	4	灂:𤅥=cjkvi-variants+wikidata 爝:𤓡=cjkvi-variants+wikidata 釂:𨤊=cjkvi-variants+wikidata
爾	⿱⿰㇒乛小	2	54	46	蠒:𫊱=cjkvi-variants+unihan 𨮪:𮷯=unihan+wikidata
爾	⿱爾王	3	3	3	㣆:彌=cjkvi-variants+mj-shrink-map+wikidata 獮:𤣔=cjkvi-variants+mj-shrink-map+wikidata 禰:𥜬=cjkvi-variants+wikidata
爾	⿱𠆢爾	2	4	2	鑈:𨯡=cjkvi-variants+wikidata 鸍:𪈕=cjkvi-variants+wikidata
爾	⿳爾一土	3	3	3	㣆:彌=cjkvi-variants+mj-shrink-map+wikidata 獮:𤣔=cjkvi-variants+mj-shrink-map+wikidata 禰:𥜬=cjkvi-variants+wikidata
爾	𠇍	5	9	6	㛋:嬭=cjkvi-variants 薾:𦮕=cjkvi-variants 𡁠:𭇧=wikidata 𣑰:𣝧=cjkvi-variants 𤤽:𤪙=cjkvi-variants
爾	𤕨	8	10	9	㩶:𢺣=cjkvi-variants+wikidata 䌤:𦆤=cjkvi-variants+wikidata 濔:𤁶=cjkvi-variants+mj-shrink-map+wikidata 邇:𮟞=mj-shrink-map+wikidata 鑈:𨯖=cjkvi-variants+wikidata 镾:𨲼=cjkvi-variants+wikidata 隬:𱀾=wikidata 𩍦:𩍲=cjkvi-variants
爿	片	15	38	15	㸛:牊=cjkvi-variants+wikidata 㸜:𤗇=cjkvi-variants+wikidata 㸠:𤕷=cjkvi-variants+wikidata 妝:𤖩=cjkvi-variants+mj-shrink-map+wikidata 戕:𢦤=cjkvi-variants+wikidata 牘:𬌏=wikidata 𤕾:𤗂=cjkvi-variants+wikidata 𤖓:𤗮=cjkvi-variants 𤖖:𤗶=cjkvi-variants+wikidata 𤖘:𤗸=cjkvi-variants+wikidata 𤖝:𤗻=cjkvi-variants 𤖟:𤗺=wikidata 𤗹:𬌌=wikidata 𧢼:𧣉=cjkvi-variants+wikidata 𩿄:𬷃=wikidata
爿	牜	13	44	14	䍧:牂=cjkvi-variants+mj-shrink-map+wikidata 寱:𭔜=wikidata 戕:牫=cjkvi-variants+wikidata 牁:牱=cjkvi-variants+wikidata 牆:𤛷=wikidata 牧:𭷁=wikidata 物:𰠐=wikidata 牲:𰠑=wikidata 特:𭷅=wikidata 牾:𤕻=cjkvi-variants+wikidata 觕:𧢼=cjkvi-variants 𢍿:𤘚=cjkvi-variants+wikidata 𤖁:𤙢=cjkvi-variants
犀	𡱝	4	9	5	墀:𭏊=wikidata 徲:𢔦=cjkvi-variants+wikidata 摨:𭡱=wikidata 遅:遲=cjkvi-variants+hng-basic-data+mj-shrink-map+opencc+unihan+wikidata+yitizi
犁	犂	2	2	1	𠼐:𠾆=cjkvi-variants 𩥴:𩦄=cjkvi-variants+wikidata
犬	犭	4	7	5	㹜:犾=cjkvi-variants+mj-shrink-map+wikidata 狙:𰡈=wikidata 𤜹:𤝆=cjkvi-variants+wikidata 𤟤:𤟴=cjkvi-variants+wikidata
犭	豕	26	94	31	㹲:𧱐=cjkvi-variants+wikidata 㺏:䝏=cjkvi-variants+wikidata 㺣:𧲘=cjkvi-variants+wikidata 䝈:𤜸=cjkvi-variants 䝊:𤟃=cjkvi-variants+wikidata 䝐:𤡪=cjkvi-variants+wikidata 䝔:獾=cjkvi-variants+wikidata 䝕:𤣒=cjkvi-variants+wikidata 橥:櫫=cjkvi-variants+opencc+unihan+wikidata+yitizi 潴:瀦=cjkvi-variants+mj-shrink-map+opencc+unihan+wikidata+yitizi 狠:豤=cjkvi-variants+wikidata 狪:𧱁=cjkvi-variants+wikidata 狵:𧱓=cjkvi-variants+wikidata 狶:豨=cjkvi-variants+wikidata 猪:豬=cjkvi-variants+mj-shrink-map+opencc+unihan+wikidata+yitizi 猳:豭=cjkvi-variants+mj-shrink-map+wikidata 猽:𧱴=cjkvi-variants+wikidata 獂:豲=cjkvi-variants+wikidata 獖:豶=cjkvi-variants+wikidata 蕏:藸=cjkvi-variants+wikidata 豝:𤜱=cjkvi-variants+wikidata 豟:𤝤=cjkvi-variants+wikidata 豩:𤞱=cjkvi-variants+wikidata 豵:𤡆=cjkvi-variants+wikidata 豷:𤡬=cjkvi-variants+wikidata 𣌁:𪱂=cjkvi-variants+wikidata 𣌂:𬁑=cjkvi-variants+unihan+wikidata 𣠕:𬄞=cjkvi-variants+unihan+wikidata 𤜠:𬤻=wikidata 𤜡:𨛤=cjkvi-variants+wikidata 𪙈:𪙲=cjkvi-variants
犭	豸	57	169	61	㦟:𢟆=cjkvi-variants+wikidata 㹦:貂=cjkvi-variants+mj-shrink-map+wikidata 㹧:𧲱=cjkvi-variants+wikidata 㹬:𧳅=cjkvi-variants+wikidata 㹯:貅=cjkvi-variants+mj-shrink-map+wikidata 㹸:貌=cjkvi-variants+mj-shrink-map+wikidata 㺁:𧳦=cjkvi-variants+wikidata 㺄:貐=cjkvi-variants+wikidata 㺎:𧴄=cjkvi-variants+wikidata 㺡:𧴠=cjkvi-variants+wikidata 䔆:薶=cjkvi-variants+wikidata 䝚:狔=cjkvi-variants 䝜:狻=cjkvi-variants+unihan+wikidata+yitizi 䝝:猗=cjkvi-variants+mj-shrink-map+wikidata 䝟:猰=cjkvi-variants+wikidata 䝠:獂=cjkvi-variants+wikidata 䝢:獌=cjkvi-variants+wikidata 䝣:𤡷=wikidata 䝤:獠=cjkvi-variants+unihan+wikidata+yitizi 墾:𡍭=cjkvi-variants+mj-shrink-map+wikidata 犲:豺=cjkvi-variants+mj-shrink-map+unihan+wikidata+yitizi 犳:豹=cjkvi-variants+wikidata 犴:豻=cjkvi-variants+unihan+wikidata+yitizi 狉:豾=cjkvi-variants+wikidata 狐:𧲲=cjkvi-variants+mj-shrink-map+wikidata 狖:貁=cjkvi-variants+wikidata 狗:豿=cjkvi-variants+wikidata 狟:貆=cjkvi-variants+wikidata 狢:貉=cjkvi-variants+hng-basic-data+wikidata+yitizi 狦:𧲾=cjkvi-variants+wikidata 狪:𧳆=cjkvi-variants 狸:貍=cjkvi-variants+hng-basic-data+mj-shrink-map+opencc+unihan+wikidata+yitizi 猊:貎=cjkvi-variants+mj-shrink-map+wikidata 猍:𧳟=cjkvi-variants+wikidata 猝:𧳚=cjkvi-variants+wikidata 猨:𧳭=mj-shrink-map 猪:𧳯=mj-shrink-map 猫:貓=cjkvi-variants+mj-shrink-map+opencc+unihan+wikidata+yitizi 猬:𧳪=cjkvi-variants 猯:貒=cjkvi-variants+mj-shrink-map+wikidata 猱:𧳨=cjkvi-variants+wikidata 猶:𧳫=cjkvi-variants+wikidata 猼:𧳵=cjkvi-variants+wikidata 獍:𧴈=wikidata 獏:貘=cjkvi-variants+mj-shrink-map+wikidata 獑:𧴃=cjkvi-variants+wikidata 獖:𧴍=cjkvi-variants+wikidata 獬:𧴛=wikidata 獺:𧴡=cjkvi-variants+mj-shrink-map+wikidata 獾:貛=cjkvi-variants+mj-shrink-map+unihan+wikidata+yitizi 玃:貜=cjkvi-variants 豽:𤜽=cjkvi-variants+wikidata 貀:𤝒=cjkvi-variants+wikidata 貄:𤝽=cjkvi-variants+wikidata 貔:𤠞=cjkvi-variants+mj-shrink-map+wikidata 貙:𤠾=cjkvi-variants+wikidata 霾:𮦦=wikidata 𤝻:𧳁=cjkvi-variants+wikidata 𤡤:𧴓=wikidata 𤢌:𧴐=cjkvi-variants+wikidata 𩮞:𩯬=cjkvi-variants
狱	獄	2	1	1	嶽:𰎫=unihan+wikidata 𧀀:𮶩=unihan+wikidata
狸	貍	4	5	5	㦟:𢟆=cjkvi-variants+wikidata 䔆:薶=cjkvi-variants+wikidata 霾:𮦦=wikidata 𩮞:𩯬=cjkvi-variants
猌	𢽟	3	5	3	憖:憗=cjkvi-variants+mj-shrink-map+wikidata 𩻜:𩻯=wikidata 𪙤:𱌥=wikidata
猌	𪺽	2	1	1	㙬:𫮜=cjkvi-variants+unihan+wikidata 慭:憖=cjkvi-variants+mj-shrink-map+opencc+unihan+wikidata+yitizi
猪	豬	6	7	7	橥:櫫=cjkvi-variants+opencc+unihan+wikidata+yitizi 潴:瀦=cjkvi-variants+mj-shrink-map+opencc+unihan+wikidata+yitizi 蕏:藸=cjkvi-variants+wikidata 𣌁:𪱂=cjkvi-variants+wikidata 𣌂:𬁑=cjkvi-variants+unihan+wikidata 𣠕:𬄞=cjkvi-variants+unihan+wikidata
献	獻	9	10	10	㩵:擜=cjkvi-variants+opencc+unihan+wikidata 囐:𰈯=unihan+wikidata 巘:𪩘=cjkvi-variants+opencc+unihan+wikidata 巚:𰎹=unihan+wikidata 瓛:𤩽=cjkvi-variants+opencc+unihan+wikidata 讞:𮘾=mj-shrink-map+wikidata 钀:𨭹=cjkvi-variants+wikidata 𣡌:𬄬=cjkvi-variants+unihan+wikidata 𤅊:𮳖=unihan+wikidata
玄	𢆯	4	6	5	伭:𠆺=cjkvi-variants+opencc+wikidata 弦:𢎺=cjkvi-variants+mj-shrink-map+opencc+wikidata 玅:𢆽=opencc 𢇋:𤣨=cjkvi-variants+wikidata
玉	王	12	30	18	㻗:𤦅=cjkvi-variants 匡:匤=cjkvi-variants+mj-shrink-map 囯:国=cjkvi-variants+mj-shrink-map 抂:𢫛=cjkvi-variants 橍:𣜝=cjkvi-variants+wikidata 玨:珏=cjkvi-variants+mj-shrink-map+wikidata 璧:𤩹=cjkvi-variants+opencc+wikidata 筐:筺=cjkvi-variants+hng-basic-data+mj-shrink-map+yitizi 腘:𦛢=cjkvi-variants 蚟:𧉣=cjkvi-variants+wikidata 鈺:𬫃=wikidata 閏:閠=cjkvi-variants+mj-shrink-map+wikidata+yitizi 𠾽:𡀊=cjkvi-variants 𡉠:𡊩=cjkvi-variants 𤣔:𤣗=cjkvi-variants 𤦂:𤦒=cjkvi-variants
玉	𤣩	4	7	5	㼁:𤩺=cjkvi-variants 玴:𤤙=cjkvi-variants+wikidata 璋:𤨼=cjkvi-variants+wikidata 鳿:𩿱=cjkvi-variants+wikidata
王	⿻凵龶	3	5	4	俇:𠍧=cjkvi-variants+opencc 汪:𣳫=cjkvi-variants+mj-shrink-map+opencc+wikidata 狂:𤝵=cjkvi-variants+mj-shrink-map+opencc+wikidata
王	𡈼	3	8	6	狂:狅=cjkvi-variants+wikidata 迋:𨑳=cjkvi-variants+wikidata 𦬬:𦬰=cjkvi-variants
王	𡉚	6	14	9	俇:𠍧=cjkvi-variants+opencc 匡:匩=cjkvi-variants+mj-shrink-map+opencc+wikidata 恇:𢝎=cjkvi-variants+mj-shrink-map+wikidata 枉:𣒈=cjkvi-variants+mj-shrink-map+wikidata 汪:𣳫=cjkvi-variants+mj-shrink-map+opencc+wikidata 汪:𣵭=wikidata 洭:𣶕=cjkvi-variants+opencc+wikidata 狂:𤝵=cjkvi-variants+mj-shrink-map+opencc+wikidata 軭:𮝝=wikidata
玨	⿻人玨	2	2	2	琵:𤧰=cjkvi-variants+mj-shrink-map+wikidata 瑟:𤨝=cjkvi-variants+mj-shrink-map+opencc+wikidata 璱:𤪴=cjkvi-variants+opencc+wikidata
瑩	莹	5	6	6	㼆:𬎆=cjkvi-variants+unihan+wikidata 滢:瀅=cjkvi-variants+opencc+unihan+wikidata+yitizi 𤑚:𮳶=unihan+wikidata 𨯗:𮢽=wikidata 𪦯:𮱕=unihan+wikidata
用	𦉬	2	10	7	䔭:薴=cjkvi-variants 䗿:𧑗=cjkvi-variants+wikidata 寧:甯=cjkvi-variants+mj-shrink-map 橣:檸=cjkvi-variants 澝:濘=cjkvi-variants+wikidata 獰:𤢆=cjkvi-variants+wikidata 鸋:𪆢=cjkvi-variants+wikidata 𩕋:𩕳=cjkvi-variants+wikidata
用	𰤲	2	9	7	䔭:薴=cjkvi-variants 䗿:𧑗=cjkvi-variants+wikidata 橣:檸=cjkvi-variants 澝:濘=cjkvi-variants+wikidata 獰:𤢆=cjkvi-variants+wikidata 鸋:𪆢=cjkvi-variants+wikidata 𩕋:𩕳=cjkvi-variants+wikidata
田	⿱田⿰田田	2	50	17	㶟:漯=cjkvi-variants 㹎:𤜖=cjkvi-variants+wikidata 䉂:𥸕=cjkvi-variants+wikidata 傫:儽=cjkvi-variants+wikidata 嫘:𡤯=cjkvi-variants+wikidata 摞:𢺢=cjkvi-variants 樏:欙=cjkvi-variants+wikidata 畳:疊=cjkvi-variants+mj-shrink-map+opencc+unihan+wikidata+yitizi 瘰:癳=cjkvi-variants+wikidata 磥:𥗼=cjkvi-variants+wikidata 累:纍=cjkvi-variants+mj-shrink-map+opencc+unihan+wikidata+yitizi 縲:纝=cjkvi-variants+wikidata+yitizi 蔂:虆=cjkvi-variants+opencc+unihan+wikidata+yitizi 𡻭:𡿜=cjkvi-variants 𡻱:𡿔=cjkvi-variants 𤨴:𤫤=cjkvi-variants 𥉹:𥍔=cjkvi-variants+wikidata
田	⿻𫩏丷	4	5	3	増:增=cjkvi-variants+hng-basic-data+mj-shrink-map+opencc+unihan+wikidata+yitizi 曽:曾=cjkvi-variants+hng-basic-data+mj-shrink-map+opencc+unihan+wikidata+yitizi 繪:𦅩=cjkvi-variants+mj-shrink-map+wikidata 𧈔:𧈘=wikidata
田	甶	3	25	18	㞇:𡯹=cjkvi-variants+wikidata 䇑:𥪎=cjkvi-variants+wikidata 䡟:𨌦=cjkvi-variants+wikidata 俾:𠈷=cjkvi-variants+mj-shrink-map+wikidata 卑:𤰞=cjkvi-variants+mj-shrink-map+wikidata 埤:𡌨=cjkvi-variants+mj-shrink-map+wikidata 捭:𢬽=cjkvi-variants+wikidata 渒:𣴪=cjkvi-variants 畏:𠂽=cjkvi-variants+mj-shrink-map+wikidata 痺:𤷒=wikidata 碑:𥓓=cjkvi-variants+mj-shrink-map+wikidata 稗:𥟑=cjkvi-variants+mj-shrink-map+wikidata 粺:𥺛=cjkvi-variants+wikidata 脾:𦜉=cjkvi-variants+mj-shrink-map+wikidata 醜:𨢄=cjkvi-variants+wikidata 髀:𩩙=cjkvi-variants+mj-shrink-map+wikidata 𠩲:𠩶=cjkvi-variants+wikidata
田	畾	6	51	18	㶟:漯=cjkvi-variants 㹎:𤜖=cjkvi-variants+wikidata 䉂:𥸕=cjkvi-variants+wikidata 傫:儽=cjkvi-variants+wikidata 嫘:𡤯=cjkvi-variants+wikidata 摞:𢺢=cjkvi-variants 樏:欙=cjkvi-variants+wikidata 畳:疊=cjkvi-variants+mj-shrink-map+opencc+unihan+wikidata+yitizi 瘰:癳=cjkvi-variants+wikidata 磥:𥗼=cjkvi-variants+wikidata 累:纍=cjkvi-variants+mj-shrink-map+opencc+unihan+wikidata+yitizi 縲:纝=cjkvi-variants+wikidata+yitizi 蔂:虆=cjkvi-variants+opencc+unihan+wikidata+yitizi 雷:靁=cjkvi-variants+mj-shrink-map+opencc+wikidata 𡻭:𡿜=cjkvi-variants 𡻱:𡿔=cjkvi-variants 𤨴:𤫤=cjkvi-variants 𥉹:𥍔=cjkvi-variants+wikidata
田	𠔿	2	10	3	㦎:𢟸=cjkvi-variants+wikidata 畫:𦘕=cjkvi-variants+mj-shrink-map+wikidata 箆:𫞾=cjkvi-variants+mj-shrink-map
田	𱕻	2	13	5	䬑:𩙊=cjkvi-variants+wikidata 喟:𠿥=cjkvi-variants+mj-shrink-map+wikidata 媦:𡣃=cjkvi-variants+opencc+wikidata 盧:𥃈=cjkvi-variants+mj-shrink-map+wikidata 胃:𦞅=cjkvi-variants+mj-shrink-map+opencc+wikidata 謂:𧬴=cjkvi-variants+mj-shrink-map+opencc+wikidata
申	𢑚	2	2	1	䰠:𩴋=cjkvi-variants+mj-shrink-map+wikidata 神:𥛃=cjkvi-variants+mj-shrink-map+opencc+wikidata
申	𦥔	5	8	7	䰠:𩳱=cjkvi-variants+mj-shrink-map+wikidata 捜:搜=cjkvi-variants+hng-basic-data+mj-shrink-map+opencc+unihan+wikidata+yitizi 痩:瘦=cjkvi-variants+hng-basic-data+mj-shrink-map+opencc+unihan+wikidata+yitizi 神:𥚞=cjkvi-variants+mj-shrink-map+wikidata 紳:𦁴=cjkvi-variants+mj-shrink-map+opencc+wikidata 𧊋:𧌫=cjkvi-variants
电	⿻臼乚	2	7	6	䁆:𥉱=cjkvi-variants+wikidata 奄:𡘹=cjkvi-variants+mj-shrink-map+opencc+wikidata 淹:𣼜=cjkvi-variants+mj-shrink-map+opencc+wikidata 腌:𦟩=cjkvi-variants+opencc+wikidata 𥥗:𥦣=cjkvi-variants+wikidata
电	⿻𦥑乚	2	7	6	䁆:𥉱=cjkvi-variants+wikidata 奄:𡘹=cjkvi-variants+mj-shrink-map+opencc+wikidata 淹:𣼜=cjkvi-variants+mj-shrink-map+opencc+wikidata 腌:𦟩=cjkvi-variants+opencc+wikidata 𠀻:𠒞=cjkvi-variants
甹	𦥚	5	8	6	娉:𡞲=wikidata 梬:𬃤=wikidata 涄:𬈍=wikidata 聘:𦖳=wikidata 𨩤:𬫙=wikidata
画	畫	8	9	9	㓰:劃=cjkvi-variants+opencc+wikidata 㗲:𠵾=cjkvi-variants+opencc+unihan+wikidata+yitizi 㦎:𢛯=cjkvi-variants+opencc+unihan+wikidata+yitizi 㩇:𫽇=cjkvi-variants+unihan+wikidata 婳:嫿=cjkvi-variants+opencc+unihan+wikidata+yitizi 澅:𣶩=cjkvi-variants+opencc+unihan+wikidata+yitizi 𡳒:𦘧=cjkvi-variants+opencc+unihan 𨐶:𰺨=unihan+wikidata
甾	⿱𠀐田	3	7	4	緇:𦃠=cjkvi-variants+mj-shrink-map+wikidata 輜:𰹟=wikidata 鯔:𩺅=cjkvi-variants+mj-shrink-map+wikidata
甾	⿳中一田	3	6	3	緇:𦃠=cjkvi-variants+mj-shrink-map+wikidata 輜:𰹟=wikidata 鯔:𩺅=cjkvi-variants+mj-shrink-map+wikidata
甾	𣆊	3	4	3	淄:𰜔=wikidata 菑:𰱢=wikidata 輜:𨍟=cjkvi-variants+mj-shrink-map+wikidata
甾	𱰭	5	7	5	淄:湽=cjkvi-variants+mj-shrink-map+wikidata+yitizi 菑:葘=cjkvi-variants+mj-shrink-map+opencc+wikidata+yitizi 輜:輺=cjkvi-variants+mj-shrink-map+opencc+wikidata+yitizi 錙:鍿=cjkvi-variants+mj-shrink-map+opencc+wikidata+yitizi 𧇄:𧇕=cjkvi-variants
畀	𢌿	4	5	5	㑭:𠉶=cjkvi-variants+wikidata 𡌸:𡌹=cjkvi-variants 𢍚:𤱿=cjkvi-variants+wikidata 𢮅:𢮧=cjkvi-variants
畄	留	3	6	5	榴:𰗶=wikidata 溜:𰜈=wikidata 瘤:𰣲=wikidata
留	畱	22	27	25	㙧:塯=cjkvi-variants+wikidata 㨨:㩅=unihan+yitizi 䝀:𰶡=wikidata 廇:𢊺=cjkvi-variants+wikidata 榴:橊=cjkvi-variants+mj-shrink-map+unihan+wikidata+yitizi 溜:澑=cjkvi-variants+mj-shrink-map+wikidata+yitizi 瑠:璢=cjkvi-variants+hng-basic-data+mj-shrink-map+yitizi 瘤:癅=cjkvi-variants+mj-shrink-map+wikidata+yitizi 籀:籒=cjkvi-variants+wikidata 罶:羀=cjkvi-variants+wikidata+yitizi 罶:𮊚=wikidata 遛:𨖻=cjkvi-variants+wikidata+yitizi 鎦:鐂=cjkvi-variants+wikidata+yitizi 霤:𩅸=cjkvi-variants+mj-shrink-map+wikidata 飀:飅=cjkvi-variants+wikidata 餾:𩞷=cjkvi-variants+wikidata 騮:驑=cjkvi-variants+wikidata+yitizi 鶹:𪅳=cjkvi-variants+mj-shrink-map+wikidata+yitizi 𢔲:𢕍=cjkvi-variants+wikidata 𥛅:𥛽=cjkvi-variants+wikidata 𥠷:𥢋=cjkvi-variants+wikidata 𥧥:𥨌=cjkvi-variants 𥵄:𥶅=cjkvi-variants+wikidata 𨍸:𰹤=wikidata
留	𤲢	2	2	1	瘤:𰤆=wikidata 𢞓:𭞬=wikidata
畨	番	5	7	7	憣:𢟷=cjkvi-variants+wikidata 轓:𨎚=cjkvi-variants+wikidata 𢐮:𢐲=wikidata 𤃳:𤄫=cjkvi-variants+wikidata 𥢌:𮃪=wikidata
異	翼	5	13	5	㔴:𠥦=cjkvi-variants 㢞:廙=cjkvi-variants 䔬:𧃟=cjkvi-variants 𤺆:𤼌=cjkvi-variants 𦔜:𦔫=cjkvi-variants
畺	虽	3	14	5	勥:𠣃=cjkvi-variants 嵹:𡾪=cjkvi-variants+wikidata 强:彊=cjkvi-variants+unihan+yitizi 襁:𧟂=cjkvi-variants+mj-shrink-map+wikidata 𠼢:𭌡=wikidata
畺	𧈧	3	13	5	勥:𠣃=cjkvi-variants 強:彊=cjkvi-variants+unihan+wikidata+yitizi 襁:𧟂=cjkvi-variants+mj-shrink-map+wikidata 𠼢:𭌡=wikidata
畾	纍	5	16	5	攂:𢺢=cjkvi-variants 瓃:𤫤=cjkvi-variants+wikidata 藟:虆=cjkvi-variants 讄:𧮢=cjkvi-variants+wikidata 𡾋:𡿜=cjkvi-variants
畾	雷	8	24	9	㿔:癗=cjkvi-variants+wikidata 䍣:𦌵=cjkvi-variants+wikidata 擂:攂=cjkvi-variants+mj-shrink-map+wikidata 檑:櫑=cjkvi-variants 礌:礧=cjkvi-variants+wikidata 蕾:藟=cjkvi-variants 轠:𨎿=cjkvi-variants+wikidata 鸓:𪆼=cjkvi-variants+wikidata
疊	𤴁	2	1	1	㩸:㩹=cjkvi-variants+wikidata 㲲:氎=cjkvi-variants+wikidata
疋	⿺𠃊口	2	12	9	䈝:𥮪=cjkvi-variants 䱬:𩸠=cjkvi-variants+wikidata 湑:𣷢=cjkvi-variants+mj-shrink-map+wikidata 稰:𥟮=cjkvi-variants+wikidata 糈:𥺳=cjkvi-variants+mj-shrink-map+wikidata 胥:𦙃=cjkvi-variants+mj-shrink-map+wikidata 諝:𧩑=cjkvi-variants+wikidata 醑:𨡠=cjkvi-variants+wikidata 𤟕:𤟠=cjkvi-variants+wikidata 𥚝:𥚩=cjkvi-variants
疋	胥	3	10	4	䝪:𧶳=cjkvi-variants+wikidata 揟:𢪵=cjkvi-variants+wikidata 諝:𮘇=wikidata
疋	龰	3	9	3	㚄:𫯃=cjkvi-variants 蹤:𮜕=wikidata 𧉆:𰲷=wikidata
疌	⿳⺊{43}龰	9	10	10	㨗:捷=cjkvi-variants+mj-shrink-map+unihan+wikidata 倢:偼=cjkvi-variants+mj-shrink-map+wikidata 啑:𠸝=cjkvi-variants+wikidata 婕:媫=cjkvi-variants+wikidata 睫:𥈤=cjkvi-variants+wikidata 萐:𦵉=cjkvi-variants+wikidata 蓵:𦻴=cjkvi-variants+wikidata 誱:𧪌=cjkvi-variants+wikidata 𣓉:𣕹=cjkvi-variants+wikidata 𧐥:𧑻=cjkvi-variants
疌	⿳⺊𫜹龰	5	6	6	㨗:捷=cjkvi-variants+mj-shrink-map+unihan+wikidata 倢:偼=cjkvi-variants+mj-shrink-map+wikidata 啑:𠸝=cjkvi-variants+wikidata 婕:媫=cjkvi-variants+wikidata 蓵:𦻴=cjkvi-variants+wikidata 𧐥:𧑻=cjkvi-variants
疌	𢈻	5	7	6	倢:𠌿=cjkvi-variants+mj-shrink-map+wikidata 捷:𢳿=cjkvi-variants+wikidata 疀:𤳲=cjkvi-variants+wikidata 睫:𥊆=cjkvi-variants+wikidata 誱:𧫰=cjkvi-variants+wikidata
疐	𤴡	4	6	5	嚏:嚔=cjkvi-variants+mj-shrink-map+opencc+wikidata+yitizi 𠏴:𠐑=cjkvi-variants+wikidata 𢷐:𢷟=cjkvi-variants 𨆫:𨇈=cjkvi-variants
疒	𤕫	4	7	5	疾:𤕺=cjkvi-variants+mj-shrink-map+wikidata 痱:𰣱=wikidata 癘:𰤅=wikidata 癬:𰤊=wikidata
癶	{21}	5	14	8	㽅:𤮘=cjkvi-variants+yitizi 摖:𢲉=wikidata 登:豋=unihan+yitizi 祭:𥙊=cjkvi-variants+mj-shrink-map+wikidata 葵:𬝢=wikidata 鐙:𨭕=cjkvi-variants+mj-shrink-map+wikidata 隥:𨽆=wikidata 𠽟:𫫱=wikidata
癶	𣦼	3	6	2	㒠:𠏪=cjkvi-variants+wikidata 璨:𭹵=wikidata 粲:𭽀=wikidata
癸	葵	3	10	3	䳫:𪆴=cjkvi-variants+wikidata 猤:𤢑=cjkvi-variants+wikidata 騤:𩦟=cjkvi-variants+wikidata
癸	𤼩	4	5	5	揆:𢲕=cjkvi-variants+mj-shrink-map+wikidata 湀:𣺍=cjkvi-variants+wikidata 葵:𦷡=cjkvi-variants+mj-shrink-map+wikidata 𠊾:𠋳=cjkvi-variants+wikidata
癹	發	8	11	8	㗶:𠷑=cjkvi-variants+wikidata 䚨:𧤔=cjkvi-variants+wikidata 墢:𡍰=cjkvi-variants+wikidata 撥:𢯸=cjkvi-variants+wikidata 潑:𣸍=cjkvi-variants+wikidata 醱:𨡩=cjkvi-variants+mj-shrink-map+wikidata 鏺:𨨻=cjkvi-variants+wikidata 鱍:𩸿=cjkvi-variants+wikidata
発	發	5	6	6	㾱:癈=cjkvi-variants+wikidata 廃:廢=cjkvi-variants+hng-basic-data+mj-shrink-map+opencc+unihan+wikidata+yitizi 撥:𫝼=cjkvi-variants+wikidata 溌:潑=cjkvi-variants+opencc+wikidata+yitizi 醗:醱=cjkvi-variants+opencc+wikidata+yitizi
登	豋	3	7	4	㽅:𤮘=cjkvi-variants+yitizi 鐙:𨭕=cjkvi-variants+mj-shrink-map+wikidata 隥:𨽆=wikidata
白	自	11	75	26	䫵:𩕰=cjkvi-variants+wikidata 喤:𠹡=cjkvi-variants+opencc+wikidata 嘷:噑=cjkvi-variants+yitizi 息:𢘣=cjkvi-variants+mj-shrink-map 暭:曍=cjkvi-variants 槹:橰=cjkvi-variants 泉:𣳻=wikidata 煌:𤌼=cjkvi-variants+mj-shrink-map+opencc+wikidata 獋:獔=cjkvi-variants 百:𦣻=cjkvi-variants+wikidata 皇:𦤃=cjkvi-variants+mj-shrink-map+wikidata 皈:𦤇=wikidata 皐:臯=cjkvi-variants 皡:皥=cjkvi-variants+mj-shrink-map+unihan+yitizi 矈:矏=wikidata+yitizi 翶:翺=cjkvi-variants 舶:𮎌=wikidata 艎:𦪄=cjkvi-variants+opencc+wikidata 蘷:虁=unihan 諻:𧫍=cjkvi-variants+wikidata 辠:𤽮=wikidata 鍠:𨪽=cjkvi-variants+mj-shrink-map+opencc+wikidata 騜:𩥧=cjkvi-variants+wikidata 𧭇:𧭮=wikidata 𭽐:𮍗=wikidata
百	陌	2	1	1	洦:𣶊=cjkvi-variants+mj-shrink-map 𧻙:𧼟=cjkvi-variants+wikidata
皀	{18}	8	13	12	即:卽=cjkvi-variants+hng-basic-data+mj-shrink-map+opencc+unihan+wikidata+yitizi 唧:喞=cjkvi-variants+mj-shrink-map+wikidata+yitizi 塈:墍=cjkvi-variants+wikidata+yitizi 廄:廏=cjkvi-variants+mj-shrink-map+wikidata+yitizi 既:旣=cjkvi-variants+hng-basic-data+mj-shrink-map+opencc+wikidata+yitizi 暨:曁=cjkvi-variants+mj-shrink-map+opencc+wikidata+yitizi 概:槪=cjkvi-variants+hng-basic-data+mj-shrink-map+opencc+unihan+wikidata+yitizi 溉:漑=cjkvi-variants+mj-shrink-map+wikidata+yitizi 郷:鄕=cjkvi-variants+hng-basic-data+mj-shrink-map+opencc+unihan+yitizi 𣢣:𣢼=cjkvi-variants+wikidata
皀	皂	2	3	1	梍:梎=cjkvi-variants+mj-shrink-map 𡨇:𡨗=cjkvi-variants
皁	皂	2	1	1	唕:唣=cjkvi-variants+wikidata 𣴢:𰛴=wikidata
皇	𦤃	6	7	7	喤:𠹡=cjkvi-variants+opencc+wikidata 煌:𤌼=cjkvi-variants+mj-shrink-map+opencc+wikidata 艎:𦪄=cjkvi-variants+opencc+wikidata 諻:𧫍=cjkvi-variants+wikidata 鍠:𨪽=cjkvi-variants+mj-shrink-map+opencc+wikidata 騜:𩥧=cjkvi-variants+wikidata
皋	皐	5	7	6	嗥:噑=cjkvi-variants+yitizi 暤:暭=cjkvi-variants 槔:槹=cjkvi-variants+wikidata 皞:皡=cjkvi-variants+mj-shrink-map+unihan+wikidata+yitizi 翱:翶=cjkvi-variants+wikidata+yitizi
皋	臯	19	22	20	㟸:𡼗=cjkvi-variants+wikidata 㿁:𤺃=cjkvi-variants+wikidata 䔌:𦺆=cjkvi-variants+wikidata 䚌:𧢌=cjkvi-variants+wikidata 䜂:𧬁=cjkvi-variants+wikidata 䜰:𧯌=cjkvi-variants+wikidata 䣗:𨝲=cjkvi-variants+wikidata 䫧:𩕍=cjkvi-variants+wikidata 嗥:嘷=cjkvi-variants+unihan+wikidata+yitizi 槔:橰=cjkvi-variants+wikidata 滜:𣽎=cjkvi-variants+wikidata 獆:獋=cjkvi-variants 皞:皥=cjkvi-variants+mj-shrink-map+unihan+wikidata+yitizi 翱:翺=cjkvi-variants+mj-shrink-map+unihan+wikidata+yitizi 韟:𩏤=cjkvi-variants+wikidata 鷎:鷱=cjkvi-variants+wikidata 𡟷:𡠖=cjkvi-variants+wikidata 𥡅:𥢐=cjkvi-variants+wikidata 𨎀:𨎦=cjkvi-variants+wikidata
皐	臯	6	7	7	嘷:噑=cjkvi-variants+yitizi 暭:曍=cjkvi-variants 槹:橰=cjkvi-variants 獋:獔=cjkvi-variants 皡:皥=cjkvi-variants+mj-shrink-map+unihan+yitizi 翶:翺=cjkvi-variants
皷	鼓	5	14	6	䥢:𫓖=cjkvi-variants 瞽:𥌒=wikidata 鼕:𭽸=wikidata 鼙:𥀷=wikidata 鼞:𮮫=wikidata
皿	𦉬	2	5	3	嬣:𰌖=wikidata 寍:寧=cjkvi-variants+mj-shrink-map+unihan+wikidata+yitizi 濘:𣾈=cjkvi-variants+wikidata 薴:𦺝=cjkvi-variants+wikidata
皿	𰤲	2	4	3	嬣:𰌖=wikidata 濘:𣾈=cjkvi-variants+wikidata 薴:𦺝=cjkvi-variants+wikidata
盇	盍	14	19	16	㗐:嗑=cjkvi-variants+mj-shrink-map+opencc+wikidata 䗘:𮔡=wikidata 壒:𡑷=cjkvi-variants+mj-shrink-map+wikidata 榼:𣖁=cjkvi-variants+mj-shrink-map+opencc+wikidata 溘:𣹆=cjkvi-variants+mj-shrink-map+opencc+wikidata 灩:𤅿=cjkvi-variants+mj-shrink-map+wikidata 磕:𥔐=cjkvi-variants+mj-shrink-map+opencc+wikidata 葢:蓋=cjkvi-variants+hng-basic-data+mj-shrink-map+opencc+unihan+wikidata+yitizi 豓:豔=cjkvi-variants+mj-shrink-map+opencc+unihan+wikidata+yitizi 闔:𨵵=cjkvi-variants+mj-shrink-map+opencc+wikidata 饁:𩝉=cjkvi-variants+mj-shrink-map+opencc+wikidata 𣣥:𣣹=cjkvi-variants+wikidata 𤸙:𤸱=cjkvi-variants+wikidata 𧰚:𧰟=cjkvi-variants 𨜨:𨜴=cjkvi-variants+wikidata
盍	盖	9	18	9	榼:𣙥=wikidata 磕:𥕤=cjkvi-variants+wikidata 醘:𨢸=wikidata 闔:𨶩=cjkvi-variants+wikidata 鰪:𩺻=cjkvi-variants+mj-shrink-map+wikidata 𡻊:𡻘=cjkvi-variants+wikidata 𤸱:𤹺=cjkvi-variants+wikidata 𧛾:𧜡=cjkvi-variants+wikidata 𨜴:𨝕=cjkvi-variants+wikidata
盍	蓋	8	26	8	㔩:𠤅=cjkvi-variants+wikidata 䫦:𩕭=cjkvi-variants+wikidata 圔:𡈮=cjkvi-variants+wikidata 壒:𡏖=cjkvi-variants+wikidata 溘:濭=cjkvi-variants 磕:礚=cjkvi-variants+mj-shrink-map+wikidata 𣩄:𣩱=cjkvi-variants+wikidata 𨜴:𨞨=cjkvi-variants+wikidata
监	監	24	31	27	㔋:𪟎=cjkvi-variants+opencc+unihan+wikidata 㜮:𫱕=cjkvi-variants+unihan+wikidata 㨫:㩜=cjkvi-variants+opencc+unihan+wikidata+yitizi 㲯:𰚪=unihan+wikidata 䰐:𱆅=unihan+wikidata 儖:𫣉=cjkvi-variants+unihan+wikidata 嚂:𰈓=unihan+wikidata 壏:𰊑=unihan+wikidata 尴:尷=cjkvi-variants+opencc+unihan+wikidata+yitizi 槛:檻=cjkvi-variants+opencc+unihan+wikidata+yitizi 滥:濫=cjkvi-variants+opencc+unihan+wikidata+yitizi 爁:𬊶=cjkvi-variants+unihan+wikidata 璼:𫞨=cjkvi-variants+opencc+unihan+wikidata 礛:𰧔=unihan+wikidata 篮:籃=cjkvi-variants+opencc+unihan+wikidata+yitizi 糮:𬖮=cjkvi-variants+unihan+wikidata 艦:𮶙=unihan+wikidata 蓝:藍=cjkvi-variants+opencc+unihan+wikidata+yitizi 蘫:𬞫=cjkvi-variants+unihan+wikidata 褴:襤=cjkvi-variants+opencc+unihan+wikidata+yitizi 𡽳:𫶊=cjkvi-variants+unihan+wikidata 𢅡:𫷌=cjkvi-variants+unihan+wikidata 𣞎:𣠩=cjkvi-variants+opencc+unihan 𦡶:𰯂=unihan+wikidata 𨣨:𰼏=unihan+wikidata 𩴌:𩴵=cjkvi-variants+opencc+unihan+wikidata
盖	蓋	17	21	18	㦈:𢣏=cjkvi-variants+unihan+wikidata 㯼:𣙥=cjkvi-variants+unihan 壒:𭏦=unihan+wikidata 礚:𥕤=cjkvi-variants+unihan 饚:𩞖=cjkvi-variants 𡡇:𡣨=cjkvi-variants+unihan 𡻘:𭗡=unihan+wikidata 𢷞:𭢕=unihan 𣉼:𣋞=cjkvi-variants+unihan+wikidata 𣰛:𰚱=unihan+wikidata 𤹺:𤻜=cjkvi-variants+unihan+wikidata 𧜡:𧞔=cjkvi-variants+unihan 𨝕:𨞨=cjkvi-variants+unihan 𨢸:𮡈=unihan 𨻹:𨽈=cjkvi-variants+unihan 𩡚:𩡤=cjkvi-variants+unihan 𬧏:𮜝=wikidata
盘	盤	2	1	1	䃲:𪿱=cjkvi-variants 𢸔:𭢋=unihan
監	𪾋	3	8	5	㩜:𫽝=cjkvi-variants 濫:𬈋=cjkvi-variants+wikidata 灆:𪷞=cjkvi-variants 𣠩:𬄱=wikidata
盧	𭾐	3	4	4	纑:𮉗=mj-shrink-map+wikidata 艫:𮎗=mj-shrink-map+wikidata 鱸:𮬗=mj-shrink-map+wikidata
直	𰅰	4	6	5	值:𰁲=wikidata 植:𰗝=wikidata 殖:𰙽=wikidata 置:𰭋=wikidata
眇	𦕈	2	1	1	渺:𣺌=cjkvi-variants+wikidata 篎:𥰚=cjkvi-variants+wikidata
眉	睂	7	9	9	䉋:𥶫=cjkvi-variants+wikidata 媚:𡡾=cjkvi-variants+mj-shrink-map+opencc+wikidata 嵋:𡼴=cjkvi-variants+wikidata 湄:𣾨=cjkvi-variants+mj-shrink-map+opencc+wikidata 瑂:𤩣=cjkvi-variants+opencc+wikidata 睸:𥋎=cjkvi-variants+wikidata 篃:𥴔=cjkvi-variants+wikidata 郿:𨞅=cjkvi-variants+mj-shrink-map+opencc+wikidata
眉	𭕘	2	1	1	湄:𣷍=wikidata 郿:𮟿=wikidata
眔	𥄳	2	2	2	瘝:𤸄=cjkvi-variants+wikidata 鰥:𩹌=cjkvi-variants+wikidata
眞	真	6	9	9	塡:填=cjkvi-variants+hng-basic-data+mj-shrink-map+opencc+unihan+wikidata+yitizi 巓:巔=cjkvi-variants+wikidata+yitizi 愼:慎=cjkvi-variants+hng-basic-data+mj-shrink-map+opencc+unihan+wikidata+yitizi 槇:槙=cjkvi-variants+mj-shrink-map+opencc+wikidata+yitizi 鎭:鎮=cjkvi-variants+hng-basic-data+mj-shrink-map+opencc+unihan+wikidata+yitizi 顚:顛=cjkvi-variants+hng-basic-data+mj-shrink-map+wikidata+yitizi 鷆:鷏=cjkvi-variants+mj-shrink-map+wikidata+yitizi
真	𰅴	3	6	4	填:𰉰=wikidata 慎:𰑝=wikidata 滇:𰛬=wikidata
眾	衆	2	1	1	潀:潨=cjkvi-variants+mj-shrink-map+opencc+wikidata+yitizi 𩅉:𩅧=cjkvi-variants+wikidata
睘	⿱罒⿴{11}丨	4	13	4	䚪:𧤩=cjkvi-variants+wikidata 䜚:𧮅=cjkvi-variants+wikidata 瘝:癏=cjkvi-variants+wikidata 鰥:鱞=cjkvi-variants+wikidata
睘	瞏	15	18	17	䁵:𥌡=cjkvi-variants+wikidata 儇:𠐛=cjkvi-variants+opencc+wikidata 嬛:𡣱=cjkvi-variants+opencc+wikidata 擐:𢸃=cjkvi-variants+mj-shrink-map+opencc+wikidata 檈:𣞲=cjkvi-variants+wikidata 獧:𰡨=wikidata 環:𤪹=cjkvi-variants+mj-shrink-map+opencc+wikidata 繯:𦇏=cjkvi-variants+wikidata 翾:𦒬=cjkvi-variants+opencc+wikidata 蠉:𧔘=cjkvi-variants+opencc+wikidata 譞:𧭴=cjkvi-variants+mj-shrink-map+opencc+wikidata 轘:𨏙=cjkvi-variants+mj-shrink-map+opencc+wikidata 還:𨘣=cjkvi-variants+mj-shrink-map+wikidata 闤:𨷤=cjkvi-variants+opencc+wikidata 鬟:𩯴=opencc 𦌾:𦍆=cjkvi-variants+wikidata
睪	𠬤	19	23	22	凙:𪞝=cjkvi-variants+opencc+unihan+wikidata+yitizi 墿:𰉣=unihan+wikidata 峄:嶧=cjkvi-variants+opencc+unihan+wikidata+yitizi 怿:懌=cjkvi-variants+opencc+unihan+wikidata+yitizi 择:擇=cjkvi-variants+opencc+unihan+wikidata+yitizi 斁:𭣧=unihan+wikidata 檡:𰗛=unihan+wikidata 泽:澤=cjkvi-variants+opencc+unihan+wikidata+yitizi 燡:𰞇=unihan+wikidata 礋:𰦰=unihan+wikidata 箨:籜=cjkvi-variants+opencc+unihan+wikidata+yitizi 萚:蘀=cjkvi-variants+opencc+unihan+wikidata+yitizi 蠌:𰲵=unihan+wikidata 襗:𫋷=cjkvi-variants+opencc+unihan+wikidata 醳:𰼅=unihan+wikidata 释:釋=cjkvi-variants+opencc+unihan+wikidata+yitizi 𢍰:𪪴=cjkvi-variants+opencc+unihan+wikidata 𤝢:𤢟=cjkvi-variants+opencc+unihan+wikidata 𥼶:𬖘=cjkvi-variants+unihan+wikidata 𨆅:𬦫=cjkvi-variants+unihan+wikidata 𩍜:𱁳=unihan+wikidata
睪	𥇡	9	11	10	䁺:𥋭=cjkvi-variants+wikidata 䐾:𰯞=wikidata 澤:𤀎=cjkvi-variants+mj-shrink-map+opencc+wikidata 燡:𤏵=cjkvi-variants+wikidata 籜:𥷐=cjkvi-variants+wikidata 繹:𦆎=cjkvi-variants+mj-shrink-map+opencc+wikidata 譯:𧬳=cjkvi-variants+mj-shrink-map+opencc+wikidata 驛:𩦯=cjkvi-variants+opencc+wikidata 𥼶:𥽉=cjkvi-variants+wikidata
睿	𥈠	2	2	2	叡:𠮉=cjkvi-variants+mj-shrink-map+wikidata 濬:𤀹=cjkvi-variants+wikidata
睿	𧇖	2	1	1	叡:𠮏=cjkvi-variants+wikidata 璿:𤪽=cjkvi-variants
知	𥎿	2	3	2	䣽:𨢮=cjkvi-variants+wikidata 䵹:鼅=cjkvi-variants+wikidata
砉	𥒐	2	1	1	湱:𣼤=wikidata 𤊴:𤎃=cjkvi-variants
礻	⿸⿹丅丿丨	7	12	7	社:𡉹=cjkvi-variants+wikidata 祈:𣂘=cjkvi-variants+wikidata 祖:𥘲=cjkvi-variants+mj-shrink-map+wikidata 祗:𣱊=cjkvi-variants+mj-shrink-map+wikidata 祝:𥘱=cjkvi-variants+mj-shrink-map+wikidata 神:𥙍=cjkvi-variants+mj-shrink-map+wikidata 祼:𥚌=cjkvi-variants+wikidata
礼	禮	7	8	8	𠲥:𡅏=cjkvi-variants+opencc+unihan+yitizi 𡋀:𡓾=cjkvi-variants+opencc+unihan+yitizi 𡤠:𫰣=cjkvi-variants+unihan+wikidata 𢬦:𢹿=cjkvi-variants+opencc+unihan+yitizi 𣑶:𣠲=cjkvi-variants+opencc+unihan+wikidata+yitizi 𦮲:𱿆=wikidata 𨦂:𨰋=cjkvi-variants+wikidata
祟	𰧭	3	5	3	㱁:款=cjkvi-variants+mj-shrink-map+opencc+wikidata 隷:𨾀=mj-shrink-map 𧎹:𧑎=cjkvi-variants+wikidata
票	⿳覀二火	5	5	5	㬓:𣊠=cjkvi-variants+wikidata 䏇:𦗩=cjkvi-variants+wikidata 瞟:𥋄=cjkvi-variants+mj-shrink-map+wikidata 驃:𩦈=cjkvi-variants+mj-shrink-map+wikidata 𨄏:𨅟=cjkvi-variants
票	𡬽	6	14	9	㯹:標=cjkvi-variants+wikidata 僄:𠐆=cjkvi-variants+wikidata 慓:𭟅=wikidata 瘭:𭼱=wikidata 縹:𦆝=cjkvi-variants+mj-shrink-map+wikidata 𩮳:𩯧=cjkvi-variants+wikidata
票	𤌑	5	6	5	彯:𢒵=cjkvi-variants+wikidata 摽:𢸂=cjkvi-variants+mj-shrink-map+wikidata 瞟:𥌝=cjkvi-variants+mj-shrink-map+wikidata 縹:𦇐=cjkvi-variants+wikidata 鰾:𩼾=cjkvi-variants+wikidata
票	𤐫	26	27	26	僄:𠑎=cjkvi-variants+mj-shrink-map+opencc+wikidata 剽:𠠧=cjkvi-variants+mj-shrink-map+opencc+wikidata 勡:𠣆=cjkvi-variants 嘌:𡄺=cjkvi-variants+opencc+wikidata 嫖:𡤚=cjkvi-variants+mj-shrink-map+opencc+wikidata 幖:𢅽=cjkvi-variants+mj-shrink-map 徱:𢖣=cjkvi-variants 慓:𢥡=cjkvi-variants+mj-shrink-map+opencc+wikidata 摽:𢹰=cjkvi-variants+mj-shrink-map+opencc+wikidata 旚:𣄪=cjkvi-variants+opencc+wikidata 標:𣠙=cjkvi-variants+mj-shrink-map+opencc+wikidata 漂:𤄚=cjkvi-variants+mj-shrink-map+opencc+wikidata 熛:𤒾=cjkvi-variants+mj-shrink-map+opencc+wikidata 瓢:𤬡=cjkvi-variants+opencc+wikidata 瞟:𥍌=cjkvi-variants+mj-shrink-map+opencc+wikidata 縹:𦇳=cjkvi-variants+mj-shrink-map+opencc+wikidata 膘:𦣁=cjkvi-variants+mj-shrink-map+opencc+wikidata 蔈:𧄖=cjkvi-variants+opencc+wikidata 褾:𧟈=cjkvi-variants+wikidata 鏢:𨰐=cjkvi-variants+mj-shrink-map+opencc+wikidata 飄:𩙞=cjkvi-variants+mj-shrink-map+opencc+wikidata 驃:𩧙=cjkvi-variants+mj-shrink-map+opencc+wikidata 鰾:𩽯=cjkvi-variants+mj-shrink-map+wikidata 𧢄:𧢨=cjkvi-variants+opencc+wikidata 𧽤:𧾴=cjkvi-variants+wikidata
禀	稟	10	12	12	凛:凜=cjkvi-variants+opencc+unihan+wikidata+yitizi 壈:𡒄=cjkvi-variants+opencc+unihan+wikidata+yitizi 廩:廪=cjkvi-variants+mj-shrink-map+opencc+unihan+wikidata+yitizi 懍:懔=cjkvi-variants+mj-shrink-map+opencc+unihan+wikidata+yitizi 檁:檩=cjkvi-variants+opencc+unihan+wikidata+yitizi 澟:𪷤=cjkvi-variants 燣:燷=cjkvi-variants+wikidata+yitizi 癛:癝=cjkvi-variants+wikidata+yitizi 𡀀:𡀫=cjkvi-variants 𨎹:𨎺=cjkvi-variants+wikidata
离	離	16	18	17	㒧:𠌯=cjkvi-variants 㒿:𰖩=unihan+wikidata 㰚:樆=cjkvi-variants+wikidata 㷰:𪺇=cjkvi-variants 䍠:䍦=cjkvi-variants+opencc+wikidata 䙰:褵=cjkvi-variants+unihan+wikidata 囄:𠻗=cjkvi-variants+unihan 摛:攡=cjkvi-variants 漓:灕=cjkvi-variants+opencc+unihan+wikidata+yitizi 璃:𤫚=cjkvi-variants+wikidata 篱:籬=cjkvi-variants+opencc+unihan+wikidata+yitizi 縭:𮉞=wikidata 蓠:蘺=cjkvi-variants+opencc+unihan+wikidata+yitizi 螭:𧕮=cjkvi-variants+unihan 謧:𧮛=cjkvi-variants+unihan+wikidata 𡼁:𡿎=cjkvi-variants+unihan
秋	秌	8	10	10	㵞:𣿜=cjkvi-variants+wikidata 䋺:𦂏=cjkvi-variants 啾:𠷘=cjkvi-variants+mj-shrink-map+opencc+wikidata 愁:𢝲=cjkvi-variants+mj-shrink-map+opencc+wikidata 揫:𢱀=cjkvi-variants+mj-shrink-map+wikidata 湫:𣹌=cjkvi-variants+mj-shrink-map+opencc+wikidata 甃:𤭰=cjkvi-variants+mj-shrink-map+opencc+wikidata 篍:𥰂=cjkvi-variants+wikidata 萩:𦵒=cjkvi-variants+mj-shrink-map+opencc+wikidata
稣	穌	2	2	1	㢝:𢋈=cjkvi-variants+opencc+unihan+wikidata+yitizi 櫯:𰘶=unihan+wikidata
穎	頴	3	5	4	蘏:蘔=cjkvi-variants+yitizi 𣟓:𣟤=cjkvi-variants+wikidata 𤃡:𪷿=cjkvi-variants
穷	窮	2	1	1	䓖:藭=cjkvi-variants+opencc+unihan+wikidata 𠴛:𡃕=cjkvi-variants+opencc
空	𥤧	2	1	1	涳:𣷆=cjkvi-variants 𨨀:𨨁=cjkvi-variants
窜	竄	2	2	1	撺:攛=cjkvi-variants+opencc+unihan+wikidata+yitizi 蹿:躥=cjkvi-variants+opencc+unihan+wikidata+yitizi
竜	龍	16	24	18	儱:𫣏=cjkvi-variants 嚨:𠺠=cjkvi-variants+wikidata 壠:𡏡=cjkvi-variants 寵:𫳭=cjkvi-variants+wikidata 攏:𢲣=cjkvi-variants+wikidata 朧:𪱨=cjkvi-variants+mj-shrink-map 槞:櫳=cjkvi-variants+mj-shrink-map 滝:瀧=cjkvi-variants+mj-shrink-map+opencc+unihan+wikidata+yitizi 矓:𥉫=cjkvi-variants 篭:籠=cjkvi-variants+hng-basic-data+wikidata+yitizi 蠬:𧏵=cjkvi-variants 豅:𧯇=cjkvi-variants+wikidata 躘:𨃸=cjkvi-variants 隴:𨻫=cjkvi-variants+wikidata 靇:𩄱=cjkvi-variants 𥪝:𪚚=cjkvi-variants
竝	⿱䒑业	2	11	9	𤽽:𤾕=cjkvi-variants 𨂝:𨃱=cjkvi-variants+wikidata
童	重	22	62	23	㡖:幢=cjkvi-variants 㣫:徸=cjkvi-variants+wikidata 㮔:橦=cjkvi-variants 䂌:𥍽=cjkvi-variants+wikidata 偅:僮=cjkvi-variants+wikidata 動:勭=cjkvi-variants+wikidata 喠:噇=cjkvi-variants 尰:𡰒=cjkvi-variants+mj-shrink-map+wikidata 慟:𢣛=cjkvi-variants+mj-shrink-map+wikidata 懂:𢤦=cjkvi-variants+wikidata 歱:𣦟=cjkvi-variants 畽:疃=cjkvi-variants+unihan+wikidata+yitizi 瘇:𤺄=cjkvi-variants+wikidata 瞳:𭿍=wikidata 種:穜=cjkvi-variants 箽:𥳘=cjkvi-variants+wikidata 緟:𦅅=cjkvi-variants+wikidata 董:蕫=cjkvi-variants+wikidata 蝩:𧑆=cjkvi-variants+wikidata 衝:𧘂=cjkvi-variants+mj-shrink-map+unihan+wikidata+yitizi 諥:𧬤=cjkvi-variants+wikidata 鍾:鐘=cjkvi-variants+wikidata+yitizi 𠝤:𠟍=cjkvi-variants+wikidata
笃	篤	4	5	5	𤒘:𬊯=cjkvi-variants+wikidata 𧞶:𬡦=cjkvi-variants+unihan+wikidata 𫽢:𰔺=unihan+wikidata 𬈏:𬉤=cjkvi-variants+unihan+wikidata
笑	𰩬	2	1	1	𢝹:𢞖=wikidata 𧛒:𧜕=cjkvi-variants
笔	筆	3	5	4	㻶:𪼋=cjkvi-variants+opencc+unihan+wikidata 滗:潷=cjkvi-variants+opencc+unihan+wikidata+yitizi 𢴩:𫽳=cjkvi-variants+unihan+wikidata
笺	箋	2	1	1	𣘷:𣝕=cjkvi-variants+opencc+unihan+wikidata+yitizi 𥱔:𥵃=cjkvi-variants+opencc+unihan+yitizi
答	荅	14	21	15	㗳:嗒=cjkvi-variants+unihan+wikidata+yitizi 㙮:塔=cjkvi-variants+unihan+wikidata+yitizi 㯚:榙=cjkvi-variants+wikidata 㲮:𣯚=wikidata 剳:劄=cjkvi-variants+mj-shrink-map+unihan+yitizi 搭:撘=cjkvi-variants+mj-shrink-map+unihan+wikidata+yitizi 溚:𣽛=cjkvi-variants+wikidata 瘩:𤺥=cjkvi-variants+wikidata 褡:𧝡=wikidata 譗:𬢿=wikidata 鞳:𩍈=wikidata 𠍹:𬿀=wikidata 𥔽:𮁇=wikidata 𨃚:𨅞=cjkvi-variants+wikidata
筫	質	2	2	1	躓:𨆦=cjkvi-variants+wikidata 𡀹:𡂒=cjkvi-variants+wikidata
简	簡	2	1	1	㶕:𰝗=unihan+wikidata 𫌙:𬡱=cjkvi-variants+unihan+wikidata
箴	葴	3	6	3	鱵:𩼘=cjkvi-variants+mj-shrink-map+wikidata 𪇅:𪇳=cjkvi-variants+wikidata 𪒯:𪒹=cjkvi-variants+wikidata
節	节	7	8	8	㘉:𠰱=cjkvi-variants+opencc+wikidata 㸅:𰞍=unihan+wikidata 䗻:𮔂=unihan+wikidata 擳:𰓜=unihan+wikidata 栉:櫛=cjkvi-variants+opencc+unihan+wikidata+yitizi 瀄:𰛤=unihan+wikidata 蠞:𬝋=cjkvi-variants+unihan+wikidata
節	莭	2	2	1	㦢:𭞖=wikidata 瀄:𭲝=wikidata
篾	蔑	5	8	5	䁾:𰦋=wikidata 䘊:蠛=cjkvi-variants+wikidata 懱:𰒢=wikidata 礣:𥗥=cjkvi-variants+wikidata 鱴:𩽣=cjkvi-variants+wikidata
簡	𥳑	3	5	4	㶕:𤄒=cjkvi-variants+wikidata 𡅉:𡅌=cjkvi-variants 𨰓:𨰝=cjkvi-variants+wikidata
簿	薄	2	2	1	欂:𭬾=wikidata 𦢸:𦣈=cjkvi-variants
籥	龠	3	6	4	䠯:𨈋=cjkvi-variants+wikidata 瀹:𤅰=cjkvi-variants+mj-shrink-map+wikidata+yitizi 龥:𥸤=cjkvi-variants
米	⿴{11}亅	2	5	3	㝩:𡪼=cjkvi-variants+wikidata 康:𥹺=cjkvi-variants+wikidata 漮:𣾩=cjkvi-variants+opencc+wikidata 黎:𮇵=wikidata
米	⿻⿱⿻口一口丨	8	70	63	㜢:𡞱=cjkvi-variants+opencc+unihan+wikidata+yitizi 㟺:𪩇=cjkvi-variants+opencc+unihan+wikidata 㡞:𰏜=unihan+wikidata 㥪:慺=cjkvi-variants+opencc+unihan+wikidata 㪹:𬖠=cjkvi-variants+unihan+wikidata 㺏:𤠋=cjkvi-variants+opencc+unihan+wikidata+yitizi 䁖:瞜=cjkvi-variants+opencc+unihan+wikidata+yitizi 䉤:籔=cjkvi-variants+opencc+unihan+wikidata+yitizi 䝏:𰶬=unihan+wikidata 䫫:𩔗=cjkvi-variants 䱾:𱆹=wikidata 偻:僂=cjkvi-variants+mj-shrink-map+opencc+unihan+wikidata+yitizi 喽:嘍=cjkvi-variants+opencc+unihan+wikidata+yitizi 塿:𪣻=cjkvi-variants+opencc+unihan+wikidata 娄:婁=cjkvi-variants+mj-shrink-map+opencc+unihan+wikidata+yitizi 寠:𪧘=cjkvi-variants+opencc+unihan+wikidata 屡:屢=cjkvi-variants+hng-basic-data+mj-shrink-map+opencc+unihan+wikidata+yitizi 屦:屨=cjkvi-variants+opencc+unihan+wikidata+yitizi 嵝:嶁=cjkvi-variants+opencc+unihan+wikidata+yitizi 廔:𫷹=cjkvi-variants+unihan+wikidata 搂:摟=cjkvi-variants+opencc+unihan+wikidata+yitizi 擞:擻=cjkvi-variants+opencc+unihan+wikidata+yitizi 数:數=cjkvi-variants+hng-basic-data+mj-shrink-map+opencc+unihan+wikidata+yitizi 楼:樓=cjkvi-variants+hng-basic-data+mj-shrink-map+opencc+unihan+wikidata+yitizi 櫢:𰘸=unihan+wikidata 氀:𰚦=unihan+wikidata 溇:漊=cjkvi-variants+opencc+unihan+wikidata+yitizi 熡:𤋏=cjkvi-variants+opencc+unihan+wikidata+yitizi 甊:𰢦=unihan+wikidata 瘘:瘻=cjkvi-variants+mj-shrink-map+opencc+unihan+wikidata 窭:窶=cjkvi-variants+opencc+unihan+wikidata+yitizi 篓:簍=cjkvi-variants+opencc+unihan+wikidata+yitizi 縷:𫃵=cjkvi-variants+wikidata 耧:耬=cjkvi-variants+opencc+unihan+wikidata+yitizi 膢:𦝼=cjkvi-variants+opencc+unihan+wikidata+yitizi 艛:𰰑=unihan+wikidata 蒌:蔞=cjkvi-variants+opencc+unihan+wikidata+yitizi 薮:藪=cjkvi-variants+hng-basic-data+mj-shrink-map+opencc+unihan+wikidata+yitizi 蝼:螻=cjkvi-variants+mj-shrink-map+opencc+unihan+wikidata+yitizi 褛:褸=cjkvi-variants+mj-shrink-map+opencc+unihan+wikidata+yitizi 貗:𫎌=cjkvi-variants+opencc+unihan+wikidata 遱:𫐷=cjkvi-variants+opencc+unihan+wikidata 鏤:𨩐=cjkvi-variants+mj-shrink-map+wikidata 鞻:𱁺=unihan+wikidata 髅:髏=cjkvi-variants+opencc+unihan+wikidata+yitizi 鷜:𱈲=wikidata 𠐍:𫣫=cjkvi-variants+unihan+wikidata 𠞭:𫦉=cjkvi-variants+unihan+wikidata 𡀿:𫫵=cjkvi-variants+unihan+wikidata 𡂡:𪢒=cjkvi-variants+opencc+unihan+wikidata 𡗆:𰋖=unihan 𣤋:𰙕=unihan+wikidata 𤛠:𬌥=cjkvi-variants+wikidata 𤬏:𱰆=unihan 𥹰:𱍿=wikidata 𦎹:𰭚=unihan+wikidata 𧲕:𫲜=cjkvi-variants+wikidata 𩯁:𫙂=cjkvi-variants+opencc+unihan+wikidata 𪢈:𱕎=wikidata 𪮴:𱡃=wikidata 𫄄:𫄎=cjkvi-variants+wikidata 𫏻:𬧻=cjkvi-variants+wikidata 𭧖:𰖚=unihan+wikidata
米	釆	8	36	11	㝥:𡪘=cjkvi-variants+wikidata 悉:𢘻=cjkvi-variants+mj-shrink-map+wikidata 憣:𢟷=cjkvi-variants+wikidata 畨:番=cjkvi-variants+wikidata 轓:𨎚=cjkvi-variants+wikidata 釋:𥼶=cjkvi-variants+wikidata 𢐮:𢐲=wikidata 𤃳:𤄫=cjkvi-variants+wikidata 𥢌:𮃪=wikidata
米	𱥯	3	6	3	䊍:黎=cjkvi-variants 藜:𦿺=cjkvi-variants 黍:𥞫=cjkvi-variants+wikidata
粛	肅	6	9	8	䔥:蕭=cjkvi-variants+mj-shrink-map+wikidata 嘨:嘯=cjkvi-variants+wikidata+yitizi 瀟:𤂣=cjkvi-variants+mj-shrink-map+wikidata 璛:𭹲=wikidata 簘:簫=cjkvi-variants+wikidata+yitizi 繍:繡=cjkvi-variants+hng-basic-data+mj-shrink-map+opencc+wikidata+yitizi 驌:𩥶=cjkvi-variants+wikidata
粟	𥻆	2	2	1	䊲:𥽽=cjkvi-variants+wikidata 𣯼:𣰮=cjkvi-variants+wikidata
糸	纟	92	323	313	㔃:𫦌=cjkvi-variants+unihan+wikidata 㔢:𫦳=cjkvi-variants+unihan+wikidata 㨥:𫽀=cjkvi-variants+unihan+wikidata 䋍:𰬂=unihan+wikidata 䋝:𰬕=unihan 䋽:𰬭=unihan+wikidata 䌇:𰬱=unihan+wikidata 䌌:𰬶=unihan+wikidata 䗽:𰳚=unihan+wikidata 哟:喲=cjkvi-variants+opencc+unihan+wikidata+yitizi 嚩:𰈶=unihan+wikidata 撧:𪮖=cjkvi-variants+opencc+unihan+wikidata 橼:櫞=cjkvi-variants+opencc+unihan+wikidata+yitizi 檰:𰘣=unihan+wikidata 潍:濰=cjkvi-variants+opencc+unihan+wikidata+yitizi 矊:𬑧=cjkvi-variants+unihan+wikidata 箹:𰩺=unihan+wikidata 紑:𰫽=unihan+wikidata 紒:𰬀=unihan+wikidata 紨:𰬅=unihan+wikidata 紭:𰬋=unihan+wikidata 紸:𰬇=unihan+wikidata 紽:𰬉=unihan+wikidata 紾:𬘝=cjkvi-variants+unihan+wikidata 絃:𰬈=unihan+wikidata 絇:𰬆=unihan+wikidata 絑:𰬏=unihan+wikidata 絘:𰬒=unihan+wikidata 絚:𰬌=unihan+wikidata 絣:𰬔=unihan+wikidata 絯:𰬓=unihan+wikidata 絻:𰬜=unihan+wikidata 絼:𰬛=unihan+wikidata 絾:𰬖=unihan+wikidata 絿:𰬗=unihan+wikidata 綅:𰬞=unihan+wikidata 綍:𰬘=unihan+wikidata 綼:𰬤=unihan+wikidata 緀:𰬢=unihan+wikidata 緁:𰬡=unihan+wikidata 緂:𰬧=unihan+wikidata 緆:𰬣=unihan+wikidata 緎:𰬟=unihan+wikidata 総:𰬥=unihan+wikidata 緢:𰬬=unihan+wikidata 緫:𰬰=unihan+wikidata 緵:𰬯=unihan+wikidata 緻:𰬫=unihan+wikidata 縌:𰬳=unihan+wikidata 縓:𰬲=unihan+wikidata 縡:𰬴=unihan+wikidata 縼:𰬵=unihan+wikidata 繐:𰬸=opencc+unihan+wikidata 繖:𰬷=unihan+wikidata 繘:𰬻=unihan+wikidata 繜:𰬺=unihan+wikidata 繲:𰬽=unihan+wikidata 纀:𰬿=unihan+wikidata 纋:𰭀=unihan+wikidata 羂:𰭔=unihan 荭:葒=cjkvi-variants+opencc+unihan+wikidata+yitizi 荮:葤=cjkvi-variants+opencc+unihan+wikidata+yitizi 药:葯=cjkvi-variants+opencc+unihan 莼:蒓=cjkvi-variants+opencc+unihan+wikidata+yitizi 蒳:𰱌=unihan+wikidata 蒶:𰱍=unihan+wikidata 蔠:𰱛=unihan+wikidata 蕝:𫈵=cjkvi-variants+opencc+unihan+wikidata 蕴:藴=cjkvi-variants+opencc+unihan+yitizi 辫:辮=cjkvi-variants+opencc+unihan+wikidata+yitizi 𠶹:𰇡=unihan+wikidata 𡃈:𰈮=unihan+wikidata 𢲩:𫼾=cjkvi-variants+unihan+wikidata 𥾇:𱺑=unihan 𥿠:𱺔=unihan 𦀗:𱺝=unihan 𦂔:𱺨=unihan 𦆈:𰬹=unihan+wikidata 𦇎:𰭁=unihan+wikidata 𦌾:𬙪=cjkvi-variants+unihan+wikidata 𦶆:𬜺=cjkvi-variants+unihan+wikidata 𩋰:𬰤=cjkvi-variants+unihan+wikidata 𪜺:𰂠=unihan+wikidata 𪢍:𭉗=unihan+wikidata 𫃥:𮉩=unihan+wikidata 𫃻:𮶅=unihan+wikidata 𬞼:𮶳=unihan+wikidata 𬻤:𱺗=unihan 𰘅:𰘯=unihan+wikidata
糹	素	6	12	6	紷:𬗪=wikidata 絡:𦃅=cjkvi-variants+mj-shrink-map+wikidata 綬:𬗾=wikidata 綽:繛=cjkvi-variants+mj-shrink-map+wikidata 緩:𦅻=cjkvi-variants+mj-shrink-map+wikidata 繂:𦆾=cjkvi-variants+wikidata
糹	索	4	7	4	紷:𪟹=wikidata 絡:𦃆=cjkvi-variants+mj-shrink-map+wikidata 綽:𦅕=cjkvi-variants+mj-shrink-map+wikidata 繂:𦆽=cjkvi-variants+wikidata
糹	纟	354	390	374	㔃:𫦌=cjkvi-variants+unihan+wikidata 㔢:𫦳=cjkvi-variants+unihan+wikidata 㨥:𫽀=cjkvi-variants+unihan+wikidata 䊵:𮉠=unihan+wikidata 䊷:䌶=cjkvi-variants+opencc+unihan+wikidata+yitizi 䊺:𫄚=cjkvi-variants+opencc+unihan+wikidata 䋃:𫄜=cjkvi-variants+opencc+unihan+wikidata 䋄:纲=cjkvi-variants 䋆:𰬁=unihan+wikidata 䋋:𱺘=unihan 䋍:𰬂=unihan+wikidata 䋎:𬘜=cjkvi-variants+unihan+wikidata 䋏:𮉣=unihan+wikidata 䋐:𬘙=cjkvi-variants+unihan 䋑:𰬃=unihan+wikidata 䋓:绉=cjkvi-variants 䋔:𫄞=cjkvi-variants+opencc+unihan+wikidata 䋘:𱺛=unihan 䋙:䌺=cjkvi-variants+opencc+unihan+wikidata+yitizi 䋚:䌻=cjkvi-variants+opencc+unihan+wikidata+yitizi 䋝:𰬕=unihan 䋞:𮉦=unihan+wikidata 䋦:𫄩=cjkvi-variants+opencc+unihan+wikidata 䋫:𰬑=unihan+wikidata 䋲:绳=cjkvi-variants 䋹:䌿=cjkvi-variants+opencc+unihan+wikidata 䋺:𬘴=cjkvi-variants+unihan+wikidata 䋻:䌾=cjkvi-variants+opencc+unihan+wikidata+yitizi 䋼:𫄮=cjkvi-variants+opencc+unihan+wikidata 䋽:𰬭=unihan+wikidata 䋾:𬘲=cjkvi-variants+unihan+wikidata 䋿:𦈓=cjkvi-variants+opencc+unihan+wikidata+yitizi 䌁:𬘱=cjkvi-variants+unihan+wikidata 䌇:𰬱=unihan+wikidata 䌈:𦈖=cjkvi-variants+opencc+unihan+wikidata+yitizi 䌋:𦈘=cjkvi-variants+opencc+unihan+wikidata+yitizi 䌌:𰬶=unihan+wikidata 䌏:𱺫=unihan 䌖:𦈜=cjkvi-variants+opencc+unihan+wikidata+yitizi 䌝:𦈟=cjkvi-variants+opencc+unihan+wikidata+yitizi 䌟:𦈞=cjkvi-variants+opencc+unihan+wikidata+yitizi 䌥:𦈠=cjkvi-variants+opencc+unihan+wikidata+yitizi 䌨:𱺯=unihan 䌷:紬=cjkvi-variants+opencc+unihan+wikidata+yitizi 䌹:絅=cjkvi-variants+opencc+unihan+wikidata+yitizi 䌼:綐=cjkvi-variants+opencc+unihan+wikidata+yitizi 䌽:綵=cjkvi-variants+opencc+unihan+wikidata+yitizi 䍁:繸=cjkvi-variants+opencc+unihan+wikidata+yitizi 䗽:𰳚=unihan+wikidata 哟:喲=cjkvi-variants+opencc+unihan+wikidata+yitizi 嚩:𰈶=unihan+wikidata 撧:𪮖=cjkvi-variants+opencc+unihan+wikidata 橼:櫞=cjkvi-variants+opencc+unihan+wikidata+yitizi 檰:𰘣=unihan+wikidata 潍:濰=cjkvi-variants+opencc+unihan+wikidata+yitizi 矊:𬑧=cjkvi-variants+unihan+wikidata 箹:𰩺=unihan+wikidata 糺:𫄙=cjkvi-variants+opencc+unihan+wikidata 糽:𰫼=unihan+wikidata 糾:纠=cjkvi-variants+opencc+unihan+wikidata+yitizi 紀:纪=cjkvi-variants+opencc+unihan+wikidata+yitizi 紁:𮵿=unihan+wikidata 紂:纣=cjkvi-variants+opencc+unihan+wikidata+yitizi 紃:𬘓=cjkvi-variants+opencc+unihan+wikidata 約:约=cjkvi-variants+opencc+unihan+wikidata+yitizi 紅:红=cjkvi-variants+opencc+unihan+wikidata+yitizi 紆:纡=cjkvi-variants+opencc+unihan+wikidata+yitizi 紇:纥=cjkvi-variants+opencc+unihan+wikidata+yitizi 紈:纨=cjkvi-variants+opencc+unihan+wikidata+yitizi 紉:纫=cjkvi-variants+opencc+unihan+wikidata+yitizi 紋:纹=cjkvi-variants+opencc+unihan+wikidata+yitizi 紌:𬘕=cjkvi-variants+unihan+wikidata 納:纳=cjkvi-variants+opencc+unihan+wikidata+yitizi 紐:纽=cjkvi-variants+opencc+unihan+wikidata+yitizi 紑:𰫽=unihan+wikidata 紒:𰬀=unihan+wikidata 紓:纾=cjkvi-variants+opencc+unihan+wikidata+yitizi 純:纯=cjkvi-variants+opencc+unihan+wikidata+yitizi 紕:纰=cjkvi-variants+opencc+unihan+wikidata+yitizi 紖:纼=cjkvi-variants+opencc+unihan+wikidata+yitizi 紗:纱=cjkvi-variants+opencc+unihan+wikidata+yitizi 紘:纮=cjkvi-variants+opencc+unihan+wikidata+yitizi 紙:纸=cjkvi-variants+opencc+unihan+wikidata+yitizi 級:级=cjkvi-variants+opencc+unihan+wikidata+yitizi 紛:纷=cjkvi-variants+opencc+unihan+wikidata+yitizi 紜:纭=cjkvi-variants+opencc+unihan+wikidata+yitizi 紝:纴=cjkvi-variants+opencc+unihan+wikidata+yitizi 紞:𬘘=cjkvi-variants+opencc+unihan+wikidata 紟:𫄛=cjkvi-variants+opencc+unihan+wikidata 紡:纺=cjkvi-variants+opencc+unihan+wikidata+yitizi 紤:𱺓=unihan 紨:𰬅=unihan+wikidata 紩:𮉢=unihan+wikidata 紭:𰬋=unihan+wikidata 細:细=cjkvi-variants+opencc+unihan+wikidata+yitizi 紱:绂=cjkvi-variants+opencc+unihan+wikidata+yitizi 紲:绁=cjkvi-variants+opencc+unihan+wikidata+yitizi 紳:绅=cjkvi-variants+opencc+unihan+wikidata+yitizi 紶:𬘛=cjkvi-variants+unihan+wikidata 紸:𰬇=unihan+wikidata 紹:绍=cjkvi-variants+opencc+unihan+wikidata+yitizi 紺:绀=cjkvi-variants+opencc+unihan+wikidata+yitizi 紼:绋=cjkvi-variants+opencc+unihan+wikidata+yitizi 紽:𰬉=unihan+wikidata 紾:𬘝=cjkvi-variants+unihan+wikidata 紿:绐=cjkvi-variants+opencc+unihan+wikidata+yitizi 絀:绌=cjkvi-variants+opencc+unihan+wikidata+yitizi 絁:𫄟=cjkvi-variants+opencc+unihan+wikidata 終:终=cjkvi-variants+opencc+unihan+wikidata+yitizi 絃:𰬈=unihan+wikidata 組:组=cjkvi-variants+opencc+unihan+wikidata+yitizi 絆:绊=cjkvi-variants+opencc+unihan+wikidata+yitizi 絇:𰬆=unihan+wikidata 絍:𫟃=cjkvi-variants+opencc+unihan+wikidata 絎:绗=cjkvi-variants+opencc+unihan+wikidata+yitizi 結:结=cjkvi-variants+opencc+unihan+wikidata+yitizi 絑:𰬏=unihan+wikidata 絓:𮉤=unihan+wikidata 絕:绝=opencc+unihan+wikidata+yitizi 絖:𬘢=cjkvi-variants+unihan+wikidata 絘:𰬒=unihan+wikidata 絙:𫄠=cjkvi-variants+opencc+unihan+wikidata 絚:𰬌=unihan+wikidata 絝:绔=cjkvi-variants+opencc+unihan+yitizi 絞:绞=cjkvi-variants+opencc+unihan+wikidata+yitizi 絟:𬘥=cjkvi-variants+unihan+wikidata 絠:𬘠=cjkvi-variants+unihan+wikidata 絡:络=cjkvi-variants+opencc+unihan+wikidata+yitizi 絢:绚=cjkvi-variants+opencc+unihan+wikidata+yitizi 絣:𰬔=unihan+wikidata 絤:𬘟=cjkvi-variants+unihan+wikidata 絥:𫄢=cjkvi-variants+opencc+unihan+wikidata 給:给=cjkvi-variants+opencc+unihan+wikidata+yitizi 絧:𫄡=cjkvi-variants+opencc+unihan+wikidata 絨:绒=cjkvi-variants+opencc+unihan+wikidata+yitizi 絪:𬘡=cjkvi-variants+opencc+unihan+wikidata 絯:𰬓=unihan+wikidata 絰:绖=cjkvi-variants+opencc+unihan+wikidata+yitizi 統:统=cjkvi-variants+opencc+unihan+wikidata+yitizi 絳:绛=cjkvi-variants+opencc+unihan+wikidata+yitizi 絶:绝=cjkvi-variants+opencc+unihan 絹:绢=cjkvi-variants+opencc+unihan+wikidata+yitizi 絺:𫄨=cjkvi-variants+opencc+unihan+wikidata+yitizi 絻:𰬜=unihan+wikidata 絼:𰬛=unihan+wikidata 絽:𬘤=cjkvi-variants+unihan+wikidata 絾:𰬖=unihan+wikidata 絿:𰬗=unihan+wikidata 綀:𦈌=cjkvi-variants+opencc+unihan+wikidata+yitizi 綁:绑=cjkvi-variants+opencc+unihan+wikidata+yitizi 綃:绡=cjkvi-variants+opencc+unihan+wikidata+yitizi 綄:𬘫=cjkvi-variants+opencc+unihan+wikidata 綅:𰬞=unihan+wikidata 綆:绠=cjkvi-variants+opencc+unihan+wikidata+yitizi 綇:𦈋=cjkvi-variants+opencc+unihan+wikidata+yitizi 綈:绨=cjkvi-variants+opencc+unihan+wikidata+yitizi 綉:绣=cjkvi-variants+opencc+unihan 綋:𫟄=cjkvi-variants+opencc+unihan+wikidata 綌:绤=cjkvi-variants+opencc+unihan+wikidata+yitizi 綍:𰬘=unihan+wikidata 綎:𬘩=cjkvi-variants+opencc+unihan+wikidata 綏:绥=cjkvi-variants+opencc+unihan+wikidata+yitizi 綕:𬘨=cjkvi-variants+unihan+wikidata 綖:𫄧=cjkvi-variants+opencc+unihan+wikidata 綘:𮶂=unihan+wikidata 綜:综=cjkvi-variants+opencc+unihan+wikidata+yitizi 綝:𬘭=cjkvi-variants+opencc+unihan+wikidata 綞:缍=cjkvi-variants+opencc+unihan+wikidata+yitizi 綟:𫄫=cjkvi-variants+opencc+unihan+wikidata 綡:𫟅=cjkvi-variants+opencc+unihan+wikidata 綢:绸=cjkvi-variants+opencc+unihan+wikidata+yitizi 綣:绻=cjkvi-variants+opencc+unihan+wikidata+yitizi 綧:𬘯=cjkvi-variants+opencc+unihan+wikidata 綪:𬘬=cjkvi-variants+opencc+unihan+wikidata 綬:绶=cjkvi-variants+opencc+unihan+wikidata+yitizi 維:维=cjkvi-variants+opencc+unihan+wikidata+yitizi 綯:绹=cjkvi-variants+opencc+unihan+wikidata+yitizi 綰:绾=cjkvi-variants+opencc+unihan+wikidata+yitizi 綳:绷=cjkvi-variants+opencc+unihan 綴:缀=cjkvi-variants+opencc+unihan+wikidata+yitizi 綷:𮉬=unihan+wikidata 綹:绺=cjkvi-variants+opencc+unihan+wikidata+yitizi 綺:绮=cjkvi-variants+opencc+unihan+wikidata+yitizi 綻:绽=cjkvi-variants+opencc+unihan+wikidata+yitizi 綼:𰬤=unihan+wikidata 綽:绰=cjkvi-variants+opencc+unihan+wikidata+yitizi 綾:绫=cjkvi-variants+opencc+unihan+wikidata+yitizi 綿:绵=cjkvi-variants+opencc+unihan+wikidata+yitizi 緀:𰬢=unihan+wikidata 緁:𰬡=unihan+wikidata 緂:𰬧=unihan+wikidata 緄:绲=cjkvi-variants+opencc+unihan+wikidata+yitizi 緅:𮉪=unihan+wikidata 緆:𰬣=unihan+wikidata 緇:缁=cjkvi-variants+opencc+unihan+wikidata+yitizi 緋:绯=cjkvi-variants+opencc+unihan+wikidata+yitizi 緌:𮉫=unihan+wikidata 緍:𦈏=cjkvi-variants+opencc+unihan+wikidata+yitizi 緎:𰬟=unihan+wikidata 総:𰬥=unihan+wikidata 緑:绿=cjkvi-variants+opencc+unihan 緒:绪=cjkvi-variants+opencc+unihan+wikidata+yitizi 緓:绬=cjkvi-variants+opencc+unihan+wikidata+yitizi 緔:绱=cjkvi-variants+opencc+unihan+wikidata+yitizi 緗:缃=cjkvi-variants+opencc+unihan+wikidata+yitizi 緘:缄=cjkvi-variants+opencc+unihan+wikidata+yitizi 緙:缂=cjkvi-variants+opencc+unihan+wikidata+yitizi 線:缐=cjkvi-variants+opencc+unihan+wikidata+yitizi 緛:𬘰=cjkvi-variants+unihan+wikidata 緝:缉=cjkvi-variants+opencc+unihan+wikidata+yitizi 緞:缎=cjkvi-variants+opencc+unihan+wikidata+yitizi 緟:𫟆=cjkvi-variants+opencc+unihan+wikidata 締:缔=cjkvi-variants+opencc+unihan+wikidata+yitizi 緡:缗=cjkvi-variants+opencc+unihan+wikidata+yitizi 緢:𰬬=unihan+wikidata 緣:缘=cjkvi-variants+opencc+unihan+wikidata+yitizi 緤:𫄬=cjkvi-variants+opencc+unihan+wikidata 緦:缌=cjkvi-variants+opencc+unihan+wikidata+yitizi 緧:𬘶=cjkvi-variants+unihan+wikidata 編:编=cjkvi-variants+opencc+unihan+wikidata+yitizi 緩:缓=cjkvi-variants+opencc+unihan+wikidata+yitizi 緫:𰬰=unihan+wikidata 緬:缅=cjkvi-variants+opencc+unihan+wikidata+yitizi 緮:𫄭=cjkvi-variants+opencc+unihan+wikidata 緰:𦈕=cjkvi-variants+opencc+unihan+wikidata+yitizi 緱:缑=cjkvi-variants+opencc+unihan+wikidata+yitizi 緲:缈=cjkvi-variants+opencc+unihan+wikidata+yitizi 緵:𰬯=unihan+wikidata 緶:缏=cjkvi-variants+opencc+unihan+wikidata+yitizi 緸:𦈑=cjkvi-variants+opencc+unihan+wikidata+yitizi 緹:缇=cjkvi-variants+opencc+unihan+wikidata+yitizi 緻:𰬫=unihan+wikidata 緼:缊=cjkvi-variants+opencc+unihan 緾:𱺦=unihan 縆:𬘵=cjkvi-variants+wikidata 縉:缙=cjkvi-variants+opencc+unihan+wikidata+yitizi 縊:缢=cjkvi-variants+opencc+unihan+wikidata+yitizi 縋:缒=cjkvi-variants+opencc+unihan+wikidata+yitizi 縌:𰬳=unihan+wikidata 縍:𫄰=cjkvi-variants+opencc+unihan+wikidata 縎:𦈔=cjkvi-variants+opencc+unihan+wikidata+yitizi 縑:缣=cjkvi-variants+opencc+unihan+wikidata+yitizi 縒:𬘷=cjkvi-variants+unihan+wikidata 縓:𰬲=unihan+wikidata 縖:𬘻=cjkvi-variants+unihan+wikidata 縗:缞=cjkvi-variants+opencc+unihan+wikidata+yitizi 縚:𬘺=cjkvi-variants+unihan+wikidata 縛:缚=cjkvi-variants+opencc+unihan+wikidata+yitizi 縝:缜=cjkvi-variants+opencc+unihan+wikidata+yitizi 縞:缟=cjkvi-variants+opencc+unihan+wikidata+yitizi 縟:缛=cjkvi-variants+opencc+unihan+wikidata+yitizi 縡:𰬴=unihan+wikidata 縧:𮶃=unihan+wikidata 縩:𮉯=unihan+wikidata 縫:缝=cjkvi-variants+opencc+unihan+wikidata+yitizi 縬:𦈚=cjkvi-variants+opencc+unihan+wikidata+yitizi 縭:缡=cjkvi-variants+opencc+unihan+wikidata+yitizi 縮:缩=cjkvi-variants+opencc+unihan+wikidata+yitizi 縯:𬙂=cjkvi-variants+opencc+unihan+wikidata 縰:𫄳=cjkvi-variants+opencc+unihan+wikidata 縲:缧=cjkvi-variants+opencc+unihan+wikidata+yitizi 縵:缦=cjkvi-variants+opencc+unihan+wikidata+yitizi 縸:𫄲=cjkvi-variants+opencc+unihan+wikidata 縹:缥=cjkvi-variants+opencc+unihan+wikidata+yitizi 縼:𰬵=unihan+wikidata 繀:𮉮=unihan+wikidata 繂:𫄴=cjkvi-variants+opencc+unihan+wikidata 繅:缫=cjkvi-variants+opencc+unihan+wikidata+yitizi 繆:缪=cjkvi-variants+opencc+unihan+wikidata+yitizi 繎:𬙇=cjkvi-variants+unihan+wikidata 繏:𦈝=cjkvi-variants+opencc+unihan+wikidata+yitizi 繐:𰬸=opencc+unihan+wikidata 繒:缯=cjkvi-variants+opencc+unihan+wikidata+yitizi 繓:𦈛=cjkvi-variants+opencc+unihan+wikidata+yitizi 繕:缮=cjkvi-variants+opencc+unihan+wikidata+yitizi 繖:𰬷=unihan+wikidata 繗:𬙈=cjkvi-variants+unihan+wikidata 繘:𰬻=unihan+wikidata 繙:𬙆=cjkvi-variants+unihan+wikidata 繚:缭=cjkvi-variants+opencc+unihan+wikidata+yitizi 繜:𰬺=unihan+wikidata 繦:𫄶=cjkvi-variants 繮:缰=cjkvi-variants+opencc+unihan+yitizi 繯:缳=cjkvi-variants+opencc+unihan+wikidata+yitizi 繰:缲=cjkvi-variants+opencc+unihan+wikidata+yitizi 繲:𰬽=unihan+wikidata 繳:缴=cjkvi-variants+opencc+unihan+wikidata+yitizi 繵:𬙉=cjkvi-variants+unihan+wikidata 繶:𫄷=cjkvi-variants+opencc+unihan+wikidata 繻:𦈡=cjkvi-variants+opencc+unihan+wikidata+yitizi 繾:缱=cjkvi-variants+opencc+unihan+wikidata+yitizi 纀:𰬿=unihan+wikidata 纁:𫄸=cjkvi-variants+opencc+unihan+wikidata+yitizi 纆:𬙊=cjkvi-variants+opencc+unihan+wikidata 纋:𰭀=unihan+wikidata 纕:𬙋=cjkvi-variants+opencc+unihan+wikidata 纗:𫄹=cjkvi-variants+opencc+unihan+wikidata 织:𥿗=cjkvi-variants 羂:𰭔=unihan 荭:葒=cjkvi-variants+opencc+unihan+wikidata+yitizi 荮:葤=cjkvi-variants+opencc+unihan+wikidata+yitizi 药:葯=cjkvi-variants+opencc+unihan 莼:蒓=cjkvi-variants+opencc+unihan+wikidata+yitizi 蒳:𰱌=unihan+wikidata 蒶:𰱍=unihan+wikidata 蔠:𰱛=unihan+wikidata 蕝:𫈵=cjkvi-variants+opencc+unihan+wikidata 蕴:藴=cjkvi-variants+opencc+unihan+yitizi 𠶹:𰇡=unihan+wikidata 𡃈:𰈮=unihan+wikidata 𢲩:𫼾=cjkvi-variants+unihan+wikidata 𥾇:𱺑=unihan 𥾝:𬘔=cjkvi-variants+unihan+wikidata 𥾯:𫄝=cjkvi-variants+opencc+unihan+wikidata 𥿉:𬘚=cjkvi-variants+unihan+wikidata 𥿊:𦈈=cjkvi-variants+opencc+unihan+wikidata+yitizi 𥿠:𱺔=unihan 𥿡:𱺙=unihan 𥿯:𬘦=cjkvi-variants+unihan+wikidata 𦀎:𮉥=unihan+wikidata 𦀖:𫄦=cjkvi-variants+opencc+unihan+wikidata 𦀗:𱺝=unihan 𦀨:𱺢=unihan 𦀬:𱺡=unihan 𦀽:𱺞=unihan 𦁄:𰬙=unihan+wikidata 𦁕:𰬦=unihan 𦁧:𰬨=unihan+wikidata 𦂅:𦈒=cjkvi-variants+opencc+unihan+wikidata+yitizi 𦂋:𬘸=cjkvi-variants+unihan+wikidata 𦂔:𱺨=unihan 𦃄:𦈗=cjkvi-variants+opencc+unihan+wikidata+yitizi 𦃒:𬘼=cjkvi-variants+unihan+wikidata 𦃘:𬘽=cjkvi-variants+unihan+wikidata 𦃩:𫄯=cjkvi-variants+opencc+unihan+wikidata 𦄍:𬘾=cjkvi-variants+unihan+wikidata 𦄧:𬘿=cjkvi-variants+unihan+wikidata 𦅈:𫄵=cjkvi-variants+opencc+unihan+wikidata 𦅋:𬙃=cjkvi-variants+unihan+wikidata 𦅯:𱺬=unihan 𦅷:𬙅=cjkvi-variants+unihan+wikidata 𦆆:𰬾=unihan+wikidata 𦆈:𰬹=unihan+wikidata 𦆙:𱺭=unihan 𦆲:𫟇=cjkvi-variants+opencc+unihan+wikidata 𦇎:𰭁=unihan+wikidata 𦈃:𱺰=unihan 𦌾:𬙪=cjkvi-variants+unihan+wikidata 𦍆:𬙫=cjkvi-variants+unihan+wikidata 𦶆:𬜺=cjkvi-variants+unihan+wikidata 𦸷:𬝊=cjkvi-variants+unihan+wikidata 𩋰:𬰤=cjkvi-variants+unihan+wikidata 𪜺:𰂠=unihan+wikidata 𪢍:𭉗=unihan+wikidata 𫃚:𱺏=unihan 𫃞:𰫿=unihan+wikidata 𫃥:𮉩=unihan+wikidata 𫃷:𮉭=unihan+wikidata 𫃻:𮶅=unihan+wikidata 𬗈:𮶀=unihan+wikidata 𬗏:𬘣=cjkvi-variants+unihan+wikidata 𬗮:𱺩=unihan 𬗺:𬙀=cjkvi-variants+unihan+wikidata 𬘗:𰫛=unihan+wikidata 𬙄:𰫳=unihan+wikidata 𬞼:𮶳=unihan+wikidata 𬻤:𱺗=unihan 𰘅:𰘯=unihan+wikidata 𰫗:𱺐=unihan 𰫦:𱺠=unihan 𱹰:𱺚=unihan 𱺃:𱺪=unihan
紂	纣	3	4	4	荮:葤=cjkvi-variants+opencc+unihan+wikidata+yitizi 𩋰:𬰤=cjkvi-variants+unihan+wikidata 𪜺:𰂠=unihan+wikidata
約	约	3	5	4	哟:喲=cjkvi-variants+opencc+unihan+wikidata+yitizi 箹:𰩺=unihan+wikidata 药:葯=cjkvi-variants+opencc+unihan
紅	红	2	1	1	荭:葒=cjkvi-variants+opencc+unihan+wikidata+yitizi 𬻤:𱺗=unihan
納	纳	2	1	1	㨥:𫽀=cjkvi-variants+unihan+wikidata 蒳:𰱌=unihan+wikidata
素	𦃃	2	2	1	䋤:𦆗=cjkvi-variants+wikidata 𦆾:𦈁=cjkvi-variants+wikidata
累	絫	8	12	9	㹎:𤛡=cjkvi-variants+wikidata 䉂:𥳮=cjkvi-variants+wikidata 摞:𢴱=cjkvi-variants+wikidata 樏:𣚎=cjkvi-variants 縲:𦅍=cjkvi-variants+wikidata 𡻭:𡼊=cjkvi-variants+wikidata 𤮉:𤮎=cjkvi-variants+wikidata 𥉹:𥊻=cjkvi-variants+wikidata
累	纍	15	18	16	㶟:漯=cjkvi-variants 㹎:𤜖=cjkvi-variants+wikidata 䉂:𥸕=cjkvi-variants+wikidata 傫:儽=cjkvi-variants+wikidata 嫘:𡤯=cjkvi-variants+wikidata 摞:𢺢=cjkvi-variants 樏:欙=cjkvi-variants+wikidata 瘰:癳=cjkvi-variants+wikidata 磥:𥗼=cjkvi-variants+wikidata 縲:纝=cjkvi-variants+wikidata+yitizi 蔂:虆=cjkvi-variants+opencc+unihan+wikidata+yitizi 𡻭:𡿜=cjkvi-variants 𡻱:𡿔=cjkvi-variants 𤨴:𤫤=cjkvi-variants 𥉹:𥍔=cjkvi-variants+wikidata
絫	纍	5	11	6	㒍:儽=cjkvi-variants+wikidata 纝:𦅍=cjkvi-variants 虆:𮑙=wikidata 𡼊:𡿜=cjkvi-variants+wikidata 𥊻:𥍔=cjkvi-variants
絲	𢇇	2	3	2	䏈:聯=cjkvi-variants+opencc+wikidata 關:𨶹=mj-shrink-map 𪚀:𪚁=cjkvi-variants+wikidata
絶	绝	4	5	5	㔃:𫦌=cjkvi-variants+unihan+wikidata 㔢:𫦳=cjkvi-variants+unihan+wikidata 撧:𪮖=cjkvi-variants+opencc+unihan+wikidata 蕝:𫈵=cjkvi-variants+opencc+unihan+wikidata
維	维	3	4	4	䗽:𰳚=unihan+wikidata 潍:濰=cjkvi-variants+opencc+unihan+wikidata+yitizi 𬞼:𮶳=unihan+wikidata
綿	绵	2	1	1	檰:𰘣=unihan+wikidata 矊:𬑧=cjkvi-variants+unihan+wikidata
繭	蠒	2	1	1	襺:𧟐=cjkvi-variants+wikidata 𥀹:𭽻=wikidata
缶	𦈢	13	18	18	㗸:𠾑=cjkvi-variants 䘖:衘=cjkvi-variants+mj-shrink-map 卸:缷=cjkvi-variants+mj-shrink-map+wikidata+yitizi 搖:𢳸=cjkvi-variants 摇:𢳸=cjkvi-variants+wikidata 欫:缼=cjkvi-variants 珤:𤥖=cjkvi-variants 磘:𥕬=cjkvi-variants 祹:𥚬=cjkvi-variants+wikidata 缻:𬎩=cjkvi-variants 罅:𦉑=cjkvi-variants+wikidata 罎:𦉡=cjkvi-variants 醄:𨡒=cjkvi-variants+wikidata 𦉋:𦉌=cjkvi-variants 𩛒:𩛕=cjkvi-variants 𩝓:𩝩=cjkvi-variants 𩢿:𩣜=cjkvi-variants+wikidata
网	罒	44	53	47	䁲:𥋻=cjkvi-variants+wikidata 䍐:䍑=cjkvi-variants 䍖:𦊠=cjkvi-variants 䍘:𦊮=cjkvi-variants+wikidata 䍜:𦋜=cjkvi-variants+wikidata 䍞:罭=cjkvi-variants+mj-shrink-map+opencc+wikidata 䍡:𦌏=cjkvi-variants+wikidata 䒽:𦭝=cjkvi-variants 瀱:𤄨=cjkvi-variants+opencc+wikidata 罛:𦊡=cjkvi-variants+opencc+wikidata 罜:𦊝=cjkvi-variants+wikidata 罝:𦊩=cjkvi-variants+opencc+wikidata 罟:𦊟=cjkvi-variants+mj-shrink-map+opencc+wikidata 罠:𦊞=cjkvi-variants+mj-shrink-map+wikidata 罦:𦋄=cjkvi-variants+wikidata 罧:𦋗=cjkvi-variants+mj-shrink-map+wikidata 罩:𦋚=cjkvi-variants+mj-shrink-map+wikidata 罪:𦋛=cjkvi-variants+mj-shrink-map+opencc+wikidata 罬:𦋖=cjkvi-variants+wikidata 置:𦋘=cjkvi-variants+mj-shrink-map+opencc+wikidata 罯:𦋫=cjkvi-variants+wikidata 署:𦋧=cjkvi-variants+mj-shrink-map+opencc+wikidata 罳:𦋮=cjkvi-variants+opencc+wikidata 罵:𦋻=cjkvi-variants+mj-shrink-map+opencc+wikidata 罷:𦋼=cjkvi-variants+mj-shrink-map+opencc+wikidata 罹:𦌐=cjkvi-variants+mj-shrink-map+opencc+wikidata 罻:𮊘=wikidata 罽:𦌞=cjkvi-variants+opencc+wikidata 罾:𦌝=cjkvi-variants+mj-shrink-map+opencc+wikidata 罿:𦌜=cjkvi-variants+wikidata 羅:𦌴=cjkvi-variants+mj-shrink-map+wikidata 羆:𦌲=cjkvi-variants+mj-shrink-map+opencc+wikidata 詈:𧧧=cjkvi-variants+mj-shrink-map+opencc+wikidata 買:𧵽=cjkvi-variants+mj-shrink-map+opencc+wikidata 𤃭:𤄩=cjkvi-variants+wikidata 𦉽:𦉾=cjkvi-variants 𦊂:𦊍=cjkvi-variants+wikidata 𦊘:𦊜=cjkvi-variants+wikidata 𦊪:𦊴=cjkvi-variants+wikidata 𦊾:𦋑=cjkvi-variants+wikidata 𦌁:𦌑=cjkvi-variants 𦌬:𦌳=cjkvi-variants+wikidata 𦌭:𦌱=cjkvi-variants 𦌾:𦍃=cjkvi-variants+wikidata 𦍈:𦍊=cjkvi-variants
网	罔	6	7	7	䋞:網=cjkvi-variants+wikidata 䒽:菵=cjkvi-variants+wikidata 䰣:魍=cjkvi-variants+wikidata 蛧:蝄=wikidata 誷:𧧜=cjkvi-variants+wikidata 輞:𨋹=cjkvi-variants+wikidata
罒	{80}	3	6	3	䍐:罕=cjkvi-variants+mj-shrink-map+wikidata 罣:𭁹=wikidata 罺:𮊗=wikidata
罒	罓	7	12	8	罝:𦊕=cjkvi-variants+wikidata 罠:𮊄=mj-shrink-map+wikidata 罩:𦋇=cjkvi-variants+mj-shrink-map+wikidata 罷:𮊓=mj-shrink-map+wikidata 罹:𮊔=wikidata 𦌼:𫅍=cjkvi-variants 𦍂:𦍅=cjkvi-variants+wikidata
罒	襾	3	10	3	罷:𧟽=cjkvi-variants+mj-shrink-map+wikidata 羇:覉=cjkvi-variants+mj-shrink-map+unihan 羈:覊=cjkvi-variants+mj-shrink-map+unihan+wikidata+yitizi
罒	𠔿	18	31	18	䍝:𮊇=wikidata 䍤:𮊞=wikidata 櫗:𭬗=wikidata 篾:𥯣=cjkvi-variants+wikidata 罝:𦊨=cjkvi-variants+wikidata 罟:𮊁=mj-shrink-map+wikidata 罣:𦊱=wikidata 罥:𦋀=wikidata 罭:𰭏=wikidata 罻:𦌍=cjkvi-variants+wikidata 罼:𦌎=cjkvi-variants+wikidata 罾:𦌘=wikidata 蠛:𧓡=cjkvi-variants+wikidata 𤩃:𤪄=cjkvi-variants+wikidata 𦊦:𦊳=cjkvi-variants 𦊭:𦊴=cjkvi-variants+wikidata 𦊲:𦊹=wikidata 𦋥:𦋩=wikidata
罔	𠕀	4	9	5	菵:𦬣=cjkvi-variants 誷:𧦘=cjkvi-variants+mj-shrink-map+wikidata 𦕋:𦖉=cjkvi-variants+wikidata 𰁥:𱎴=wikidata
罗	羅	18	22	19	㑩:儸=cjkvi-variants+opencc+unihan+wikidata+yitizi 㦬:𰑫=unihan+wikidata 㼈:𭹜=unihan+wikidata 啰:囉=cjkvi-variants+opencc+unihan+wikidata+yitizi 攞:𫽋=cjkvi-variants+unihan+wikidata 椤:欏=cjkvi-variants+opencc+unihan+wikidata+yitizi 猡:玀=cjkvi-variants+opencc+unihan+wikidata+yitizi 箩:籮=cjkvi-variants+opencc+unihan+wikidata+yitizi 萝:蘿=cjkvi-variants+opencc+unihan+wikidata+yitizi 逻:邏=cjkvi-variants+opencc+unihan+wikidata+yitizi 𡤢:𮱊=unihan+wikidata 𤄷:𪶒=cjkvi-variants+opencc+unihan+wikidata 𤓓:𬊜=cjkvi-variants+unihan+wikidata 𥗴:𬒓=cjkvi-variants+unihan+wikidata 𦣇:𬂂=cjkvi-variants+unihan+wikidata 𧟌:𬡠=cjkvi-variants+unihan+wikidata 𨇽:𫏑=cjkvi-variants+opencc+unihan+wikidata 𩉙:𬰡=cjkvi-variants+unihan+wikidata
罙	𥥍	3	5	5	㴱:深=cjkvi-variants+mj-shrink-map+opencc+wikidata 探:𢲘=cjkvi-variants+mj-shrink-map+opencc+wikidata 琛:𤧪=cjkvi-variants+mj-shrink-map+opencc+wikidata 𦸂:𮑰=wikidata
罢	罷	13	15	15	䆉:𫁂=cjkvi-variants+opencc+unihan+wikidata 䎬:䎱=cjkvi-variants+opencc+unihan+wikidata 䙓:襬=cjkvi-variants+opencc+unihan+wikidata+yitizi 摆:擺=cjkvi-variants+opencc+unihan+wikidata+yitizi 犤:𰠹=unihan+wikidata 矲:𰦜=unihan+wikidata 藣:𰱯=unihan+wikidata 𡓁:𪤄=cjkvi-variants+opencc+unihan 𣘓:𣞻=cjkvi-variants+opencc+unihan+yitizi 𣺽:𤁣=cjkvi-variants+opencc+unihan+wikidata+yitizi 𤳄:𤳸=cjkvi-variants+opencc+unihan+yitizi 𤳷:𪽝=cjkvi-variants+opencc+unihan 𦃿:𬘊=wikidata
罪	辠	4	6	5	㠑:𡽕=cjkvi-variants 䊫:𥼺=cjkvi-variants+wikidata 𢶀:𢶓=cjkvi-variants+wikidata 𣿒:𣿓=cjkvi-variants+wikidata
罷	羆	4	6	5	䥯:𨰟=cjkvi-variants+wikidata 犤:𤜑=cjkvi-variants+wikidata 藣:𧄾=cjkvi-variants+wikidata 襬:𧟍=cjkvi-variants+wikidata
羅	𱺵	4	11	4	儸:𫢱=cjkvi-variants 纙:𬗢=wikidata 鑼:𬫤=wikidata 𠚢:𦋦=cjkvi-variants
羊	⿱卝干	5	15	8	䖹:蛘=cjkvi-variants+opencc+wikidata 咩:哶=cjkvi-variants+unihan+yitizi 牂:𤖁=cjkvi-variants+opencc+wikidata 詳:𧨢=cjkvi-variants+opencc+wikidata 𤞢:𦍕=cjkvi-variants
羊	⿳卝一十	5	9	5	䖹:蛘=cjkvi-variants+opencc+wikidata 咩:哶=cjkvi-variants+unihan+yitizi 牂:𤖁=cjkvi-variants+opencc+wikidata 詳:𧨢=cjkvi-variants+opencc+wikidata 𤞢:𦍕=cjkvi-variants
羊	𢆉	4	30	12	墶:𡐿=wikidata 幸:𦍒=cjkvi-variants+mj-shrink-map+wikidata 祥:𰧵=wikidata 觪:𧣿=wikidata 辛:𨐌=cjkvi-variants+mj-shrink-map+wikidata 辟:𮝻=mj-shrink-map+wikidata 逹:達=cjkvi-variants+hng-basic-data+mj-shrink-map+wikidata+yitizi 騂:𩤑=cjkvi-variants+wikidata 𤿹:𥀀=cjkvi-variants 𥷤:𥷴=cjkvi-variants 𩞱:𩟐=wikidata
羊	𦍋	3	6	4	䖹:蛘=cjkvi-variants+opencc+wikidata 洋:𣴱=cjkvi-variants+mj-shrink-map+opencc+wikidata 痒:𤶪=cjkvi-variants+mj-shrink-map+opencc+wikidata
羌	羗	4	12	5	㛨:𡠎=wikidata 㳾:溬=cjkvi-variants+wikidata 琷:𪼎=wikidata 蜣:𧏙=wikidata
羍	𦍒	2	4	4	澾:𣿔=cjkvi-variants+mj-shrink-map+wikidata 達:𨔶=cjkvi-variants+mj-shrink-map+wikidata 韃:𩍠=cjkvi-variants+wikidata 𨂧:𨂨=cjkvi-variants
羕	𣴎	2	1	1	様:樣=cjkvi-variants+mj-shrink-map+opencc+unihan+wikidata+yitizi 漾:𣻌=cjkvi-variants+mj-shrink-map+wikidata
義	羲	5	14	5	㬢:曦=cjkvi-variants+mj-shrink-map+wikidata 䂀:𥋟=cjkvi-variants+unihan+wikidata+yitizi 燨:爔=cjkvi-variants+wikidata 犠:犧=cjkvi-variants+hng-basic-data+mj-shrink-map+opencc+unihan+wikidata+yitizi 轙:𨏢=cjkvi-variants+wikidata
羮	羹	2	1	1	𦢋:𦣍=cjkvi-variants+wikidata 𦢹:𦣍=cjkvi-variants+wikidata
羲	𦏁	2	2	1	曦:𣌀=wikidata 𫇢:𫇣=cjkvi-variants
羽	𦏲	3	1	1	詡:𧩘=cjkvi-variants+wikidata 謬:𧬶=cjkvi-variants+mj-shrink-map+wikidata
翏	⿱羽尒	6	8	7	勠:𠢜=cjkvi-variants+wikidata 憀:𢟺=cjkvi-variants+wikidata 瘳:𤹭=wikidata 雡:𱁌=wikidata 飂:𱃍=wikidata 鷚:𱈹=wikidata
翏	⿱羽𱥯	2	1	1	䵏:𪏧=cjkvi-variants+wikidata 膠:𭩎=wikidata
翏	⿳羽入小	6	8	7	勠:𠢜=cjkvi-variants+wikidata 憀:𢟺=cjkvi-variants+wikidata 瘳:𤹭=wikidata 雡:𱁌=wikidata 飂:𱃍=wikidata 鷚:𱈹=wikidata
翏	⿳羽𠆢小	6	8	7	勠:𠢜=cjkvi-variants+wikidata 憀:𢟺=cjkvi-variants+wikidata 瘳:𤹭=wikidata 雡:𱁌=wikidata 飂:𱃍=wikidata 鷚:𱈹=wikidata
翏	𮊿	10	14	11	䚧:𧥂=cjkvi-variants+wikidata 勠:𠢯=cjkvi-variants+mj-shrink-map+wikidata 寥:𡪹=cjkvi-variants+wikidata 摎:𭢢=wikidata 樛:𣚉=cjkvi-variants+mj-shrink-map+wikidata 漻:𣽓=cjkvi-variants+wikidata 瘳:𤺟=wikidata 穋:𥢩=wikidata 醪:𮡄=mj-shrink-map+wikidata 鏐:𮣎=wikidata
翚	翬	2	1	1	㩣:𫾉=cjkvi-variants+unihan+wikidata 瀈:𰝍=unihan+wikidata
耆	𦒿	2	1	1	𡺸:𭗈=wikidata 𥉙:𥊏=wikidata
耎	需	16	34	17	㓴:𠟺=cjkvi-variants+wikidata 㨎:擩=cjkvi-variants+wikidata 㮕:檽=cjkvi-variants+wikidata 㽭:𤲬=cjkvi-variants+wikidata 偄:儒=cjkvi-variants+wikidata 堧:壖=cjkvi-variants+wikidata 愞:懦=cjkvi-variants+mj-shrink-map+wikidata 渜:濡=cjkvi-variants 獳:𤟦=cjkvi-variants+wikidata 瑌:瓀=cjkvi-variants+wikidata 碝:礝=cjkvi-variants+mj-shrink-map+wikidata 稬:穤=cjkvi-variants+yitizi 糯:𥻟=cjkvi-variants+mj-shrink-map+unihan+wikidata+yitizi 蝡:蠕=cjkvi-variants+mj-shrink-map+opencc+unihan+wikidata 鱬:𩹓=wikidata 𪋐:𪋯=cjkvi-variants
耎	𦓔	9	29	9	㮕:𣚊=cjkvi-variants+wikidata 䞂:𧸀=cjkvi-variants+wikidata 堧:𡑂=cjkvi-variants+wikidata 碝:𥕷=cjkvi-variants+mj-shrink-map 蝡:𧑮=cjkvi-variants+wikidata 餪:𩞪=cjkvi-variants+wikidata 𤲬:𤳜=cjkvi-variants+wikidata 𩀋:𩁃=cjkvi-variants+wikidata 𪋐:𪋣=cjkvi-variants
耶	邪	8	12	9	㭨:椰=cjkvi-variants+mj-shrink-map+unihan+wikidata+yitizi 䓉:𦳃=cjkvi-variants+wikidata 倻:𬾈=wikidata 捓:揶=cjkvi-variants+mj-shrink-map+unihan+wikidata+yitizi 爺:𤕓=cjkvi-variants+mj-shrink-map+wikidata 琊:瑘=cjkvi-variants+mj-shrink-map+wikidata 鋣:鎁=cjkvi-variants 𥭕:𥯘=cjkvi-variants+wikidata
耼	聃	2	1	1	䔜:𦶈=cjkvi-variants+wikidata 𣹼:𣼚=cjkvi-variants+wikidata
聂	聶	8	14	9	䝕:𬥄=cjkvi-variants+unihan+wikidata 嗫:囁=cjkvi-variants+opencc+unihan+wikidata+yitizi 慑:懾=cjkvi-variants+opencc+unihan+wikidata+yitizi 摄:攝=cjkvi-variants+opencc+unihan+wikidata+yitizi 欇:𪳍=cjkvi-variants+opencc+unihan+wikidata 滠:灄=cjkvi-variants+opencc+unihan+wikidata+yitizi 襵:𫌇=cjkvi-variants+opencc+unihan+wikidata 蹑:躡=cjkvi-variants+opencc+unihan+wikidata+yitizi
联	聯	2	2	1	㶌:𣾍=cjkvi-variants+unihan+wikidata 壣:𪤚=cjkvi-variants+opencc+unihan+wikidata
聮	聯	3	5	4	㶌:𭳝=wikidata 㺦:𤣆=cjkvi-variants+wikidata 𤑿:𤒤=cjkvi-variants+wikidata
聿	𦘔	2	6	2	津:𣸁=cjkvi-variants+mj-shrink-map+opencc+wikidata 珒:𤦯=cjkvi-variants+wikidata 葏:𦻄=cjkvi-variants+mj-shrink-map+wikidata
肃	肅	12	19	19	㔅:𫦅=cjkvi-variants+unihan+wikidata 㩋:𪮋=cjkvi-variants+opencc+unihan+wikidata 㴋:潚=cjkvi-variants+opencc+unihan+wikidata 䃤:𬒕=cjkvi-variants+unihan+wikidata 䎘:𬚄=cjkvi-variants+unihan+wikidata 䐹:𰮲=unihan+wikidata 啸:嘯=cjkvi-variants+opencc+unihan+wikidata+yitizi 橚:𰗹=unihan+wikidata 櫹:𰘩=unihan+wikidata 歗:𰙑=unihan+wikidata 潇:瀟=cjkvi-variants+opencc+unihan+wikidata+yitizi 璛:𰢄=unihan+wikidata 箫:簫=cjkvi-variants+opencc+unihan+wikidata+yitizi 萧:蕭=cjkvi-variants+opencc+unihan+wikidata+yitizi 蟏:蠨=cjkvi-variants+opencc+unihan+wikidata+yitizi 𢸳:𫾃=cjkvi-variants+unihan+wikidata 𤄙:𰝞=unihan+wikidata 𤎻:𤑳=cjkvi-variants+opencc+unihan+wikidata
肅	蕭	7	13	7	㩋:𢸳=cjkvi-variants+wikidata 䐹:𦢩=cjkvi-variants 彇:𢑁=cjkvi-variants+mj-shrink-map+wikidata 橚:櫹=cjkvi-variants 潚:瀟=cjkvi-variants 繡:𬘎=wikidata 蟰:蠨=cjkvi-variants+mj-shrink-map+wikidata
肅	𬎾	5	11	6	㬘:𭦦=wikidata 嘯:𫪯=wikidata 繡:𫃯=wikidata 蕭:𮏒=wikidata 𮃒:𰨻=wikidata
胃	𦞅	4	6	5	䬑:𩙊=cjkvi-variants+wikidata 喟:𠿥=cjkvi-variants+mj-shrink-map+wikidata 媦:𡣃=cjkvi-variants+opencc+wikidata 謂:𧬴=cjkvi-variants+mj-shrink-map+opencc+wikidata
胥	𦙃	9	13	10	䈝:𥮪=cjkvi-variants 䱬:𩸠=cjkvi-variants+wikidata 湑:𣷢=cjkvi-variants+mj-shrink-map+wikidata 稰:𥟮=cjkvi-variants+wikidata 糈:𥺳=cjkvi-variants+mj-shrink-map+wikidata 諝:𧩑=cjkvi-variants+wikidata 醑:𨡠=cjkvi-variants+wikidata 𤟕:𤟠=cjkvi-variants+wikidata 𥚝:𥚩=cjkvi-variants
脈	脉	2	1	1	䳮:𪃻=cjkvi-variants+wikidata 霡:霢=cjkvi-variants+opencc+unihan+wikidata+yitizi
脊	𦟝	3	4	4	膌:𦢕=cjkvi-variants+wikidata 蹐:𨇋=cjkvi-variants+mj-shrink-map+opencc+wikidata 𩺀:𩼿=cjkvi-variants
腊	臘	2	2	1	𡅘:𭊸=unihan 𢺎:𭢝=unihan
臣	𦣝	6	12	9	姫:姬=cjkvi-variants+hng-basic-data+mj-shrink-map+opencc+wikidata+yitizi 弫:弬=cjkvi-variants 栕:𣐵=cjkvi-variants 煕:𤋮=cjkvi-variants+mj-shrink-map 熙:𤋮=cjkvi-variants+mj-shrink-map+wikidata 茝:茞=cjkvi-variants 頣:頤=cjkvi-variants+unihan+yitizi
臣	𦣞	18	23	20	㺿:𮴐=wikidata 䛗:𧧃=wikidata 姫:姬=cjkvi-variants+hng-basic-data+mj-shrink-map+opencc+wikidata+yitizi 宦:宧=cjkvi-variants 弫:弬=cjkvi-variants 栕:𣐵=cjkvi-variants 煕:𤋮=cjkvi-variants+mj-shrink-map 熙:𤋮=cjkvi-variants+mj-shrink-map+wikidata 臤:𠭃=cjkvi-variants+wikidata 茝:茞=cjkvi-variants 賾:𦣱=cjkvi-variants+wikidata 頣:頤=cjkvi-variants+unihan+yitizi 𠱸:𠲬=cjkvi-variants 𤇴:𤇸=cjkvi-variants 𤱥:𤱻=cjkvi-variants 𦂳:𦃂=cjkvi-variants 𦚟:𦚠=cjkvi-variants 𩠝:𩠡=cjkvi-variants 𩠞:𩠢=cjkvi-variants
臣	𮍌	2	2	2	臤:𮍍=mj-shrink-map+wikidata 臧:𮍐=mj-shrink-map+wikidata
臤	𰀡	12	29	26	㭴:樫=cjkvi-variants+mj-shrink-map+opencc+unihan+wikidata+yitizi 㹂:𬌛=cjkvi-variants+wikidata 䃘:𬒎=cjkvi-variants+unihan+wikidata 䝨:賢=cjkvi-variants+mj-shrink-map+wikidata 䵖:𬹔=cjkvi-variants+wikidata 坚:堅=cjkvi-variants+mj-shrink-map+opencc+unihan+wikidata+yitizi 婜:𫰐=cjkvi-variants+wikidata 悭:慳=cjkvi-variants+opencc+unihan+wikidata+yitizi 摼:𰓱=unihan+wikidata 熞:𰞤=unihan+wikidata 竖:竪=cjkvi-variants+opencc+unihan+yitizi 紧:緊=cjkvi-variants+opencc+unihan+wikidata+yitizi 肾:腎=cjkvi-variants+opencc+unihan+wikidata+yitizi 菣:𬜤=cjkvi-variants+wikidata 蜸:𰲮=unihan+wikidata 鏗:𮡸=wikidata 𠍦:𫣴=wikidata 𠐊:𫝋=cjkvi-variants+opencc+unihan+wikidata 𠼤:𫪄=cjkvi-variants+opencc+unihan+wikidata 𢤞:𪬡=cjkvi-variants 𥉸:𰥣=unihan+wikidata 𧜶:𮖃=unihan+wikidata 𧞫:𫌋=cjkvi-variants+opencc+unihan+wikidata 𪼑:𮴚=unihan+wikidata 𭨶:𮌲=wikidata
臧	藏	3	8	4	臟:𮍄=mj-shrink-map+wikidata 贓:贜=cjkvi-variants+mj-shrink-map+unihan+wikidata+yitizi 𡾻:𭗶=wikidata
臧	𮍏	3	9	7	㵴:𣻟=cjkvi-variants+wikidata 㶓:𤂘=cjkvi-variants 臓:臟=cjkvi-variants+mj-shrink-map+opencc+unihan+wikidata+yitizi 蔵:藏=cjkvi-variants+hng-basic-data+mj-shrink-map+opencc+unihan+wikidata+yitizi 贓:𧷢=cjkvi-variants+mj-shrink-map+wikidata 𤛻:𤜐=cjkvi-variants+wikidata
臭	臰	3	5	4	嗅:𭊴=wikidata 糗:𥽃=cjkvi-variants+mj-shrink-map+wikidata 齅:𪖻=cjkvi-variants+mj-shrink-map
臱	⿳白穴方	3	3	3	䫵:𩕰=cjkvi-variants+wikidata 矈:矏=wikidata+yitizi 𧭇:𧭮=wikidata
臱	邊	3	5	3	𠐈:𠑟=cjkvi-variants+wikidata 𤁻:𤄺=cjkvi-variants+wikidata 𥣰:𥤓=cjkvi-variants+wikidata
至	𡉰	3	4	4	臺:𡔼=cjkvi-variants+mj-shrink-map+wikidata 銍:𨧓=cjkvi-variants+mj-shrink-map+wikidata 𡒐:𦥊=cjkvi-variants
至	𤴡	3	10	3	䡹:輊=cjkvi-variants+wikidata 䶑:𪖣=cjkvi-variants+wikidata 輊:𨏡=cjkvi-variants+mj-shrink-map+wikidata
臼	⿴{112}⿰𠄠𠄠	3	4	3	臽:𦥢=cjkvi-variants+mj-shrink-map+wikidata 舀:𤔘=cjkvi-variants+wikidata 𦥭:𦥾=cjkvi-variants+wikidata
臽	⿱⺈旧	5	9	6	焔:焰=cjkvi-variants+hng-basic-data+mj-shrink-map+opencc+wikidata+yitizi 陥:陷=cjkvi-variants+hng-basic-data+mj-shrink-map+opencc+unihan+wikidata+yitizi 𦢨:𰯤=wikidata 𩓟:𮨌=wikidata 𪉦:𱊹=wikidata
臽	舀	23	43	26	㗖:啗=cjkvi-variants+unihan+wikidata+yitizi 㡊:幍=cjkvi-variants+wikidata 䈱:𥮛=cjkvi-variants+wikidata 䧟:陷=cjkvi-variants+mj-shrink-map+wikidata 䱤:𩹴=cjkvi-variants+wikidata 埳:塪=cjkvi-variants+wikidata 惂:慆=cjkvi-variants+wikidata 焰:熖=cjkvi-variants+mj-shrink-map+wikidata 燄:𦦨=wikidata 爓:𤓁=cjkvi-variants+wikidata 窞:𥧹=cjkvi-variants+wikidata 縚:𦁵=cjkvi-variants+wikidata 萏:蓞=wikidata 諂:謟=cjkvi-variants+wikidata 蹈:𮛫=wikidata 輡:轁=cjkvi-variants 閻:𨶒=cjkvi-variants+wikidata 餡:饀=cjkvi-variants 鵮:𪅎=cjkvi-variants+wikidata 𠐩:𠑑=cjkvi-variants+wikidata 𠜼:𠞞=wikidata 𠮌:𠮐=cjkvi-variants+wikidata 𠮐:𦦖=cjkvi-variants+wikidata 𨇝:𨇲=cjkvi-variants+wikidata 𩓟:𮨚=wikidata 𭌻:𭍉=wikidata
臽	𱬹	4	10	5	㷔:焰=cjkvi-variants+mj-shrink-map+wikidata 諂:𮘦=wikidata 閻:𨵻=cjkvi-variants+wikidata 陷:𨺻=cjkvi-variants+wikidata
臾	{19}	7	11	7	㤤:㥚=cjkvi-variants+wikidata 㻀:𤧙=cjkvi-variants+wikidata 䛕:諛=cjkvi-variants+mj-shrink-map+wikidata 庾:𢈔=cjkvi-variants+wikidata 茰:萸=cjkvi-variants+mj-shrink-map+wikidata 𥬽:𥯮=cjkvi-variants+wikidata 𩢶:𱄤=wikidata
臾	⿱中一	2	27	25	㿉:𤼊=cjkvi-variants+wikidata 䜋:𧭾=cjkvi-variants+wikidata 䝿:貴=cjkvi-variants+mj-shrink-map+opencc+wikidata 䯣:𩪹=cjkvi-variants+wikidata 䰎:𩯿=cjkvi-variants+wikidata 匱:𰅩=wikidata 嘳:𡃪=cjkvi-variants+wikidata 墤:𡓤=cjkvi-variants 憒:𢤳=cjkvi-variants+mj-shrink-map+opencc+wikidata 樻:𣟨=cjkvi-variants+mj-shrink-map+opencc+wikidata 潰:𤃘=cjkvi-variants+mj-shrink-map+opencc+wikidata 瞶:𥌶=cjkvi-variants+mj-shrink-map+wikidata 穨:𥤒=cjkvi-variants+wikidata 繢:𦇣=cjkvi-variants+opencc+wikidata 繾:𦇶=cjkvi-variants+mj-shrink-map+wikidata 聵:𦘋=cjkvi-variants+mj-shrink-map+opencc+wikidata 蕢:𧂟=cjkvi-variants+mj-shrink-map+opencc+wikidata 蹪:𨇚=cjkvi-variants+wikidata 遺:𨘤=wikidata 闠:𨷪=cjkvi-variants+opencc+wikidata 隤:𨽠=cjkvi-variants+mj-shrink-map+opencc+wikidata 靧:𩉓=cjkvi-variants 鞼:𩍾=cjkvi-variants+wikidata 饋:𩟱=cjkvi-variants+opencc+wikidata 𠳋:𦥳=cjkvi-variants
臾	⿳一由八	2	5	4	寅:𡩟=cjkvi-variants+mj-shrink-map+opencc+wikidata 演:𤀋=cjkvi-variants+mj-shrink-map+opencc+wikidata 濥:𤃚=cjkvi-variants+wikidata 瞚:𥋰=cjkvi-variants+mj-shrink-map+opencc+wikidata 𦟘:𭩋=wikidata
臾	𠀐	4	27	25	㿉:𤼊=cjkvi-variants+wikidata 䜋:𧭾=cjkvi-variants+wikidata 䝿:貴=cjkvi-variants+mj-shrink-map+opencc+wikidata 䯣:𩪹=cjkvi-variants+wikidata 䰎:𩯿=cjkvi-variants+wikidata 匱:𰅩=wikidata 嘳:𡃪=cjkvi-variants+wikidata 墤:𡓤=cjkvi-variants 憒:𢤳=cjkvi-variants+mj-shrink-map+opencc+wikidata 樻:𣟨=cjkvi-variants+mj-shrink-map+opencc+wikidata 潰:𤃘=cjkvi-variants+mj-shrink-map+opencc+wikidata 瞶:𥌶=cjkvi-variants+mj-shrink-map+wikidata 穨:𥤒=cjkvi-variants+wikidata 繢:𦇣=cjkvi-variants+opencc+wikidata 繾:𦇶=cjkvi-variants+mj-shrink-map+wikidata 聵:𦘋=cjkvi-variants+mj-shrink-map+opencc+wikidata 蕢:𧂟=cjkvi-variants+mj-shrink-map+opencc+wikidata 蹪:𨇚=cjkvi-variants+wikidata 遺:𨘤=wikidata 闠:𨷪=cjkvi-variants+opencc+wikidata 隤:𨽠=cjkvi-variants+mj-shrink-map+opencc+wikidata 靧:𩉓=cjkvi-variants 鞼:𩍾=cjkvi-variants+wikidata 饋:𩟱=cjkvi-variants+opencc+wikidata 𠳋:𦥳=cjkvi-variants
臿	𠚏	12	13	13	㛼:𡟢=cjkvi-variants 㞚:𰍿=wikidata 䅤:𥠞=cjkvi-variants+wikidata 䛽:𧪗=cjkvi-variants+wikidata 䮢:𩤪=cjkvi-variants+wikidata 插:𢰔=cjkvi-variants+mj-shrink-map+wikidata 歃:𣣨=cjkvi-variants+mj-shrink-map+wikidata 牐:𤗠=cjkvi-variants+wikidata 𡍪:𡎫=cjkvi-variants 𥀈:𥀉=cjkvi-variants+wikidata 𧶵:𧷊=cjkvi-variants+wikidata 𧼰:𧼶=cjkvi-variants
臿	𢆍	5	6	6	㰱:歃=cjkvi-variants+mj-shrink-map+wikidata+yitizi 䮢:𩣙=cjkvi-variants+wikidata 挿:插=cjkvi-variants+hng-basic-data+mj-shrink-map+opencc+unihan+wikidata+yitizi 𠜕:𠝞=cjkvi-variants+wikidata 𤿪:𥀈=cjkvi-variants+wikidata
舀	⿱⺈旧	5	7	5	䧟:陥=mj-shrink-map 滔:𣵥=cjkvi-variants+wikidata 焔:熖=cjkvi-variants 稻:𰨬=wikidata 蹈:𰸒=wikidata
舀	𱬹	7	12	8	㴞:滔=cjkvi-variants+mj-shrink-map+wikidata 㷔:熖=cjkvi-variants 稲:稻=cjkvi-variants+hng-basic-data+mj-shrink-map+opencc+unihan+wikidata+yitizi 謟:𮘦=mj-shrink-map+wikidata 蹈:𨂻=cjkvi-variants+wikidata 韜:𮧲=wikidata 𥈺:𥉰=wikidata 𧀜:𬞨=wikidata
與	輿	3	7	3	璵:𤫌=cjkvi-variants+mj-shrink-map+wikidata 籅:𥷔=cjkvi-variants+wikidata 𣝑:𣟰=cjkvi-variants+wikidata
與	𭁈	4	11	5	𠁵:𠁹=cjkvi-variants 𠶁:𡁎=cjkvi-variants 𤊪:𤑉=cjkvi-variants 𤯶:𤰁=cjkvi-variants
興	𦥷	3	5	4	𡁝:𡃳=cjkvi-variants 𢣹:𢤽=cjkvi-variants 𢷲:𢸾=cjkvi-variants
舌	𠯑	21	29	25	䀨:𥆠=cjkvi-variants+wikidata 䄆:𥙱=cjkvi-variants+wikidata 䒷:𦯚=cjkvi-variants 䛡:話=cjkvi-variants+mj-shrink-map+opencc+unihan+wikidata+yitizi 䯏:𩩎=cjkvi-variants+wikidata 䯺:髺=cjkvi-variants+opencc+wikidata 佸:𠈲=cjkvi-variants+mj-shrink-map+opencc+wikidata 刮:𠜜=cjkvi-variants+mj-shrink-map+opencc+wikidata 咶:𠳂=cjkvi-variants+wikidata 姡:𡜶=cjkvi-variants+opencc+wikidata 懖:𢤌=cjkvi-variants+opencc+wikidata 括:𢬸=cjkvi-variants+mj-shrink-map+opencc+wikidata 栝:桰=cjkvi-variants+wikidata 活:𣴠=cjkvi-variants+mj-shrink-map+opencc+wikidata 秳:𥞸=cjkvi-variants+wikidata 聒:𦕾=cjkvi-variants+mj-shrink-map+opencc+wikidata 趏:𬦐=wikidata 适:𨓈=cjkvi-variants+mj-shrink-map+opencc+wikidata 銛:銽=cjkvi-variants+wikidata 闊:𨶖=cjkvi-variants+mj-shrink-map+opencc+wikidata 頢:𩒲=cjkvi-variants+wikidata 鴰:𪁝=cjkvi-variants+opencc+wikidata 𦗾:𦘉=cjkvi-variants 𪗽:𪘢=cjkvi-variants+wikidata
舌	𤔔	3	9	4	乱:亂=cjkvi-variants+hng-basic-data+mj-shrink-map+opencc+unihan+wikidata+yitizi 薍:𦯠=cjkvi-variants+wikidata 辞:辭=cjkvi-variants+hng-basic-data+mj-shrink-map+opencc+unihan+wikidata+yitizi 𠉗:𠏢=cjkvi-variants+opencc+unihan+wikidata+yitizi
舟	𭃂	3	5	3	娜:𡟦=cjkvi-variants+mj-shrink-map+wikidata 挪:𢰓=cjkvi-variants+wikidata 那:郍=cjkvi-variants+wikidata
般	𦨚	3	4	4	搬:𢲎=wikidata 槃:𣗆=wikidata 盤:𥂐=wikidata
艮	𥃩	16	17	17	䫀:𩓓=cjkvi-variants+wikidata 垠:𡋳=cjkvi-variants+mj-shrink-map+opencc+wikidata 很:𢓼=cjkvi-variants+mj-shrink-map+opencc+wikidata 恨:𢚉=cjkvi-variants+mj-shrink-map+opencc+wikidata 根:𣒨=cjkvi-variants+mj-shrink-map+opencc+wikidata 珢:𤥛=cjkvi-variants+wikidata 痕:𤶨=cjkvi-variants+mj-shrink-map+opencc+wikidata 眼:𥆢=cjkvi-variants+mj-shrink-map+wikidata 硍:𥓀=cjkvi-variants+wikidata 詪:𧨛=cjkvi-variants+opencc+wikidata 豤:𧱗=cjkvi-variants+opencc+wikidata 跟:𨁞=cjkvi-variants+mj-shrink-map+opencc+wikidata 銀:𨧏=cjkvi-variants+mj-shrink-map+opencc+wikidata 限:𨹨=cjkvi-variants+mj-shrink-map+opencc+wikidata 鞎:𩊷=cjkvi-variants+opencc+wikidata 齦:𪘟=cjkvi-variants+mj-shrink-map+wikidata
良	郞	5	12	5	䱶:𩷕=cjkvi-variants+wikidata 桹:榔=cjkvi-variants 琅:瑯=cjkvi-variants+hng-basic-data+mj-shrink-map+opencc+unihan+yitizi 蜋:螂=cjkvi-variants+mj-shrink-map+opencc+unihan+wikidata+yitizi 躴:𨉰=cjkvi-variants+wikidata
艶	艷	2	1	1	灔:灧=yitizi 𡤩:𡤸=cjkvi-variants
艸	艹	6	13	8	艾:𰰞=wikidata 莀:𨑆=cjkvi-variants 蓰:𦹼=cjkvi-variants+wikidata 𦬦:𦬫=cjkvi-variants 𦯜:𦯦=cjkvi-variants 𦱍:𦲬=cjkvi-variants
艹	⿱丷一	5	43	18	嗒:𭉙=wikidata 芒:𠅇=cjkvi-variants+wikidata 薬:𣛙=mj-shrink-map 𥪺:𥫃=wikidata
艺	藝	2	1	1	呓:囈=cjkvi-variants+opencc+unihan+wikidata+yitizi 襼:𰳵=unihan+wikidata
芒	𦬆	2	2	1	硭:𥒴=cjkvi-variants+wikidata 鋩:𨦵=cjkvi-variants+mj-shrink-map+wikidata
芻	⿱{50}丑	3	5	3	䐢:𦛑=cjkvi-variants+wikidata 縐:𥿲=cjkvi-variants+mj-shrink-map+wikidata 鄒:𨛄=cjkvi-variants+mj-shrink-map+wikidata
芻	⿱丑丑	17	22	18	㑳:𠊣=cjkvi-variants 㗙:𠴾=cjkvi-variants+wikidata 㮲:𣔖=cjkvi-variants+wikidata 䅳:𥟷=cjkvi-variants+wikidata 䐢:𦜻=cjkvi-variants+mj-shrink-map+wikidata 䑼:𦩙=cjkvi-variants+wikidata 搊:𢮢=cjkvi-variants+wikidata 犓:𤚄=cjkvi-variants+wikidata 皺:𤿿=cjkvi-variants+mj-shrink-map+wikidata 謅:𧩖=cjkvi-variants+mj-shrink-map+wikidata 鄒:𨜈=cjkvi-variants+wikidata 騶:𩣿=cjkvi-variants+mj-shrink-map+wikidata 齺:𪘴=cjkvi-variants+wikidata 𥺣:𥻤=cjkvi-variants 𨂓:𨃘=cjkvi-variants+wikidata 𨔚:𫐻=cjkvi-variants 𩋓:𩌄=cjkvi-variants+wikidata
芻	𠣧	2	1	1	犓:𤛃=cjkvi-variants+wikidata 蒭:𦷝=cjkvi-variants+mj-shrink-map+yitizi
芻	𢑑	6	17	6	搊:𢬞=cjkvi-variants+wikidata 皺:𭽪=mj-shrink-map+wikidata 趨:𧻫=cjkvi-variants+mj-shrink-map+wikidata 鄒:𨛃=cjkvi-variants+mj-shrink-map+wikidata 雛:𨿉=cjkvi-variants+mj-shrink-map+wikidata 鶵:𪀫=cjkvi-variants+wikidata
若	𠰥	2	1	1	箬:𥮷=wikidata 逽:𨔏=cjkvi-variants
茶	荼	5	9	6	嗏:𠻬=cjkvi-variants 搽:𢴉=cjkvi-variants+wikidata 瑹:𤨓=cjkvi-variants+wikidata 𣗪:𣘻=cjkvi-variants 𨢕:𨢬=cjkvi-variants
荐	薦	2	1	1	瀳:𰜨=unihan+wikidata 鞯:韉=cjkvi-variants+opencc+unihan+wikidata+yitizi
荒	𮎰	2	1	1	𤠛:𤠤=cjkvi-variants+wikidata 𥠸:𥡃=cjkvi-variants+wikidata
莧	萈	2	2	1	寛:寬=cjkvi-variants+hng-basic-data+mj-shrink-map+opencc+unihan+wikidata+yitizi 𦎽:𦏊=cjkvi-variants
華	𠌶	4	7	5	曄:𣋌=cjkvi-variants+wikidata 爗:𤒫=cjkvi-variants 韡:𩏬=cjkvi-variants+mj-shrink-map+wikidata 驊:𩦰=cjkvi-variants+wikidata
華	𦾓	3	4	4	皣:𤾼=cjkvi-variants+wikidata 譁:𧮉=cjkvi-variants+mj-shrink-map+opencc+wikidata 鞾:𩎁=cjkvi-variants+mj-shrink-map+opencc
華	𬜻	2	1	1	樺:𭫿=mj-shrink-map+wikidata 燁:𭶂=mj-shrink-map+wikidata
萧	蕭	5	6	6	櫹:𰘩=unihan+wikidata 潇:瀟=cjkvi-variants+opencc+unihan+wikidata+yitizi 蟏:蠨=cjkvi-variants+opencc+unihan+wikidata+yitizi 𢸳:𫾃=cjkvi-variants+unihan+wikidata 𤎻:𤑳=cjkvi-variants+opencc+unihan+wikidata
萬	蠆	4	9	4	䜕:𧮚=cjkvi-variants+wikidata 癘:𤼚=cjkvi-variants+mj-shrink-map+wikidata 邁:𨙚=cjkvi-variants+wikidata 𡽇:𡿋=cjkvi-variants
葱	⿳艹囱心	2	1	1	憽:𢤄=cjkvi-variants+wikidata 濍:𤁬=cjkvi-variants
葱	蔥	3	6	4	憽:𢤄=cjkvi-variants+wikidata 濍:𤁬=cjkvi-variants 繱:𦇎=cjkvi-variants+wikidata
蒙	𫎇	3	6	6	䙩:𧞑=cjkvi-variants+wikidata 靀:𩆬=cjkvi-variants+wikidata 𧭊:𧭙=cjkvi-variants+wikidata
蒦	𫉬	3	5	3	㦜:𫻞=wikidata 䨼:𩇥=cjkvi-variants+wikidata 濩:𤄀=wikidata
蒪	薄	6	10	6	䥬:鑮=cjkvi-variants+wikidata 䪇:𩍿=cjkvi-variants+wikidata 欂:𣝍=cjkvi-variants+wikidata 欂:𣟔=wikidata 礡:礴=cjkvi-variants+wikidata+yitizi 𩼬:𩽛=cjkvi-variants+wikidata
蔵	藏	3	4	4	㶓:𤂘=cjkvi-variants 臓:臟=cjkvi-variants+mj-shrink-map+opencc+unihan+wikidata+yitizi 𤛻:𤜐=cjkvi-variants+wikidata
薛	⿰⿱䶹㠯辛	2	2	2	糱:糵=cjkvi-variants+wikidata+yitizi 躠:𰸷=wikidata
薛	辥	6	10	8	㔎:㔑=cjkvi-variants 櫱:蘖=cjkvi-variants+mj-shrink-map+opencc+unihan+wikidata+yitizi 糱:糵=cjkvi-variants+wikidata+yitizi 蠥:𧕏=cjkvi-variants+wikidata 躠:𰸷=wikidata 𪇷:𪈙=cjkvi-variants
蘥	龠	3	5	3	䠯:𨈅=cjkvi-variants+wikidata 瀹:𤅢=cjkvi-variants+mj-shrink-map+wikidata+yitizi 爚:𤓝=cjkvi-variants+wikidata
蘭	闌	13	21	13	㘓:囒=cjkvi-variants+wikidata 䃹:𥗺=cjkvi-variants+wikidata 䪍:韊=cjkvi-variants 幱:𢆄=cjkvi-variants+wikidata 欄:欗=cjkvi-variants+mj-shrink-map 瀾:灡=cjkvi-variants 爛:爤=cjkvi-variants+mj-shrink-map+wikidata 糷:𥽭=cjkvi-variants+wikidata 襴:襽=cjkvi-variants+mj-shrink-map+wikidata 讕:𧮧=wikidata 躝:𨈆=cjkvi-variants+wikidata 鑭:钄=cjkvi-variants+wikidata 𠓖:𠓚=cjkvi-variants+wikidata
蘭	𬞕	7	8	8	囒:𪢠=cjkvi-variants+opencc+unihan+wikidata 欗:𬅉=cjkvi-variants+wikidata 灡:𬉠=cjkvi-variants+unihan+wikidata 糷:𰫖=unihan+wikidata 韊:𱁾=unihan+wikidata 𨈆:𬧛=cjkvi-variants+unihan+wikidata 𬎟:𮴹=unihan+wikidata
虍	{96}	5	13	10	慮:𭞐=mj-shrink-map+wikidata 戲:𭟾=mj-shrink-map+wikidata 盧:𭾐=mj-shrink-map+wikidata 纑:𮉗=mj-shrink-map+wikidata 艫:𮎗=mj-shrink-map+wikidata 虚:𮓡=mj-shrink-map 豦:𮙟=wikidata 鱸:𮬗=mj-shrink-map+wikidata
虎	⿸虍人	9	16	15	䗂:𧌭=cjkvi-variants+wikidata 䚦:𧤫=cjkvi-variants+wikidata 䰧:𩳰=cjkvi-variants+wikidata 俿:𠊤=cjkvi-variants 琥:𤦣=cjkvi-variants+wikidata 禠:𥛕=cjkvi-variants+wikidata 篪:𥰽=cjkvi-variants+mj-shrink-map+wikidata 虒:𰲚=wikidata 螔:𧏕=cjkvi-variants+wikidata 諕:𧩐=cjkvi-variants+wikidata 𢀊:𧈊=cjkvi-variants 𢊀:𢊐=cjkvi-variants+wikidata 𣣍:𣣕=cjkvi-variants+wikidata 𨂑:𨂜=cjkvi-variants+wikidata 𨪉:𨪾=cjkvi-variants+wikidata
虎	虒	11	37	12	㔸:𠥶=cjkvi-variants+wikidata 㾷:𤷡=cjkvi-variants+wikidata 䗂:螔=cjkvi-variants 俿:傂=cjkvi-variants+wikidata 搋:𢮎=cjkvi-variants+wikidata 磃:𥓚=cjkvi-variants+wikidata 箎:篪=cjkvi-variants+unihan+wikidata+yitizi 裭:褫=cjkvi-variants+mj-shrink-map+wikidata+yitizi 遞:𨔛=cjkvi-variants+wikidata 鷉:𪂬=wikidata 𢈶:𢊀=cjkvi-variants
虎	𧆞	9	14	11	㙈:𡎍=cjkvi-variants 婋:𡟣=cjkvi-variants 搋:𢲽=cjkvi-variants+wikidata 猇:𤟝=cjkvi-variants+wikidata 虒:𰲝=wikidata 𢀋:𧈊=cjkvi-variants 𢮎:𢯯=cjkvi-variants 𧆢:𧆮=cjkvi-variants 𨂜:𨂶=cjkvi-variants 𨔛:𨕑=cjkvi-variants+wikidata
虏	虜	3	4	4	掳:擄=cjkvi-variants+opencc+unihan+wikidata+yitizi 艣:𫇛=cjkvi-variants+opencc+wikidata 𣶭:𪷓=cjkvi-variants+opencc+wikidata
虒	𧆞	3	6	3	搋:𢯯=cjkvi-variants+wikidata 遞:𨕑=cjkvi-variants+mj-shrink-map+wikidata 𡎍:𡏚=wikidata
虒	𰲚	6	8	7	䚦:𧤫=cjkvi-variants+wikidata 禠:𥛕=cjkvi-variants+wikidata 篪:𥰽=cjkvi-variants+mj-shrink-map+wikidata 螔:𧏕=cjkvi-variants+wikidata 𢊀:𢊐=cjkvi-variants+wikidata 𨪉:𨪾=cjkvi-variants+wikidata
處	豦	6	12	7	㨿:據=cjkvi-variants+mj-shrink-map+wikidata 噱:𠽁=wikidata 懅:𭞚=wikidata 璩:𭹰=wikidata 𥱿:𥴧=cjkvi-variants 𨎶:𮝤=wikidata
虖	雩	7	14	7	㯉:樗=cjkvi-variants+wikidata 㻬:㻯=cjkvi-variants 嘑:𠻢=cjkvi-variants 嫭:嫮=cjkvi-variants 嶀:𡻻=cjkvi-variants+wikidata 摢:摴=cjkvi-variants+wikidata 罅:𦉏=cjkvi-variants+mj-shrink-map+wikidata
虖	雽	3	6	4	㯉:𣛲=cjkvi-variants 嫭:𭒢=wikidata 滹:𣿋=cjkvi-variants+mj-shrink-map+wikidata
虗	虚	2	11	4	𩴛:𩴥=cjkvi-variants 𪙫:𮯓=wikidata
虗	虛	4	13	7	噓:𭊌=mj-shrink-map+wikidata 墟:𭏟=wikidata 歔:𭭔=mj-shrink-map+wikidata 𪙫:𮯓=wikidata
虚	虛	2	1	1	嘘:噓=cjkvi-variants+opencc+unihan+wikidata+yitizi 戯:戱=cjkvi-variants+mj-shrink-map+opencc+unihan+wikidata+yitizi
虜	鹵	4	6	4	㯭:樐=unihan+yitizi 擄:𢲸=wikidata 鏀:鐪=cjkvi-variants+wikidata 𢟧:𢢛=cjkvi-variants+wikidata
虫	蟲	15	21	16	䖥:𧕑=cjkvi-variants 䘉:蚕=mj-shrink-map 烛:爞=cjkvi-variants+wikidata 痋:𤼖=cjkvi-variants+wikidata 茧:𧔴=cjkvi-variants 蛊:蠱=cjkvi-variants+mj-shrink-map+opencc+unihan+wikidata+yitizi 蜚:𧕿=cjkvi-variants+wikidata 融:𧖓=cjkvi-variants+mj-shrink-map+wikidata 鉵:𨰍=cjkvi-variants+wikidata 閩:𨷷=cjkvi-variants+mj-shrink-map+wikidata 𠣜:𠤋=cjkvi-variants 𠥨:𧈟=cjkvi-variants+unihan 𢘷:𢥞=cjkvi-variants+unihan 𧌩:𧕽=cjkvi-variants 𧑯:𧖟=cjkvi-variants
虽	𧈧	3	4	4	強:强=cjkvi-variants+mj-shrink-map+opencc+unihan+wikidata+yitizi 繈:繦=cjkvi-variants+mj-shrink-map+unihan+wikidata+yitizi 雖:𨿽=cjkvi-variants+mj-shrink-map+wikidata
蚤	𧈡	2	1	1	掻:搔=cjkvi-variants+opencc+wikidata+yitizi 騒:騷=cjkvi-variants+hng-basic-data+mj-shrink-map+opencc+unihan+wikidata+yitizi
蛮	蠻	3	4	4	𢺳:𪮳=cjkvi-variants+opencc+unihan+wikidata 𧖦:𬠱=cjkvi-variants+unihan+wikidata 𫣢:𱏣=wikidata
蟸	蠡	2	1	1	𦫆:𦫈=cjkvi-variants+wikidata 𩽵:𱇊=wikidata
衛	衞	2	1	1	讆:讏=cjkvi-variants+wikidata+yitizi 躗:躛=cjkvi-variants+unihan+wikidata+yitizi
衮	袞	4	5	5	滚:滾=cjkvi-variants+mj-shrink-map+opencc+unihan+wikidata+yitizi 磙:𥕦=cjkvi-variants+wikidata 蓘:蔉=cjkvi-variants+wikidata+yitizi 𨍽:𨎊=cjkvi-variants+wikidata
袁	𡊮	2	1	1	猿:𫞤=cjkvi-variants+mj-shrink-map+wikidata 逺:遠=cjkvi-variants+mj-shrink-map+wikidata+yitizi
裊	褭	3	4	4	㒟:𱏕=wikidata 㜵:嬝=cjkvi-variants+wikidata 𢶑:𢸣=cjkvi-variants+unihan+wikidata+yitizi
襄	𧞻	3	4	4	瀼:𤅭=cjkvi-variants+mj-shrink-map+opencc+wikidata 蠰:𧖗=cjkvi-variants+opencc+wikidata 讓:𧮨=cjkvi-variants+mj-shrink-map+opencc+wikidata
襾	⿴𦥑囟	3	9	6	㒨:僊=wikidata 僊:𠑗=cjkvi-variants+mj-shrink-map+opencc+wikidata 遷:𨙙=cjkvi-variants+mj-shrink-map+wikidata 𨝍:𨟦=cjkvi-variants+wikidata
襾	覀	3	8	8	𧟠:𧟡=cjkvi-variants 𧟤:𧟥=cjkvi-variants 𧟳:𧟶=cjkvi-variants
襾	雨	2	11	5	㶚:灞=cjkvi-variants+wikidata 壩:𭐏=wikidata 欛:𣠽=cjkvi-variants+mj-shrink-map 覇:霸=cjkvi-variants+hng-basic-data+mj-shrink-map+opencc+unihan+wikidata+yitizi 覈:𩅢=cjkvi-variants+mj-shrink-map+wikidata
西	覀	2	2	2	迺:𨒿=cjkvi-variants 𫒖:𲇊=wikidata
覀	⿴𦥑囟	5	13	9	㒨:僊=wikidata 㶾:𤐫=cjkvi-variants 䙲:𦦉=cjkvi-variants+wikidata 僊:𠑗=cjkvi-variants+mj-shrink-map+opencc+wikidata 要:𡢗=cjkvi-variants+mj-shrink-map+wikidata 遷:𨙙=cjkvi-variants+mj-shrink-map+wikidata 𣻔:𤄚=cjkvi-variants 𨝍:𨟦=cjkvi-variants+wikidata
覀	鹵	2	9	4	栗:𭫪=wikidata 溧:𤂈=wikidata 瑮:𰢕=wikidata 𨝸:𨟜=cjkvi-variants+wikidata
覀	𠧪	2	15	9	㮚:栗=cjkvi-variants+wikidata 䊲:𥽽=cjkvi-variants+wikidata 凓:𠘍=cjkvi-variants+wikidata 慄:𢢙=cjkvi-variants+mj-shrink-map+wikidata 溧:𣿚=cjkvi-variants+mj-shrink-map+opencc+wikidata 瑮:𤩰=cjkvi-variants+opencc+wikidata 粟:𥻆=cjkvi-variants+mj-shrink-map+wikidata 𠞉:𠟫=cjkvi-variants+wikidata 𣯼:𣰮=cjkvi-variants+wikidata
覃	𪉷	15	16	16	㜤:𡤲=cjkvi-variants+wikidata 䊤:𥾁=cjkvi-variants+wikidata 嘾:𡅿=cjkvi-variants+opencc+wikidata 橝:𣡣=cjkvi-variants+opencc+wikidata 潭:𤅦=cjkvi-variants+mj-shrink-map+opencc+wikidata 燂:𤓠=cjkvi-variants+opencc+wikidata 瞫:𥍗=cjkvi-variants+opencc+wikidata 禫:𥜸=cjkvi-variants+opencc+wikidata 蕈:𧅸=cjkvi-variants+mj-shrink-map+opencc+wikidata 蟫:𧖋=cjkvi-variants+mj-shrink-map+wikidata 醰:𨤌=cjkvi-variants+opencc+wikidata 鐔:𨰳=cjkvi-variants+mj-shrink-map+opencc+wikidata 驔:𩧤=cjkvi-variants+opencc+wikidata 鱏:𩽶=cjkvi-variants+mj-shrink-map 𨝸:𨟬=cjkvi-variants+wikidata
覃	𫟛	2	3	2	曋:𣊢=wikidata 醰:𨣌=cjkvi-variants+wikidata
覇	霸	3	5	5	㶚:灞=cjkvi-variants+wikidata 壩:𭐏=wikidata 欛:𣠽=cjkvi-variants+mj-shrink-map
見	⿷見丶	2	3	2	寛:寬=cjkvi-variants+hng-basic-data+mj-shrink-map+opencc+unihan+wikidata+yitizi 莧:萈=cjkvi-variants+mj-shrink-map 𦎽:𦏊=cjkvi-variants
見	见	71	88	78	㵾:𪷍=cjkvi-variants+opencc+unihan+wikidata 䂓:𰦔=unihan+wikidata 䅐:𫀨=cjkvi-variants+opencc+unihan+wikidata 䙼:𰴖=unihan+wikidata 䚀:舰=cjkvi-variants 䚆:𬢑=cjkvi-variants+unihan+wikidata 䚉:𬢐=cjkvi-variants+unihan+wikidata 䩄:靦=cjkvi-variants+opencc+unihan+wikidata 䩤:𮸮=unihan+wikidata 伣:俔=cjkvi-variants+opencc+unihan+wikidata+yitizi 哯:𠯟=cjkvi-variants+opencc+unihan+wikidata+yitizi 垷:𰉚=unihan+wikidata 嫢:𫰹=cjkvi-variants+unihan+wikidata 岘:峴=cjkvi-variants+opencc+unihan+wikidata+yitizi 悓:𮲁=unihan+wikidata 摫:𰓻=unihan+wikidata 晛:𬀪=cjkvi-variants+opencc+unihan+wikidata 枧:梘=cjkvi-variants+opencc+unihan+wikidata+yitizi 椝:槼=cjkvi-variants+opencc+unihan+wikidata+yitizi 槻:𬃀=cjkvi-variants+unihan+wikidata 现:現=cjkvi-variants+opencc+unihan+wikidata+yitizi 睍:𪾢=cjkvi-variants+opencc+unihan+wikidata+yitizi 瞡:𰥪=unihan+wikidata 砚:硯=cjkvi-variants+opencc+unihan+wikidata+yitizi 窥:窺=cjkvi-variants+opencc+unihan+wikidata+yitizi 竀:𰩓=unihan+wikidata 笕:筧=cjkvi-variants+opencc+unihan+wikidata+yitizi 粯:𬖑=cjkvi-variants+unihan+wikidata 苋:莧=cjkvi-variants+opencc+unihan+wikidata+yitizi 蚬:蜆=cjkvi-variants+opencc+unihan+wikidata+yitizi 覎:觃=cjkvi-variants+opencc+unihan+wikidata+yitizi 規:规=cjkvi-variants+opencc+unihan+wikidata+yitizi 覒:𬆾=cjkvi-variants+unihan+wikidata 覓:觅=cjkvi-variants+opencc+unihan+wikidata+yitizi 覔:𲁑=unihan 覕:𰴕=unihan+wikidata 視:视=cjkvi-variants+opencc+unihan+wikidata+yitizi 覗:𬢊=cjkvi-variants+unihan+wikidata 覘:觇=cjkvi-variants+opencc+unihan+wikidata+yitizi 覙:𫌨=cjkvi-variants 覛:𫌪=cjkvi-variants+opencc+unihan+wikidata 覜:𬢋=cjkvi-variants+unihan+wikidata 覟:𬢌=cjkvi-variants+unihan+wikidata 覠:𰴙=unihan+wikidata 覡:觋=cjkvi-variants+opencc+unihan+wikidata+yitizi 覢:𬊦=cjkvi-variants+unihan+wikidata 覤:𬟪=cjkvi-variants+unihan+wikidata 覥:觍=cjkvi-variants+opencc+unihan+wikidata+yitizi 覦:觎=cjkvi-variants+opencc+unihan+wikidata+yitizi 覩:𬢎=cjkvi-variants+unihan+wikidata 覫:𲁙=unihan 覭:𬢒=cjkvi-variants+unihan+wikidata 覯:觏=cjkvi-variants+opencc+unihan+wikidata+yitizi 覰:𰴜=unihan+wikidata 覲:觐=cjkvi-variants+opencc+unihan+wikidata+yitizi 覴:𬢔=cjkvi-variants+unihan+wikidata 覶:𰴝=unihan+wikidata 覷:觑=cjkvi-variants+opencc+unihan+wikidata+yitizi 覹:𫌭=cjkvi-variants+opencc+unihan+wikidata 覻:𰴞=unihan+wikidata 靓:靚=cjkvi-variants+opencc+unihan+wikidata+yitizi 鬶:鬹=cjkvi-variants+opencc+unihan+wikidata+yitizi 𧠈:𬢇=cjkvi-variants+unihan+wikidata 𧠥:𬢉=cjkvi-variants+unihan+wikidata 𧠯:𲁕=unihan 𧠳:𮷄=unihan+wikidata 𧠵:𬢍=unihan+wikidata 𧡪:𬢏=cjkvi-variants+unihan+wikidata 𧡱:𲁘=unihan 𧡴:𫌫=cjkvi-variants+opencc+unihan+wikidata 𧡸:𰴛=unihan+wikidata 𧢄:𫌬=cjkvi-variants+opencc+unihan+wikidata 𧢍:𬢓=cjkvi-variants+unihan+wikidata 𧢢:𬺟=cjkvi-variants+unihan+wikidata 𧱻:𰶨=unihan+wikidata 𫌩:𰴏=unihan+wikidata
規	规	7	8	8	嫢:𫰹=cjkvi-variants+unihan+wikidata 摫:𰓻=unihan+wikidata 椝:槼=cjkvi-variants+opencc+unihan+wikidata+yitizi 槻:𬃀=cjkvi-variants+unihan+wikidata 瞡:𰥪=unihan+wikidata 窥:窺=cjkvi-variants+opencc+unihan+wikidata+yitizi 鬶:鬹=cjkvi-variants+opencc+unihan+wikidata+yitizi
覓	覔	2	2	1	𥉿:𥊋=wikidata 𧱻:𮙤=wikidata
覧	覽	7	11	8	㰖:欖=cjkvi-variants+mj-shrink-map+wikidata 䌫:纜=cjkvi-variants+mj-shrink-map+unihan+wikidata+yitizi 攬:𭣄=wikidata 灠:𤂺=cjkvi-variants+wikidata 爦:𤑸=cjkvi-variants 𨇣:𨈇=cjkvi-variants+wikidata 𨣸:𨤋=cjkvi-variants+wikidata
覽	览	7	9	8	囕:𰈆=unihan+wikidata 揽:攬=cjkvi-variants+opencc+unihan+wikidata+yitizi 榄:欖=cjkvi-variants+opencc+unihan+wikidata+yitizi 灠:𰜐=unihan+wikidata 𥗽:𬒗=cjkvi-variants+opencc+unihan+wikidata 𨈇:𬦾=cjkvi-variants+unihan+wikidata 𨤋:𬪯=cjkvi-variants+unihan+wikidata
见	⿷見丶	2	5	4	宽:寬=cjkvi-variants+opencc+unihan+wikidata+yitizi 臗:𣎑=cjkvi-variants+opencc+unihan+wikidata+yitizi 髋:髖=cjkvi-variants+opencc+unihan+wikidata+yitizi 𡬘:𱚛=unihan
言	讠	3	6	6	嶽:𰎫=unihan+wikidata 狱:獄=cjkvi-variants+opencc+unihan+wikidata+yitizi 讎:雠=cjkvi-variants+opencc+unihan+wikidata+yitizi 辩:辯=cjkvi-variants+opencc+unihan+wikidata+yitizi 𧀀:𮶩=unihan+wikidata
訁	讠	333	353	339	㶆:𫞛=cjkvi-variants+opencc+unihan+wikidata 㾵:𬏟=cjkvi-variants+unihan+wikidata 䃴:𰧘=unihan+wikidata 䚳:𬣛=cjkvi-variants+unihan+wikidata 䚵:𬣟=cjkvi-variants+unihan+wikidata 䚽:𬣜=cjkvi-variants+unihan+wikidata 䛀:𰵐=unihan+wikidata 䛄:𫍠=cjkvi-variants+opencc+unihan+wikidata 䛅:𲂆=unihan 䛊:识=cjkvi-variants 䛌:𰵜=unihan+wikidata 䛍:𬣧=cjkvi-variants+unihan+wikidata 䛔:𲂈=unihan 䛘:𬣯=cjkvi-variants+unihan+wikidata 䛛:𬣬=cjkvi-variants+unihan+wikidata 䛞:𬣸=cjkvi-variants+unihan+wikidata 䛠:𰵫=unihan+wikidata 䛤:𬣹=cjkvi-variants+unihan+wikidata 䛬:𬤁=cjkvi-variants+unihan+wikidata 䛭:𰵰=unihan+wikidata 䛳:𫍫=cjkvi-variants+opencc+unihan+wikidata 䛴:𮷈=unihan+wikidata 䛽:𬤌=cjkvi-variants+unihan+wikidata 䛿:𬤑=cjkvi-variants+unihan+wikidata 䜀:䜧=cjkvi-variants+opencc+unihan+wikidata+yitizi 䜄:𰶈=unihan+wikidata 䜉:𬤘=cjkvi-variants+unihan+wikidata 䜊:𲂓=unihan 䜍:𬤟=cjkvi-variants+unihan+wikidata 䜏:𰶇=unihan+wikidata 䜒:𬤡=cjkvi-variants+unihan+wikidata 䜚:𬤪=cjkvi-variants+unihan+wikidata 䜝:𬤬=cjkvi-variants+unihan+wikidata 䜣:訢=cjkvi-variants+opencc+unihan+wikidata+yitizi 䜤:鿁=cjkvi-variants+opencc+unihan+wikidata 䜥:𧩙=cjkvi-variants+opencc+unihan+wikidata+yitizi 䜩:讌=cjkvi-variants+opencc+unihan+wikidata+yitizi 储:儲=cjkvi-variants+opencc+unihan+wikidata+yitizi 槠:櫧=cjkvi-variants+opencc+unihan+wikidata+yitizi 浒:滸=cjkvi-variants+opencc+unihan+wikidata+yitizi 瞓:𰥛=unihan+wikidata 罚:罰=cjkvi-variants+opencc+unihan+wikidata+yitizi 蔎:𰰺=unihan+wikidata 蔼:藹=cjkvi-variants+opencc+unihan+wikidata+yitizi 藷:𫉄=cjkvi-variants+opencc+unihan+wikidata 訂:订=cjkvi-variants+opencc+unihan+wikidata+yitizi 訃:讣=cjkvi-variants+opencc+unihan+wikidata+yitizi 訆:𰵊=unihan+wikidata 計:计=cjkvi-variants+opencc+unihan+wikidata+yitizi 訉:𲂂=unihan 訊:讯=cjkvi-variants+opencc+unihan+wikidata+yitizi 訌:讧=cjkvi-variants+opencc+unihan+wikidata+yitizi 訍:𲂃=unihan 討:讨=cjkvi-variants+opencc+unihan+wikidata+yitizi 訏:𬣙=cjkvi-variants+opencc+unihan+wikidata 訐:讦=cjkvi-variants+opencc+unihan+wikidata+yitizi 訑:𫍙=cjkvi-variants+opencc+unihan+wikidata+yitizi 訒:讱=cjkvi-variants+opencc+unihan+wikidata+yitizi 訓:训=cjkvi-variants+opencc+unihan+wikidata+yitizi 訕:讪=cjkvi-variants+opencc+unihan+wikidata+yitizi 訖:讫=cjkvi-variants+opencc+unihan+wikidata+yitizi 託:讬=cjkvi-variants+opencc+unihan+wikidata+yitizi 記:记=cjkvi-variants+opencc+unihan+wikidata+yitizi 訛:讹=cjkvi-variants+opencc+unihan+wikidata+yitizi 訜:𫍛=cjkvi-variants+opencc+unihan+wikidata 訝:讶=cjkvi-variants+opencc+unihan+wikidata+yitizi 訞:𫍚=cjkvi-variants+opencc+unihan+wikidata 訟:讼=cjkvi-variants+opencc+unihan+wikidata+yitizi 訣:诀=cjkvi-variants+opencc+unihan+wikidata+yitizi 訥:讷=cjkvi-variants+opencc+unihan+wikidata+yitizi 訦:𰵒=unihan+wikidata 訧:𰵎=unihan+wikidata 訨:𫟞=cjkvi-variants+opencc+unihan+wikidata 訩:讻=cjkvi-variants+opencc+unihan+yitizi 訪:访=cjkvi-variants+opencc+unihan+wikidata+yitizi 訬:𰵏=unihan+wikidata 設:设=cjkvi-variants+opencc+unihan+wikidata+yitizi 訯:𲂅=unihan 訰:𰵍=unihan+wikidata 許:许=cjkvi-variants+opencc+unihan+wikidata+yitizi 訴:诉=cjkvi-variants+opencc+unihan+wikidata+yitizi 訶:诃=cjkvi-variants+opencc+unihan+wikidata+yitizi 訸:𰵝=unihan+wikidata 訹:𰵓=unihan+wikidata 診:诊=cjkvi-variants+opencc+unihan+wikidata+yitizi 註:𬣣=cjkvi-variants+unihan+wikidata 証:证=opencc 訽:𰵛=unihan+wikidata 詀:𧮪=cjkvi-variants+opencc+unihan+wikidata+yitizi 詁:诂=cjkvi-variants+opencc+unihan+wikidata+yitizi 詃:𬣤=cjkvi-variants+unihan+wikidata 詄:𰵙=unihan+wikidata 詅:𰵚=unihan+wikidata 詆:诋=cjkvi-variants+opencc+unihan+wikidata+yitizi 詇:𰵗=unihan+wikidata 詉:𰵠=unihan+wikidata 詊:𫟟=cjkvi-variants+opencc+unihan+wikidata 詌:𬣠=cjkvi-variants+unihan+wikidata 詍:𰵔=unihan+wikidata 詎:讵=cjkvi-variants+opencc+unihan+wikidata+yitizi 詏:𬣦=cjkvi-variants+unihan+wikidata 詐:诈=cjkvi-variants+opencc+unihan+wikidata+yitizi 詑:𫍡=cjkvi-variants+opencc+unihan+wikidata 詒:诒=cjkvi-variants+opencc+unihan+wikidata+yitizi 詓:𫍜=cjkvi-variants+opencc+unihan+wikidata 詔:诏=cjkvi-variants+opencc+unihan+wikidata+yitizi 評:评=cjkvi-variants+opencc+unihan+wikidata+yitizi 詖:诐=cjkvi-variants+opencc+unihan+wikidata+yitizi 詗:诇=cjkvi-variants+opencc+unihan+wikidata+yitizi 詘:诎=cjkvi-variants+opencc+unihan+wikidata+yitizi 詛:诅=cjkvi-variants+opencc+unihan+wikidata+yitizi 詜:𬣥=cjkvi-variants+unihan+wikidata 詞:词=cjkvi-variants+opencc+unihan+wikidata+yitizi 詠:𰵞=unihan+wikidata 詡:诩=cjkvi-variants+opencc+unihan+wikidata+yitizi 詢:询=cjkvi-variants+opencc+unihan+wikidata+yitizi 詣:诣=cjkvi-variants+opencc+unihan+wikidata+yitizi 詥:𰵣=unihan+wikidata 試:试=cjkvi-variants+opencc+unihan+wikidata+yitizi 詨:𰵦=unihan+wikidata 詩:诗=cjkvi-variants+opencc+unihan+wikidata+yitizi 詪:𬣳=cjkvi-variants+opencc+unihan+wikidata 詫:诧=cjkvi-variants+opencc+unihan+wikidata+yitizi 詬:诟=cjkvi-variants+opencc+unihan+wikidata+yitizi 詭:诡=cjkvi-variants+opencc+unihan+wikidata+yitizi 詮:诠=cjkvi-variants+opencc+unihan+wikidata+yitizi 詯:𬣰=cjkvi-variants+unihan+wikidata 詰:诘=cjkvi-variants+opencc+unihan+wikidata+yitizi 話:话=cjkvi-variants+opencc+unihan+wikidata+yitizi 該:该=cjkvi-variants+opencc+unihan+wikidata+yitizi 詳:详=cjkvi-variants+opencc+unihan+wikidata+yitizi 詴:𬣩=cjkvi-variants+unihan+wikidata 詵:诜=cjkvi-variants+opencc+unihan+wikidata+yitizi 詶:𬣱=cjkvi-variants+unihan+wikidata 詷:𫍣=cjkvi-variants+opencc+unihan+wikidata 詺:𬣮=cjkvi-variants+unihan+wikidata 詻:𰵤=unihan+wikidata 詼:诙=cjkvi-variants+opencc+unihan+wikidata+yitizi 詿:诖=cjkvi-variants+opencc+unihan+wikidata+yitizi 誁:𬣲=cjkvi-variants+unihan+wikidata 誂:𫍥=cjkvi-variants+opencc+unihan+wikidata 誃:𰵥=unihan+wikidata 誄:诔=cjkvi-variants+opencc+unihan+wikidata+yitizi 誅:诛=cjkvi-variants+opencc+unihan+yitizi 誆:诓=cjkvi-variants+opencc+unihan+wikidata+yitizi 誋:𫍪=cjkvi-variants+opencc+unihan+wikidata 誌:𰵧=unihan+wikidata 誎:𬣷=cjkvi-variants+unihan+wikidata 誏:𬣼=cjkvi-variants+unihan+wikidata 誐:𰵮=unihan+wikidata 誑:诳=cjkvi-variants+opencc+unihan+wikidata+yitizi 誒:诶=cjkvi-variants+opencc+unihan+wikidata+yitizi 誔:𬣻=cjkvi-variants+unihan+wikidata 誕:诞=cjkvi-variants+opencc+unihan+wikidata+yitizi 誗:𰵭=unihan+wikidata 誘:诱=cjkvi-variants+opencc+unihan+wikidata+yitizi 誚:诮=cjkvi-variants+opencc+unihan+wikidata+yitizi 誜:𰵯=unihan+wikidata 語:语=cjkvi-variants+opencc+unihan+wikidata+yitizi 誠:诚=cjkvi-variants+opencc+unihan+wikidata+yitizi 誡:诫=cjkvi-variants+opencc+unihan+wikidata+yitizi 誣:诬=cjkvi-variants+opencc+unihan+wikidata+yitizi 誤:误=cjkvi-variants+opencc+unihan+wikidata+yitizi 誥:诰=cjkvi-variants+opencc+unihan+wikidata+yitizi 誦:诵=cjkvi-variants+opencc+unihan+wikidata+yitizi 誧:𰵩=unihan+wikidata 誨:诲=cjkvi-variants+opencc+unihan+wikidata+yitizi 誩:𲂍=unihan 誫:𫍨=cjkvi-variants+opencc+unihan+wikidata 説:说=cjkvi-variants+opencc+unihan 誰:谁=cjkvi-variants+opencc+unihan+wikidata+yitizi 課:课=cjkvi-variants+opencc+unihan+wikidata+yitizi 誳:𫍮=cjkvi-variants+opencc+unihan+wikidata 誴:𫟡=cjkvi-variants+opencc+unihan+wikidata 誶:谇=cjkvi-variants+opencc+unihan+wikidata+yitizi 誷:𫍬=cjkvi-variants+opencc+unihan+wikidata 誹:诽=cjkvi-variants+opencc+unihan+wikidata+yitizi 誻:𰵸=unihan+wikidata 誼:谊=cjkvi-variants+opencc+unihan+wikidata+yitizi 誽:𰵵=unihan+wikidata 調:调=cjkvi-variants+opencc+unihan+wikidata+yitizi 諁:𰵷=unihan+wikidata 諂:谄=cjkvi-variants+opencc+unihan+wikidata+yitizi 諃:𰵱=unihan+wikidata 諄:谆=cjkvi-variants+opencc+unihan+wikidata+yitizi 諆:𰵲=unihan+wikidata 談:谈=cjkvi-variants+opencc+unihan+wikidata+yitizi 諈:𰵶=unihan+wikidata 諉:诿=cjkvi-variants+opencc+unihan+wikidata+yitizi 請:请=cjkvi-variants+opencc+unihan+wikidata+yitizi 諍:诤=cjkvi-variants+opencc+unihan+wikidata+yitizi 諎:𬣾=cjkvi-variants+unihan+wikidata 諏:诹=cjkvi-variants+opencc+unihan+wikidata+yitizi 諑:诼=cjkvi-variants+opencc+unihan+wikidata+yitizi 諒:谅=cjkvi-variants+opencc+unihan+wikidata+yitizi 諔:𰵴=unihan+wikidata 諕:𬤀=cjkvi-variants+unihan+wikidata 諗:谂=cjkvi-variants+opencc+unihan+wikidata+yitizi 諘:𲂏=unihan 諛:谀=cjkvi-variants+opencc+unihan+wikidata+yitizi 諜:谍=cjkvi-variants+opencc+unihan+wikidata+yitizi 諝:谞=cjkvi-variants+opencc+unihan+wikidata+yitizi 諞:谝=cjkvi-variants+opencc+unihan+wikidata+yitizi 諟:𬤊=cjkvi-variants+opencc+unihan+wikidata 諠:𬤎=cjkvi-variants+unihan+wikidata 諤:谔=cjkvi-variants+opencc+unihan+wikidata+yitizi 諥:𫍳=cjkvi-variants+opencc+unihan+wikidata 諦:谛=cjkvi-variants+opencc+unihan+wikidata+yitizi 諧:谐=cjkvi-variants+opencc+unihan+wikidata+yitizi 諫:谏=cjkvi-variants+opencc+unihan+wikidata+yitizi 諭:谕=cjkvi-variants+opencc+unihan+wikidata+yitizi 諮:谘=cjkvi-variants+opencc+unihan+wikidata+yitizi 諯:𫍱=cjkvi-variants+opencc+unihan+wikidata 諰:𫍰=cjkvi-variants+opencc+unihan+wikidata+yitizi 諲:𬤇=cjkvi-variants+opencc+unihan+wikidata 諳:谙=cjkvi-variants+opencc+unihan+wikidata+yitizi 諴:𫍯=cjkvi-variants+opencc+unihan+wikidata 諵:𲂐=unihan 諶:谌=cjkvi-variants+opencc+unihan+wikidata+yitizi 諸:诸=cjkvi-variants+opencc+unihan+wikidata+yitizi 諺:谚=cjkvi-variants+opencc+unihan+wikidata+yitizi 諻:𬤍=cjkvi-variants+unihan+wikidata 諼:谖=cjkvi-variants+opencc+unihan+wikidata+yitizi 諾:诺=cjkvi-variants+opencc+unihan+wikidata+yitizi 謀:谋=cjkvi-variants+opencc+unihan+wikidata+yitizi 謁:谒=cjkvi-variants+opencc+unihan+wikidata+yitizi 謂:谓=cjkvi-variants+opencc+unihan+wikidata+yitizi 謆:𫍸=cjkvi-variants+opencc+unihan+wikidata 謉:𫍷=cjkvi-variants+opencc+unihan+wikidata 謊:谎=cjkvi-variants+opencc+unihan+wikidata+yitizi 謋:𰵼=unihan+wikidata 謌:𬤐=cjkvi-variants+unihan+wikidata 謎:谜=cjkvi-variants+opencc+unihan+wikidata+yitizi 謏:𫍲=cjkvi-variants+opencc+unihan+wikidata+yitizi 謐:谧=cjkvi-variants+opencc+unihan+wikidata+yitizi 謑:𰵾=unihan+wikidata 謔:谑=cjkvi-variants+opencc+unihan+wikidata+yitizi 謖:谡=cjkvi-variants+opencc+unihan+wikidata+yitizi 謗:谤=cjkvi-variants+opencc+unihan+wikidata+yitizi 謙:谦=cjkvi-variants+opencc+unihan+wikidata+yitizi 謚:谥=cjkvi-variants+opencc+unihan+wikidata+yitizi 謜:𰵺=unihan+wikidata 謝:谢=cjkvi-variants+opencc+unihan+wikidata+yitizi 謞:𰵿=unihan+wikidata 謟:𰵽=unihan+wikidata 謠:谣=opencc+unihan+wikidata+yitizi 謡:谣=cjkvi-variants+opencc+unihan 謣:𰶀=unihan+wikidata 謥:𰶂=unihan+wikidata 謨:谟=cjkvi-variants+opencc+unihan+wikidata+yitizi 謫:谪=cjkvi-variants+opencc+unihan+wikidata+yitizi 謬:谬=cjkvi-variants+opencc+unihan+wikidata+yitizi 謭:谫=cjkvi-variants+opencc+unihan+yitizi 謯:𫍹=cjkvi-variants+opencc+unihan 謵:𰶃=unihan+wikidata 謶:𲂔=unihan 謸:𫍵=cjkvi-variants+opencc+unihan+wikidata 謹:谨=cjkvi-variants+opencc+unihan+wikidata+yitizi 謻:𰶁=unihan 謼:𬤙=cjkvi-variants+unihan+wikidata 謾:谩=cjkvi-variants+opencc+unihan+wikidata+yitizi 譀:𰶆=unihan+wikidata 譄:𬤤=cjkvi-variants+unihan+wikidata 譅:𰶎=opencc+unihan+wikidata 譆:𫍻=cjkvi-variants+opencc+unihan+wikidata 譇:𰶄=unihan+wikidata 譈:𬤣=cjkvi-variants+unihan+wikidata 譎:谲=cjkvi-variants+opencc+unihan+wikidata+yitizi 譐:𬤢=cjkvi-variants+unihan+wikidata 譒:𮷊=unihan+wikidata 譓:𬤝=cjkvi-variants+opencc+unihan+wikidata 譔:𬤥=cjkvi-variants+unihan+wikidata 譖:谮=cjkvi-variants+opencc+unihan+wikidata+yitizi 譙:谯=cjkvi-variants+opencc+unihan+wikidata+yitizi 譚:谭=cjkvi-variants+opencc+unihan+wikidata+yitizi 譜:谱=cjkvi-variants+opencc+unihan+wikidata+yitizi 譞:𫍽=cjkvi-variants+opencc+unihan+wikidata 譟:𬤨=cjkvi-variants+unihan+wikidata 譠:𰶉=unihan+wikidata 譢:𲂖=unihan 譧:𲂕=unihan 譩:𰶊=unihan+wikidata 譫:谵=cjkvi-variants+opencc+unihan+wikidata+yitizi 譳:𰶌=unihan+wikidata 譴:谴=cjkvi-variants+opencc+unihan+wikidata+yitizi 譹:𬤫=cjkvi-variants+unihan+wikidata 譺:𬤩=cjkvi-variants+unihan+wikidata 譾:𫍿=cjkvi-variants+opencc+unihan+wikidata 譿:𬤭=cjkvi-variants+unihan+wikidata 讂:𰶍=unihan+wikidata 讑:𰶏=unihan+wikidata 讖:谶=cjkvi-variants+opencc+unihan+wikidata+yitizi 讙:𬤰=cjkvi-variants+unihan+wikidata 霭:靄=cjkvi-variants+opencc+unihan+wikidata+yitizi 𣶫:𣿉=cjkvi-variants+opencc+unihan+wikidata+yitizi 𧥣:𬣚=cjkvi-variants+unihan+wikidata 𧥺:𬣝=cjkvi-variants+unihan+wikidata 𧥼:𲂄=unihan 𧦝:𫍞=cjkvi-variants+opencc+unihan+wikidata 𧦦:𰵘=unihan+wikidata 𧦧:𫍟=cjkvi-variants+opencc+unihan+wikidata 𧦭:𬣢=cjkvi-variants+unihan+wikidata 𧦵:𮷆=unihan+wikidata 𧧝:𬣨=cjkvi-variants+unihan+wikidata 𧧭:𬣺=cjkvi-variants+unihan+wikidata 𧧸:𰵬=unihan+wikidata 𧨊:𬣶=cjkvi-variants+unihan+wikidata 𧨝:𰵪=unihan+wikidata 𧨳:𰵳=unihan+wikidata 𧨾:𬤂=cjkvi-variants+unihan+wikidata 𧨿:𲂎=unihan 𧩎:𮷉=unihan+wikidata 𧩕:𫍭=cjkvi-variants+opencc+unihan+wikidata 𧩦:𬤅=cjkvi-variants+unihan+wikidata 𧩧:𬤏=cjkvi-variants+unihan+wikidata 𧩪:𬤋=cjkvi-variants+unihan 𧩼:𫍶=cjkvi-variants+opencc+unihan+wikidata 𧪍:𲂑=unihan 𧪞:𬤒=cjkvi-variants+unihan+wikidata 𧪡:𬤓=cjkvi-variants+unihan+wikidata 𧪦:𬤕=cjkvi-variants+unihan+wikidata 𧪪:𬤔=cjkvi-variants+unihan+wikidata 𧪮:𰵻=unihan+wikidata 𧫝:𫍺=cjkvi-variants+opencc+unihan+wikidata 𧬁:𰶅=unihan+wikidata 𧬅:𬤜=cjkvi-variants+unihan+wikidata 𧬇:𬤞=cjkvi-variants+unihan+wikidata 𧬤:𫍼=cjkvi-variants+opencc+unihan+wikidata 𧬮:𬤧=cjkvi-variants+unihan+wikidata 𧬯:𰶋=unihan+wikidata 𧭈:𫍾=cjkvi-variants+opencc+wikidata 𧭞:𲂗=unihan 𧮈:𬤯=cjkvi-variants+unihan+wikidata 𧮓:𬤱=cjkvi-variants+unihan+wikidata 𬤃:𰴽=unihan+wikidata 𭢒:𰓤=unihan 𰵋:𲁢=unihan+wikidata
許	许	2	1	1	浒:滸=cjkvi-variants+opencc+unihan+wikidata+yitizi 𭢒:𰓤=unihan
詹	⿸厃⿱八𢀛	5	5	5	䠨:𨅧=cjkvi-variants+wikidata 澹:𣽃=cjkvi-variants+mj-shrink-map+wikidata 聸:𦗯=cjkvi-variants+wikidata 黵:𪒧=cjkvi-variants+wikidata 𨼧:𨼮=cjkvi-variants+wikidata
詹	⿸厃⿳八工口	5	5	5	䠨:𨅧=cjkvi-variants+wikidata 澹:𣽃=cjkvi-variants+mj-shrink-map+wikidata 聸:𦗯=cjkvi-variants+wikidata 黵:𪒧=cjkvi-variants+wikidata 𨼧:𨼮=cjkvi-variants+wikidata
諸	诸	5	6	6	㶆:𫞛=cjkvi-variants+opencc+unihan+wikidata 䃴:𰧘=unihan+wikidata 储:儲=cjkvi-variants+opencc+unihan+wikidata+yitizi 槠:櫧=cjkvi-variants+opencc+unihan+wikidata+yitizi 藷:𫉄=cjkvi-variants+opencc+unihan+wikidata
謁	谒	2	1	1	蔼:藹=cjkvi-variants+opencc+unihan+wikidata+yitizi 霭:靄=cjkvi-variants+opencc+unihan+wikidata+yitizi
谷	𠫤	8	21	8	㕁:卻=cjkvi-variants+mj-shrink-map+wikidata 㞃:𡯮=cjkvi-variants+wikidata 綌:𥿭=cjkvi-variants+mj-shrink-map+wikidata 谹:𭆠=wikidata 郄:郤=cjkvi-variants+mj-shrink-map+unihan+wikidata+yitizi 𠴷:𠶸=cjkvi-variants 𢔘:𢔱=cjkvi-variants+wikidata 𢛠:𢜭=cjkvi-variants+wikidata
谷	𬉸	2	5	3	容:𡨐=wikidata 綌:𦀭=wikidata 𠹍:𠺀=wikidata
豆	𠁁	10	14	10	㓸:剅=cjkvi-variants+wikidata 㛒:𡟳=cjkvi-variants+wikidata 䛠:𧪧=cjkvi-variants+wikidata 侸:𠍄=cjkvi-variants+wikidata 郖:𨜹=cjkvi-variants+wikidata 鋀:𨪐=cjkvi-variants+wikidata 鬭:𩰖=cjkvi-variants+mj-shrink-map 𥆖:𥉝=cjkvi-variants+wikidata 𧡀:𧡸=cjkvi-variants+wikidata 𨹜:𨻉=cjkvi-variants+wikidata
豊	豐	16	19	18	㒥:僼=cjkvi-variants+wikidata 㠦:𡽍=cjkvi-variants+wikidata 䵄:麷=cjkvi-variants+wikidata 寷:𡫋=cjkvi-variants+wikidata 澧:灃=cjkvi-variants 灎:灩=cjkvi-variants+mj-shrink-map+wikidata+yitizi 灔:灧=yitizi 艶:艷=cjkvi-variants+mj-shrink-map+opencc+unihan+wikidata+yitizi 豑:豒=cjkvi-variants+wikidata 豓:𧰚=cjkvi-variants 豔:𧰟=cjkvi-variants+wikidata 鄷:酆=cjkvi-variants+mj-shrink-map+wikidata+yitizi 霻:靊=cjkvi-variants 𡤩:𡤸=cjkvi-variants 𦡊:𦣂=cjkvi-variants 𨰘:𫓐=cjkvi-variants
豕	⿱{42}𧰨	2	4	2	豬:𢑳=cjkvi-variants+wikidata 逐:𨔡=cjkvi-variants+wikidata
豕	⿱冖豕	2	3	1	啄:𭉇=wikidata 琢:𭹣=mj-shrink-map+wikidata
豕	豖	14	15	15	㞘:𡱰=cjkvi-variants 㭬:椓=cjkvi-variants+wikidata 䐁:豚=cjkvi-variants+mj-shrink-map+wikidata 䖶:𧌮=cjkvi-variants 䦠:𨴯=cjkvi-variants 剢:𫦀=cjkvi-variants+wikidata 涿:𣵠=cjkvi-variants+mj-shrink-map+wikidata 篴:𥳤=cjkvi-variants+wikidata 豛:𧰵=cjkvi-variants 豰:𣫔=cjkvi-variants 𦎇:𦎜=cjkvi-variants 𧱎:𧱧=cjkvi-variants 𧱓:𧱦=cjkvi-variants+wikidata
豕	豸	15	49	18	䝎:貒=cjkvi-variants+wikidata 䝏:貗=cjkvi-variants 䝔:貛=cjkvi-variants+mj-shrink-map 䝠:豲=cjkvi-variants 懇:𢡆=cjkvi-variants+mj-shrink-map+opencc+wikidata 藸:𮒱=wikidata 豝:𧲧=cjkvi-variants+wikidata 豤:貇=cjkvi-variants+wikidata 豨:𧳐=cjkvi-variants+wikidata 豬:𧳯=cjkvi-variants+mj-shrink-map+wikidata 豶:𧴍=cjkvi-variants+wikidata 豷:𧴒=wikidata 貀:𧰹=cjkvi-variants+wikidata 𧱁:𧳆=cjkvi-variants+wikidata 𧱓:𧳑=cjkvi-variants+wikidata 𧱙:𧳛=cjkvi-variants+wikidata 𧱿:𧴄=cjkvi-variants+wikidata
豙	𧱏	2	5	3	毅:𣫖=cjkvi-variants+mj-shrink-map+opencc+wikidata 藙:𧄘=cjkvi-variants+mj-shrink-map+wikidata 顡:𩕺=cjkvi-variants+wikidata
豦	𠁅	5	7	6	䆽:𥧻=cjkvi-variants+wikidata 䟊:𰷾=wikidata 噱:𠻔=cjkvi-variants+wikidata 據:𢴃=cjkvi-variants+wikidata 鐻:𨬀=cjkvi-variants+wikidata
豫	預	2	1	1	櫲:𣛿=cjkvi-variants+mj-shrink-map+wikidata 澦:𤂻=cjkvi-variants+wikidata
貇	貌	2	2	1	藐:𦾜=wikidata 邈:𨗿=cjkvi-variants+wikidata
貝	贝	150	566	517	㑔:㑯=cjkvi-variants+opencc+unihan+wikidata+yitizi 㕢:𰇀=unihan+wikidata 㘔:𫬐=cjkvi-variants+opencc+unihan+wikidata 㘖:𰉁=unihan+wikidata 㙺:𰊛=unihan+wikidata 㛝:𫝦=cjkvi-variants+opencc+unihan+wikidata 㛣:㜏=cjkvi-variants+opencc+unihan+wikidata+yitizi 㜺:𫲗=cjkvi-variants+unihan+wikidata 㩌:𫽧=cjkvi-variants+unihan+wikidata 㱮:殨=cjkvi-variants+opencc+unihan+wikidata+yitizi 㴿:𰛽=unihan+wikidata 㵑:𰜢=unihan+wikidata 㵒:𬈕=cjkvi-variants+unihan+wikidata 㸇:𤎺=cjkvi-variants+opencc+wikidata 㸊:𬋍=cjkvi-variants+unihan+wikidata 㿉:𰣶=unihan+wikidata 㿎:𬏷=cjkvi-variants+unihan+wikidata 㿗:𤻊=cjkvi-variants+opencc+unihan+wikidata 䀍:𰥊=unihan+wikidata 䂎:𥎝=cjkvi-variants+opencc+unihan+wikidata 䂵:碽=cjkvi-variants+opencc+unihan+wikidata+yitizi 䅪:𥢢=cjkvi-variants+opencc+unihan+wikidata+yitizi 䆅:𰨳=unihan+wikidata 䇓:𰩧=unihan+wikidata 䐣:𬁽=cjkvi-variants+unihan+wikidata 䔈:𰱀=unihan+wikidata 䖀:𰲖=unihan+wikidata 䙌:䙡=cjkvi-variants+opencc+unihan+wikidata+yitizi 䝭:𫎧=cjkvi-variants+opencc+unihan+wikidata 䝯:𬥵=cjkvi-variants+unihan+wikidata 䝻:𧹕=cjkvi-variants+opencc+unihan+wikidata+yitizi 䝼:䞍=cjkvi-variants+opencc+unihan+wikidata+yitizi 䞀:𬥽=cjkvi-variants+unihan+wikidata 䞁:𬥺=cjkvi-variants+unihan+wikidata 䞂:𬥻=cjkvi-variants+unihan+wikidata 䞌:𧵳=cjkvi-variants+opencc+unihan+wikidata+yitizi 䞎:𧶧=cjkvi-variants+opencc+unihan+wikidata+yitizi 䞐:賰=cjkvi-variants+opencc+unihan+wikidata+yitizi 䟺:𬦥=cjkvi-variants+unihan+wikidata 䪥:𱂎=unihan+wikidata 䪴:𫖫=cjkvi-variants+opencc+unihan+wikidata 䪼:𱂢=unihan+wikidata 䪾:𫖬=cjkvi-variants+opencc+unihan+wikidata 䫂:𫖰=cjkvi-variants+opencc+unihan+wikidata 䫈:𬱣=cjkvi-variants+unihan+wikidata 䫉:𬥈=cjkvi-variants+unihan+wikidata 䫌:𱂮=unihan+wikidata 䫏:𬱦=cjkvi-variants+unihan+wikidata 䫐:𬃲=cjkvi-variants+unihan+wikidata 䫖:𲊾=unihan 䫜:𬱮=cjkvi-variants+unihan+wikidata 䫠:𬱰=cjkvi-variants+unihan+wikidata 䫥:𱆚=unihan+wikidata 䫲:𲋃=unihan 䫴:𩖗=cjkvi-variants+opencc+unihan+wikidata+yitizi 䫶:𫖺=cjkvi-variants+opencc+unihan+wikidata 䭭:𬱯=cjkvi-variants+unihan+wikidata 䰎:𱆃=unihan+wikidata 䰖:𱆈=unihan+wikidata 侦:偵=cjkvi-variants+opencc+unihan+wikidata+yitizi 侧:側=cjkvi-variants+opencc+unihan+wikidata+yitizi 债:債=cjkvi-variants+opencc+unihan+wikidata+yitizi 倾:傾=cjkvi-variants+opencc+unihan+wikidata+yitizi 偩:𰁾=unihan+wikidata 偾:僨=cjkvi-variants+opencc+unihan+wikidata+yitizi 傊:𱎯=wikidata 僓:𰂜=unihan+wikidata 償:𱏐=wikidata 儩:𰂭=unihan+wikidata 儹:𰃆=unihan+wikidata 则:則=cjkvi-variants+opencc+unihan+wikidata+yitizi 劗:𭄛=unihan+wikidata 勋:勛=cjkvi-variants+opencc+unihan+wikidata+yitizi 勚:勩=cjkvi-variants+opencc+unihan+wikidata+yitizi 勣:𪟝=cjkvi-variants+opencc+unihan+wikidata 匮:匱=cjkvi-variants+opencc+unihan+wikidata+yitizi 厕:厠=cjkvi-variants+opencc+unihan+wikidata+yitizi 呗:唄=cjkvi-variants+opencc+unihan+wikidata+yitizi 员:員=cjkvi-variants+opencc+unihan+wikidata+yitizi 唝:嗊=cjkvi-variants+opencc+unihan+wikidata+yitizi 唢:嗩=cjkvi-variants+opencc+unihan+wikidata+yitizi 啧:嘖=cjkvi-variants+opencc+unihan+wikidata+yitizi 喷:噴=cjkvi-variants+opencc+unihan+wikidata+yitizi 嗿:𰇲=unihan+wikidata 嘳:𪡞=cjkvi-variants+opencc+unihan+wikidata 嚣:囂=cjkvi-variants+opencc+unihan+wikidata+yitizi 嚬:𫫾=cjkvi-variants+unihan+wikidata 嚽:𪢕=cjkvi-variants+opencc+unihan+wikidata 囋:𰉄=unihan+wikidata 圆:圓=cjkvi-variants+opencc+unihan+wikidata+yitizi 坝:垻=cjkvi-variants+opencc+unihan+wikidata 埙:塤=cjkvi-variants+opencc+unihan+wikidata+yitizi 壝:𭏸=unihan+wikidata 媜:𰌂=unihan+wikidata 媭:嬃=cjkvi-variants+opencc+unihan+wikidata+yitizi 嫧:𰌇=unihan+wikidata 嬇:𫝬=cjkvi-variants+opencc+unihan+wikidata 嬾:𰌙=unihan+wikidata 屃:屓=cjkvi-variants+opencc+unihan+wikidata+yitizi 崱:𰎖=unihan+wikidata 巅:巔=cjkvi-variants+opencc+unihan+wikidata+yitizi 巑:𰏁=unihan+wikidata 帧:幀=cjkvi-variants+opencc+unihan+wikidata+yitizi 帻:幘=cjkvi-variants+opencc+unihan+wikidata+yitizi 幩:𪩸=cjkvi-variants+opencc+unihan+wikidata 庼:廎=cjkvi-variants+opencc+unihan+wikidata+yitizi 恻:惻=cjkvi-variants+opencc+unihan+wikidata+yitizi 惯:慣=cjkvi-variants+opencc+unihan+wikidata+yitizi 愤:憤=cjkvi-variants+opencc+unihan+wikidata+yitizi 愦:憒=cjkvi-variants+opencc+unihan+wikidata+yitizi 愩:𫺌=cjkvi-variants+unihan+wikidata 慐:𰑟=unihan+wikidata 懒:懶=cjkvi-variants+opencc+unihan+wikidata+yitizi 戆:戇=cjkvi-variants+opencc+unihan+wikidata+yitizi 损:損=cjkvi-variants+opencc+unihan+wikidata+yitizi 掼:摜=cjkvi-variants+opencc+unihan+wikidata+yitizi 摃:𫼱=cjkvi-variants+unihan+wikidata 撌:𰔋=unihan+wikidata 撷:擷=cjkvi-variants+opencc+unihan+wikidata+yitizi 攋:𪮶=cjkvi-variants+opencc+unihan+wikidata 攒:攢=cjkvi-variants+opencc+unihan+wikidata+yitizi 攧:𭣇=unihan+wikidata 敗:败=cjkvi-variants+opencc+unihan+wikidata+yitizi 暊:𮲟=unihan+wikidata 曊:𪰶=cjkvi-variants+opencc+unihan+wikidata 桢:楨=cjkvi-variants+opencc+unihan+wikidata+yitizi 梖:𪱷=cjkvi-variants+opencc+unihan+wikidata 槚:檟=cjkvi-variants+opencc+unihan+wikidata+yitizi 樲:𬃘=cjkvi-variants+unihan+wikidata 樻:𭫀=unihan+wikidata 橨:𰗺=unihan+wikidata 櫴:𰘳=unihan+wikidata 欑:𪴙=cjkvi-variants+opencc+unihan+wikidata 歕:𬅫=cjkvi-variants+unihan+wikidata 殒:殞=cjkvi-variants+opencc+unihan+wikidata+yitizi 浈:湞=cjkvi-variants+opencc+unihan+wikidata+yitizi 测:測=cjkvi-variants+opencc+unihan+wikidata+yitizi 浿:𬇙=cjkvi-variants+opencc+unihan+wikidata 涢:溳=cjkvi-variants+opencc+unihan+wikidata+yitizi 渍:漬=cjkvi-variants+opencc+unihan+wikidata+yitizi 溃:潰=cjkvi-variants+opencc+unihan+wikidata+yitizi 滪:澦=cjkvi-variants+opencc+unihan+wikidata+yitizi 潁:颍=cjkvi-variants+opencc+unihan+wikidata+yitizi 澒:𭱊=unihan+wikidata 澬:𫞚=cjkvi-variants+opencc+unihan+wikidata 濆:𣸣=cjkvi-variants+opencc+unihan+wikidata+yitizi 濑:瀨=cjkvi-variants+opencc+unihan+wikidata+yitizi 濒:瀕=cjkvi-variants+opencc+unihan+wikidata+yitizi 瀃:𣽷=cjkvi-variants+opencc+unihan+wikidata+yitizi 瀢:𬉋=cjkvi-variants+unihan+wikidata 瀩:𬉏=cjkvi-variants+wikidata 灏:灝=cjkvi-variants+opencc+unihan+wikidata+yitizi 灒:𪷽=cjkvi-variants+opencc+unihan+wikidata 烦:煩=cjkvi-variants+opencc+unihan+wikidata+yitizi 熉:𤈶=cjkvi-variants+opencc+unihan+wikidata+yitizi 熕:𬊎=cjkvi-variants+unihan+wikidata 熲:颎=cjkvi-variants+opencc+unihan+wikidata+yitizi 燌:𰞻=unihan+wikidata 狈:狽=cjkvi-variants+opencc+unihan+wikidata+yitizi 獖:𰡞=unihan+wikidata 獭:獺=cjkvi-variants+opencc+unihan+wikidata+yitizi 珼:𫞥=cjkvi-variants+opencc+unihan+wikidata 琐:瑣=cjkvi-variants+opencc+unihan+wikidata+yitizi 瑻:𪻲=cjkvi-variants+opencc+unihan+wikidata 璝:𪻺=cjkvi-variants+opencc+unihan+wikidata 瓒:瓚=cjkvi-variants+opencc+unihan+wikidata+yitizi 癞:癩=cjkvi-variants+opencc+unihan+wikidata+yitizi 癫:癲=cjkvi-variants+opencc+unihan+wikidata+yitizi 皟:𤾀=cjkvi-variants+opencc+unihan+wikidata+yitizi 盨:𪾔=cjkvi-variants+opencc+unihan+wikidata 瞆:瞶=cjkvi-variants+opencc+unihan+wikidata+yitizi 硕:碩=cjkvi-variants+opencc+unihan+wikidata+yitizi 碛:磧=cjkvi-variants+opencc+unihan+wikidata+yitizi 磒:𬒍=cjkvi-variants+unihan+wikidata 祯:禎=cjkvi-variants+opencc+unihan+wikidata+yitizi 禵:𰨖=unihan+wikidata 穎:颖=cjkvi-variants+opencc+unihan+wikidata+yitizi 穨:𬓼=cjkvi-variants+unihan+wikidata 筼:篔=cjkvi-variants+opencc+unihan+yitizi 箦:簀=cjkvi-variants+opencc+unihan+wikidata+yitizi 篑:簣=cjkvi-variants+opencc+unihan+wikidata+yitizi 篢:𬕂=cjkvi-variants+opencc+unihan+wikidata 籁:籟=cjkvi-variants+opencc+unihan+wikidata+yitizi 籫:𬖃=cjkvi-variants+unihan+wikidata 籯:𰪣=unihan+wikidata 纇:颣=cjkvi-variants+opencc+unihan+wikidata+yitizi 罆:𰭄=unihan+wikidata 羵:𫅗=cjkvi-variants+opencc+unihan+wikidata 聩:聵=cjkvi-variants+opencc+unihan+wikidata+yitizi 腻:膩=cjkvi-variants+opencc+unihan+wikidata+yitizi 膹:𪱥=cjkvi-variants+opencc+unihan+wikidata 臜:臢=cjkvi-variants+opencc+unihan+wikidata+yitizi 荝:萴=cjkvi-variants+opencc+unihan+wikidata+yitizi 萯:𰰷=unihan+wikidata 蒇:蕆=cjkvi-variants+opencc+unihan+wikidata+yitizi 蒉:蕢=cjkvi-variants+opencc+unihan+wikidata+yitizi 蓣:蕷=cjkvi-variants+opencc+unihan+wikidata+yitizi 蕡:𰱟=unihan+wikidata 薋:𰱱=unihan+wikidata 薠:𮐚=unihan+wikidata 藬:𬞘=cjkvi-variants+unihan+wikidata 藾:𰱾=unihan+wikidata 蘈:𰲁=unihan+wikidata 蘋:𬞟=cjkvi-variants+opencc+unihan+wikidata 蘱:𰲒=unihan+wikidata 蝜:𮔅=unihan+wikidata 蟘:𫋌=cjkvi-variants+opencc+unihan+wikidata 蟦:𰳊=unihan+wikidata 蠀:𧏗=cjkvi-variants+opencc+unihan+wikidata 蠈:𬠠=cjkvi-variants+unihan+wikidata 襀:𫌀=cjkvi-variants+opencc+unihan+wikidata+yitizi 襭:𮖱=unihan+wikidata 襰:𧝝=cjkvi-variants+opencc+unihan+wikidata 襸:𬡷=cjkvi-variants+unihan+wikidata 豮:豶=cjkvi-variants+opencc+unihan+wikidata+yitizi 貞:贞=cjkvi-variants+opencc+unihan+wikidata+yitizi 貟:贠=cjkvi-variants+opencc+unihan+wikidata+yitizi 負:负=cjkvi-variants+opencc+unihan+wikidata+yitizi 財:财=cjkvi-variants+opencc+unihan+wikidata+yitizi 貢:贡=cjkvi-variants+opencc+unihan+wikidata+yitizi 貣:𰷞=unihan+wikidata 貤:𰷠=unihan+wikidata 貦:𰷡=unihan+wikidata 貧:贫=cjkvi-variants+opencc+unihan+wikidata+yitizi 貨:货=cjkvi-variants+opencc+unihan+wikidata+yitizi 販:贩=cjkvi-variants+opencc+unihan+wikidata+yitizi 貪:贪=cjkvi-variants+opencc+unihan+wikidata+yitizi 貫:贯=cjkvi-variants+opencc+unihan+wikidata+yitizi 責:责=cjkvi-variants+opencc+unihan+wikidata+yitizi 貯:𮷍=unihan+wikidata 貰:贳=cjkvi-variants+opencc+unihan+wikidata+yitizi 貱:𬥶=cjkvi-variants+unihan+wikidata 貲:赀=cjkvi-variants+opencc+unihan+wikidata+yitizi 貳:贰=cjkvi-variants+opencc+unihan+wikidata+yitizi 貴:贵=cjkvi-variants+opencc+unihan+wikidata+yitizi 貶:贬=cjkvi-variants+opencc+unihan+wikidata+yitizi 買:𧹒=cjkvi-variants+opencc+unihan+wikidata 貸:贷=cjkvi-variants+opencc+unihan+wikidata+yitizi 貺:贶=cjkvi-variants+opencc+unihan+wikidata+yitizi 費:费=cjkvi-variants+opencc+unihan+wikidata+yitizi 貼:贴=cjkvi-variants+opencc+unihan+wikidata+yitizi 貽:贻=cjkvi-variants+opencc+unihan+wikidata+yitizi 貾:𰷢=unihan+wikidata 貿:贸=cjkvi-variants+opencc+unihan+wikidata+yitizi 賀:贺=cjkvi-variants+opencc+unihan+wikidata+yitizi 賁:贲=cjkvi-variants+opencc+unihan+wikidata+yitizi 賂:赂=cjkvi-variants+opencc+unihan+wikidata+yitizi 賃:赁=cjkvi-variants+opencc+unihan+wikidata+yitizi 賄:贿=cjkvi-variants+opencc+unihan+wikidata+yitizi 賅:赅=cjkvi-variants+opencc+unihan+wikidata+yitizi 資:资=cjkvi-variants+opencc+unihan+wikidata+yitizi 賈:贾=cjkvi-variants+opencc+unihan+wikidata+yitizi 賊:贼=cjkvi-variants+opencc+unihan+wikidata+yitizi 賍:赃=cjkvi-variants 賑:赈=cjkvi-variants+opencc+unihan+wikidata+yitizi 賒:赊=cjkvi-variants+opencc+unihan+wikidata+yitizi 賕:赇=cjkvi-variants+opencc+unihan+wikidata+yitizi 賗:𬥸=cjkvi-variants+unihan+wikidata 賙:赒=cjkvi-variants+opencc+unihan+wikidata+yitizi 賛:𰷣=unihan+wikidata 賜:赐=cjkvi-variants+opencc+unihan+wikidata+yitizi 賝:𫎩=cjkvi-variants+opencc+unihan+wikidata 賞:赏=cjkvi-variants+opencc+unihan+wikidata+yitizi 賟:𧹖=cjkvi-variants+opencc+unihan+wikidata+yitizi 賠:赔=cjkvi-variants+opencc+unihan+wikidata+yitizi 賡:赓=cjkvi-variants+opencc+unihan+wikidata+yitizi 賥:𰷤=unihan+wikidata 賦:赋=cjkvi-variants+opencc+unihan+wikidata+yitizi 賧:赕=cjkvi-variants+opencc+unihan+wikidata+yitizi 賨:𰷥=unihan+wikidata 賫:赍=cjkvi-variants+opencc+unihan+wikidata 賬:𧹔=cjkvi-variants+unihan+wikidata+yitizi 賭:赌=cjkvi-variants+opencc+unihan+wikidata+yitizi 賮:𰷧=unihan+wikidata 賲:𲃄=unihan 賴:赖=cjkvi-variants+opencc+unihan+wikidata+yitizi 賵:赗=cjkvi-variants+opencc+unihan+wikidata+yitizi 賸:𬂉=cjkvi-variants+unihan+wikidata 賹:𰷪=unihan+wikidata 賺:赚=cjkvi-variants+opencc+unihan+wikidata+yitizi 賻:赙=cjkvi-variants+opencc+unihan+wikidata+yitizi 賽:赛=cjkvi-variants+opencc+unihan+wikidata+yitizi 賾:赜=cjkvi-variants+opencc+unihan+wikidata+yitizi 贃:𧹗=cjkvi-variants+opencc+unihan+wikidata+yitizi 贅:赘=cjkvi-variants+opencc+unihan+wikidata+yitizi 贆:𰷫=unihan+wikidata 贇:赟=cjkvi-variants+opencc+unihan+wikidata+yitizi 贈:赠=cjkvi-variants+opencc+unihan+wikidata+yitizi 贉:𫎫=cjkvi-variants+opencc+unihan+wikidata 贊:赞=cjkvi-variants+opencc+unihan+wikidata+yitizi 贋:赝=cjkvi-variants+opencc+unihan+yitizi 贍:赡=cjkvi-variants+opencc+unihan+wikidata+yitizi 贏:赢=cjkvi-variants+opencc+unihan+wikidata+yitizi 贑:𫎬=cjkvi-variants+opencc+unihan+wikidata 贓:𰷭=unihan+wikidata 贙:𰷮=unihan+wikidata 贛:赣=cjkvi-variants+opencc+unihan+wikidata+yitizi 购:𧵈=cjkvi-variants 赪:赬=cjkvi-variants+opencc+unihan+wikidata+yitizi 趱:趲=cjkvi-variants+opencc+unihan+wikidata+yitizi 蹟:𲃫=unihan 蹪:𰸞=unihan+wikidata 躀:𬦻=cjkvi-variants+unihan+wikidata 躜:躦=cjkvi-variants+opencc+unihan+wikidata+yitizi 遉:𲅗=unihan 遗:遺=cjkvi-variants+opencc+unihan+wikidata+yitizi 郧:鄖=cjkvi-variants+opencc+unihan+wikidata+yitizi 鄪:𰻳=unihan+wikidata 鄮:𬪍=cjkvi-variants+unihan+wikidata 酂:酇=cjkvi-variants+opencc+unihan+wikidata+yitizi 陨:隕=cjkvi-variants+opencc+unihan+wikidata+yitizi 隤:𬯎=cjkvi-variants+opencc+unihan+wikidata 隫:𱀡=unihan+wikidata 霣:𫕥=cjkvi-variants+opencc+unihan+wikidata 靧:𫖃=cjkvi-variants+opencc+unihan+wikidata 鞼:𱁹=unihan+wikidata 韻:𱂐=unihan+wikidata 頁:页=cjkvi-variants+opencc+unihan+wikidata+yitizi 頂:顶=cjkvi-variants+opencc+unihan+wikidata+yitizi 頃:顷=cjkvi-variants+opencc+unihan+wikidata+yitizi 頄:𬱓=cjkvi-variants+unihan+wikidata 項:项=cjkvi-variants+opencc+unihan+wikidata+yitizi 順:顺=cjkvi-variants+opencc+unihan+wikidata+yitizi 頇:顸=cjkvi-variants+opencc+unihan+wikidata+yitizi 須:须=cjkvi-variants+opencc+unihan+wikidata+yitizi 頊:顼=cjkvi-variants+opencc+unihan+wikidata+yitizi 頌:颂=cjkvi-variants+opencc+unihan+wikidata+yitizi 頍:𫠆=cjkvi-variants+opencc+unihan+wikidata 頎:颀=cjkvi-variants+opencc+unihan+wikidata+yitizi 頏:颃=cjkvi-variants+opencc+unihan+wikidata+yitizi 預:预=cjkvi-variants+opencc+unihan+wikidata+yitizi 頑:顽=cjkvi-variants+opencc+unihan+wikidata+yitizi 頒:颁=cjkvi-variants+opencc+unihan+wikidata+yitizi 頓:顿=cjkvi-variants+opencc+unihan+wikidata+yitizi 頔:𬱖=cjkvi-variants+opencc+unihan+wikidata 頕:𬱗=cjkvi-variants+unihan+wikidata 頖:𬱙=cjkvi-variants+unihan+wikidata 頗:颇=cjkvi-variants+opencc+unihan+wikidata+yitizi 領:领=cjkvi-variants+opencc+unihan+wikidata+yitizi 頙:𲊺=unihan 頛:𬱜=cjkvi-variants+unihan+wikidata 頜:颌=cjkvi-variants+opencc+unihan+wikidata+yitizi 頞:𱂨=unihan+wikidata 頟:𱂥=unihan+wikidata 頠:𬱟=cjkvi-variants+opencc+unihan+wikidata 頡:颉=cjkvi-variants+opencc+unihan+wikidata+yitizi 頢:𬱠=cjkvi-variants+unihan+wikidata 頤:颐=cjkvi-variants+opencc+unihan+wikidata+yitizi 頦:颏=cjkvi-variants+opencc+unihan+wikidata+yitizi 頩:𱂦=unihan+wikidata 頪:𱂧=unihan 頫:𫖯=cjkvi-variants+opencc+unihan+wikidata 頮:颒=cjkvi-variants+opencc+unihan+wikidata+yitizi 頯:𱂬=unihan+wikidata 頲:颋=cjkvi-variants+opencc+unihan+wikidata+yitizi 頳:𲊼=unihan 頴:颕=cjkvi-variants+opencc+unihan+wikidata+yitizi 頵:𫖳=cjkvi-variants+opencc+unihan+wikidata 頷:颔=cjkvi-variants+opencc+unihan+wikidata+yitizi 頻:频=cjkvi-variants+opencc+unihan+wikidata+yitizi 頽:颓=cjkvi-variants+opencc+unihan 顀:𱂭=unihan+wikidata 顁:𬱫=cjkvi-variants+unihan+wikidata 顃:𩖖=cjkvi-variants+opencc+unihan+wikidata+yitizi 顄:𱂰=unihan+wikidata 顅:𫖶=cjkvi-variants+opencc+unihan+wikidata 顆:颗=cjkvi-variants+opencc+unihan+wikidata+yitizi 顇:𱂯=unihan+wikidata 顊:𬱪=cjkvi-variants+unihan+wikidata 顋:𱂲=unihan+wikidata 題:题=cjkvi-variants+opencc+unihan+wikidata+yitizi 額:额=cjkvi-variants+opencc+unihan+wikidata+yitizi 顎:颚=cjkvi-variants+opencc+unihan+wikidata+yitizi 顑:𱂱=unihan+wikidata 顒:颙=cjkvi-variants+opencc+unihan+wikidata+yitizi 顓:颛=cjkvi-variants+opencc+unihan+wikidata+yitizi 顔:颜=cjkvi-variants+opencc+unihan 顕:𲊿=unihan 顖:𱂶=unihan+wikidata 願:𫖸=cjkvi-variants+opencc+unihan+wikidata 顙:颡=cjkvi-variants+opencc+unihan+wikidata+yitizi 顛:颠=cjkvi-variants+opencc+unihan+wikidata+yitizi 顜:𱂴=unihan+wikidata 顝:𱂵=unihan+wikidata 顠:𱂺=unihan+wikidata 顣:𫖹=cjkvi-variants+opencc+unihan+wikidata 顥:颢=cjkvi-variants+opencc+unihan+wikidata+yitizi 顦:𱂻=unihan+wikidata 顧:𮸹=unihan+wikidata 顫:颤=cjkvi-variants+opencc+unihan+wikidata+yitizi 顬:颥=cjkvi-variants+opencc+unihan+wikidata+yitizi 顰:颦=cjkvi-variants+opencc+unihan+wikidata+yitizi 顴:颧=cjkvi-variants+opencc+unihan+wikidata+yitizi 馩:𬳟=cjkvi-variants+unihan+wikidata 黂:𱋱=unihan+wikidata 龥:𬱳=cjkvi-variants+unihan+wikidata 鿒:鿓=opencc+unihan+wikidata 𠑇:𰂻=unihan+wikidata 𠖫:𫤽=cjkvi-variants+unihan+wikidata 𠝿:𫦁=cjkvi-variants+unihan+wikidata 𠷌:𰇘=unihan+wikidata 𠽸:𬱞=cjkvi-variants+unihan+wikidata 𡃤:𪢐=cjkvi-variants+opencc+unihan+wikidata 𡅥:𫬟=cjkvi-variants+unihan+wikidata 𡍫:𫭮=cjkvi-variants+unihan+wikidata 𡟫:𫝪=cjkvi-variants+opencc+unihan+wikidata 𡾆:𰎷=unihan+wikidata 𢄼:𫷈=cjkvi-variants+unihan+wikidata 𢤧:𰒖=unihan+wikidata 𢤿:𪬯=cjkvi-variants+opencc+unihan+wikidata 𢯩:𫼤=cjkvi-variants+unihan+wikidata 𢰺:𫼨=wikidata 𢱡:𫼶=cjkvi-variants+unihan+wikidata 𢴦:𫽙=cjkvi-variants+unihan+wikidata 𢿡:𰕐=unihan+wikidata 𣙿:𬃮=cjkvi-variants+unihan+wikidata 𤀪:𬈱=cjkvi-variants+unihan+wikidata 𤁪:𬈾=cjkvi-variants+unihan+wikidata 𤏩:𮳯=unihan+wikidata 𤏳:𮳱=unihan+wikidata 𤠔:𰡐=unihan 𤶧:𤸫=cjkvi-variants+opencc+unihan+wikidata+yitizi 𤺔:𪽴=cjkvi-variants+opencc+unihan+wikidata 𥖏:𮀪=unihan+wikidata 𥢊:𬓱=cjkvi-variants+unihan+wikidata 𥧂:𥨐=cjkvi-variants+opencc+unihan+wikidata+yitizi 𥵝:𬕬=cjkvi-variants+unihan+wikidata 𦧺:𫇘=cjkvi-variants+opencc+unihan+wikidata 𦺣:𰱝=unihan+wikidata 𦽒:𬝠=cjkvi-variants+unihan+wikidata 𧐐:𰳁=unihan+wikidata 𧒭:𧔥=cjkvi-variants+opencc+unihan+wikidata+yitizi 𧜘:𮷁=unihan+wikidata 𧭹:𫍐=cjkvi-variants+opencc+unihan+wikidata 𧴪:𭕆=unihan+wikidata 𧴲:𲂺=unihan 𧵆:𲂼=unihan 𧵊:𬥴=cjkvi-variants+unihan+wikidata 𧵑:𲂾=unihan 𧵛:𲂿=unihan 𧶄:𬥷=cjkvi-variants+unihan+wikidata 𧶔:𧹓=cjkvi-variants+opencc+unihan+wikidata+yitizi 𧶟:𬥹=cjkvi-variants+unihan+wikidata 𧶲:𬥼=cjkvi-variants+unihan+wikidata 𧷎:𪠀=cjkvi-variants+opencc+unihan+wikidata 𧷛:𰷨=unihan+wikidata 𧸖:𰷬=unihan+wikidata 𧸪:𬥿=cjkvi-variants+unihan 𨈀:𬧚=cjkvi-variants+unihan+wikidata 𨘀:𮷥=unihan+wikidata 𨡺:𨣈=cjkvi-variants+opencc+unihan+wikidata 𩐳:𮸷=unihan+wikidata 𩑐:𲊹=unihan 𩑒:𱂠=unihan+wikidata 𩑔:𫖪=cjkvi-variants+opencc+unihan+wikidata 𩑡:𱂡=unihan+wikidata 𩑣:𬱔=cjkvi-variants+unihan+wikidata 𩑦:𬱕=cjkvi-variants+unihan+wikidata 𩑸:𲊻=unihan 𩒎:𫖭=cjkvi-variants+opencc+unihan+wikidata 𩒜:𬱡=cjkvi-variants+unihan+wikidata 𩒝:𬱝=cjkvi-variants+unihan+wikidata 𩒲:𬱤=cjkvi-variants+unihan 𩒺:𱂩=unihan+wikidata 𩒼:𬱥=cjkvi-variants+unihan+wikidata 𩓣:𩖕=cjkvi-variants+opencc+unihan+wikidata+yitizi 𩓥:𫖵=cjkvi-variants+opencc+unihan+wikidata 𩓸:𬱧=cjkvi-variants+unihan+wikidata 𩓹:𬱨=cjkvi-variants+unihan+wikidata 𩔇:𱂳=unihan+wikidata 𩔈:𬱭=cjkvi-variants+unihan+wikidata 𩔐:𮸶=unihan+wikidata 𩔑:𫖷=cjkvi-variants+opencc+unihan+wikidata 𩔝:𲋁=unihan 𩔣:𱂷=unihan+wikidata 𩕊:𬱱=cjkvi-variants+unihan+wikidata 𩕗:𲋂=unihan 𩕰:𬱲=cjkvi-variants+unihan+wikidata 𩯃:𱆄=unihan+wikidata 𩯒:𩯳=cjkvi-variants+opencc+unihan+wikidata+yitizi 𪑳:𬹕=cjkvi-variants+unihan+wikidata 𪔭:𪔵=cjkvi-variants+opencc+unihan+wikidata+yitizi 𪝖:𫢟=cjkvi-variants+unihan+wikidata 𪟲:𫧝=cjkvi-variants+unihan+wikidata 𪢋:𰉀=unihan+wikidata 𪨇:𮱣=unihan 𪵇:𰚂=unihan+wikidata 𪷈:𭱀=unihan+wikidata 𪷱:𱪎=wikidata 𫋐:𬠈=cjkvi-variants+unihan+wikidata 𫖞:𬱘=cjkvi-variants+unihan+wikidata 𫣻:𱏔=wikidata 𫪑:𰈝=unihan+wikidata 𫫏:𫬆=cjkvi-variants+unihan+wikidata 𫺤:𮲅=unihan+wikidata 𫺹:𫻑=cjkvi-variants+unihan+wikidata 𫽫:𰔫=unihan+wikidata 𬃛:𬄝=cjkvi-variants+unihan+wikidata 𬅁:𮲺=unihan+wikidata 𬥓:𲃁=unihan 𬥲:𬦀=cjkvi-variants+unihan+wikidata 𬱂:𬱚=cjkvi-variants+unihan+wikidata 𬱇:𲊽=unihan 𬱈:𬱩=cjkvi-variants+unihan+wikidata 𭀳:𭀷=wikidata 𭜼:𮲀=unihan+wikidata 𭡘:𰔢=wikidata 𭱘:𰛨=unihan+wikidata 𮚓:𲃃=unihan 𮜗:𰸦=unihan+wikidata 𰃳:𰃴=unihan+wikidata 𰡘:𱮜=wikidata 𲂫:𲃀=unihan 𲂴:𲃆=unihan
貞	贞	10	13	11	侦:偵=cjkvi-variants+opencc+unihan+wikidata+yitizi 媜:𰌂=unihan+wikidata 帧:幀=cjkvi-variants+opencc+unihan+wikidata+yitizi 桢:楨=cjkvi-variants+opencc+unihan+wikidata+yitizi 浈:湞=cjkvi-variants+opencc+unihan+wikidata+yitizi 祯:禎=cjkvi-variants+opencc+unihan+wikidata+yitizi 赪:赬=cjkvi-variants+opencc+unihan+wikidata+yitizi 遉:𲅗=unihan 𪑳:𬹕=cjkvi-variants+unihan+wikidata 𫺤:𮲅=unihan+wikidata
負	负	18	24	23	㸊:𬋍=cjkvi-variants+unihan+wikidata 偩:𰁾=unihan+wikidata 嬾:𰌙=unihan+wikidata 懒:懶=cjkvi-variants+opencc+unihan+wikidata+yitizi 攋:𪮶=cjkvi-variants+opencc+unihan+wikidata 櫴:𰘳=unihan+wikidata 濑:瀨=cjkvi-variants+opencc+unihan+wikidata+yitizi 獭:獺=cjkvi-variants+opencc+unihan+wikidata+yitizi 癞:癩=cjkvi-variants+opencc+unihan+wikidata+yitizi 籁:籟=cjkvi-variants+opencc+unihan+wikidata+yitizi 萯:𰰷=unihan+wikidata 藾:𰱾=unihan+wikidata 蝜:𮔅=unihan+wikidata 襰:𧝝=cjkvi-variants+opencc+unihan+wikidata 賴:赖=cjkvi-variants+opencc+unihan+wikidata+yitizi 𡃤:𪢐=cjkvi-variants+opencc+unihan+wikidata 𢤿:𪬯=cjkvi-variants+opencc+unihan+wikidata 𢰺:𫼨=wikidata 𦧺:𫇘=cjkvi-variants+opencc+unihan+wikidata 𪵇:𰚂=unihan+wikidata 𫣻:𱏔=wikidata 𭱘:𰛨=unihan+wikidata
貢	贛	3	6	3	愩:𢦅=cjkvi-variants+wikidata 灨:𣹟=cjkvi-variants+wikidata 篢:𥸡=cjkvi-variants
貢	贡	15	24	20	䀍:𰥊=unihan+wikidata 䂵:碽=cjkvi-variants+opencc+unihan+wikidata+yitizi 䔈:𰱀=unihan+wikidata 唝:嗊=cjkvi-variants+opencc+unihan+wikidata+yitizi 愩:𫺌=cjkvi-variants+unihan+wikidata 慐:𰑟=unihan+wikidata 戆:戇=cjkvi-variants+opencc+unihan+wikidata+yitizi 摃:𫼱=cjkvi-variants+unihan+wikidata 熕:𬊎=cjkvi-variants+unihan+wikidata 篢:𬕂=cjkvi-variants+opencc+unihan+wikidata 贑:𫎬=cjkvi-variants+opencc+unihan+wikidata 贛:赣=cjkvi-variants+opencc+unihan+wikidata+yitizi 𠖫:𫤽=cjkvi-variants+unihan+wikidata 𡟫:𫝪=cjkvi-variants+opencc+unihan+wikidata 𥧂:𥨐=cjkvi-variants+opencc+unihan+wikidata+yitizi 𪝖:𫢟=cjkvi-variants+unihan+wikidata 𪟲:𫧝=cjkvi-variants+unihan+wikidata 𫋐:𬠈=cjkvi-variants+unihan+wikidata 𰃳:𰃴=unihan+wikidata
貪	贪	2	1	1	嗿:𰇲=unihan+wikidata 𰡘:𱮜=wikidata
貫	贯	8	12	9	惯:慣=cjkvi-variants+opencc+unihan+wikidata+yitizi 掼:摜=cjkvi-variants+opencc+unihan+wikidata+yitizi 瑻:𪻲=cjkvi-variants+opencc+unihan+wikidata 罆:𰭄=unihan+wikidata 躀:𬦻=cjkvi-variants+unihan+wikidata 𥖏:𮀪=unihan+wikidata 𪷈:𭱀=unihan+wikidata 𭀳:𭀷=wikidata
責	责	13	18	14	债:債=cjkvi-variants+opencc+unihan+wikidata+yitizi 勣:𪟝=cjkvi-variants+opencc+unihan+wikidata 啧:嘖=cjkvi-variants+opencc+unihan+wikidata+yitizi 嫧:𰌇=unihan+wikidata 帻:幘=cjkvi-variants+opencc+unihan+wikidata+yitizi 渍:漬=cjkvi-variants+opencc+unihan+wikidata+yitizi 皟:𤾀=cjkvi-variants+opencc+unihan+wikidata+yitizi 碛:磧=cjkvi-variants+opencc+unihan+wikidata+yitizi 箦:簀=cjkvi-variants+opencc+unihan+wikidata+yitizi 襀:𫌀=cjkvi-variants+opencc+unihan+wikidata+yitizi 賾:赜=cjkvi-variants+opencc+unihan+wikidata+yitizi 蹟:𲃫=unihan 𧐐:𰳁=unihan+wikidata
責	𧵩	9	12	10	㥽:𢢻=cjkvi-variants+wikidata 㱴:𣩬=cjkvi-variants+wikidata 䚍:𧢔=cjkvi-variants+wikidata 嫧:𡢲=cjkvi-variants+wikidata 幘:𢅙=cjkvi-variants+mj-shrink-map+opencc+wikidata 樍:𣜇=cjkvi-variants 漬:𣿙=cjkvi-variants+mj-shrink-map+opencc+wikidata 積:𥢼=cjkvi-variants+mj-shrink-map+opencc+wikidata 鰿:𩼜=cjkvi-variants+wikidata
貰	贳	2	1	1	勚:勩=cjkvi-variants+opencc+unihan+wikidata+yitizi 𤺔:𪽴=cjkvi-variants+opencc+unihan+wikidata
貲	資	2	2	1	薋:𦺱=cjkvi-variants+wikidata 𨝳:𫑫=cjkvi-variants
貳	贰	2	1	1	樲:𬃘=cjkvi-variants+unihan+wikidata 腻:膩=cjkvi-variants+opencc+unihan+wikidata+yitizi
貴	贵	28	36	35	㙺:𰊛=unihan+wikidata 㱮:殨=cjkvi-variants+opencc+unihan+wikidata+yitizi 㿉:𰣶=unihan+wikidata 䅪:𥢢=cjkvi-variants+opencc+unihan+wikidata+yitizi 䙌:䙡=cjkvi-variants+opencc+unihan+wikidata+yitizi 䰎:𱆃=unihan+wikidata 僓:𰂜=unihan+wikidata 匮:匱=cjkvi-variants+opencc+unihan+wikidata+yitizi 嘳:𪡞=cjkvi-variants+opencc+unihan+wikidata 壝:𭏸=unihan+wikidata 嬇:𫝬=cjkvi-variants+opencc+unihan+wikidata 愦:憒=cjkvi-variants+opencc+unihan+wikidata+yitizi 撌:𰔋=unihan+wikidata 樻:𭫀=unihan+wikidata 溃:潰=cjkvi-variants+opencc+unihan+wikidata+yitizi 瀢:𬉋=cjkvi-variants+unihan+wikidata 璝:𪻺=cjkvi-variants+opencc+unihan+wikidata 瞆:瞶=cjkvi-variants+opencc+unihan+wikidata+yitizi 穨:𬓼=cjkvi-variants+unihan+wikidata 篑:簣=cjkvi-variants+opencc+unihan+wikidata+yitizi 聩:聵=cjkvi-variants+opencc+unihan+wikidata+yitizi 蒉:蕢=cjkvi-variants+opencc+unihan+wikidata+yitizi 藬:𬞘=cjkvi-variants+unihan+wikidata 蹪:𰸞=unihan+wikidata 遗:遺=cjkvi-variants+opencc+unihan+wikidata+yitizi 隤:𬯎=cjkvi-variants+opencc+unihan+wikidata 靧:𫖃=cjkvi-variants+opencc+unihan+wikidata 鞼:𱁹=unihan+wikidata 𤏳:𮳱=unihan+wikidata 𧒭:𧔥=cjkvi-variants+opencc+unihan+wikidata+yitizi 𨡺:𨣈=cjkvi-variants+opencc+unihan+wikidata 𪨇:𮱣=unihan 𫺹:𫻑=cjkvi-variants+unihan+wikidata 𲂴:𲃆=unihan
費	费	6	7	7	㩌:𫽧=cjkvi-variants+unihan+wikidata 㵒:𬈕=cjkvi-variants+unihan+wikidata 曊:𪰶=cjkvi-variants+opencc+unihan+wikidata 鄪:𰻳=unihan+wikidata 𣙿:𬃮=cjkvi-variants+unihan+wikidata 𩯃:𱆄=unihan+wikidata
賀	贺	2	2	1	㵑:𰜢=unihan+wikidata 𮜗:𰸦=unihan+wikidata
賁	贲	20	22	21	㿎:𬏷=cjkvi-variants+unihan+wikidata 偾:僨=cjkvi-variants+opencc+unihan+wikidata+yitizi 喷:噴=cjkvi-variants+opencc+unihan+wikidata+yitizi 幩:𪩸=cjkvi-variants+opencc+unihan+wikidata 愤:憤=cjkvi-variants+opencc+unihan+wikidata+yitizi 橨:𰗺=unihan+wikidata 歕:𬅫=cjkvi-variants+unihan+wikidata 濆:𣸣=cjkvi-variants+opencc+unihan+wikidata+yitizi 燌:𰞻=unihan+wikidata 獖:𰡞=unihan+wikidata 羵:𫅗=cjkvi-variants+opencc+unihan+wikidata 膹:𪱥=cjkvi-variants+opencc+unihan+wikidata 蕡:𰱟=unihan+wikidata 蟦:𰳊=unihan+wikidata 豮:豶=cjkvi-variants+opencc+unihan+wikidata+yitizi 隫:𱀡=unihan+wikidata 馩:𬳟=cjkvi-variants+unihan+wikidata 黂:𱋱=unihan+wikidata 𥢊:𬓱=cjkvi-variants+unihan+wikidata 𪔭:𪔵=cjkvi-variants+opencc+unihan+wikidata+yitizi
資	资	4	5	5	䆅:𰨳=unihan+wikidata 澬:𫞚=cjkvi-variants+opencc+unihan+wikidata 薋:𰱱=unihan+wikidata 蠀:𧏗=cjkvi-variants+opencc+unihan+wikidata
賈	贾	2	1	1	槚:檟=cjkvi-variants+opencc+unihan+wikidata+yitizi 𪢋:𰉀=unihan+wikidata
賊	贼	2	1	1	蠈:𬠠=cjkvi-variants+unihan+wikidata 𦽒:𬝠=cjkvi-variants+unihan+wikidata
賏	𲂻	5	20	19	嘤:嚶=cjkvi-variants+opencc+unihan+wikidata+yitizi 婴:嬰=cjkvi-variants+opencc+unihan+wikidata+yitizi 孆:𫝭=cjkvi-variants+opencc+unihan+wikidata 孾:𪧀=cjkvi-variants+opencc+unihan+wikidata 巊:𪩎=cjkvi-variants+opencc+unihan+wikidata 廮:𫷾=cjkvi-variants+unihan+wikidata 撄:攖=cjkvi-variants+opencc+unihan+wikidata+yitizi 樱:櫻=cjkvi-variants+opencc+unihan+wikidata+yitizi 瀴:𰜳=unihan+wikidata 璎:瓔=cjkvi-variants+opencc+unihan+wikidata+yitizi 甖:𰢤=unihan+wikidata 瘿:癭=cjkvi-variants+opencc+unihan+wikidata+yitizi 罂:罌=cjkvi-variants+opencc+unihan+wikidata+yitizi 蘡:𮐨=unihan+wikidata 蠳:𰳗=unihan+wikidata 譻:𬢯=cjkvi-variants+unihan+wikidata 𤣎:𰡢=unihan+wikidata 𪝼:𱏆=wikidata
賓	賔	21	25	23	㯽:檳=cjkvi-variants+unihan+wikidata+yitizi 䚔:𧢘=cjkvi-variants+wikidata 䨈:𱁏=wikidata 儐:𭀀=wikidata 嬪:𡣕=cjkvi-variants+mj-shrink-map+wikidata+yitizi 擯:𢷤=cjkvi-variants+wikidata 殯:𣩵=cjkvi-variants+wikidata 濱:濵=cjkvi-variants+unihan+wikidata+yitizi 矉:𭿬=wikidata 礗:𥖶=cjkvi-variants+wikidata 繽:𦆯=cjkvi-variants+mj-shrink-map+wikidata 臏:𰯣=wikidata 薲:𦿜=cjkvi-variants+yitizi 蠙:𧓍=wikidata+yitizi 鑌:𨮘=cjkvi-variants+wikidata 驞:𩦿=cjkvi-variants+wikidata 髕:𩪯=cjkvi-variants+mj-shrink-map+wikidata 鬢:𩯭=cjkvi-variants+mj-shrink-map+wikidata 𩴱:𱆡=wikidata 𪇕:𪇧=cjkvi-variants+wikidata 𪹿:𭶞=wikidata
賓	頻	3	10	3	㰋:檳=cjkvi-variants 濱:瀕=unihan+yitizi 薲:蘋=cjkvi-variants+mj-shrink-map+wikidata
賓	𡧍	2	1	1	嬪:𡝏=cjkvi-variants+mj-shrink-map+unihan+wikidata 濱:𣴩=cjkvi-variants+mj-shrink-map+wikidata
賓	𡧎	2	2	1	嬪:𡜷=cjkvi-variants+mj-shrink-map+wikidata 濱:𣵈=wikidata
賛	贊	27	33	29	㜺:𡣶=cjkvi-variants+wikidata 㠝:巑=cjkvi-variants+mj-shrink-map+wikidata 㦫:𭟎=wikidata 䂎:𥎞=cjkvi-variants+wikidata 䟎:趲=cjkvi-variants+wikidata 䡽:𮝰=wikidata 䰖:𩯳=cjkvi-variants+wikidata 儧:儹=cjkvi-variants+wikidata+yitizi 囋:𡂐=cjkvi-variants+wikidata 攅:攢=cjkvi-variants+hng-basic-data+mj-shrink-map+unihan+wikidata+yitizi 櫕:欑=cjkvi-variants+mj-shrink-map+wikidata 濽:灒=cjkvi-variants+wikidata 瓉:瓚=cjkvi-variants+mj-shrink-map+wikidata 礸:𰧪=wikidata 穳:𥣪=cjkvi-variants+wikidata 籫:𮆫=wikidata 纉:纘=cjkvi-variants+mj-shrink-map+wikidata+yitizi 臢:𦢤=cjkvi-variants+wikidata 讃:讚=cjkvi-variants+hng-basic-data+mj-shrink-map+wikidata+yitizi 躦:𨇃=cjkvi-variants+wikidata 鄼:酇=cjkvi-variants+mj-shrink-map+wikidata 鑚:鑽=cjkvi-variants+hng-basic-data+mj-shrink-map+unihan+wikidata+yitizi 饡:𩟪=cjkvi-variants+wikidata 𠓒:𧹍=cjkvi-variants 𧄽:𮒟=wikidata 𨣵:𨤆=cjkvi-variants 𩍴:𩎈=cjkvi-variants
賛	𰷣	2	1	1	㸇:𤎺=cjkvi-variants+opencc+wikidata 𩯒:𩯳=cjkvi-variants+opencc+unihan+wikidata+yitizi
賜	赐	2	1	1	儩:𰂭=unihan+wikidata 瀃:𣽷=cjkvi-variants+opencc+unihan+wikidata+yitizi
賢	贤	3	5	4	礥:𰧇=unihan+wikidata 藖:𬜾=cjkvi-variants+unihan+wikidata 𫢲:𫣴=cjkvi-variants+unihan+wikidata
賣	𧷏	2	1	1	䢱:𨙋=cjkvi-variants+wikidata 𨽍:𨽤=cjkvi-variants+wikidata
賣	𧷗	2	1	1	牘:𤘄=cjkvi-variants+mj-shrink-map+wikidata 襩:𧟅=wikidata
賣	𧸇	4	5	5	䢱:𨙜=cjkvi-variants+wikidata 竇:𥩐=cjkvi-variants+mj-shrink-map+opencc+wikidata 襩:𧟎=cjkvi-variants+wikidata 贖:𧹎=cjkvi-variants+mj-shrink-map+wikidata
賤	贱	2	1	1	㰄:𮲶=unihan+wikidata 溅:濺=cjkvi-variants+opencc+unihan+wikidata+yitizi
質	质	6	7	7	懫:𰑬=unihan+wikidata 櫍:𬃊=cjkvi-variants+opencc+unihan+wikidata 礩:𰧉=unihan+wikidata 踬:躓=cjkvi-variants+opencc+unihan+wikidata+yitizi 𡂒:𫪪=cjkvi-variants+unihan+wikidata 𨟊:𫟬=cjkvi-variants+opencc+unihan+wikidata
賴	赖	16	18	17	㸊:𬋍=cjkvi-variants+unihan+wikidata 嬾:𰌙=unihan+wikidata 懒:懶=cjkvi-variants+opencc+unihan+wikidata+yitizi 攋:𪮶=cjkvi-variants+opencc+unihan+wikidata 櫴:𰘳=unihan+wikidata 濑:瀨=cjkvi-variants+opencc+unihan+wikidata+yitizi 獭:獺=cjkvi-variants+opencc+unihan+wikidata+yitizi 癞:癩=cjkvi-variants+opencc+unihan+wikidata+yitizi 籁:籟=cjkvi-variants+opencc+unihan+wikidata+yitizi 藾:𰱾=unihan+wikidata 襰:𧝝=cjkvi-variants+opencc+unihan+wikidata 𡃤:𪢐=cjkvi-variants+opencc+unihan+wikidata 𢤿:𪬯=cjkvi-variants+opencc+unihan+wikidata 𦧺:𫇘=cjkvi-variants+opencc+unihan+wikidata 𪵇:𰚂=unihan+wikidata 𫣻:𱏔=wikidata
賽	赛	2	1	1	㘔:𫬐=cjkvi-variants+opencc+unihan+wikidata 𪷱:𱪎=wikidata
贊	赞	17	18	18	㜺:𫲗=cjkvi-variants+unihan+wikidata 䂎:𥎝=cjkvi-variants+opencc+unihan+wikidata 䰖:𱆈=unihan+wikidata 儹:𰃆=unihan+wikidata 劗:𭄛=unihan+wikidata 囋:𰉄=unihan+wikidata 巑:𰏁=unihan+wikidata 攒:攢=cjkvi-variants+opencc+unihan+wikidata+yitizi 欑:𪴙=cjkvi-variants+opencc+unihan+wikidata 灒:𪷽=cjkvi-variants+opencc+unihan+wikidata 瓒:瓚=cjkvi-variants+opencc+unihan+wikidata+yitizi 籫:𬖃=cjkvi-variants+unihan+wikidata 臜:臢=cjkvi-variants+opencc+unihan+wikidata+yitizi 襸:𬡷=cjkvi-variants+unihan+wikidata 趱:趲=cjkvi-variants+opencc+unihan+wikidata+yitizi 躜:躦=cjkvi-variants+opencc+unihan+wikidata+yitizi 酂:酇=cjkvi-variants+opencc+unihan+wikidata+yitizi
贊	𮚋	3	5	4	灒:𤂯=wikidata 穳:𥣶=cjkvi-variants+wikidata 𤾶:𤿀=cjkvi-variants+wikidata
贊	𮚏	2	1	1	䡽:𨏘=cjkvi-variants+wikidata 躦:𨇇=cjkvi-variants+wikidata
贑	贛	2	3	1	戅:戇=cjkvi-variants+wikidata 𠖫:𰃴=wikidata
贑	𫎬	2	1	1	𠖫:𫤽=cjkvi-variants+unihan+wikidata 𪟲:𫧝=cjkvi-variants+unihan+wikidata
贛	赣	3	5	4	䀍:𰥊=unihan+wikidata 戆:戇=cjkvi-variants+opencc+unihan+wikidata+yitizi 𰃳:𰃴=unihan+wikidata
赤	𤆍	2	2	1	浾:𣵩=cjkvi-variants+opencc+wikidata 赩:𦫜=cjkvi-variants+unihan+wikidata
走	辵	3	10	3	赴:𰺮=wikidata 起:𨑔=cjkvi-variants+mj-shrink-map+wikidata 𧽻:𨗝=cjkvi-variants
走	𧺆	6	7	7	樾:𣜀=cjkvi-variants+mj-shrink-map+wikidata 趄:𰷳=wikidata 趍:𧻬=cjkvi-variants+opencc+wikidata 趫:𰷿=wikidata 𢈩:𢉇=cjkvi-variants 𧽍:𰷻=wikidata
身	⿱白方	2	9	3	激:𰜹=wikidata 竅:𥨂=wikidata 邀:𨖟=cjkvi-variants+wikidata 𩅓:𩅢=cjkvi-variants
身	⿳⿱㇒日丶万	2	9	3	激:𰜹=wikidata 竅:𥨂=wikidata 邀:𨖟=cjkvi-variants+wikidata 𩅓:𩅢=cjkvi-variants
躬	躳	3	4	4	匑:匔=cjkvi-variants+wikidata 窮:竆=cjkvi-variants+mj-shrink-map+opencc+unihan+wikidata+yitizi 藭:𧅓=cjkvi-variants+mj-shrink-map+opencc+wikidata
車	车	178	253	245	㑮:𫝈=cjkvi-variants+opencc+unihan+wikidata 㜕:𮱇=unihan+wikidata 㜞:𰌆=unihan+wikidata 㟦:𮱩=unihan+wikidata 㡓:𫷅=cjkvi-variants+unihan+wikidata 㨻:𪮃=cjkvi-variants+opencc+unihan+wikidata 㩣:𫾉=cjkvi-variants+unihan+wikidata 䁪:𥇢=cjkvi-variants+opencc+unihan+wikidata+yitizi 䉐:𬕛=cjkvi-variants+unihan+wikidata 䡄:𮷖=unihan+wikidata 䡅:𰹳=unihan+wikidata 䡇:𰹷=unihan+wikidata 䡊:𰹺=unihan+wikidata 䡐:𫟤=cjkvi-variants+opencc+unihan+wikidata 䡗:𬨆=cjkvi-variants+unihan+wikidata 䡘:𬨉=cjkvi-variants+unihan+wikidata 䡝:𰺑=unihan+wikidata 䡟:𬨌=cjkvi-variants+unihan+wikidata 䡦:𬨑=cjkvi-variants+unihan+wikidata 䡩:𫟥=cjkvi-variants+opencc+unihan+wikidata 䡰:𰺘=unihan+wikidata 䡴:𰺝=unihan+wikidata 䡵:𫟦=cjkvi-variants+opencc+unihan+wikidata 䡶:𬨔=cjkvi-variants+unihan+wikidata 䡷:𰺡=unihan+wikidata 䡹:𬨕=cjkvi-variants+unihan+wikidata 䡻:𰺤=unihan+wikidata 䢀:𨊰=cjkvi-variants+opencc+unihan+wikidata+yitizi 䢁:𨊸=cjkvi-variants+opencc+unihan+wikidata+yitizi 䢂:𨋢=cjkvi-variants+opencc+unihan+wikidata+yitizi 䭕:𬲕=cjkvi-variants+unihan+wikidata 伡:俥=cjkvi-variants+opencc+unihan+wikidata+yitizi 傤:儎=cjkvi-variants+opencc+wikidata+yitizi 僆:𫢪=cjkvi-variants+unihan+wikidata 军:軍=cjkvi-variants+opencc+unihan+wikidata+yitizi 匦:匭=cjkvi-variants+opencc+unihan+wikidata+yitizi 厍:厙=cjkvi-variants+opencc+unihan+wikidata+yitizi 唓:𪠳=cjkvi-variants+opencc+unihan+wikidata 嗹:𪡏=cjkvi-variants+opencc+unihan+wikidata+yitizi 堑:塹=cjkvi-variants+opencc+unihan+wikidata+yitizi 堚:𪣒=cjkvi-variants+opencc+unihan+wikidata 壍:𰊢=unihan+wikidata 媈:𫝨=cjkvi-variants+opencc+unihan+wikidata 崭:嶄=cjkvi-variants+opencc+unihan+wikidata+yitizi 库:庫=cjkvi-variants+opencc+unihan+wikidata+yitizi 恽:惲=cjkvi-variants+opencc+unihan+wikidata+yitizi 惭:慚=cjkvi-variants+opencc+unihan+wikidata+yitizi 慙:𰑧=unihan+wikidata 挥:揮=cjkvi-variants+opencc+unihan+wikidata+yitizi 摙:𫽁=cjkvi-variants+unihan+wikidata 摲:𰓼=unihan+wikidata 撵:攆=cjkvi-variants+opencc+unihan+wikidata+yitizi 斩:斬=cjkvi-variants+opencc+unihan+wikidata+yitizi 晕:暈=cjkvi-variants+opencc+unihan+wikidata+yitizi 晖:暉=cjkvi-variants+opencc+unihan+wikidata+yitizi 暂:暫=cjkvi-variants+opencc+unihan+wikidata+yitizi 梿:槤=cjkvi-variants+opencc+unihan+wikidata+yitizi 椠:槧=cjkvi-variants+opencc+unihan+wikidata+yitizi 楎:𰗢=unihan+wikidata 檋:𰘈=unihan+wikidata 毄:𬆦=cjkvi-variants+unihan+wikidata 浑:渾=cjkvi-variants+opencc+unihan+wikidata+yitizi 涟:漣=cjkvi-variants+opencc+unihan+wikidata+yitizi 渐:漸=cjkvi-variants+opencc+unihan+wikidata+yitizi 瀈:𰝍=unihan+wikidata 瀭:𮳗=unihan+wikidata 煇:𪸩=cjkvi-variants+opencc+unihan+wikidata 獑:𰡔=unihan+wikidata 珲:琿=cjkvi-variants+opencc+unihan+wikidata+yitizi 琏:璉=cjkvi-variants+opencc+unihan+wikidata+yitizi 瘒:𬏫=cjkvi-variants+unihan+wikidata 皲:皸=cjkvi-variants+opencc+unihan+wikidata+yitizi 睴:𬑕=cjkvi-variants+unihan+wikidata 砗:硨=cjkvi-variants+opencc+unihan+wikidata+yitizi 簵:𰪏=unihan+wikidata 翚:翬=cjkvi-variants+opencc+unihan+wikidata+yitizi 聻:𫆏=cjkvi-variants+opencc+unihan+wikidata 腪:𣍯=cjkvi-variants+opencc+unihan+wikidata+yitizi 舆:輿=cjkvi-variants+opencc+unihan+wikidata+yitizi 荤:葷=cjkvi-variants+opencc+unihan+wikidata+yitizi 莲:蓮=cjkvi-variants+opencc+unihan+wikidata+yitizi 蔪:𰱑=unihan+wikidata 蛼:𰲬=unihan+wikidata 螹:𰳂=unihan+wikidata 裈:褌=cjkvi-variants+opencc+unihan+wikidata+yitizi 裢:褳=cjkvi-variants+opencc+unihan+wikidata+yitizi 裤:褲=cjkvi-variants+opencc+unihan+wikidata+yitizi 蹔:𫏐=cjkvi-variants+opencc+unihan+wikidata 蹥:𰸔=unihan+wikidata 軋:轧=cjkvi-variants+opencc+unihan+wikidata+yitizi 軌:轨=cjkvi-variants+opencc+unihan+wikidata+yitizi 軎:𰹲=unihan+wikidata 軏:𫐄=cjkvi-variants+opencc+unihan+wikidata+yitizi 軑:轪=cjkvi-variants+opencc+unihan+wikidata+yitizi 軒:轩=cjkvi-variants+opencc+unihan+wikidata+yitizi 軓:𰹴=unihan+wikidata 軔:轫=cjkvi-variants+opencc+unihan+wikidata+yitizi 軕:𫐅=cjkvi-variants+opencc+unihan+wikidata 軖:𰹶=unihan+wikidata 軗:𨐅=cjkvi-variants+opencc+unihan+wikidata+yitizi 軘:𰹸=unihan+wikidata 軚:𮷗=unihan+wikidata 軛:轭=cjkvi-variants+opencc+unihan+wikidata+yitizi 軜:𫐇=cjkvi-variants+opencc+unihan+wikidata 軝:𬨂=cjkvi-variants+opencc+unihan+wikidata 軞:𬨁=cjkvi-variants+unihan+wikidata 軟:软=cjkvi-variants+opencc+unihan+wikidata+yitizi 軤:轷=cjkvi-variants+opencc+unihan+wikidata+yitizi 軥:𰺁=unihan+wikidata 軧:𰺀=unihan+wikidata 軨:𫐉=cjkvi-variants+opencc+unihan+wikidata+yitizi 軫:轸=cjkvi-variants+opencc+unihan+wikidata+yitizi 軬:𫐊=cjkvi-variants+opencc+unihan+wikidata 軮:𬨄=cjkvi-variants+unihan+wikidata 軯:𰹽=unihan+wikidata 軱:𮝴=unihan+wikidata 軲:轱=cjkvi-variants+opencc+unihan+wikidata+yitizi 軳:𰺂=unihan+wikidata 軵:𰹿=unihan+wikidata 軷:𫐈=cjkvi-variants+opencc+unihan+wikidata 軸:轴=cjkvi-variants+opencc+unihan+wikidata+yitizi 軹:轵=cjkvi-variants+opencc+unihan+wikidata+yitizi 軺:轺=cjkvi-variants+opencc+unihan+wikidata+yitizi 軻:轲=cjkvi-variants+opencc+unihan+wikidata+yitizi 軼:轶=cjkvi-variants+opencc+unihan+wikidata+yitizi 軾:轼=cjkvi-variants+opencc+unihan+wikidata+yitizi 軿:𫐌=cjkvi-variants+opencc+unihan+wikidata 輀:𮝵=unihan+wikidata 輁:𰺄=unihan+wikidata 輂:𰺅=unihan+wikidata 較:较=cjkvi-variants+opencc+unihan+wikidata+yitizi 輄:𨐈=cjkvi-variants+opencc+unihan+wikidata+yitizi 輅:辂=cjkvi-variants+opencc+unihan+wikidata+yitizi 輆:𬨇=cjkvi-variants+unihan+wikidata 輇:辁=cjkvi-variants+opencc+unihan+wikidata+yitizi 輈:辀=cjkvi-variants+opencc+unihan+wikidata+yitizi 載:载=cjkvi-variants+opencc+unihan+wikidata+yitizi 輊:轾=cjkvi-variants+opencc+unihan+wikidata+yitizi 輋:𪨶=cjkvi-variants+opencc+unihan+wikidata 輐:𰺇=unihan+wikidata 輑:𰺈=unihan+wikidata 輒:辄=cjkvi-variants+opencc+unihan+wikidata+yitizi 輓:𬨈=cjkvi-variants+unihan+wikidata 輔:辅=cjkvi-variants+opencc+unihan+wikidata+yitizi 輖:𫐏=cjkvi-variants+opencc+unihan+wikidata 輗:𫐐=cjkvi-variants+opencc+unihan+wikidata+yitizi 輘:𰺊=unihan+wikidata 輙:𰺋=unihan+wikidata 輜:辎=cjkvi-variants+opencc+unihan+wikidata+yitizi 輝:辉=cjkvi-variants+opencc+unihan+wikidata+yitizi 輞:辋=cjkvi-variants+opencc+unihan+wikidata+yitizi 輟:辍=cjkvi-variants+opencc+unihan+wikidata+yitizi 輠:𰺍=unihan+wikidata 輡:𰺐=unihan+wikidata 輢:𫐎=cjkvi-variants+opencc+unihan+wikidata 輣:𰺏=unihan+wikidata 輤:𰺉=unihan+wikidata 輥:辊=cjkvi-variants+opencc+unihan+wikidata+yitizi 輦:辇=cjkvi-variants+opencc+unihan+wikidata+yitizi 輨:𫐑=cjkvi-variants+opencc+unihan+wikidata 輩:辈=cjkvi-variants+opencc+unihan+wikidata+yitizi 輫:𰺎=unihan+wikidata 輬:辌=cjkvi-variants+opencc+unihan+wikidata+yitizi 輮:𫐓=cjkvi-variants+opencc+unihan+wikidata+yitizi 輯:辑=cjkvi-variants+opencc+unihan+wikidata+yitizi 輲:𰺒=unihan+wikidata 輳:辏=cjkvi-variants+opencc+unihan+wikidata+yitizi 輴:𮝸=unihan+wikidata 輵:𬨍=cjkvi-variants+unihan+wikidata 輶:𬨎=cjkvi-variants+opencc+unihan+wikidata 輷:𫐒=cjkvi-variants+opencc+unihan+wikidata 輸:输=cjkvi-variants+opencc+unihan+wikidata+yitizi 輹:𰺓=unihan+wikidata 輻:辐=cjkvi-variants+opencc+unihan+wikidata+yitizi 輼:辒=cjkvi-variants+opencc+unihan 輾:辗=cjkvi-variants+opencc+unihan+wikidata+yitizi 轁:𮷝=unihan+wikidata 轃:𰺖=unihan+wikidata 轄:辖=cjkvi-variants+opencc+unihan+wikidata+yitizi 轅:辕=cjkvi-variants+opencc+unihan+wikidata+yitizi 轆:辘=cjkvi-variants+opencc+unihan+wikidata+yitizi 轇:𫐖=cjkvi-variants+opencc+unihan+wikidata 轈:𬨓=cjkvi-variants+unihan+wikidata 轊:𫐕=cjkvi-variants+opencc+unihan+wikidata 轍:辙=cjkvi-variants+opencc+unihan+wikidata+yitizi 轏:𰺞=unihan+wikidata 轐:𫐗=cjkvi-variants+opencc+unihan+wikidata 轑:𰺛=unihan+wikidata 轓:𰺜=unihan+wikidata 轔:辚=cjkvi-variants+opencc+unihan+wikidata+yitizi 轕:𮝺=unihan+wikidata 轗:𫐘=cjkvi-variants+opencc+unihan+wikidata 轘:𮝹=unihan+wikidata 轚:𰺟=unihan+wikidata 轝:𬛼=cjkvi-variants+unihan 轠:𫐙=cjkvi-variants+opencc+unihan+wikidata 连:連=cjkvi-variants+opencc+unihan+wikidata+yitizi 郓:鄆=cjkvi-variants+opencc+unihan+wikidata+yitizi 錾:鏨=cjkvi-variants+opencc+unihan+wikidata+yitizi 阵:陣=cjkvi-variants+opencc+unihan+wikidata+yitizi 鼲:𱌏=unihan+wikidata 𠼗:𫪚=cjkvi-variants+unihan+wikidata 𡸗:𪨩=cjkvi-variants+opencc+unihan+wikidata 𡺠:𰎝=unihan+wikidata 𢹏:𰔶=unihan+wikidata 𣷾:𱦈=unihan 𤍖:𬊗=cjkvi-variants+unihan+wikidata 𤟤:𰡋=unihan+wikidata 𤥭:𰡰=unihan+wikidata 𥗇:𪿵=cjkvi-variants+opencc+unihan+wikidata 𦔖:𫅼=cjkvi-variants+opencc+unihan+wikidata 𦾶:𬞋=cjkvi-variants+unihan+wikidata 𧽯:𫎸=cjkvi-variants+opencc+unihan+wikidata 𨇍:𬧑=cjkvi-variants+unihan+wikidata 𨊠:𰹱=unihan+wikidata 𨊵:𲅁=unihan 𨊹:𰹻=unihan+wikidata 𨊻:𨐆=cjkvi-variants+opencc+unihan+wikidata+yitizi 𨋁:𬨃=cjkvi-variants+unihan+wikidata 𨋚:𬨅=cjkvi-variants+unihan+wikidata 𨋮:𰺆=unihan+wikidata 𨌄:𬨋=cjkvi-variants+unihan+wikidata 𨌈:𫐍=cjkvi-variants+opencc+unihan+wikidata 𨍈:𰺔=unihan+wikidata 𨍏:𰺕=unihan+wikidata 𨍐:𬨏=cjkvi-variants+unihan+wikidata 𨍰:𫐔=cjkvi-variants+opencc+unihan+wikidata 𨍹:𬨐=cjkvi-variants+unihan+wikidata 𨎩:𬨒=cjkvi-variants+unihan+wikidata 𨎪:𰺚=unihan+wikidata 𨎮:𨐉=cjkvi-variants+opencc+unihan+wikidata+yitizi 𨏒:𰺢=unihan+wikidata 𨏥:𨐊=cjkvi-variants+opencc+unihan+wikidata+yitizi 𨐃:𲅃=unihan 𩉍:𬰣=cjkvi-variants+unihan+wikidata 𩟗:𫗚=cjkvi-variants+opencc+unihan+wikidata 𫈹:𰰿=unihan+wikidata 𬆂:𬆉=cjkvi-variants+unihan+wikidata 𬊿:𮳬=unihan+wikidata 𬌵:𬍁=cjkvi-variants+unihan+wikidata 𬒄:𬒒=cjkvi-variants+unihan+wikidata 𭧒:𰖏=unihan+wikidata 𮝄:𮝳=unihan+wikidata 𰹈:𰹯=unihan+wikidata
車	𨊥	2	8	6	墼:𡐊=cjkvi-variants+wikidata 撃:擊=cjkvi-variants+hng-basic-data+mj-shrink-map+opencc+unihan+wikidata+yitizi 繋:繫=cjkvi-variants+hng-basic-data+mj-shrink-map+opencc+yitizi 軗:𣪠=cjkvi-variants 𣤖:𣤢=cjkvi-variants+wikidata 𤮈:𤮛=cjkvi-variants
軋	轧	2	1	1	𡸗:𪨩=cjkvi-variants+opencc+unihan+wikidata 𬒄:𬒒=cjkvi-variants+unihan+wikidata
軌	轨	2	1	1	匦:匭=cjkvi-variants+opencc+unihan+wikidata+yitizi 𣷾:𱦈=unihan
軍	運	4	10	4	㟦:𡽅=cjkvi-variants+wikidata 䡣:𨏂=cjkvi-variants+wikidata 睴:𰦅=wikidata 諢:𧬪=cjkvi-variants+mj-shrink-map+wikidata
軍	𠣞	3	4	4	揮:𢰄=cjkvi-variants+mj-shrink-map+wikidata 琿:𤦳=cjkvi-variants+mj-shrink-map+wikidata 運:𨔪=cjkvi-variants+mj-shrink-map+wikidata
軎	𨊥	2	5	4	毄:𣪠=cjkvi-variants+wikidata 礊:𥖳=cjkvi-variants+wikidata 𤩚:𤪢=cjkvi-variants 𦼷:𦿓=cjkvi-variants+wikidata
軗	𣪠	5	6	6	墼:𡐊=cjkvi-variants+wikidata 撃:擊=cjkvi-variants+hng-basic-data+mj-shrink-map+opencc+unihan+wikidata+yitizi 繋:繫=cjkvi-variants+hng-basic-data+mj-shrink-map+opencc+yitizi 𣤖:𣤢=cjkvi-variants+wikidata 𤮈:𤮛=cjkvi-variants
輕	轻	2	1	1	鑋:𰼻=unihan+wikidata 𨆪:𫏕=cjkvi-variants+opencc+unihan+wikidata
輦	辇	3	4	4	撵:攆=cjkvi-variants+opencc+unihan+wikidata+yitizi 𥗇:𪿵=cjkvi-variants+opencc+unihan+wikidata 𨇍:𬧑=cjkvi-variants+unihan+wikidata
辛	𨐌	3	7	4	觪:𧣿=wikidata 辟:𮝻=mj-shrink-map+wikidata 騂:𩤑=cjkvi-variants+wikidata
辥	⿱艹⿰𠂤辛	2	8	6	蠥:𧕏=cjkvi-variants+wikidata 躠:𰸷=wikidata
辥	𦵮	3	6	3	孼:𦽆=cjkvi-variants 糱:𮒷=wikidata 蠥:𧒣=cjkvi-variants+wikidata
農	辳	3	4	4	儂:𫣳=wikidata 濃:𤂑=cjkvi-variants 燶:𬋔=wikidata
辵	辶	5	17	6	慩:𢣜=cjkvi-variants 退:𨒼=cjkvi-variants 達:𫐳=cjkvi-variants 遹:𨗝=cjkvi-variants+wikidata 𨑒:𨑡=cjkvi-variants
边	邊	2	2	1	笾:籩=cjkvi-variants+opencc+unihan+wikidata+yitizi 𪢥:𫩸=cjkvi-variants+unihan+wikidata
达	達	15	16	16	㒓:𠉂=cjkvi-variants+opencc+unihan+wikidata+yitizi 㳠:澾=cjkvi-variants+opencc+unihan+wikidata+yitizi 㼀:𮴘=unihan 㿹:𰤨=unihan+wikidata 䃮:鿎=opencc+unihan+wikidata 哒:噠=cjkvi-variants+opencc+unihan+wikidata+yitizi 垯:墶=cjkvi-variants+opencc+unihan+wikidata 挞:撻=cjkvi-variants+opencc+unihan+wikidata+yitizi 燵:𬊉=cjkvi-variants+unihan+wikidata 荙:薘=cjkvi-variants+opencc+unihan+wikidata+yitizi 蟽:𰲻=unihan+wikidata 跶:躂=cjkvi-variants+opencc+unihan+wikidata+yitizi 鞑:韃=cjkvi-variants+opencc+unihan+wikidata+yitizi 𦪭:𬜔=cjkvi-variants+unihan+wikidata 𧞅:𰳻=unihan+wikidata
迁	遷	4	5	5	櫏:𰗬=unihan+wikidata 跹:躚=cjkvi-variants+opencc+unihan+wikidata+yitizi 韆:𱁶=unihan+wikidata 𰛱:𰝢=unihan
过	過	7	10	8	㗻:𫪀=cjkvi-variants+unihan+wikidata 㳡:濄=cjkvi-variants+opencc+unihan+wikidata+yitizi 挝:撾=cjkvi-variants+opencc+unihan+wikidata+yitizi 檛:𭪆=unihan+wikidata 簻:𰩻=unihan+wikidata 薖:𰰾=unihan+wikidata 𧒖:𰲺=unihan+wikidata
连	連	14	17	15	㜕:𮱇=unihan+wikidata 僆:𫢪=cjkvi-variants+unihan+wikidata 嗹:𪡏=cjkvi-variants+opencc+unihan+wikidata+yitizi 摙:𫽁=cjkvi-variants+unihan+wikidata 梿:槤=cjkvi-variants+opencc+unihan+wikidata+yitizi 涟:漣=cjkvi-variants+opencc+unihan+wikidata+yitizi 琏:璉=cjkvi-variants+opencc+unihan+wikidata+yitizi 莲:蓮=cjkvi-variants+opencc+unihan+wikidata+yitizi 裢:褳=cjkvi-variants+opencc+unihan+wikidata+yitizi 蹥:𰸔=unihan+wikidata 𦔖:𫅼=cjkvi-variants+opencc+unihan+wikidata 𬊿:𮳬=unihan+wikidata 𬌵:𬍁=cjkvi-variants+unihan+wikidata 𭧒:𰖏=unihan+wikidata
迶	⿱左⺝	2	5	2	䯝:髄=mj-shrink-map 墮:𫝡=wikidata 隳:𱁀=wikidata
迶	⿱左⺼	2	5	3	䯝:髄=mj-shrink-map 墮:𫝡=wikidata 隳:𱁀=wikidata
迶	遀	2	6	2	随:隨=cjkvi-variants+hng-basic-data+mj-shrink-map+opencc+unihan+wikidata+yitizi 髄:髓=cjkvi-variants+hng-basic-data+mj-shrink-map+opencc+unihan+wikidata+yitizi 𡓗:𫝡=unihan
迷	⿺𠃊米	3	6	3	䛧:謎=cjkvi-variants+wikidata 継:𮈵=mj-shrink-map 醚:𨡅=cjkvi-variants+wikidata
追	𠂤	6	14	6	䭔:𩛍=cjkvi-variants+wikidata 桘:槌=cjkvi-variants+wikidata 磓:𥑵=cjkvi-variants+wikidata 𡜥:𡟴=cjkvi-variants+wikidata 𤤷:𤧫=cjkvi-variants+wikidata 𧧆:𧪲=cjkvi-variants+wikidata
适	適	3	4	4	㰅:𭫙=unihan+wikidata 擿:𰔖=wikidata 𠻉:𡂓=cjkvi-variants
逄	逢	4	7	5	䙜:𧜨=wikidata 膖:𮌨=wikidata 蠭:𧔧=cjkvi-variants 𣝘:𣟀=cjkvi-variants
逮	隶	5	9	6	㥆:𢠻=cjkvi-variants+wikidata 埭:𡐡=cjkvi-variants+mj-shrink-map+wikidata 曃:𣇨=cjkvi-variants+wikidata 霴:靆=cjkvi-variants+mj-shrink-map+wikidata 𪑠:𪒡=wikidata
逹	達	2	2	1	墶:𡐿=wikidata 𩞱:𩟐=wikidata
遀	⿱左⺝	8	22	9	㰐:橢=cjkvi-variants+mj-shrink-map+wikidata 䔺:𧁼=cjkvi-variants+wikidata 䭉:𩟆=cjkvi-variants+wikidata 䯝:髓=cjkvi-variants+mj-shrink-map+wikidata 嫷:𫲙=wikidata 嶞:𭗱=wikidata 瀡:𣿂=cjkvi-variants+wikidata+yitizi 𤡪:𤢩=cjkvi-variants+wikidata 𨬍:𨯝=cjkvi-variants+wikidata
遀	⿱左⺼	8	23	10	㰐:橢=cjkvi-variants+mj-shrink-map+wikidata 䔺:𧁼=cjkvi-variants+wikidata 䭉:𩟆=cjkvi-variants+wikidata 䯝:髓=cjkvi-variants+mj-shrink-map+wikidata 嫷:𫲙=wikidata 嶞:𭗱=wikidata 瀡:𣿂=cjkvi-variants+wikidata+yitizi 𤡪:𤢩=cjkvi-variants+wikidata 𨬍:𨯝=cjkvi-variants+wikidata
遀	隋	4	10	4	䜏:䜔=cjkvi-variants+wikidata 䥦:𨬍=wikidata 䲊:𩼂=cjkvi-variants+wikidata 𤡪:𤢍=cjkvi-variants+wikidata
達	𨔶	2	1	1	澾:𣿔=cjkvi-variants+mj-shrink-map+wikidata 韃:𩍠=cjkvi-variants+wikidata
遗	遺	3	4	4	壝:𭏸=unihan+wikidata 瀢:𬉋=cjkvi-variants+unihan+wikidata 𧒭:𧔥=cjkvi-variants+opencc+unihan+wikidata+yitizi
遷	⿳襾大巳	2	6	2	櫏:𣘝=cjkvi-variants+wikidata 蹮:躚=cjkvi-variants+unihan+wikidata+yitizi
遷	⿳覀大巳	2	6	2	櫏:𣘝=cjkvi-variants+wikidata 蹮:躚=cjkvi-variants+unihan+wikidata+yitizi
邑	阝	51	75	52	㛕:邚=cjkvi-variants 䂙:𥒵=cjkvi-variants+wikidata 䢼:𬩺=wikidata 䣈:𨛗=cjkvi-variants 䣈:𨹝=cjkvi-variants 䣊:𨜂=cjkvi-variants+wikidata 䣍:𨜀=cjkvi-variants 䣕:䣖=cjkvi-variants+wikidata 䣘:𨝦=cjkvi-variants 䱒:𫑨=cjkvi-variants 唈:𨙫=cjkvi-variants 挹:𨙰=cjkvi-variants 邠:𨚇=cjkvi-variants+opencc 邢:𨚆=cjkvi-variants 邦:邫=cjkvi-variants+mj-shrink-map+wikidata 邩:𨚊=cjkvi-variants+wikidata 邯:𨚠=cjkvi-variants+mj-shrink-map+opencc+wikidata 邽:郌=cjkvi-variants+wikidata 郁:𨚺=cjkvi-variants+wikidata 郃:𮟺=wikidata 郎:郒=cjkvi-variants+mj-shrink-map+wikidata 郡:𨛦=cjkvi-variants+mj-shrink-map+opencc+wikidata 部:郶=cjkvi-variants+mj-shrink-map+opencc+wikidata 郰:𨛿=cjkvi-variants+opencc 郹:𨜯=cjkvi-variants+opencc+wikidata 郼:𨜢=cjkvi-variants+wikidata 都:𨜞=cjkvi-variants+opencc+wikidata 鄂:𨜝=cjkvi-variants+wikidata 鄓:𦤡=cjkvi-variants 鄙:𨝚=cjkvi-variants+wikidata 鄥:𪁗=cjkvi-variants 鄭:𨞀=cjkvi-variants+opencc+wikidata 鄰:𨞁=cjkvi-variants+mj-shrink-map+wikidata 鄲:𨞏=cjkvi-variants+opencc+wikidata 鄶:𨞡=cjkvi-variants+opencc+wikidata 鄸:𨞯=cjkvi-variants+wikidata 陏:𨚼=cjkvi-variants 𢻌:𨸠=cjkvi-variants 𨙸:𨙾=cjkvi-variants+wikidata 𨙹:𨚈=cjkvi-variants+wikidata 𨚓:𨚭=cjkvi-variants 𨚶:𨚽=cjkvi-variants+wikidata 𨛗:𨸙=cjkvi-variants 𨛛:𨛤=cjkvi-variants+wikidata 𨛵:𨛸=cjkvi-variants 𨜒:𨜣=cjkvi-variants+wikidata 𨝋:𨝠=cjkvi-variants+wikidata 𨝷:𨝼=cjkvi-variants+wikidata 𨞙:𨞦=cjkvi-variants 𨦺:𫒉=cjkvi-variants 𨸕:𬩴=wikidata
邕	雍	6	13	7	嗈:噰=cjkvi-variants+wikidata 郺:𡗌=cjkvi-variants+wikidata 齆:𪖿=wikidata 𧜇:𧝸=cjkvi-variants+wikidata 𩌋:𩍓=cjkvi-variants+wikidata 𩝹:𩟀=cjkvi-variants
邕	雝	2	2	1	㴩:灉=cjkvi-variants+wikidata 廱:𪪝=yitizi
那	郍	2	1	1	娜:𡟦=cjkvi-variants+mj-shrink-map+wikidata 挪:𢰓=cjkvi-variants+wikidata
郁	鬱	2	2	1	䖇:𦵁=cjkvi-variants 灪:𣹙=cjkvi-variants
郑	鄭	3	5	4	掷:擲=cjkvi-variants+opencc+unihan+wikidata+yitizi 踯:躑=cjkvi-variants+opencc+unihan+wikidata+yitizi 𢤜:𫺫=cjkvi-variants+unihan+wikidata
酉	酋	12	36	13	㾞:𤸈=cjkvi-variants+wikidata 䔿:𰱫=wikidata 䣭:猷=wikidata 庮:𢉷=cjkvi-variants+wikidata 梄:楢=yitizi 槱:𣜃=cjkvi-variants+wikidata 猶:𬌲=cjkvi-variants+wikidata 莤:𦳷=cjkvi-variants 輏:輶=cjkvi-variants+mj-shrink-map+wikidata 逎:遒=cjkvi-variants+mj-shrink-map+wikidata 𧣮:𧤕=cjkvi-variants+wikidata 𩭓:𩮈=cjkvi-variants+wikidata
釆	采	4	6	5	䎹:𦖗=cjkvi-variants 宷:寀=cjkvi-variants+wikidata 𠀭:𤔁=cjkvi-variants 𥹄:𨤐=cjkvi-variants+wikidata
重	𫟯	4	6	5	動:𭄴=mj-shrink-map+wikidata 堹:𫝟=cjkvi-variants+mj-shrink-map+wikidata 薫:𮑜=mj-shrink-map
釒	{49}	6	19	6	銀:𱍭=wikidata 銃:𱍮=wikidata 銅:𱍯=wikidata 錦:𱍲=wikidata 錯:𱍳=wikidata 鑣:𱍶=wikidata
釒	钅	539	571	543	䃢:𰧎=unihan+wikidata 䤝:𲇳=unihan 䤠:𰽠=unihan+wikidata 䤤:𫟺=cjkvi-variants+opencc+unihan+wikidata 䤥:𰽺=unihan+wikidata 䤨:𰽸=unihan+wikidata 䤩:𬭈=cjkvi-variants+unihan+wikidata 䤪:𬭆=cjkvi-variants+unihan+wikidata 䤬:𰾈=unihan+wikidata 䤭:𮸌=unihan+wikidata 䤵:𰾐=unihan+wikidata 䤸:𰾦=unihan+wikidata 䤻:𰾖=unihan+wikidata 䤼:𬭣=cjkvi-variants+unihan+wikidata 䥄:𫠀=cjkvi-variants+opencc+unihan+wikidata 䥇:䦂=cjkvi-variants+opencc+unihan+wikidata+yitizi 䥓:𮸞=unihan+wikidata 䥔:𲈙=unihan 䥕:𬭯=cjkvi-variants+opencc+unihan+wikidata 䥖:𰾻=unihan+wikidata 䥗:𫔋=cjkvi-variants+opencc+unihan+wikidata 䥛:𬭴=cjkvi-variants+unihan+wikidata 䥝:𰿁=unihan+wikidata 䥞:𬭻=cjkvi-variants+unihan+wikidata 䥩:𨱖=cjkvi-variants+opencc+unihan+wikidata+yitizi 䥴:𰿅=unihan+wikidata 䥷:𰿇=unihan+wikidata 䥺:釾=cjkvi-variants+opencc+unihan+wikidata+yitizi 䦀:𨦫=cjkvi-variants+opencc+unihan+wikidata+yitizi 䦁:𨧜=cjkvi-variants+opencc+unihan+wikidata+yitizi 䦃:鐯=cjkvi-variants+opencc+unihan+wikidata+yitizi 䦅:鐥=cjkvi-variants+opencc+unihan+wikidata+yitizi 䦆:钁=cjkvi-variants+opencc+unihan+wikidata 嵚:嶔=cjkvi-variants+opencc+unihan+wikidata+yitizi 廞:𫷷=cjkvi-variants+opencc+unihan+wikidata 揿:撳=cjkvi-variants+opencc+unihan+wikidata+yitizi 檭:𣘴=cjkvi-variants+opencc+unihan+wikidata+yitizi 欽:钦=cjkvi-variants+opencc+unihan+wikidata+yitizi 釓:钆=cjkvi-variants+opencc+unihan+wikidata+yitizi 釔:钇=cjkvi-variants+opencc+unihan+wikidata+yitizi 釕:钌=cjkvi-variants+opencc+unihan+wikidata+yitizi 釗:钊=cjkvi-variants+opencc+unihan+wikidata+yitizi 釘:钉=cjkvi-variants+opencc+unihan+wikidata+yitizi 釙:钋=cjkvi-variants+opencc+unihan+wikidata+yitizi 釚:𫟲=cjkvi-variants+opencc+unihan+wikidata 釛:𰽖=unihan+wikidata 針:针=cjkvi-variants+opencc+unihan+wikidata+yitizi 釟:𫓥=cjkvi-variants+opencc+unihan+wikidata 釠:𰽕=wikidata 釣:钓=cjkvi-variants+opencc+unihan+wikidata+yitizi 釤:钐=cjkvi-variants+opencc+unihan+wikidata+yitizi 釥:𰽛=unihan+wikidata 釦:𬬪=cjkvi-variants+unihan+wikidata 釧:钏=cjkvi-variants+opencc+unihan+wikidata+yitizi 釨:𫓦=cjkvi-variants+opencc+unihan+wikidata 釩:钒=cjkvi-variants+opencc+unihan+wikidata+yitizi 釪:𰽗=unihan+wikidata 釫:𬬨=cjkvi-variants+unihan+wikidata 釬:𬬧=cjkvi-variants+unihan+wikidata 釭:𮣲=unihan+wikidata 釮:𲇭=unihan 釰:𲇰=unihan 釱:𰽘=unihan+wikidata 釲:𫟳=cjkvi-variants+opencc+unihan+wikidata 釳:𨰿=cjkvi-variants+opencc+unihan+wikidata+yitizi 釴:𬬩=cjkvi-variants+opencc+unihan+wikidata 釵:钗=cjkvi-variants+opencc+unihan+wikidata+yitizi 釷:钍=cjkvi-variants+opencc+unihan+wikidata+yitizi 釹:钕=cjkvi-variants+opencc+unihan+wikidata+yitizi 釺:钎=cjkvi-variants+opencc+unihan+wikidata+yitizi 釽:𬬲=cjkvi-variants+unihan+wikidata 釿:𬬱=cjkvi-variants+opencc+unihan+wikidata 鈀:钯=cjkvi-variants+opencc+unihan+wikidata+yitizi 鈁:钫=cjkvi-variants+opencc+unihan+wikidata+yitizi 鈂:𬬵=cjkvi-variants+unihan+wikidata 鈃:钘=cjkvi-variants+opencc+unihan+wikidata+yitizi 鈄:钭=cjkvi-variants+opencc+unihan+wikidata+yitizi 鈅:钥=cjkvi-variants+opencc 鈆:𫓪=cjkvi-variants+opencc+unihan+wikidata 鈇:𫓧=cjkvi-variants+opencc+unihan+wikidata+yitizi 鈈:钚=cjkvi-variants+opencc+unihan+wikidata+yitizi 鈉:钠=cjkvi-variants+opencc+unihan+wikidata+yitizi 鈊:𲇴=unihan 鈋:𨱂=cjkvi-variants+opencc+unihan+wikidata+yitizi 鈌:𰽤=unihan+wikidata 鈍:钝=cjkvi-variants+opencc+unihan+wikidata+yitizi 鈎:钩=cjkvi-variants+opencc+unihan+wikidata 鈏:𰽣=unihan+wikidata 鈐:钤=cjkvi-variants+opencc+unihan+wikidata+yitizi 鈑:钣=cjkvi-variants+opencc+unihan+wikidata+yitizi 鈒:钑=cjkvi-variants+opencc+unihan+wikidata+yitizi 鈓:𬬯=cjkvi-variants+unihan+wikidata 鈔:钞=cjkvi-variants+opencc+unihan+wikidata+yitizi 鈕:钮=cjkvi-variants+opencc+unihan+wikidata+yitizi 鈖:𫟴=cjkvi-variants+opencc+unihan+wikidata 鈗:𫟵=cjkvi-variants+opencc+unihan+wikidata 鈘:𲇱=unihan 鈚:𬬫=cjkvi-variants+unihan+wikidata 鈛:𫓨=cjkvi-variants+opencc+unihan+wikidata 鈜:𮣳=unihan+wikidata 鈞:钧=cjkvi-variants+opencc+unihan+wikidata+yitizi 鈠:𨱁=cjkvi-variants+opencc+unihan+wikidata+yitizi 鈡:钟=cjkvi-variants+opencc+yitizi 鈣:钙=cjkvi-variants+opencc+unihan+wikidata+yitizi 鈤:𰽡=unihan+wikidata 鈥:钬=cjkvi-variants+opencc+unihan+wikidata+yitizi 鈦:钛=cjkvi-variants+opencc+unihan+wikidata+yitizi 鈧:钪=cjkvi-variants+opencc+unihan+wikidata+yitizi 鈨:𮷸=unihan+wikidata 鈪:𰽞=unihan+wikidata 鈮:铌=cjkvi-variants+opencc+unihan+wikidata+yitizi 鈯:𨱄=cjkvi-variants+opencc+unihan+wikidata+yitizi 鈰:铈=cjkvi-variants+opencc+unihan+wikidata+yitizi 鈱:𲇸=unihan 鈲:𨱃=cjkvi-variants+opencc+unihan+wikidata+yitizi 鈳:钶=cjkvi-variants+opencc+unihan+wikidata+yitizi 鈴:铃=cjkvi-variants+opencc+unihan+wikidata+yitizi 鈵:𰽥=unihan+wikidata 鈶:𬭀=cjkvi-variants+unihan+wikidata 鈷:钴=cjkvi-variants+opencc+unihan+wikidata+yitizi 鈸:钹=cjkvi-variants+opencc+unihan+wikidata+yitizi 鈹:铍=cjkvi-variants+opencc+unihan+wikidata+yitizi 鈺:钰=cjkvi-variants+opencc+unihan+wikidata+yitizi 鈼:𬬽=cjkvi-variants+unihan+wikidata 鈽:钸=cjkvi-variants+opencc+unihan+wikidata+yitizi 鈾:铀=cjkvi-variants+opencc+unihan+wikidata+yitizi 鈿:钿=cjkvi-variants+opencc+unihan+wikidata+yitizi 鉀:钾=cjkvi-variants+opencc+unihan+wikidata+yitizi 鉁:𨱅=cjkvi-variants+opencc+unihan+wikidata+yitizi 鉅:钜=cjkvi-variants+opencc+unihan+wikidata+yitizi 鉆:钻=cjkvi-variants+opencc 鉈:铊=cjkvi-variants+opencc+unihan+wikidata+yitizi 鉉:铉=cjkvi-variants+opencc+unihan+wikidata+yitizi 鉊:𬬿=cjkvi-variants+opencc+unihan+wikidata 鉋:铇=cjkvi-variants+opencc+unihan+wikidata+yitizi 鉌:𰽬=unihan+wikidata 鉍:铋=cjkvi-variants+opencc+unihan+wikidata+yitizi 鉎:𰽫=unihan+wikidata 鉏:𬬺=cjkvi-variants+unihan+wikidata 鉐:𬬷=cjkvi-variants+unihan+wikidata 鉑:铂=cjkvi-variants+opencc+unihan+wikidata+yitizi 鉒:𰽯=unihan+wikidata 鉔:𫓬=cjkvi-variants+opencc+unihan+wikidata 鉕:钷=cjkvi-variants+opencc+unihan+wikidata+yitizi 鉗:钳=cjkvi-variants+opencc+unihan+wikidata+yitizi 鉘:𰽱=unihan+wikidata 鉙:𰽨=unihan+wikidata 鉚:铆=cjkvi-variants+opencc+unihan+wikidata+yitizi 鉛:铅=cjkvi-variants+opencc+unihan+wikidata+yitizi 鉜:𰽮=unihan+wikidata 鉝:𫟷=cjkvi-variants+opencc+unihan+wikidata 鉞:钺=cjkvi-variants+opencc+unihan+wikidata+yitizi 鉟:𰽧=unihan+wikidata 鉠:𫓭=cjkvi-variants+opencc+unihan+wikidata 鉡:𰽰=unihan+wikidata 鉢:钵=cjkvi-variants+opencc+unihan 鉤:𰽭=unihan+wikidata 鉥:𬬸=cjkvi-variants+opencc+unihan+wikidata 鉦:钲=cjkvi-variants+opencc+unihan+wikidata+yitizi 鉧:𬭁=cjkvi-variants+opencc+unihan+wikidata 鉨:鿭=unihan+wikidata 鉬:钼=cjkvi-variants+opencc+unihan+wikidata+yitizi 鉭:钽=cjkvi-variants+opencc+unihan+wikidata+yitizi 鉮:𬬹=cjkvi-variants+opencc+unihan+wikidata 鉲:𰽩=unihan+wikidata 鉵:𰽶=unihan+wikidata 鉶:铏=cjkvi-variants+opencc+unihan+wikidata+yitizi 鉷:𫟹=cjkvi-variants+opencc+unihan+wikidata 鉸:铰=cjkvi-variants+opencc+unihan+wikidata+yitizi 鉹:𰽹=unihan+wikidata 鉺:铒=cjkvi-variants+opencc+unihan+wikidata+yitizi 鉻:铬=cjkvi-variants+opencc+unihan+wikidata+yitizi 鉼:𰽼=unihan+wikidata 鉽:𫟸=cjkvi-variants+opencc+unihan+wikidata 鉾:𫓴=cjkvi-variants+opencc+unihan+wikidata 鉿:铪=cjkvi-variants+opencc+unihan+wikidata+yitizi 銀:银=cjkvi-variants+opencc+unihan+wikidata+yitizi 銁:𫓲=cjkvi-variants+opencc+unihan+wikidata 銂:𫟻=cjkvi-variants+opencc+unihan+wikidata 銃:铳=cjkvi-variants+opencc+unihan+wikidata+yitizi 銅:铜=cjkvi-variants+opencc+unihan+wikidata+yitizi 銈:𫓯=cjkvi-variants+opencc+unihan+wikidata 銊:𫓰=cjkvi-variants+opencc+unihan+wikidata 銋:𰽻=unihan+wikidata 銌:𲇻=unihan 銍:铚=cjkvi-variants+opencc+unihan+wikidata+yitizi 銏:𫟶=cjkvi-variants+opencc+unihan+wikidata 銑:铣=cjkvi-variants+opencc+unihan+wikidata+yitizi 銓:铨=cjkvi-variants+opencc+unihan+wikidata+yitizi 銔:𬭃=cjkvi-variants+unihan+wikidata 銖:铢=cjkvi-variants+opencc+unihan+wikidata+yitizi 銗:𬭅=cjkvi-variants+unihan+wikidata 銘:铭=cjkvi-variants+opencc+unihan+wikidata+yitizi 銙:𰽴=unihan+wikidata 銚:铫=cjkvi-variants+opencc+unihan+wikidata+yitizi 銛:铦=cjkvi-variants+opencc+unihan+wikidata+yitizi 銠:铑=cjkvi-variants+opencc+unihan+wikidata+yitizi 銡:𰽲=unihan+wikidata 銣:铷=cjkvi-variants+opencc+unihan+wikidata+yitizi 銥:铱=cjkvi-variants+opencc+unihan+wikidata+yitizi 銦:铟=cjkvi-variants+opencc+unihan+wikidata+yitizi 銧:𰽵=unihan+wikidata 銨:铵=cjkvi-variants+opencc+unihan+wikidata+yitizi 銩:铥=cjkvi-variants+opencc+unihan+wikidata+yitizi 銪:铕=cjkvi-variants+opencc+unihan+wikidata+yitizi 銫:铯=cjkvi-variants+opencc+unihan+wikidata+yitizi 銬:铐=cjkvi-variants+opencc+unihan+wikidata+yitizi 銱:铞=cjkvi-variants+opencc+unihan+wikidata+yitizi 銲:𬭍=cjkvi-variants+unihan+wikidata 銶:𨱇=cjkvi-variants+opencc+unihan+wikidata+yitizi 銷:销=cjkvi-variants+opencc+unihan+wikidata+yitizi 銸:𰽿=unihan+wikidata 銹:锈=cjkvi-variants+opencc+unihan 銻:锑=cjkvi-variants+opencc+unihan+wikidata+yitizi 銼:锉=cjkvi-variants+opencc+unihan+wikidata+yitizi 銾:𰾁=unihan+wikidata 鋁:铝=cjkvi-variants+opencc+unihan+wikidata+yitizi 鋂:𰾄=opencc+unihan+wikidata 鋃:锒=cjkvi-variants+opencc+unihan+wikidata+yitizi 鋅:锌=cjkvi-variants+opencc+unihan+wikidata+yitizi 鋉:𨱈=cjkvi-variants+opencc+unihan+wikidata+yitizi 鋊:𰾆=unihan+wikidata 鋋:𮣴=unihan+wikidata 鋌:铤=cjkvi-variants+opencc+unihan+wikidata+yitizi 鋍:𰾀=unihan+wikidata 鋐:𬭎=cjkvi-variants+opencc+unihan+wikidata 鋑:𮸏=unihan+wikidata 鋒:锋=cjkvi-variants+opencc+unihan+wikidata+yitizi 鋓:𮸊=unihan+wikidata 鋕:𲇽=unihan 鋗:𫓶=cjkvi-variants+opencc+unihan+wikidata 鋘:𬭌=cjkvi-variants+unihan+wikidata 鋙:铻=cjkvi-variants+opencc+unihan+wikidata+yitizi 鋜:𰾃=unihan+wikidata 鋝:锊=cjkvi-variants+opencc+unihan+yitizi 鋟:锓=cjkvi-variants+opencc+unihan+wikidata+yitizi 鋠:𫓵=cjkvi-variants+opencc+unihan+wikidata 鋡:𰾅=unihan+wikidata 鋣:铘=cjkvi-variants+opencc+unihan+wikidata+yitizi 鋤:锄=cjkvi-variants+opencc+unihan+wikidata+yitizi 鋥:锃=cjkvi-variants+opencc+unihan+wikidata+yitizi 鋦:锔=cjkvi-variants+opencc+unihan+wikidata+yitizi 鋨:锇=cjkvi-variants+opencc+unihan+wikidata+yitizi 鋩:铓=cjkvi-variants+opencc+unihan+wikidata+yitizi 鋪:铺=cjkvi-variants+opencc+unihan+wikidata+yitizi 鋭:锐=cjkvi-variants+opencc+unihan 鋮:铖=cjkvi-variants+opencc+unihan+wikidata+yitizi 鋯:锆=cjkvi-variants+opencc+unihan+wikidata+yitizi 鋰:锂=cjkvi-variants+opencc+unihan+wikidata+yitizi 鋱:铽=cjkvi-variants+opencc+unihan+wikidata+yitizi 鋲:𲇿=unihan 鋶:锍=cjkvi-variants+opencc+unihan+wikidata+yitizi 鋸:锯=cjkvi-variants+opencc+unihan+wikidata+yitizi 鋾:𰾏=unihan+wikidata 鋿:𲈆=unihan 錁:锞=cjkvi-variants+opencc+unihan+wikidata+yitizi 錂:𨱋=cjkvi-variants+opencc+unihan+wikidata+yitizi 錆:锖=cjkvi-variants+opencc+unihan+wikidata+yitizi 錇:锫=cjkvi-variants+opencc+unihan+wikidata+yitizi 錈:锩=cjkvi-variants+opencc+unihan+wikidata+yitizi 錋:𬭖=cjkvi-variants+unihan+wikidata 錍:𰾎=unihan+wikidata 錐:锥=cjkvi-variants+opencc+unihan+wikidata+yitizi 錑:𬭜=cjkvi-variants+unihan+wikidata 錒:锕=cjkvi-variants+opencc+unihan+wikidata+yitizi 錔:𰾓=unihan+wikidata 錕:锟=cjkvi-variants+opencc+unihan+wikidata+yitizi 錗:𬭗=cjkvi-variants+unihan+wikidata 錘:锤=cjkvi-variants+opencc+unihan+wikidata+yitizi 錙:锱=cjkvi-variants+opencc+unihan+wikidata+yitizi 錚:铮=cjkvi-variants+opencc+unihan+wikidata+yitizi 錛:锛=cjkvi-variants+opencc+unihan+wikidata+yitizi 錜:𫓻=cjkvi-variants+opencc+unihan+wikidata 錝:𫓽=cjkvi-variants+opencc+unihan+wikidata 錞:𬭚=cjkvi-variants+opencc+unihan+wikidata 錟:锬=cjkvi-variants+opencc+unihan+wikidata+yitizi 錠:锭=cjkvi-variants+opencc+unihan+wikidata+yitizi 錡:锜=cjkvi-variants+opencc+unihan+wikidata+yitizi 錣:𮣵=unihan+wikidata 錤:𫓹=cjkvi-variants+opencc+unihan+wikidata 錥:𫓾=cjkvi-variants+opencc+unihan+wikidata 錦:锦=cjkvi-variants+opencc+unihan+wikidata+yitizi 錧:𰾒=unihan+wikidata 錨:锚=cjkvi-variants+opencc+unihan+wikidata+yitizi 錩:锠=cjkvi-variants+opencc+unihan+wikidata+yitizi 錪:𬭓=cjkvi-variants+unihan+wikidata 錫:锡=cjkvi-variants+opencc+unihan+wikidata+yitizi 錭:𬭕=cjkvi-variants+unihan+wikidata 錮:锢=cjkvi-variants+opencc+unihan+wikidata+yitizi 錯:错=cjkvi-variants+opencc+unihan+wikidata+yitizi 錳:锰=cjkvi-variants+opencc+unihan+wikidata+yitizi 錴:𲈁=unihan 錶:𰾍=unihan+wikidata 錺:𮸐=unihan+wikidata 錽:𫓸=cjkvi-variants+opencc+unihan+wikidata 鍀:锝=cjkvi-variants+opencc+unihan+wikidata+yitizi 鍁:锨=cjkvi-variants+opencc+unihan+wikidata 鍂:𰾑=unihan+wikidata 鍃:锪=cjkvi-variants+opencc+unihan+wikidata+yitizi 鍄:𨱉=cjkvi-variants+opencc+unihan+wikidata+yitizi 鍇:锴=cjkvi-variants+opencc+unihan+wikidata+yitizi 鍈:锳=cjkvi-variants+opencc+unihan+wikidata+yitizi 鍉:𫔂=cjkvi-variants+opencc+unihan+wikidata 鍊:𫔀=cjkvi-variants+opencc+unihan+wikidata 鍍:镀=cjkvi-variants+opencc+unihan+wikidata+yitizi 鍐:𰾞=unihan+wikidata 鍑:𰾟=unihan+wikidata 鍒:𫔄=cjkvi-variants+opencc+unihan+wikidata 鍔:锷=cjkvi-variants+opencc+unihan+wikidata+yitizi 鍖:𰾘=unihan+wikidata 鍛:锻=cjkvi-variants+opencc+unihan+wikidata+yitizi 鍜:𰾤=unihan+wikidata 鍝:𰾙=unihan+wikidata 鍟:𰾝=unihan+wikidata 鍠:锽=cjkvi-variants+opencc+unihan+wikidata+yitizi 鍡:𰾚=unihan+wikidata 鍢:𮸕=unihan+wikidata 鍣:𬭡=cjkvi-variants+unihan+wikidata 鍤:锸=cjkvi-variants+opencc+unihan+wikidata+yitizi 鍥:锲=cjkvi-variants+opencc+unihan+wikidata+yitizi 鍦:𰾢=unihan+wikidata 鍧:𰾡=unihan+wikidata 鍨:𰾥=unihan+wikidata 鍩:锘=cjkvi-variants+opencc+unihan+wikidata+yitizi 鍬:锹=cjkvi-variants+opencc+unihan+wikidata+yitizi 鍭:𬭤=cjkvi-variants+opencc+unihan+wikidata 鍮:𨱎=cjkvi-variants+opencc+unihan+wikidata+yitizi 鍯:𬭥=cjkvi-variants+unihan+wikidata 鍰:锾=cjkvi-variants+opencc+unihan+wikidata+yitizi 鍱:𰾕=unihan+wikidata 鍴:𰾜=unihan+wikidata 鍵:键=cjkvi-variants+opencc+unihan+wikidata+yitizi 鍶:锶=cjkvi-variants+opencc+unihan+wikidata+yitizi 鍷:𲈌=unihan 鍸:𲈋=unihan 鍹:𲈎=unihan 鍺:锗=cjkvi-variants+opencc+unihan+wikidata+yitizi 鍼:𰾗=unihan+wikidata 鍾:锺=cjkvi-variants+opencc+unihan+wikidata+yitizi 鎁:𲈍=unihan 鎂:镁=cjkvi-variants+opencc+unihan+wikidata+yitizi 鎄:锿=cjkvi-variants+opencc+unihan+wikidata+yitizi 鎅:𰾛=unihan+wikidata 鎇:镅=cjkvi-variants+opencc+unihan+wikidata+yitizi 鎈:𫟿=cjkvi-variants+opencc+unihan+wikidata 鎉:𰾬=unihan+wikidata 鎊:镑=cjkvi-variants+opencc+unihan+wikidata+yitizi 鎋:𬭪=cjkvi-variants+unihan+wikidata 鎌:𰾮=unihan+wikidata 鎍:𫔅=cjkvi-variants+opencc+unihan+wikidata 鎑:𰾩=unihan+wikidata 鎒:𬭦=cjkvi-variants+unihan+wikidata 鎓:𬭩=cjkvi-variants+opencc+unihan+wikidata 鎔:镕=cjkvi-variants+opencc+unihan+wikidata+yitizi 鎕:𰾯=unihan+wikidata 鎘:镉=cjkvi-variants+opencc+unihan+wikidata+yitizi 鎙:𫔈=cjkvi-variants+opencc+unihan+wikidata 鎚:𬭨=cjkvi-variants+unihan+wikidata 鎛:镈=cjkvi-variants+opencc+unihan+wikidata+yitizi 鎝:𨱏=cjkvi-variants+opencc+unihan+wikidata+yitizi 鎞:𫔇=cjkvi-variants+opencc+unihan+wikidata 鎡:镃=cjkvi-variants+opencc+unihan+wikidata+yitizi 鎤:𲈒=unihan 鎦:镏=cjkvi-variants+opencc+unihan+wikidata+yitizi 鎧:𮸛=unihan+wikidata 鎪:锼=cjkvi-variants+opencc+unihan+wikidata+yitizi 鎬:镐=cjkvi-variants+opencc+unihan+wikidata+yitizi 鎮:镇=cjkvi-variants+opencc+unihan+wikidata+yitizi 鎯:𨱍=cjkvi-variants+opencc+unihan+wikidata+yitizi 鎰:镒=cjkvi-variants+opencc+unihan+wikidata+yitizi 鎲:镋=opencc+unihan+yitizi 鎳:镍=cjkvi-variants+opencc+unihan+wikidata+yitizi 鎵:镓=cjkvi-variants+opencc+unihan+wikidata+yitizi 鎶:鿔=opencc+unihan+wikidata 鎸:镌=cjkvi-variants+opencc+unihan 鎿:镎=cjkvi-variants+opencc+unihan+wikidata+yitizi 鏁:𬭲=cjkvi-variants+unihan+wikidata 鏃:镞=cjkvi-variants+opencc+unihan+wikidata+yitizi 鏇:镟=cjkvi-variants+opencc+unihan+wikidata+yitizi 鏉:𨱒=cjkvi-variants+opencc+unihan+wikidata+yitizi 鏌:镆=cjkvi-variants+opencc+unihan+wikidata+yitizi 鏍:镙=cjkvi-variants+opencc+unihan+wikidata+yitizi 鏏:𬭬=cjkvi-variants+opencc+unihan+wikidata 鏐:镠=cjkvi-variants+opencc+unihan+wikidata+yitizi 鏑:镝=cjkvi-variants+opencc+unihan+wikidata+yitizi 鏓:𰾱=unihan+wikidata 鏔:𬭰=cjkvi-variants+unihan+wikidata 鏕:𰾲=unihan+wikidata 鏙:𰾰=unihan+wikidata 鏚:𬭭=cjkvi-variants+opencc+unihan+wikidata 鏛:𮸟=unihan+wikidata 鏜:镗=cjkvi-variants+opencc+unihan+wikidata+yitizi 鏝:镘=cjkvi-variants+opencc+unihan+wikidata+yitizi 鏞:镛=cjkvi-variants+opencc+unihan+wikidata+yitizi 鏡:镜=cjkvi-variants+opencc+unihan+wikidata+yitizi 鏢:镖=cjkvi-variants+opencc+unihan+wikidata+yitizi 鏥:𫔊=cjkvi-variants+opencc+unihan+wikidata 鏰:镚=cjkvi-variants+opencc+unihan+wikidata+yitizi 鏱:𲈗=unihan 鏳:𲈜=unihan 鏴:𲈝=unihan 鏷:镤=cjkvi-variants+opencc+unihan+wikidata+yitizi 鏸:𰾶=unihan+wikidata 鏹:镪=cjkvi-variants+opencc+unihan+wikidata+yitizi 鏻:𬭸=cjkvi-variants+opencc+unihan 鏾:𫔌=cjkvi-variants+opencc+unihan+wikidata 鐁:𰾴=unihan+wikidata 鐄:𨱑=cjkvi-variants+opencc+unihan+wikidata+yitizi 鐇:𫔍=cjkvi-variants+opencc+unihan+wikidata 鐉:𰾼=unihan+wikidata 鐍:𫔎=cjkvi-variants+opencc+unihan+wikidata+yitizi 鐎:𨱓=cjkvi-variants+opencc+unihan+wikidata+yitizi 鐏:𨱔=cjkvi-variants+opencc+unihan+wikidata+yitizi 鐐:镣=cjkvi-variants+opencc+unihan+wikidata+yitizi 鐓:镦=cjkvi-variants+opencc+unihan+wikidata+yitizi 鐔:镡=cjkvi-variants+opencc+unihan+wikidata+yitizi 鐕:𰾷=unihan+wikidata 鐙:镫=cjkvi-variants+opencc+unihan+wikidata+yitizi 鐛:𲈚=unihan 鐝:镢=cjkvi-variants+opencc+unihan+wikidata 鐠:镨=cjkvi-variants+opencc+unihan+wikidata+yitizi 鐤:𰾸=unihan+wikidata 鐩:𬭼=cjkvi-variants+opencc+unihan+wikidata 鐫:𰾹=unihan+wikidata 鐮:镰=cjkvi-variants+opencc+unihan+wikidata+yitizi 鐰:𲈞=unihan 鐲:镯=cjkvi-variants+opencc+unihan+wikidata+yitizi 鐳:镭=cjkvi-variants+opencc+unihan+wikidata+yitizi 鐴:𬭽=cjkvi-variants+unihan+wikidata 鐶:镮=cjkvi-variants+opencc+unihan+wikidata+yitizi 鐻:𮣷=unihan+wikidata 鐿:镱=cjkvi-variants+opencc+unihan+wikidata+yitizi 鑉:𫠁=cjkvi-variants+opencc+unihan+wikidata 鑊:镬=cjkvi-variants+opencc+unihan+wikidata+yitizi 鑐:𰿂=unihan+wikidata 鑔:镲=cjkvi-variants+opencc+unihan+wikidata+yitizi 鑖:𰿃=unihan+wikidata 鑘:𰿄=unihan+wikidata 鑙:𬭿=unihan+wikidata 鑞:镴=cjkvi-variants+opencc+unihan+wikidata+yitizi 鑣:镳=cjkvi-variants+opencc+unihan+wikidata+yitizi 鑮:𬮁=cjkvi-variants+unihan+wikidata 鑯:𰿈=unihan+wikidata 鑱:镵=cjkvi-variants+opencc+unihan+wikidata+yitizi 鑲:镶=cjkvi-variants+opencc+unihan+wikidata+yitizi 鑴:𫔔=cjkvi-variants+opencc+unihan+wikidata 鑵:𲈡=unihan 鑸:𰿉=unihan+wikidata 铩:𨦅=cjkvi-variants 龯:𨱆=cjkvi-variants+opencc+unihan+wikidata+yitizi 𠾬:𫪽=cjkvi-variants+unihan+wikidata 𢤌:𫻇=cjkvi-variants+unihan+wikidata 𨥈:𮷵=unihan+wikidata 𨥉:𲇯=unihan 𨥕:𮷹=unihan+wikidata 𨥙:𰽟=unihan+wikidata 𨥛:𨱀=cjkvi-variants+opencc+unihan+wikidata+yitizi 𨥜:𬬴=cjkvi-variants+unihan+wikidata 𨥟:𫓫=cjkvi-variants+opencc+unihan+wikidata 𨥠:𲇶=unihan 𨥤:𮷽=unihan+wikidata 𨥦:𬬳=cjkvi-variants+unihan+wikidata 𨥭:𮸃=unihan+wikidata 𨥮:𮷿=unihan+wikidata 𨥺:𬭂=cjkvi-variants+unihan+wikidata 𨦍:𮸅=unihan+wikidata 𨦑:𲇺=unihan 𨦙:𲇹=unihan 𨦡:𰽽=unihan+wikidata 𨦱:𰾊=unihan+wikidata 𨧀:𬭊=cjkvi-variants+opencc+unihan+wikidata 𨧐:𰾇=unihan+wikidata 𨧚:𬭐=cjkvi-variants+unihan+wikidata 𨧫:𬭑=cjkvi-variants+unihan+wikidata 𨧰:𫟽=cjkvi-variants+opencc+unihan+wikidata 𨧱:𨱊=cjkvi-variants+opencc+unihan+wikidata+yitizi 𨨅:𲈃=unihan 𨨏:𬭛=cjkvi-variants+opencc+unihan+wikidata 𨨛:𫓼=cjkvi-variants+opencc+unihan+wikidata 𨨝:𬭘=cjkvi-variants+unihan+wikidata 𨨞:𲈇=unihan 𨨠:𲈈=unihan 𨨢:𫓿=cjkvi-variants+opencc+unihan+wikidata 𨨩:𲈅=unihan 𨨯:𬭟=cjkvi-variants+unihan+wikidata 𨨹:𬭞=cjkvi-variants+unihan+wikidata 𨩃:𮸔=unihan+wikidata 𨩎:𮸘=unihan+wikidata 𨩨:𬭠=cjkvi-variants+unihan+wikidata 𨩰:𫟾=cjkvi-variants+opencc+unihan+wikidata 𨪃:𲈏=unihan 𨪅:𬇃=cjkvi-variants+unihan+wikidata 𨪈:𲈔=unihan 𨪋:𰾨=unihan+wikidata 𨪜:𮸚=unihan+wikidata 𨪦:𮸙=unihan+wikidata 𨪩:𲈓=unihan 𨪵:𬭧=cjkvi-variants+unihan+wikidata 𨫀:𬭫=cjkvi-variants+unihan+wikidata 𨫒:𨱐=cjkvi-variants+opencc+unihan+wikidata+yitizi 𨫬:𲈕=unihan 𨫼:𰾧=unihan+wikidata 𨬂:𬭱=cjkvi-variants+unihan+wikidata 𨬒:𰾳=unihan+wikidata 𨬖:𫔏=cjkvi-variants+opencc+unihan+wikidata 𨬟:𰾵=unihan 𨬫:𮸢=unihan+wikidata 𨭃:𬭷=cjkvi-variants+unihan+wikidata 𨭆:𬭶=cjkvi-variants+opencc+unihan+wikidata 𨭌:𬭵=cjkvi-variants+unihan+wikidata 𨭎:𬭳=cjkvi-variants+opencc+unihan+wikidata 𨭖:𫔑=cjkvi-variants+opencc+unihan+wikidata 𨭚:𬭺=cjkvi-variants+unihan+wikidata 𨭛:𰾿=unihan+wikidata 𨭸:𫔐=cjkvi-variants+opencc+unihan+wikidata 𨮁:𰾺=unihan+wikidata 𨮂:𨱕=cjkvi-variants+opencc+unihan+wikidata+yitizi 𨮰:𬭾=cjkvi-variants+unihan+wikidata 𨮳:𫔒=cjkvi-variants+opencc+unihan+wikidata 𨯂:𮸣=unihan+wikidata 𨯟:𫔓=cjkvi-variants+opencc+unihan+wikidata 𨯤:𲈠=unihan 𨯵:𬮀=cjkvi-variants+unihan+wikidata 𨰠:𰿊=unihan+wikidata 𨰥:𫔕=cjkvi-variants+opencc+wikidata 𨰭:𬮃=cjkvi-variants+unihan+wikidata 𫒆:𰽙=unihan+wikidata 𫒊:𮷷=unihan+wikidata 𫒋:𮷺=unihan+wikidata 𫒞:𬭋=cjkvi-variants+unihan+wikidata 𫒟:𮸋=unihan+wikidata 𫒡:𫓷=cjkvi-variants+opencc+unihan+wikidata 𫒢:𰾉=unihan+wikidata 𫒷:𰾣=unihan+wikidata 𬫉:𮸂=unihan+wikidata 𬫍:𮸄=unihan+wikidata 𬫿:𲈖=unihan 𬭄:𲇊=unihan+wikidata 𮢅:𮸑=unihan+wikidata 𮢆:𮸒=unihan+wikidata 𮢛:𲈑=unihan 𲇋:𲇼=unihan
銛	銽	2	1	1	懖:𢤌=cjkvi-variants+opencc+wikidata 𦗾:𦘉=cjkvi-variants
錢	钱	2	2	1	篯:籛=cjkvi-variants+opencc+unihan+yitizi 𧂂:𮶬=unihan+wikidata
長	镸	2	1	1	套:𡘷=cjkvi-variants+mj-shrink-map+wikidata 𨲵:𨲷=cjkvi-variants
長	长	22	28	23	㷃:𰝾=unihan+wikidata 䗅:𫊪=cjkvi-variants+opencc+unihan+wikidata 䠆:𫏃=cjkvi-variants+opencc+unihan+wikidata 伥:倀=cjkvi-variants+opencc+unihan+wikidata+yitizi 帐:帳=cjkvi-variants+opencc+unihan+wikidata+yitizi 张:張=cjkvi-variants+opencc+unihan+wikidata+yitizi 怅:悵=cjkvi-variants+opencc+unihan+wikidata+yitizi 掁:𰓄=unihan+wikidata 枨:棖=cjkvi-variants+opencc+unihan+wikidata+yitizi 涨:漲=cjkvi-variants+opencc+unihan+wikidata+yitizi 痮:𪽪=cjkvi-variants+opencc+unihan+wikidata 粻:𰪭=unihan+wikidata 胀:脹=cjkvi-variants+opencc+unihan+wikidata+yitizi 苌:萇=cjkvi-variants+opencc+unihan+wikidata+yitizi 鼚:𱌊=unihan+wikidata 𡘷:𰋛=unihan+wikidata 𤬅:𪼴=cjkvi-variants+opencc+unihan+wikidata 𥇔:𬑇=cjkvi-variants+unihan+wikidata 𨄰:𬦵=cjkvi-variants+unihan+wikidata 𨱥:𰿖=unihan+wikidata 𩲒:𩳤=cjkvi-variants+opencc+unihan+wikidata+yitizi 𫪛:𭇉=unihan+wikidata
門	门	149	269	248	㗿:𪡛=cjkvi-variants+opencc+unihan+wikidata 㘎:㘚=cjkvi-variants+opencc+unihan+wikidata+yitizi 㘓:𪢌=cjkvi-variants+opencc+unihan+wikidata 㛠:𡢃=cjkvi-variants+opencc+unihan+yitizi 㦖:𫺓=cjkvi-variants+unihan+wikidata 㦦:𫻁=cjkvi-variants+unihan+wikidata 㨛:𰓔=unihan+wikidata 㭣:𣙎=cjkvi-variants+opencc+unihan+wikidata+yitizi 㯗:𱣡=unihan 㴸:𰛛=unihan+wikidata 㵍:𬇰=cjkvi-variants+unihan+wikidata 㶕:𰝗=unihan+wikidata 䉍:𬕊=cjkvi-variants+unihan+wikidata 䕡:𰱩=unihan+wikidata 䦌:𮤬=unihan+wikidata 䦎:𰿨=unihan+wikidata 䦖:𮸥=unihan+wikidata 䦘:𨸄=cjkvi-variants+opencc+unihan+wikidata+yitizi 䦛:䦶=cjkvi-variants+opencc+unihan+wikidata+yitizi 䦜:𲈽=unihan 䦝:𬮨=cjkvi-variants+unihan+wikidata 䦟:䦷=cjkvi-variants+opencc+unihan+wikidata+yitizi 䦣:𮸦=unihan+wikidata 䦧:阋=cjkvi-variants 䦪:𰿴=unihan+wikidata 䦯:𫔵=cjkvi-variants+opencc+unihan+wikidata 䪍:𱁽=unihan+wikidata 们:們=cjkvi-variants+opencc+unihan+wikidata+yitizi 僩:𰂎=unihan+wikidata 僴:𰂋=unihan+wikidata 問:问=cjkvi-variants+opencc+unihan+wikidata+yitizi 嚪:𫫦=cjkvi-variants+unihan+wikidata 囒:𪢠=cjkvi-variants+opencc+unihan+wikidata 壛:𰊡=unihan+wikidata 娴:嫻=cjkvi-variants+opencc+unihan+wikidata+yitizi 孄:𫝮=cjkvi-variants+opencc+unihan+wikidata 幱:𰏟=unihan+wikidata 悯:憫=cjkvi-variants+opencc+unihan+wikidata+yitizi 悶:闷=cjkvi-variants+opencc+unihan+wikidata+yitizi 憪:𰑥=unihan+wikidata 扪:捫=cjkvi-variants+opencc+unihan+wikidata+yitizi 搁:擱=cjkvi-variants+opencc+unihan+wikidata+yitizi 撊:𪭾=cjkvi-variants+opencc+unihan+wikidata 撋:𰓷=unihan+wikidata 斓:斕=cjkvi-variants+opencc+unihan+wikidata+yitizi 椚:𭩛=unihan+wikidata 榈:櫚=cjkvi-variants+opencc+unihan+wikidata+yitizi 橺:𱣤=unihan 櫩:𰘠=unihan+wikidata 欗:𬅉=cjkvi-variants+wikidata 润:潤=cjkvi-variants+opencc+unihan+wikidata+yitizi 涧:澗=cjkvi-variants+opencc+unihan+wikidata+yitizi 潣:𫞗=cjkvi-variants+opencc+unihan+wikidata 澖:𰛵=unihan+wikidata 澜:瀾=cjkvi-variants+opencc+unihan+wikidata+yitizi 灍:𫞝=cjkvi-variants+opencc+unihan+wikidata 灡:𬉠=cjkvi-variants+unihan+wikidata 焖:燜=cjkvi-variants+opencc+unihan+wikidata+yitizi 焛:𬮟=cjkvi-variants+unihan+wikidata 熌:𤇄=cjkvi-variants+opencc+unihan+wikidata+yitizi 燘:𬊖=cjkvi-variants+unihan+wikidata 爓:𰟘=unihan+wikidata 瓓:𬎑=cjkvi-variants+unihan+wikidata 痫:𤺛=cjkvi-variants 癎:𰣯=unihan+wikidata 瞤:𥆧=cjkvi-variants+opencc+unihan+wikidata+yitizi 瞯:𰥨=unihan+wikidata 瞷:𬑗=cjkvi-variants+unihan+wikidata 磵:𰧃=unihan+wikidata 简:簡=cjkvi-variants+opencc+unihan+wikidata+yitizi 簢:𫂃=cjkvi-variants+opencc+unihan+wikidata 籣:𮆏=unihan+wikidata 糷:𰫖=unihan+wikidata 聞:闻=cjkvi-variants+opencc+unihan+wikidata+yitizi 膶:𬂀=cjkvi-variants+unihan+wikidata 蔄:𬜬=cjkvi-variants+opencc+unihan+wikidata 蔺:藺=cjkvi-variants+opencc+unihan+wikidata+yitizi 蕄:𰱉=unihan+wikidata 蕑:𰱇=unihan+wikidata 蕳:𫈉=cjkvi-variants+opencc+unihan+wikidata 蘭:𬞕=cjkvi-variants+unihan+wikidata 裥:襇=cjkvi-variants+opencc+unihan+wikidata 襕:襴=cjkvi-variants+opencc+unihan+wikidata+yitizi 訚:誾=cjkvi-variants+opencc+unihan+wikidata+yitizi 躏:躪=cjkvi-variants+opencc+unihan+wikidata+yitizi 躝:𨅬=cjkvi-variants+opencc+unihan+wikidata+yitizi 閂:闩=cjkvi-variants+opencc+unihan+wikidata+yitizi 閃:闪=cjkvi-variants+opencc+unihan+wikidata+yitizi 閄:𬮘=cjkvi-variants+unihan+wikidata 閅:𮤫=unihan+wikidata 閆:闫=cjkvi-variants+opencc+unihan+wikidata+yitizi 閈:闬=cjkvi-variants+opencc+unihan+wikidata+yitizi 閉:闭=cjkvi-variants+opencc+unihan+wikidata+yitizi 開:𫔭=cjkvi-variants+opencc+unihan+wikidata 閌:闶=cjkvi-variants+opencc+unihan+wikidata+yitizi 閍:𨸂=cjkvi-variants+opencc+unihan+wikidata+yitizi 閎:闳=cjkvi-variants+opencc+unihan+wikidata+yitizi 閏:闰=cjkvi-variants+opencc+unihan+wikidata+yitizi 閐:𨸃=cjkvi-variants+opencc+unihan+wikidata+yitizi 閑:闲=cjkvi-variants+opencc+unihan+wikidata+yitizi 閒:𫔮=cjkvi-variants+opencc+unihan+wikidata 間:间=cjkvi-variants+opencc+unihan+wikidata+yitizi 閔:闵=cjkvi-variants+opencc+unihan+wikidata+yitizi 閕:𰿩=unihan+wikidata 閖:𲈵=unihan 閗:𫔯=cjkvi-variants+opencc+unihan+wikidata 閘:闸=cjkvi-variants+opencc+unihan+wikidata+yitizi 閙:闹=cjkvi-variants 閛:𰿬=unihan+wikidata 閜:𬮠=cjkvi-variants+unihan+wikidata 閝:𫠂=cjkvi-variants+opencc+unihan+wikidata 閞:𫔰=cjkvi-variants+opencc+unihan+wikidata 閟:𮤲=unihan+wikidata 閡:阂=cjkvi-variants+opencc+unihan+wikidata+yitizi 関:𬮦=mj-shrink-map+unihan+wikidata 閣:阁=cjkvi-variants+opencc+unihan+wikidata+yitizi 閤:𬮤=cjkvi-variants+unihan+wikidata 閥:阀=cjkvi-variants+opencc+unihan+wikidata+yitizi 閦:𬮥=cjkvi-variants+unihan+wikidata 閧:𬮢=cjkvi-variants+unihan+wikidata 閨:闺=cjkvi-variants+opencc+unihan+wikidata+yitizi 閩:闽=cjkvi-variants+opencc+unihan+wikidata+yitizi 閪:𲈹=unihan 閫:阃=cjkvi-variants+opencc+unihan+wikidata+yitizi 閬:阆=cjkvi-variants+opencc+unihan+wikidata+yitizi 閭:闾=cjkvi-variants+opencc+unihan+wikidata+yitizi 閯:𬮪=cjkvi-variants+unihan+wikidata 閲:阅=cjkvi-variants+opencc+unihan 閵:𫔴=cjkvi-variants+opencc+unihan+wikidata 閶:阊=cjkvi-variants+opencc+unihan+wikidata+yitizi 閷:𰿳=unihan+wikidata 閹:阉=cjkvi-variants+opencc+unihan+wikidata+yitizi 閻:阎=cjkvi-variants+opencc+unihan+wikidata+yitizi 閼:阏=cjkvi-variants+opencc+unihan+wikidata+yitizi 閽:阍=cjkvi-variants+opencc+unihan+wikidata+yitizi 閾:阈=cjkvi-variants+opencc+unihan+wikidata+yitizi 閿:阌=cjkvi-variants+opencc+unihan+wikidata+yitizi 闀:𲉁=unihan 闃:阒=cjkvi-variants+opencc+unihan+wikidata+yitizi 闄:𬮲=cjkvi-variants+unihan+wikidata 闆:𬮳=cjkvi-variants+unihan+wikidata 闇:𬮴=cjkvi-variants+unihan+wikidata 闉:𬮱=cjkvi-variants+opencc+unihan+wikidata 闊:阔=cjkvi-variants+opencc+unihan+wikidata+yitizi 闋:阕=cjkvi-variants+opencc+unihan+wikidata+yitizi 闌:阑=cjkvi-variants+opencc+unihan+wikidata+yitizi 闍:阇=cjkvi-variants+opencc+unihan+wikidata+yitizi 闐:阗=cjkvi-variants+opencc+unihan+wikidata+yitizi 闑:𫔶=cjkvi-variants+opencc+unihan+wikidata 闒:阘=cjkvi-variants+opencc+unihan+wikidata+yitizi 闔:阖=cjkvi-variants+opencc+unihan+wikidata+yitizi 闕:阙=cjkvi-variants+opencc+unihan+wikidata+yitizi 闛:𰿺=unihan+wikidata 闞:阚=cjkvi-variants+opencc+unihan+wikidata+yitizi 闟:𰿻=unihan+wikidata 闢:𰿾=unihan+wikidata 闤:阛=cjkvi-variants+opencc+unihan+wikidata+yitizi 韊:𱁾=unihan+wikidata 鬜:𱆁=unihan+wikidata 鬝:𱆀=unihan+wikidata 𠎒:𫢨=cjkvi-variants+unihan+wikidata 𠵘:𫩖=cjkvi-variants+unihan+wikidata 𠿷:𭈥=wikidata 𡢄:𮱆=unihan+wikidata 𡭜:𡮉=cjkvi-variants+opencc+unihan+wikidata+yitizi 𡭬:𡮣=cjkvi-variants+opencc+unihan+wikidata+yitizi 𡮤:𫴼=cjkvi-variants+unihan 𢢀:𫺒=cjkvi-variants+unihan+wikidata 𢲾:𫼫=cjkvi-variants+unihan+wikidata 𢷃:𫽔=cjkvi-variants+unihan+wikidata 𢸴:𫾁=cjkvi-variants+unihan+wikidata 𣛣:𬂻=cjkvi-variants+unihan+wikidata 𣶯:𰛉=unihan+wikidata 𤁐:𮳍=unihan+wikidata 𤃷:𱨿=unihan 𤏐:𭴳=unihan+wikidata 𤐛:𬊢=cjkvi-variants+wikidata 𤒻:𪹹=cjkvi-variants+opencc+unihan+wikidata 𥽭:𬖺=cjkvi-variants+unihan+wikidata 𦟼:𫆝=cjkvi-variants+opencc+unihan 𨁴:𨅍=cjkvi-variants+opencc+unihan+wikidata+yitizi 𨈆:𬧛=cjkvi-variants+unihan+wikidata 𨉖:𰿰=unihan+wikidata 𨣉:𬪫=cjkvi-variants+unihan+wikidata 𨳌:𰿦=unihan+wikidata 𨳐:𰿧=unihan+wikidata 𨳑:𨸁=cjkvi-variants+opencc+unihan+wikidata+yitizi 𨳒:𮤭=unihan+wikidata 𨳕:𨸀=cjkvi-variants+opencc+unihan+wikidata+yitizi 𨳙:𮤯=unihan 𨳚:𰿪=unihan+wikidata 𨳞:𲈸=unihan 𨳦:𲈷=unihan 𨳨:𬮜=cjkvi-variants+unihan+wikidata 𨳸:𰿭=unihan+wikidata 𨳿:𬮡=cjkvi-variants+unihan+wikidata 𨴑:𬮣=cjkvi-variants+unihan+wikidata 𨴗:𨸅=cjkvi-variants+opencc+unihan+wikidata+yitizi 𨴤:𬮧=cjkvi-variants+unihan+wikidata 𨴹:𫔲=cjkvi-variants+opencc+unihan+wikidata 𨵆:𬮩=cjkvi-variants+unihan+wikidata 𨵌:𬮰=cjkvi-variants+unihan+wikidata 𨵗:𬮯=cjkvi-variants+unihan+wikidata 𨵤:𬮮=cjkvi-variants+unihan+wikidata 𨵦:𰿵=unihan+wikidata 𨵩:𨸆=cjkvi-variants+opencc+unihan+wikidata+yitizi 𨵫:𲉃=unihan 𨵬:𬮵=cjkvi-variants+unihan+wikidata 𨵸:𨸇=cjkvi-variants+opencc+unihan+wikidata+yitizi 𨶀:𨸉=cjkvi-variants+opencc+unihan+wikidata+yitizi 𨶈:𲉅=unihan 𨶏:𨸊=cjkvi-variants+opencc+unihan+wikidata+yitizi 𨶑:𰿸=unihan+wikidata 𨶮:𨸌=cjkvi-variants+opencc+unihan+wikidata+yitizi 𨶯:𮤸=unihan+wikidata 𨶰:𰿹=unihan+wikidata 𨶲:𨸋=cjkvi-variants+opencc+unihan+wikidata+yitizi 𨶻:𬮸=cjkvi-variants+unihan+wikidata 𨶿:𬮹=cjkvi-variants+unihan+wikidata 𨷑:𲉇=unihan 𨷲:𨸎=cjkvi-variants+opencc+unihan+wikidata+yitizi 𪮰:𫼽=cjkvi-variants+unihan+wikidata 𫃐:𬖟=cjkvi-variants+unihan 𫌙:𬡱=cjkvi-variants+unihan+wikidata 𫔘:𰿥=unihan+wikidata 𫔡:𰿯=unihan+wikidata 𫔩:𲉆=unihan 𫔬:𲈦=wikidata 𫔳:𲈫=unihan+wikidata 𫔸:𲈴=unihan 𬁘:𰖻=unihan+wikidata 𬎟:𮴹=unihan+wikidata 𬮇:𬮝=cjkvi-variants+unihan+wikidata 𬮌:𲈾=unihan 𬮍:𮤷=unihan+wikidata 𬮙:𰿘=wikidata 𬮬:𮤒=unihan+wikidata 𬮷:𲈳=unihan 𭑙:𮤮=unihan+wikidata 𮤎:𲈺=unihan 𮤏:𮤳=unihan+wikidata 𮤶:𰿢=unihan 𮦅:𮦗=unihan+wikidata 𰚍:𰚣=unihan 𰟄:𰟫=unihan+wikidata 𰴥:𰴦=unihan+wikidata 𰿣:𲉂=unihan
門	鬥	17	30	17	䦧:鬩=cjkvi-variants+mj-shrink-map+wikidata 䦰:䰗=cjkvi-variants 䦵:𩰞=cjkvi-variants+wikidata 䰘:𨶪=cjkvi-variants+wikidata 閙:鬧=cjkvi-variants+hng-basic-data+mj-shrink-map+unihan+wikidata+yitizi 閧:鬨=cjkvi-variants+mj-shrink-map+unihan+wikidata+yitizi 闀:𩰓=cjkvi-variants 闖:𮫕=wikidata 闘:鬪=cjkvi-variants+mj-shrink-map+yitizi 闞:鬫=cjkvi-variants+unihan+wikidata 闟:𩰙=cjkvi-variants+wikidata 鬮:𨷺=cjkvi-variants+wikidata 𣿸:𤂗=cjkvi-variants 𨳚:𩰏=cjkvi-variants 𨳮:𩰎=cjkvi-variants+wikidata 𨳲:𩰍=cjkvi-variants 𨷹:𩰟=cjkvi-variants+wikidata
閃	闪	4	5	5	㨛:𰓔=unihan+wikidata 㴸:𰛛=unihan+wikidata 熌:𤇄=cjkvi-variants+opencc+unihan+wikidata+yitizi 閷:𰿳=unihan+wikidata
閉	闭	4	6	5	𡭬:𡮣=cjkvi-variants+opencc+unihan+wikidata+yitizi 𡮤:𫴼=cjkvi-variants+unihan 𢲾:𫼫=cjkvi-variants+unihan+wikidata 𦟼:𫆝=cjkvi-variants+opencc+unihan
開	𫔭	2	3	1	𣛣:𬂻=cjkvi-variants+unihan+wikidata 𨷑:𲉇=unihan
閏	閠	2	1	1	橍:𣜝=cjkvi-variants+wikidata 𠾽:𡀊=cjkvi-variants
閏	闰	4	5	5	撋:𰓷=unihan+wikidata 润:潤=cjkvi-variants+opencc+unihan+wikidata+yitizi 瞤:𥆧=cjkvi-variants+opencc+unihan+wikidata+yitizi 膶:𬂀=cjkvi-variants+unihan+wikidata
閑	閒	15	19	17	㯗:橌=cjkvi-variants 㵎:澖=cjkvi-variants 䔵:蕑=cjkvi-variants+mj-shrink-map 䥜:鐗=cjkvi-variants 嫺:嫻=cjkvi-variants+mj-shrink-map+opencc+unihan+wikidata+yitizi 憪:𢡿=cjkvi-variants+wikidata 癇:𤺛=cjkvi-variants+mj-shrink-map+wikidata 瞯:𥊺=cjkvi-variants 鬜:𮫐=wikidata 鷳:鷴=cjkvi-variants+wikidata 𡤃:𡤄=cjkvi-variants 𣩝:𣩞=cjkvi-variants 𤡥:𤡦=cjkvi-variants+wikidata 𦠥:𦠯=cjkvi-variants 𨅽:𨆀=cjkvi-variants 𩦂:𩦃=cjkvi-variants+wikidata
閑	闲	4	6	5	㯗:𱣡=unihan 娴:嫻=cjkvi-variants+opencc+unihan+wikidata+yitizi 澖:𰛵=unihan+wikidata 痫:𤺛=cjkvi-variants
閒	間	26	35	31	㵎:澗=cjkvi-variants+hng-basic-data+mj-shrink-map+opencc+wikidata+yitizi 㶕:𤄒=cjkvi-variants+wikidata 僩:僴=cjkvi-variants+mj-shrink-map+wikidata+yitizi 嫺:𡢃=cjkvi-variants+mj-shrink-map 憪:𢢀=cjkvi-variants+wikidata 撊:𢵧=cjkvi-variants+wikidata+yitizi 橌:橺=cjkvi-variants+mj-shrink-map+wikidata 燗:𤏐=cjkvi-variants+mj-shrink-map 癇:癎=cjkvi-variants+mj-shrink-map+wikidata 瞯:瞷=cjkvi-variants+unihan+wikidata+yitizi 磵:礀=cjkvi-variants+mj-shrink-map 簡:𥳑=cjkvi-variants+mj-shrink-map+opencc+wikidata 繝:𦅘=cjkvi-variants+mj-shrink-map+wikidata 蕑:蕳=cjkvi-variants+mj-shrink-map+wikidata 襇:襉=cjkvi-variants+mj-shrink-map+unihan+yitizi 覵:覸=cjkvi-variants+yitizi 譋:𧬘=cjkvi-variants 鐗:鐧=cjkvi-variants+opencc+wikidata 鬜:鬝=cjkvi-variants+wikidata+yitizi 鷳:鷼=cjkvi-variants+wikidata+yitizi 𡅉:𡅌=cjkvi-variants 𡼏:𡼥=cjkvi-variants 𧤽:𰴦=wikidata 𧯎:𧯑=cjkvi-variants 𨅍:𨆀=cjkvi-variants 𨣇:𨣉=cjkvi-variants+wikidata 𨰓:𨰝=cjkvi-variants+wikidata 𩻘:𩻾=cjkvi-variants+wikidata 𪙨:𪙩=cjkvi-variants+wikidata
閒	𫔮	6	8	7	僩:𰂎=unihan+wikidata 憪:𰑥=unihan+wikidata 撊:𪭾=cjkvi-variants+opencc+unihan+wikidata 瞯:𰥨=unihan+wikidata 蕑:𰱇=unihan+wikidata 鬜:𱆁=unihan+wikidata
間	间	16	22	19	㛠:𡢃=cjkvi-variants+opencc+unihan+yitizi 㶕:𰝗=unihan+wikidata 僴:𰂋=unihan+wikidata 橺:𱣤=unihan 涧:澗=cjkvi-variants+opencc+unihan+wikidata+yitizi 癎:𰣯=unihan+wikidata 瞷:𬑗=cjkvi-variants+unihan+wikidata 磵:𰧃=unihan+wikidata 简:簡=cjkvi-variants+opencc+unihan+wikidata+yitizi 蕳:𫈉=cjkvi-variants+opencc+unihan+wikidata 裥:襇=cjkvi-variants+opencc+unihan+wikidata 鬝:𱆀=unihan+wikidata 𢢀:𫺒=cjkvi-variants+unihan+wikidata 𤏐:𭴳=unihan+wikidata 𨁴:𨅍=cjkvi-variants+opencc+unihan+wikidata+yitizi 𨣉:𬪫=cjkvi-variants+unihan+wikidata 𫌙:𬡱=cjkvi-variants+unihan+wikidata 𰴥:𰴦=unihan+wikidata
閔	闵	5	6	6	悯:憫=cjkvi-variants+opencc+unihan+wikidata+yitizi 潣:𫞗=cjkvi-variants+opencc+unihan+wikidata 燘:𬊖=cjkvi-variants+unihan+wikidata 簢:𫂃=cjkvi-variants+opencc+unihan+wikidata 𡢄:𮱆=unihan+wikidata
閙	闹	3	4	4	𠿷:𭈥=wikidata 𢷃:𫽔=cjkvi-variants+unihan+wikidata 𤐛:𬊢=cjkvi-variants+wikidata
閣	阁	3	4	4	搁:擱=cjkvi-variants+opencc+unihan+wikidata+yitizi 𤁐:𮳍=unihan+wikidata 𰟄:𰟫=unihan+wikidata
閭	闾	2	1	1	䕡:𰱩=unihan+wikidata 榈:櫚=cjkvi-variants+opencc+unihan+wikidata+yitizi
閻	阎	5	6	6	嚪:𫫦=cjkvi-variants+unihan+wikidata 壛:𰊡=unihan+wikidata 櫩:𰘠=unihan+wikidata 爓:𰟘=unihan+wikidata 𢸴:𫾁=cjkvi-variants+unihan+wikidata
閻	𨶒	3	4	4	爓:𤓁=cjkvi-variants+wikidata 𠐩:𠑑=cjkvi-variants+wikidata 𨇝:𨇲=cjkvi-variants+wikidata
闌	阑	13	22	21	㘓:𪢌=cjkvi-variants+opencc+unihan+wikidata 䪍:𱁽=unihan+wikidata 囒:𪢠=cjkvi-variants+opencc+unihan+wikidata 孄:𫝮=cjkvi-variants+opencc+unihan+wikidata 幱:𰏟=unihan+wikidata 斓:斕=cjkvi-variants+opencc+unihan+wikidata+yitizi 欗:𬅉=cjkvi-variants+wikidata 澜:瀾=cjkvi-variants+opencc+unihan+wikidata+yitizi 灡:𬉠=cjkvi-variants+unihan+wikidata 瓓:𬎑=cjkvi-variants+unihan+wikidata 籣:𮆏=unihan+wikidata 糷:𰫖=unihan+wikidata 蘭:𬞕=cjkvi-variants+unihan+wikidata 襕:襴=cjkvi-variants+opencc+unihan+wikidata+yitizi 躝:𨅬=cjkvi-variants+opencc+unihan+wikidata+yitizi 韊:𱁾=unihan+wikidata 𥽭:𬖺=cjkvi-variants+unihan+wikidata 𨈆:𬧛=cjkvi-variants+unihan+wikidata 𬁘:𰖻=unihan+wikidata 𬎟:𮴹=unihan+wikidata
闒	𦐇	3	7	3	塌:𡓲=cjkvi-variants+wikidata 蹋:躢=cjkvi-variants+mj-shrink-map+wikidata 𧪦:𧮑=cjkvi-variants+wikidata
阜	阝	9	22	10	䦻:𱀂=wikidata 䦼:𱀅=wikidata 阡:𱀁=wikidata 阼:𱀈=wikidata 陮:𱀜=wikidata 陶:𬯈=wikidata 隖:𨻑=cjkvi-variants 際:𱀮=wikidata 𨹺:𱀝=wikidata
阝	𨸏	6	19	6	䧁:𱀉=wikidata 阱:𨸥=cjkvi-variants+opencc+wikidata 阸:𨸷=cjkvi-variants+wikidata 降:𮥃=mj-shrink-map+wikidata 陵:𱀘=wikidata 隊:𨺵=cjkvi-variants+opencc+wikidata
队	隊	2	1	1	坠:墜=cjkvi-variants+opencc+unihan+wikidata+yitizi 𩐌:𱂍=unihan+wikidata
阴	陰	3	4	4	廕:𫷮=cjkvi-variants+unihan+wikidata 荫:蔭=cjkvi-variants+opencc+unihan+wikidata+yitizi 𣼩:𰛺=unihan+wikidata
陈	陳	3	4	4	蔯:𫈟=cjkvi-variants+opencc+unihan+wikidata 螴:𰳄=unihan+wikidata 𣼼:𮳈=unihan+wikidata
陏	隋	6	8	7	䔺:𦳉=cjkvi-variants+wikidata 䝐:𰶭=wikidata 堕:墮=cjkvi-variants+hng-basic-data+mj-shrink-map+opencc+unihan+wikidata+yitizi 嶞:𡺆=cjkvi-variants 椭:橢=cjkvi-variants+opencc+unihan+wikidata+yitizi 隳:𮥠=wikidata
陰	隂	2	3	1	䕃:蔭=cjkvi-variants+mj-shrink-map+wikidata+yitizi 癊:𭼭=wikidata
隊	隧	3	6	4	䉌:𥶼=cjkvi-variants+wikidata 䔹:𧁂=cjkvi-variants+wikidata 𩅥:𩆰=cjkvi-variants
隋	⿱左⺝	10	14	11	㨊:撱=cjkvi-variants+wikidata 䙃:𧝍=cjkvi-variants+wikidata 䜏:𧩭=cjkvi-variants+wikidata 䝐:𧱫=cjkvi-variants+wikidata 䤻:𨬍=cjkvi-variants 䭉:𩞢=cjkvi-variants+wikidata 䲊:鰖=cjkvi-variants+wikidata 媠:嫷=cjkvi-variants+mj-shrink-map+wikidata 惰:憜=cjkvi-variants+mj-shrink-map+wikidata 楕:橢=cjkvi-variants+wikidata+yitizi
隋	⿱左⺼	10	14	11	㨊:撱=cjkvi-variants+wikidata 䙃:𧝍=cjkvi-variants+wikidata 䜏:𧩭=cjkvi-variants+wikidata 䝐:𧱫=cjkvi-variants+wikidata 䤻:𨬍=cjkvi-variants 䭉:𩞢=cjkvi-variants+wikidata 䲊:鰖=cjkvi-variants+wikidata 媠:嫷=cjkvi-variants+mj-shrink-map+wikidata 惰:憜=cjkvi-variants+mj-shrink-map+wikidata 楕:橢=cjkvi-variants+wikidata+yitizi
隋	隨	7	10	7	㰐:橢=cjkvi-variants+mj-shrink-map+wikidata 䔺:𧁼=cjkvi-variants+wikidata 嫷:𫲙=wikidata 嶞:𭗱=wikidata 瀡:𣿂=cjkvi-variants+wikidata+yitizi 𤡪:𤢩=cjkvi-variants+wikidata 𨬍:𨯝=cjkvi-variants+wikidata
隐	隱	4	5	5	㶏:𰝋=unihan+wikidata 櫽:𬄩=cjkvi-variants+unihan+wikidata 瘾:癮=cjkvi-variants+opencc+unihan+wikidata+yitizi 蘟:𦻕=cjkvi-variants+opencc+unihan+wikidata
隶	隷	2	2	1	捸:𢸀=cjkvi-variants 𥮤:𥶾=cjkvi-variants
隷	隸	3	4	4	𣟌:𪴛=cjkvi-variants+wikidata 𤃀:𭳬=wikidata 𥶾:𥷗=cjkvi-variants+wikidata
隹	鳥	173	301	176	䕼:䕿=cjkvi-variants 䧱:鳩=cjkvi-variants+mj-shrink-map+wikidata 䧲:鳱=cjkvi-variants+wikidata 䧴:鳷=cjkvi-variants+wikidata 䧵:鴆=cjkvi-variants+mj-shrink-map+wikidata 䧸:鴣=cjkvi-variants+mj-shrink-map+wikidata 䧻:鴿=cjkvi-variants+mj-shrink-map+wikidata 䧼:鵠=cjkvi-variants+mj-shrink-map+wikidata 䧾:鵨=cjkvi-variants+wikidata 䧿:鵲=cjkvi-variants+mj-shrink-map+wikidata 䨁:鶩=cjkvi-variants+wikidata 䨂:鶖=cjkvi-variants+mj-shrink-map+wikidata 䨃:鷃=cjkvi-variants+mj-shrink-map+wikidata 䨄:䳺=cjkvi-variants+wikidata 䨅:鷯=cjkvi-variants+mj-shrink-map+wikidata 䨆:鷩=cjkvi-variants+wikidata 䨈:𪇕=cjkvi-variants 䨉:鸚=cjkvi-variants+mj-shrink-map+wikidata 䲨:𨾊=cjkvi-variants+wikidata 䲾:𨾢=cjkvi-variants+wikidata 䳄:雌=cjkvi-variants+wikidata 䳇:𨾥=cjkvi-variants 䳊:𨾩=cjkvi-variants 䳋:蜼=cjkvi-variants 䳎:𨾹=cjkvi-variants+wikidata 䳔:𨿀=cjkvi-variants+wikidata 䳕:𨿚=cjkvi-variants+wikidata 䳚:𨿑=cjkvi-variants+wikidata 䳝:𨿦=cjkvi-variants+wikidata 䳠:𨿠=cjkvi-variants+wikidata 䳢:𨿣=cjkvi-variants 䳦:𩀈=cjkvi-variants+wikidata 䳩:𩀄=cjkvi-variants+wikidata 䳯:𨿿=cjkvi-variants+wikidata 䳴:𩀚=cjkvi-variants+wikidata 䳻:𩀧=cjkvi-variants+wikidata 䴅:𩀴=cjkvi-variants+wikidata 䴇:𩁎=cjkvi-variants+mj-shrink-map+wikidata 灘:𤅩=cjkvi-variants+mj-shrink-map+wikidata 琟:鳿=cjkvi-variants+wikidata 蘺:𧅯=cjkvi-variants+wikidata 贋:贗=cjkvi-variants+opencc+unihan+wikidata+yitizi 隿:𩾢=cjkvi-variants+wikidata 雀:𩾟=cjkvi-variants+mj-shrink-map+wikidata 雁:鴈=cjkvi-variants+hng-basic-data+mj-shrink-map+unihan+yitizi 雂:鳹=cjkvi-variants+wikidata 雃:鳽=cjkvi-variants+wikidata 雄:𩿅=cjkvi-variants+mj-shrink-map+wikidata 雅:鴉=cjkvi-variants 雇:鳸=cjkvi-variants+wikidata 雉:鴙=cjkvi-variants+wikidata 雊:鴝=cjkvi-variants 雎:鴡=cjkvi-variants+wikidata 雕:鵰=cjkvi-variants+mj-shrink-map+opencc+unihan+wikidata 雛:鶵=cjkvi-variants+mj-shrink-map+unihan+wikidata+yitizi 雝:𪄉=cjkvi-variants+mj-shrink-map+wikidata 雞:鷄=cjkvi-variants+hng-basic-data+unihan+wikidata+yitizi 難:𪄿=cjkvi-variants+wikidata 雤:鷽=cjkvi-variants+mj-shrink-map+wikidata 鳪:𨾇=cjkvi-variants+wikidata 鳲:𨾋=cjkvi-variants+mj-shrink-map+wikidata 鳺:𨾚=cjkvi-variants+wikidata 鳼:𮥷=wikidata 鴁:𨾘=cjkvi-variants+wikidata 鴂:𨾕=cjkvi-variants+mj-shrink-map 鴇:𨾙=cjkvi-variants+mj-shrink-map+wikidata 鴊:𨾖=cjkvi-variants+wikidata 鴑:𨾯=cjkvi-variants 鴟:𨾦=cjkvi-variants+mj-shrink-map+wikidata 鴩:𨾤=cjkvi-variants+wikidata 鴮:𨾺=cjkvi-variants+wikidata 鴯:𨾿=cjkvi-variants+wikidata 鴰:𫕛=wikidata 鴱:𨿆=cjkvi-variants+wikidata 鴳:𨾶=cjkvi-variants+wikidata 鴷:𨾸=cjkvi-variants+wikidata 鴸:𨾲=cjkvi-variants+wikidata 鴽:𨾵=cjkvi-variants+wikidata 鵀:𨿃=cjkvi-variants+wikidata 鵏:𨿌=cjkvi-variants+wikidata 鵑:𨿔=cjkvi-variants+mj-shrink-map+wikidata 鵒:𨿜=cjkvi-variants+wikidata 鵗:𨿕=cjkvi-variants+wikidata 鵙:𨿎=cjkvi-variants 鵚:𨿖=cjkvi-variants+wikidata 鵛:𨿋=cjkvi-variants+wikidata 鵝:𨿍=cjkvi-variants+mj-shrink-map+wikidata 鵟:𨿗=cjkvi-variants+mj-shrink-map+wikidata 鵪:𮥽=wikidata 鵫:𨿧=cjkvi-variants+mj-shrink-map+wikidata 鵯:𨿵=cjkvi-variants+mj-shrink-map+wikidata 鵱:𨿲=cjkvi-variants+wikidata 鵳:𨿱=cjkvi-variants+mj-shrink-map+wikidata 鵴:𨿥=cjkvi-variants+wikidata 鵸:𨿫=cjkvi-variants+wikidata 鵹:𨿯=cjkvi-variants+wikidata 鵺:𨿤=cjkvi-variants+mj-shrink-map+wikidata 鵽:𨿷=wikidata 鵾:𨿪=cjkvi-variants+mj-shrink-map 鶄:𨿬=cjkvi-variants+mj-shrink-map+wikidata 鶅:𨿴=cjkvi-variants+wikidata 鶇:𨿢=cjkvi-variants+wikidata 鶈:𨿩=cjkvi-variants+wikidata 鶉:𨿡=cjkvi-variants+mj-shrink-map+wikidata 鶊:𨿶=cjkvi-variants+mj-shrink-map+wikidata 鶏:𨿸=cjkvi-variants 鶚:𩀇=cjkvi-variants+mj-shrink-map+wikidata 鶛:𩀊=cjkvi-variants+wikidata 鶞:𩀐=cjkvi-variants+wikidata 鶟:𩀆=cjkvi-variants+wikidata 鶠:𩀀=cjkvi-variants+wikidata 鶦:𩀉=cjkvi-variants 鶨:𩀅=cjkvi-variants+wikidata 鶪:𩀎=cjkvi-variants+wikidata 鶬:𩀞=cjkvi-variants+mj-shrink-map+wikidata 鶶:𩀛=cjkvi-variants+wikidata 鶻:𩀜=cjkvi-variants+wikidata 鷂:𩀘=cjkvi-variants+mj-shrink-map+wikidata 鷈:𩀗=cjkvi-variants+wikidata 鷐:𩀭=cjkvi-variants+wikidata 鷑:𩀩=cjkvi-variants+wikidata 鷜:𩀮=cjkvi-variants+wikidata 鷟:𩀥=cjkvi-variants+mj-shrink-map+wikidata 鷢:𩀾=cjkvi-variants+wikidata 鷣:𩀽=cjkvi-variants+mj-shrink-map+wikidata 鷨:𩀵=cjkvi-variants+wikidata 鷭:𩀷=cjkvi-variants+mj-shrink-map+wikidata 鷱:𩀹=cjkvi-variants 鷲:𩀻=cjkvi-variants+mj-shrink-map+wikidata 鷶:𩀺=cjkvi-variants+wikidata 鷺:𩁐=cjkvi-variants+mj-shrink-map+wikidata 鷾:𩁈=cjkvi-variants+wikidata 鷿:𩁊=cjkvi-variants+wikidata 鸀:𩁍=cjkvi-variants+wikidata 鸂:𤄬=wikidata 鸅:𩁇=cjkvi-variants+wikidata 鸇:𩁉=cjkvi-variants+mj-shrink-map+wikidata 鸉:𩁒=cjkvi-variants+wikidata 鸋:𩁔=cjkvi-variants+wikidata 鸍:𩁖=cjkvi-variants+mj-shrink-map+wikidata 鸑:𩁓=cjkvi-variants+wikidata 鸒:𩁕=cjkvi-variants+wikidata 鸓:𩁜=cjkvi-variants+wikidata 鸕:𩁨=cjkvi-variants+mj-shrink-map+wikidata 鸛:𮦃=wikidata 𤂮:𮳔=wikidata 𧚮:𧜣=cjkvi-variants+mj-shrink-map+wikidata 𨾅:𩾔=cjkvi-variants+wikidata 𨾆:𩾗=cjkvi-variants+wikidata 𨾓:𩾷=cjkvi-variants+wikidata 𨾝:𩾿=cjkvi-variants+wikidata 𨾨:𩿢=cjkvi-variants+wikidata 𨾪:𩿧=cjkvi-variants+wikidata 𨾼:𪀗=cjkvi-variants+wikidata 𨿒:𪁛=cjkvi-variants+wikidata 𨿙:𪁪=cjkvi-variants 𨿰:𪁺=cjkvi-variants 𨿹:𪂆=cjkvi-variants+wikidata 𩀂:𪂻=cjkvi-variants 𩀃:𪃯=cjkvi-variants 𩀋:𪃉=cjkvi-variants+wikidata 𩀍:𪃍=cjkvi-variants+wikidata 𩀦:𪄶=cjkvi-variants+wikidata 𩀨:𪅜=cjkvi-variants+wikidata 𩀬:𪅟=cjkvi-variants 𩀯:𪄹=cjkvi-variants+wikidata 𩀶:𪅿=cjkvi-variants+wikidata 𩀿:𪅽=cjkvi-variants+wikidata 𩁋:𪆺=cjkvi-variants 𩁏:𪆻=cjkvi-variants+wikidata 𩁝:𪇴=cjkvi-variants+wikidata 𩁞:𪇭=cjkvi-variants+wikidata 𩁠:𪇰=cjkvi-variants 𩁡:𪇗=cjkvi-variants+wikidata 𪃙:𬯯=wikidata 𪄳:𪍇=cjkvi-variants+wikidata
隺	霍	14	25	14	㰌:榷=cjkvi-variants+wikidata 㱋:𣤇=cjkvi-variants+wikidata 㹊:𤜅=cjkvi-variants+wikidata 㿥:皬=cjkvi-variants+wikidata 䮤:𩧏=cjkvi-variants+wikidata 傕:𠐶=cjkvi-variants+wikidata 搉:攉=cjkvi-variants+mj-shrink-map 曤:𣉒=cjkvi-variants+wikidata 矐:𥉑=cjkvi-variants+wikidata 確:礭=cjkvi-variants 篧:籗=cjkvi-variants+wikidata 臛:𦞦=cjkvi-variants+wikidata+yitizi 鶴:鸖=cjkvi-variants+wikidata 𦑱:𦒧=cjkvi-variants
隽	雋	11	14	13	㑺:儁=unihan 㝦:寯=cjkvi-variants+unihan+wikidata 㷪:𤎱=cjkvi-variants+unihan+wikidata 㻪:㻽=unihan+wikidata 䐪:臇=cjkvi-variants+unihan+wikidata 懏:𮲋=wikidata 携:擕=cjkvi-variants+mj-shrink-map 槜:檇=cjkvi-variants+wikidata+yitizi 觹:𧤤=unihan 鎸:鐫=cjkvi-variants+mj-shrink-map+wikidata 𠿘:𭉨=unihan
难	難	12	14	13	㬮:𰖠=unihan+wikidata 㰙:𣗙=cjkvi-variants+opencc+unihan+wikidata 㸐:𬊾=cjkvi-variants+unihan+wikidata 傩:儺=cjkvi-variants+opencc+unihan+wikidata+yitizi 戁:𫺷=cjkvi-variants+unihan+wikidata 摊:攤=cjkvi-variants+opencc+unihan+wikidata+yitizi 滩:灘=cjkvi-variants+opencc+unihan+wikidata+yitizi 瘫:癱=cjkvi-variants+opencc+unihan+wikidata+yitizi 臡:𰯋=unihan+wikidata 𡅧:𭉼=unihan+wikidata 𤓌:𪹠=cjkvi-variants+opencc+unihan+wikidata 𦟗:𦣎=cjkvi-variants+opencc+unihan+yitizi
雁	鴈	2	1	1	贋:贗=cjkvi-variants+opencc+unihan+wikidata+yitizi 𤂮:𮳔=wikidata
雋	𮥼	3	28	18	㒞:儶=cjkvi-variants+unihan+yitizi 㼇:瓗=cjkvi-variants+wikidata 䥴:鑴=cjkvi-variants+wikidata 䪎:𩍺=cjkvi-variants+wikidata 孈:𡣸=cjkvi-variants+wikidata 寯:𮱠=unihan+wikidata 嶲:巂=cjkvi-variants+wikidata 攜:𢹂=cjkvi-variants+wikidata 檇:𭬥=wikidata 蠵:𧔍=cjkvi-variants+wikidata 觽:觿=cjkvi-variants+mj-shrink-map+wikidata 讗:𧮄=cjkvi-variants+wikidata 酅:𨟎=cjkvi-variants+wikidata 驨:𩧎=cjkvi-variants+wikidata 𢤮:𢥘=cjkvi-variants+wikidata 𧲑:𧲚=cjkvi-variants 𩽌:𩽨=cjkvi-variants+wikidata
雍	雝	9	12	10	㻾:𤫔=cjkvi-variants+wikidata 噰:𡄸=cjkvi-variants+wikidata 壅:𡓱=cjkvi-variants+mj-shrink-map+wikidata 擁:𢹬=cjkvi-variants+mj-shrink-map+wikidata 澭:灉=cjkvi-variants+wikidata 甕:𤮲=cjkvi-variants+mj-shrink-map+wikidata 癕:癰=cjkvi-variants+mj-shrink-map+wikidata 罋:𦉥=cjkvi-variants+wikidata 饔:𩟷=cjkvi-variants+wikidata
雚	⿱龷隹	7	7	7	勸:𭄿=mj-shrink-map+wikidata 懽:𭞹=mj-shrink-map+wikidata 權:𫞐=wikidata 歡:𭭕=mj-shrink-map+wikidata 罐:𰭆=wikidata 觀:𮗚=mj-shrink-map+wikidata 驩:𩦘=cjkvi-variants+wikidata
雚	⿳卄一隹	7	7	7	勸:𭄿=mj-shrink-map+wikidata 懽:𭞹=mj-shrink-map+wikidata 權:𫞐=wikidata 歡:𭭕=mj-shrink-map+wikidata 罐:𰭆=wikidata 觀:𮗚=mj-shrink-map+wikidata 驩:𩦘=cjkvi-variants+wikidata
雚	𮥶	9	11	10	勧:勸=cjkvi-variants+hng-basic-data+mj-shrink-map+opencc+unihan+wikidata+yitizi 懽:𭞞=wikidata 権:權=cjkvi-variants+hng-basic-data+mj-shrink-map+opencc+unihan+wikidata+yitizi 欟:𣠤=cjkvi-variants+wikidata 歓:歡=cjkvi-variants+hng-basic-data+mj-shrink-map+opencc+unihan+wikidata+yitizi 潅:灌=cjkvi-variants+hng-basic-data+wikidata+yitizi 罐:𮉸=wikidata 観:觀=cjkvi-variants+hng-basic-data+mj-shrink-map+opencc+unihan+wikidata+yitizi 鑵:𨫝=cjkvi-variants+wikidata
雝	⿱亠𱁈	4	12	10	壅:𡓱=cjkvi-variants+mj-shrink-map+wikidata 甕:𤮲=cjkvi-variants+mj-shrink-map+wikidata 罋:𦉥=cjkvi-variants+wikidata 饔:𩟷=cjkvi-variants+wikidata
難	𪄿	2	2	1	䕼:䕿=cjkvi-variants 灘:𤅩=cjkvi-variants+mj-shrink-map+wikidata
雩	𩁹	2	1	1	㻬:𤨹=cjkvi-variants+wikidata 𨖛:𨖜=cjkvi-variants+wikidata
零	霝	8	16	9	㯪:櫺=cjkvi-variants+mj-shrink-map+wikidata 蕶:蘦=cjkvi-variants+wikidata 酃:𨞖=cjkvi-variants+wikidata 醽:𨣖=cjkvi-variants+wikidata 麢:𪋪=cjkvi-variants 𥋞:𥌼=cjkvi-variants+wikidata 𦪩:𦫃=cjkvi-variants 𧾮:𰸀=wikidata
零	靈	7	20	7	㬡:𣌟=cjkvi-variants 䙥:𧟙=cjkvi-variants+mj-shrink-map+wikidata 燯:爧=cjkvi-variants+wikidata 𤖜:𤖦=cjkvi-variants+wikidata 𤾨:𤿅=cjkvi-variants 𥢴:𥤞=cjkvi-variants+wikidata 𥼸:𥾂=cjkvi-variants+wikidata
需	⿱⿻𣄼丨{59}	5	5	5	儒:𠍶=cjkvi-variants+mj-shrink-map+wikidata 孺:𡦗=cjkvi-variants+mj-shrink-map+wikidata 檽:𣚐=cjkvi-variants+mj-shrink-map+wikidata 濡:𣽉=cjkvi-variants+mj-shrink-map+wikidata 襦:𧝄=cjkvi-variants+mj-shrink-map+wikidata
需	⿱𤰔{59}	4	7	7	儒:𠍶=cjkvi-variants+mj-shrink-map+wikidata 濡:𣽉=cjkvi-variants+mj-shrink-map+wikidata 糯:𥼥=cjkvi-variants+wikidata 繻:𦅎=cjkvi-variants+mj-shrink-map+wikidata
需	𦓔	31	37	32	䞕:𧹸=cjkvi-variants+wikidata 䫱:顬=cjkvi-variants+mj-shrink-map+wikidata 䰭:䰰=cjkvi-variants+wikidata 儒:𪝥=cjkvi-variants+wikidata 嚅:𠽴=cjkvi-variants 壖:𡑂=cjkvi-variants+wikidata 嬬:𡢉=cjkvi-variants+mj-shrink-map+wikidata 孺:𡦘=cjkvi-variants+mj-shrink-map+wikidata 懦:𢡼=cjkvi-variants+wikidata 擩:𭢛=wikidata 曘:𣊵=cjkvi-variants 濡:𣽈=cjkvi-variants+mj-shrink-map+wikidata 燸:𤏙=cjkvi-variants 獳:𤡤=cjkvi-variants+wikidata 瓀:𰢏=wikidata 礝:𥕷=cjkvi-variants+wikidata 糥:糯=cjkvi-variants+mj-shrink-map+wikidata 繻:𦅏=cjkvi-variants+mj-shrink-map+wikidata 羺:𦏌=cjkvi-variants+wikidata 蠕:𧑮=cjkvi-variants+mj-shrink-map+wikidata 襦:𮖲=wikidata 譳:𧬐=cjkvi-variants+wikidata 轜:𨎪=mj-shrink-map 醹:𨢾=cjkvi-variants+wikidata 鱬:𩻞=cjkvi-variants+wikidata 𥋃:𥌎=cjkvi-variants 𧂦:𧄨=cjkvi-variants 𨅲:𫏧=cjkvi-variants 𩍄:𩍥=cjkvi-variants 𩞪:𫗜=cjkvi-variants 𪋣:𪋯=cjkvi-variants+wikidata
霍	靃	2	2	1	籗:籱=cjkvi-variants 藿:𧆑=cjkvi-variants+wikidata
霝	靈	15	19	15	㦭:𰒡=wikidata 䄥:𥜧=cjkvi-variants+wikidata 䖅:蘦=cjkvi-variants+wikidata 䚖:𧢥=cjkvi-variants 䡼:䡿=cjkvi-variants 䰱:𩵀=cjkvi-variants+wikidata 䴒:𪈝=cjkvi-variants 櫺:欞=cjkvi-variants+mj-shrink-map+unihan+wikidata+yitizi 酃:𨟯=cjkvi-variants+wikidata 醽:𨤍=cjkvi-variants+wikidata 𤃩:𤅷=cjkvi-variants+wikidata 𤾻:𤿅=cjkvi-variants 𦫃:𦫊=cjkvi-variants 𧕅:𧖜=cjkvi-variants+wikidata 𧲙:𰶰=wikidata
靑	𰀈	7	11	8	情:𰑊=wikidata 晴:𰕺=wikidata 睛:𰥕=wikidata 精:𰪱=wikidata 菁:𰰫=wikidata 靖:𰩢=wikidata 靛:𰍎=wikidata
青	𰀈	9	12	10	情:𰑊=wikidata 晴:𰕺=wikidata 清:𰛓=wikidata 猜:𰡂=wikidata 睛:𰥕=wikidata 精:𰪱=wikidata 菁:𰰫=wikidata 靖:𰩢=wikidata 靛:𰍎=wikidata
靘	靚	2	1	1	㵾:濪=cjkvi-variants+wikidata 𩇝:𩇟=cjkvi-variants+wikidata
非	韭	5	20	10	㒎:𠎷=cjkvi-variants+wikidata 㗺:𠿓=wikidata 㪪:𩐅=cjkvi-variants+wikidata 䙣:𧞁=cjkvi-variants+wikidata 䨿:䪞=cjkvi-variants+wikidata 靡:𢌁=wikidata 𢤕:𢤰=cjkvi-variants+wikidata 𦻅:𦼩=cjkvi-variants+wikidata 𧾁:𧾓=cjkvi-variants+wikidata 𩈁:𩐌=wikidata
面	靣	7	10	8	勔:𠡳=cjkvi-variants+wikidata 媔:𡞎=cjkvi-variants+wikidata 湎:𭰫=wikidata 緬:𬗟=wikidata 麵:𬹃=wikidata 𣮗:𣮻=cjkvi-variants 𬍭:𬍵=wikidata
面	𡇢	3	4	4	偭:𠌛=cjkvi-variants+wikidata 蝒:𧏈=cjkvi-variants+opencc+wikidata 靦:𧡻=cjkvi-variants+mj-shrink-map+opencc+wikidata
革	韋	41	117	41	䩔:𣪡=cjkvi-variants 䩨:韔=cjkvi-variants+mj-shrink-map+wikidata 䩯:𩏊=cjkvi-variants+wikidata 䩵:韗=cjkvi-variants+wikidata 䪅:韣=cjkvi-variants+wikidata 䪕:鞠=cjkvi-variants+mj-shrink-map+wikidata 䪗:𩋥=cjkvi-variants+wikidata 䪙:𩌏=cjkvi-variants+wikidata 䪚:𩌇=cjkvi-variants+wikidata 䪜:韂=cjkvi-variants+wikidata 䪝:韄=cjkvi-variants+wikidata 靫:𱁿=wikidata 靬:𩎒=cjkvi-variants+wikidata 靭:韌=cjkvi-variants+mj-shrink-map+unihan+wikidata+yitizi 靲:𩎖=cjkvi-variants+wikidata 靸:𩎕=cjkvi-variants+wikidata 鞀:𩎣=wikidata 鞄:𩎘=cjkvi-variants+mj-shrink-map+wikidata 鞇:𩎪=cjkvi-variants+wikidata 鞎:𩎤=cjkvi-variants+wikidata 鞘:韒=cjkvi-variants+mj-shrink-map+unihan+wikidata+yitizi 鞞:𩏂=cjkvi-variants+wikidata 鞨:𩏌=cjkvi-variants 鞰:韞=cjkvi-variants+mj-shrink-map+wikidata 鞱:韜=cjkvi-variants+mj-shrink-map+wikidata 鞲:韝=cjkvi-variants+mj-shrink-map+opencc+unihan+wikidata+yitizi 鞴:韛=cjkvi-variants+wikidata 鞸:韠=cjkvi-variants+wikidata 鞼:𩏡=cjkvi-variants+wikidata 韅:𩏰=cjkvi-variants+wikidata 韈:韤=cjkvi-variants+unihan+yitizi 𩉤:𩎔=cjkvi-variants 𩊁:𩎝=cjkvi-variants 𩊔:𩎦=cjkvi-variants+wikidata 𩊜:𩎫=cjkvi-variants+wikidata 𩋦:𩏇=cjkvi-variants+wikidata 𩌋:𩏔=cjkvi-variants 𩌩:𩏘=cjkvi-variants+wikidata 𩍓:𩏨=cjkvi-variants+wikidata 𩍙:𩏫=cjkvi-variants+wikidata 𩍿:𩏵=cjkvi-variants+wikidata
韋	韦	59	62	62	㙔:𰉘=unihan+wikidata 㭏:椲=cjkvi-variants+opencc+unihan+wikidata+yitizi 䍷:𬙭=cjkvi-variants+unihan+wikidata 䪏:𩏼=cjkvi-variants+opencc+unihan+wikidata+yitizi 䪐:𱂅=unihan+wikidata 䪓:𬰳=cjkvi-variants+unihan+wikidata 䪗:𩐀=cjkvi-variants+opencc+unihan+wikidata+yitizi 䪘:𩏿=cjkvi-variants+opencc+unihan+wikidata+yitizi 䪜:𬰷=cjkvi-variants+unihan+wikidata 䪝:𱂌=unihan+wikidata 伟:偉=cjkvi-variants+opencc+unihan+wikidata+yitizi 喡:𮰔=unihan+wikidata 围:圍=cjkvi-variants+opencc+unihan+wikidata+yitizi 媁:𫰍=cjkvi-variants+unihan+wikidata 帏:幃=cjkvi-variants+opencc+unihan+wikidata+yitizi 愇:𫹴=cjkvi-variants+unihan+wikidata 暐:𬀩=cjkvi-variants+opencc+unihan+wikidata 涠:潿=cjkvi-variants+opencc+unihan+wikidata+yitizi 湋:𣲗=cjkvi-variants+opencc+unihan+wikidata 炜:煒=cjkvi-variants+opencc+unihan+wikidata+yitizi 玮:瑋=cjkvi-variants+opencc+unihan+wikidata+yitizi 祎:禕=cjkvi-variants+opencc+unihan+wikidata+yitizi 稦:𮵠=unihan+wikidata 苇:葦=cjkvi-variants+opencc+unihan+wikidata+yitizi 袆:褘=cjkvi-variants+opencc+unihan+wikidata+yitizi 讆:𬣀=cjkvi-variants+unihan+wikidata 违:違=cjkvi-variants+opencc+unihan+wikidata+yitizi 韌:韧=cjkvi-variants+opencc+unihan+wikidata+yitizi 韍:韨=cjkvi-variants+opencc+unihan+wikidata+yitizi 韏:𱂇=unihan+wikidata 韐:𱂆=unihan+wikidata 韒:𱂉=unihan+wikidata 韓:韩=cjkvi-variants+opencc+unihan+wikidata+yitizi 韘:𱂊=unihan+wikidata 韙:韪=cjkvi-variants+opencc+unihan+wikidata+yitizi 韚:𫠅=cjkvi-variants+opencc+unihan+wikidata 韛:𫖔=cjkvi-variants+opencc+unihan+wikidata 韜:韬=cjkvi-variants+opencc+unihan+wikidata+yitizi 韝:𫖕=cjkvi-variants+opencc+unihan+wikidata 韞:韫=cjkvi-variants+opencc+unihan+wikidata+yitizi 韢:𬰶=cjkvi-variants+unihan+wikidata 韣:𱂋=unihan+wikidata 鿰:𬉧=unihan+wikidata 𡺨:𫵶=cjkvi-variants+unihan+wikidata 𡼱:𰎢=unihan+wikidata 𢯷:𪭝=cjkvi-variants+opencc+unihan+wikidata 𥔬:𮵊=unihan+wikidata 𥯤:𫁳=cjkvi-variants+opencc+unihan+wikidata 𦝛:𮶔=unihan+wikidata 𩎒:𬰱=cjkvi-variants+unihan+wikidata 𩎕:𱂃=unihan+wikidata 𩎖:𫖑=cjkvi-variants+opencc+unihan+wikidata 𩎟:𱂄=unihan+wikidata 𩎠:𬰴=cjkvi-variants+unihan+wikidata 𩎢:𩏾=cjkvi-variants+opencc+unihan+wikidata+yitizi 𩏂:𫖓=cjkvi-variants+opencc+unihan+wikidata 𩏌:𬰵=cjkvi-variants+unihan+wikidata 𩏠:𫖖=cjkvi-variants+opencc+unihan+wikidata 𩏴:𬰸=cjkvi-variants+unihan+wikidata 𩏷:𫃗=cjkvi-variants+opencc+unihan+wikidata 𪾳:𮵆=unihan+wikidata
韋	𮧯	5	7	6	幃:𭘮=wikidata 衛:𫟘=mj-shrink-map+wikidata 諱:𮘪=mj-shrink-map+wikidata 違:𨔻=cjkvi-variants+mj-shrink-map+wikidata 闈:𨵾=cjkvi-variants+wikidata
韯	韱	20	21	21	㩥:攕=cjkvi-variants+wikidata 㰇:櫼=cjkvi-variants+wikidata 㺤:𤢷=cjkvi-variants+wikidata 䃱:䃸=cjkvi-variants+wikidata 䑎:𦢙=cjkvi-variants+wikidata 䘂:䘋=cjkvi-variants+wikidata 䜟:讖=cjkvi-variants+mj-shrink-map+wikidata 䤘:𨣲=cjkvi-variants+wikidata 孅:𡣳=cjkvi-variants+mj-shrink-map+wikidata 懴:懺=cjkvi-variants+mj-shrink-map+wikidata+yitizi 殱:殲=cjkvi-variants+mj-shrink-map+wikidata+yitizi 瀐:瀸=cjkvi-variants+wikidata 籖:籤=cjkvi-variants+mj-shrink-map+wikidata+yitizi 纎:纖=cjkvi-variants+mj-shrink-map+unihan+wikidata+yitizi 襳:𧞬=cjkvi-variants+wikidata 鑯:𨯒=cjkvi-variants+wikidata 𡄑:𭋲=wikidata 𨏓:𨏪=cjkvi-variants+wikidata 𩆧:𩆷=cjkvi-variants+wikidata 𩯶:𩰁=cjkvi-variants
韱	⿹𢦏业	4	4	4	䘋:𧐦=cjkvi-variants 殲:𫞔=cjkvi-variants+wikidata 繊:纖=cjkvi-variants+mj-shrink-map+opencc+unihan+wikidata+yitizi 𤍬:𤒯=cjkvi-variants
頁	⿱巛頁	4	5	4	頂:𩒆=cjkvi-variants+mj-shrink-map+wikidata 頰:𩔯=cjkvi-variants+mj-shrink-map+wikidata 顏:𩕝=cjkvi-variants+mj-shrink-map+wikidata 顔:𩕝=cjkvi-variants+mj-shrink-map
頁	⿳巛丆貝	4	5	4	頂:𩒆=cjkvi-variants+mj-shrink-map+wikidata 頰:𩔯=cjkvi-variants+mj-shrink-map+wikidata 顏:𩕝=cjkvi-variants+mj-shrink-map+wikidata 顔:𩕝=cjkvi-variants+mj-shrink-map
頁	⿳巛𦣻八	4	5	4	頂:𩒆=cjkvi-variants+mj-shrink-map+wikidata 頰:𩔯=cjkvi-variants+mj-shrink-map+wikidata 顏:𩕝=cjkvi-variants+mj-shrink-map+wikidata 顔:𩕝=cjkvi-variants+mj-shrink-map
頁	須	3	9	3	䋶:𦄼=cjkvi-variants+wikidata 䰅:鬚=cjkvi-variants+wikidata 𨂠:𨅑=cjkvi-variants
頁	页	156	186	179	㑔:㑯=cjkvi-variants+opencc+unihan+wikidata+yitizi 㘖:𰉁=unihan+wikidata 㴿:𰛽=unihan+wikidata 㿗:𤻊=cjkvi-variants+opencc+unihan+wikidata 䇓:𰩧=unihan+wikidata 䖀:𰲖=unihan+wikidata 䪴:𫖫=cjkvi-variants+opencc+unihan+wikidata 䪼:𱂢=unihan+wikidata 䪾:𫖬=cjkvi-variants+opencc+unihan+wikidata 䫂:𫖰=cjkvi-variants+opencc+unihan+wikidata 䫈:𬱣=cjkvi-variants+unihan+wikidata 䫉:𬥈=cjkvi-variants+unihan+wikidata 䫌:𱂮=unihan+wikidata 䫏:𬱦=cjkvi-variants+unihan+wikidata 䫐:𬃲=cjkvi-variants+unihan+wikidata 䫖:𲊾=unihan 䫜:𬱮=cjkvi-variants+unihan+wikidata 䫠:𬱰=cjkvi-variants+unihan+wikidata 䫥:𱆚=unihan+wikidata 䫲:𲋃=unihan 䫴:𩖗=cjkvi-variants+opencc+unihan+wikidata+yitizi 䫶:𫖺=cjkvi-variants+opencc+unihan+wikidata 䭭:𬱯=cjkvi-variants+unihan+wikidata 倾:傾=cjkvi-variants+opencc+unihan+wikidata+yitizi 嚣:囂=cjkvi-variants+opencc+unihan+wikidata+yitizi 嚬:𫫾=cjkvi-variants+unihan+wikidata 媭:嬃=cjkvi-variants+opencc+unihan+wikidata+yitizi 巅:巔=cjkvi-variants+opencc+unihan+wikidata+yitizi 庼:廎=cjkvi-variants+opencc+unihan+wikidata+yitizi 撷:擷=cjkvi-variants+opencc+unihan+wikidata+yitizi 攧:𭣇=unihan+wikidata 暊:𮲟=unihan+wikidata 滪:澦=cjkvi-variants+opencc+unihan+wikidata+yitizi 潁:颍=cjkvi-variants+opencc+unihan+wikidata+yitizi 澒:𭱊=unihan+wikidata 濒:瀕=cjkvi-variants+opencc+unihan+wikidata+yitizi 瀩:𬉏=cjkvi-variants+wikidata 灏:灝=cjkvi-variants+opencc+unihan+wikidata+yitizi 烦:煩=cjkvi-variants+opencc+unihan+wikidata+yitizi 熲:颎=cjkvi-variants+opencc+unihan+wikidata+yitizi 癫:癲=cjkvi-variants+opencc+unihan+wikidata+yitizi 盨:𪾔=cjkvi-variants+opencc+unihan+wikidata 硕:碩=cjkvi-variants+opencc+unihan+wikidata+yitizi 禵:𰨖=unihan+wikidata 穎:颖=cjkvi-variants+opencc+unihan+wikidata+yitizi 纇:颣=cjkvi-variants+opencc+unihan+wikidata+yitizi 蓣:蕷=cjkvi-variants+opencc+unihan+wikidata+yitizi 薠:𮐚=unihan+wikidata 蘈:𰲁=unihan+wikidata 蘋:𬞟=cjkvi-variants+opencc+unihan+wikidata 蘱:𰲒=unihan+wikidata 襭:𮖱=unihan+wikidata 頂:顶=cjkvi-variants+opencc+unihan+wikidata+yitizi 頃:顷=cjkvi-variants+opencc+unihan+wikidata+yitizi 頄:𬱓=cjkvi-variants+unihan+wikidata 項:项=cjkvi-variants+opencc+unihan+wikidata+yitizi 順:顺=cjkvi-variants+opencc+unihan+wikidata+yitizi 頇:顸=cjkvi-variants+opencc+unihan+wikidata+yitizi 須:须=cjkvi-variants+opencc+unihan+wikidata+yitizi 頊:顼=cjkvi-variants+opencc+unihan+wikidata+yitizi 頌:颂=cjkvi-variants+opencc+unihan+wikidata+yitizi 頍:𫠆=cjkvi-variants+opencc+unihan+wikidata 頎:颀=cjkvi-variants+opencc+unihan+wikidata+yitizi 頏:颃=cjkvi-variants+opencc+unihan+wikidata+yitizi 預:预=cjkvi-variants+opencc+unihan+wikidata+yitizi 頑:顽=cjkvi-variants+opencc+unihan+wikidata+yitizi 頒:颁=cjkvi-variants+opencc+unihan+wikidata+yitizi 頓:顿=cjkvi-variants+opencc+unihan+wikidata+yitizi 頔:𬱖=cjkvi-variants+opencc+unihan+wikidata 頕:𬱗=cjkvi-variants+unihan+wikidata 頖:𬱙=cjkvi-variants+unihan+wikidata 頗:颇=cjkvi-variants+opencc+unihan+wikidata+yitizi 領:领=cjkvi-variants+opencc+unihan+wikidata+yitizi 頙:𲊺=unihan 頛:𬱜=cjkvi-variants+unihan+wikidata 頜:颌=cjkvi-variants+opencc+unihan+wikidata+yitizi 頞:𱂨=unihan+wikidata 頟:𱂥=unihan+wikidata 頠:𬱟=cjkvi-variants+opencc+unihan+wikidata 頡:颉=cjkvi-variants+opencc+unihan+wikidata+yitizi 頢:𬱠=cjkvi-variants+unihan+wikidata 頤:颐=cjkvi-variants+opencc+unihan+wikidata+yitizi 頦:颏=cjkvi-variants+opencc+unihan+wikidata+yitizi 頩:𱂦=unihan+wikidata 頪:𱂧=unihan 頫:𫖯=cjkvi-variants+opencc+unihan+wikidata 頮:颒=cjkvi-variants+opencc+unihan+wikidata+yitizi 頯:𱂬=unihan+wikidata 頲:颋=cjkvi-variants+opencc+unihan+wikidata+yitizi 頳:𲊼=unihan 頴:颕=cjkvi-variants+opencc+unihan+wikidata+yitizi 頵:𫖳=cjkvi-variants+opencc+unihan+wikidata 頷:颔=cjkvi-variants+opencc+unihan+wikidata+yitizi 頻:频=cjkvi-variants+opencc+unihan+wikidata+yitizi 頽:颓=cjkvi-variants+opencc+unihan 顀:𱂭=unihan+wikidata 顁:𬱫=cjkvi-variants+unihan+wikidata 顃:𩖖=cjkvi-variants+opencc+unihan+wikidata+yitizi 顄:𱂰=unihan+wikidata 顅:𫖶=cjkvi-variants+opencc+unihan+wikidata 顆:颗=cjkvi-variants+opencc+unihan+wikidata+yitizi 顇:𱂯=unihan+wikidata 顊:𬱪=cjkvi-variants+unihan+wikidata 顋:𱂲=unihan+wikidata 題:题=cjkvi-variants+opencc+unihan+wikidata+yitizi 額:额=cjkvi-variants+opencc+unihan+wikidata+yitizi 顎:颚=cjkvi-variants+opencc+unihan+wikidata+yitizi 顑:𱂱=unihan+wikidata 顒:颙=cjkvi-variants+opencc+unihan+wikidata+yitizi 顓:颛=cjkvi-variants+opencc+unihan+wikidata+yitizi 顔:颜=cjkvi-variants+opencc+unihan 顕:𲊿=unihan 顖:𱂶=unihan+wikidata 願:𫖸=cjkvi-variants+opencc+unihan+wikidata 顙:颡=cjkvi-variants+opencc+unihan+wikidata+yitizi 顛:颠=cjkvi-variants+opencc+unihan+wikidata+yitizi 顜:𱂴=unihan+wikidata 顝:𱂵=unihan+wikidata 顠:𱂺=unihan+wikidata 顣:𫖹=cjkvi-variants+opencc+unihan+wikidata 顥:颢=cjkvi-variants+opencc+unihan+wikidata+yitizi 顦:𱂻=unihan+wikidata 顧:𮸹=unihan+wikidata 顫:颤=cjkvi-variants+opencc+unihan+wikidata+yitizi 顬:颥=cjkvi-variants+opencc+unihan+wikidata+yitizi 顰:颦=cjkvi-variants+opencc+unihan+wikidata+yitizi 顴:颧=cjkvi-variants+opencc+unihan+wikidata+yitizi 龥:𬱳=cjkvi-variants+unihan+wikidata 鿒:鿓=opencc+unihan+wikidata 𠽸:𬱞=cjkvi-variants+unihan+wikidata 𡅥:𫬟=cjkvi-variants+unihan+wikidata 𡾆:𰎷=unihan+wikidata 𢄼:𫷈=cjkvi-variants+unihan+wikidata 𢤧:𰒖=unihan+wikidata 𢴦:𫽙=cjkvi-variants+unihan+wikidata 𤀪:𬈱=cjkvi-variants+unihan+wikidata 𤁪:𬈾=cjkvi-variants+unihan+wikidata 𥵝:𬕬=cjkvi-variants+unihan+wikidata 𦺣:𰱝=unihan+wikidata 𧭹:𫍐=cjkvi-variants+opencc+unihan+wikidata 𨈀:𬧚=cjkvi-variants+unihan+wikidata 𨘀:𮷥=unihan+wikidata 𩐳:𮸷=unihan+wikidata 𩑐:𲊹=unihan 𩑒:𱂠=unihan+wikidata 𩑔:𫖪=cjkvi-variants+opencc+unihan+wikidata 𩑡:𱂡=unihan+wikidata 𩑣:𬱔=cjkvi-variants+unihan+wikidata 𩑦:𬱕=cjkvi-variants+unihan+wikidata 𩑸:𲊻=unihan 𩒎:𫖭=cjkvi-variants+opencc+unihan+wikidata 𩒜:𬱡=cjkvi-variants+unihan+wikidata 𩒝:𬱝=cjkvi-variants+unihan+wikidata 𩒲:𬱤=cjkvi-variants+unihan 𩒺:𱂩=unihan+wikidata 𩒼:𬱥=cjkvi-variants+unihan+wikidata 𩓣:𩖕=cjkvi-variants+opencc+unihan+wikidata+yitizi 𩓥:𫖵=cjkvi-variants+opencc+unihan+wikidata 𩓸:𬱧=cjkvi-variants+unihan+wikidata 𩓹:𬱨=cjkvi-variants+unihan+wikidata 𩔇:𱂳=unihan+wikidata 𩔈:𬱭=cjkvi-variants+unihan+wikidata 𩔐:𮸶=unihan+wikidata 𩔑:𫖷=cjkvi-variants+opencc+unihan+wikidata 𩔝:𲋁=unihan 𩔣:𱂷=unihan+wikidata 𩕊:𬱱=cjkvi-variants+unihan+wikidata 𩕗:𲋂=unihan 𩕰:𬱲=cjkvi-variants+unihan+wikidata 𫖞:𬱘=cjkvi-variants+unihan+wikidata 𫫏:𫬆=cjkvi-variants+unihan+wikidata 𫽫:𰔫=unihan+wikidata 𬃛:𬄝=cjkvi-variants+unihan+wikidata 𬅁:𮲺=unihan+wikidata 𬱂:𬱚=cjkvi-variants+unihan+wikidata 𬱇:𲊽=unihan 𬱈:𬱩=cjkvi-variants+unihan+wikidata
頁	𩠐	4	11	4	頤:𩠢=cjkvi-variants+mj-shrink-map+wikidata 頰:𩠣=cjkvi-variants+mj-shrink-map+wikidata 顏:𩠪=cjkvi-variants+mj-shrink-map+wikidata 顔:𩠪=cjkvi-variants+mj-shrink-map
頃	顷	2	1	1	倾:傾=cjkvi-variants+opencc+unihan+wikidata+yitizi 庼:廎=cjkvi-variants+opencc+unihan+wikidata+yitizi
項	项	4	5	5	澒:𭱊=unihan+wikidata 𢴦:𫽙=cjkvi-variants+unihan+wikidata 𦺣:𰱝=unihan+wikidata 𬃛:𬄝=cjkvi-variants+unihan+wikidata
須	须	4	5	5	䇓:𰩧=unihan+wikidata 媭:嬃=cjkvi-variants+opencc+unihan+wikidata+yitizi 盨:𪾔=cjkvi-variants+opencc+unihan+wikidata 𢄼:𫷈=cjkvi-variants+unihan+wikidata
須	髟	4	13	4	䯽:𢒷=cjkvi-variants+wikidata 頾:髭=cjkvi-variants+mj-shrink-map+wikidata 髯:𩓾=cjkvi-variants+wikidata 𩔾:𩭧=cjkvi-variants
預	预	2	1	1	滪:澦=cjkvi-variants+opencc+unihan+wikidata+yitizi 蓣:蕷=cjkvi-variants+opencc+unihan+wikidata+yitizi
頡	颉	3	4	4	撷:擷=cjkvi-variants+opencc+unihan+wikidata+yitizi 襭:𮖱=unihan+wikidata 𬅁:𮲺=unihan+wikidata
頻	频	5	6	6	嚬:𫫾=cjkvi-variants+unihan+wikidata 濒:瀕=cjkvi-variants+opencc+unihan+wikidata+yitizi 蘋:𬞟=cjkvi-variants+opencc+unihan+wikidata 顰:颦=cjkvi-variants+opencc+unihan+wikidata+yitizi 𧭹:𫍐=cjkvi-variants+opencc+unihan+wikidata
頽	颓	3	4	4	㿗:𤻊=cjkvi-variants+opencc+unihan+wikidata 瀩:𬉏=cjkvi-variants+wikidata 蘈:𰲁=unihan+wikidata
顛	颠	5	6	6	巅:巔=cjkvi-variants+opencc+unihan+wikidata+yitizi 攧:𭣇=unihan+wikidata 癫:癲=cjkvi-variants+opencc+unihan+wikidata+yitizi 𡅥:𫬟=cjkvi-variants+unihan+wikidata 𨈀:𬧚=cjkvi-variants+unihan+wikidata
風	{35}	6	10	6	𡍙:𡑵=cjkvi-variants 𩗂:𫖼=cjkvi-variants 𩘣:𬲃=wikidata 𩘩:𫗁=cjkvi-variants 𩘪:𬲄=wikidata 𩙍:𫗃=cjkvi-variants
風	风	67	70	68	㐽:偑=cjkvi-variants+opencc+unihan+wikidata+yitizi 㚯:㜄=cjkvi-variants+opencc+unihan+wikidata+yitizi 䫺:𲋎=unihan 䫻:𫗇=cjkvi-variants+opencc+unihan+wikidata 䫼:𬱷=cjkvi-variants+unihan+wikidata 䫽:𲋏=unihan 䫾:𫠈=cjkvi-variants+opencc+unihan+wikidata 䬀:𱃖=unihan+wikidata 䬂:𬱸=cjkvi-variants+unihan+wikidata 䬅:𱃚=unihan+wikidata 䬍:𬲀=cjkvi-variants+unihan+wikidata 䬎:𬱿=cjkvi-variants+unihan+wikidata 䬐:𱃜=unihan+wikidata 䬓:𫗊=cjkvi-variants+opencc+unihan+wikidata 䬔:𱃞=unihan+wikidata 䬘:𩙮=cjkvi-variants+opencc+unihan+wikidata+yitizi 䬝:𩙯=cjkvi-variants+opencc+unihan+wikidata+yitizi 岚:嵐=cjkvi-variants+opencc+unihan+wikidata+yitizi 枫:楓=cjkvi-variants+opencc+unihan+wikidata+yitizi 檒:𮨴=unihan+wikidata 沨:渢=cjkvi-variants+opencc+unihan+wikidata+yitizi 煈:𮳠=unihan+wikidata 疯:瘋=cjkvi-variants+opencc+unihan+wikidata+yitizi 砜:碸=cjkvi-variants+opencc+unihan+wikidata+yitizi 葻:𬜥=cjkvi-variants+unihan+wikidata 颩:𱃔=unihan+wikidata 颬:𱃕=unihan+wikidata 颭:飐=cjkvi-variants+opencc+unihan+wikidata+yitizi 颮:飑=cjkvi-variants+opencc+unihan+wikidata+yitizi 颯:飒=cjkvi-variants+opencc+unihan+wikidata+yitizi 颰:𩙥=cjkvi-variants+opencc+unihan+wikidata+yitizi 颱:𱃗=unihan+wikidata 颲:𱃘=unihan+wikidata 颴:𬱽=cjkvi-variants+unihan+wikidata 颶:飓=cjkvi-variants+opencc+unihan+wikidata+yitizi 颷:𩙪=cjkvi-variants+opencc+unihan+wikidata+yitizi 颸:飔=cjkvi-variants+opencc+unihan+wikidata+yitizi 颻:飖=cjkvi-variants+opencc+unihan+wikidata+yitizi 颼:飕=cjkvi-variants+opencc+unihan+wikidata+yitizi 颾:𩙫=cjkvi-variants+opencc+unihan+wikidata+yitizi 飀:飗=cjkvi-variants+opencc+unihan+wikidata+yitizi 飁:𱃟=unihan+wikidata 飂:𮨵=unihan+wikidata 飄:飘=cjkvi-variants+opencc+unihan+wikidata+yitizi 飆:飙=cjkvi-variants+opencc+unihan+wikidata+yitizi 飇:𱃠=unihan+wikidata 飈:飚=cjkvi-variants+opencc+unihan+wikidata+yitizi 飉:𬲅=cjkvi-variants+unihan+wikidata 飊:𮸼=unihan+wikidata 飋:𫗋=cjkvi-variants+opencc+unihan+wikidata 𢞁:𮲂=unihan+wikidata 𤧑:𮴆=unihan+wikidata 𩖰:𫠇=cjkvi-variants+opencc+unihan+wikidata 𩖿:𬱺=cjkvi-variants+unihan+wikidata 𩗀:𩙦=cjkvi-variants+opencc+unihan+wikidata+yitizi 𩗓:𫗈=cjkvi-variants+opencc+unihan+wikidata 𩗛:𱃛=unihan+wikidata 𩗡:𩙧=unihan 𩗴:𫗉=cjkvi-variants+opencc+unihan+wikidata 𩗺:𮸻=unihan+wikidata 𩘀:𩙩=cjkvi-variants+opencc+unihan+wikidata+yitizi 𩘝:𩙭=cjkvi-variants+opencc+unihan+wikidata+yitizi 𩘻:𬲆=cjkvi-variants+unihan+wikidata 𩙈:𩙰=cjkvi-variants+opencc+unihan+wikidata+yitizi 𬕜:𮵭=unihan+wikidata 𬱾:𮨭=unihan+wikidata 𭂖:𰃶=unihan+wikidata
風	𲋄	4	21	10	颯:𬱻=wikidata 𩂑:𩄏=cjkvi-variants 𩘬:𫗂=cjkvi-variants 𩙋:𩙌=cjkvi-variants
飠	饣	149	154	151	䬣:𱃱=unihan+wikidata 䬧:𫗟=cjkvi-variants+opencc+unihan+wikidata 䬪:𱃳=unihan+wikidata 䬫:𬲮=cjkvi-variants+unihan+wikidata 䬬:𱃵=unihan+wikidata 䬯:𬲫=cjkvi-variants+unihan+wikidata 䬰:𲋤=unihan 䬲:𬲯=cjkvi-variants+unihan+wikidata 䬳:𱃷=unihan+wikidata 䬶:𬲷=cjkvi-variants+unihan+wikidata 䬹:𱃸=unihan+wikidata 䬾:𬲻=cjkvi-variants+unihan+wikidata 䭀:𩠇=cjkvi-variants+opencc+unihan+wikidata+yitizi 䭃:𩠈=cjkvi-variants+opencc+unihan+wikidata+yitizi 䭅:𬲾=cjkvi-variants+unihan+wikidata 䭇:𬳀=cjkvi-variants+unihan+wikidata 䭈:𱄃=unihan+wikidata 䭉:𬳅=cjkvi-variants+unihan 䭑:𫗱=cjkvi-variants+opencc+unihan+wikidata 䭒:𬳋=cjkvi-variants+unihan+wikidata 䭔:𫗰=cjkvi-variants+opencc+unihan+wikidata 䭘:𬳑=cjkvi-variants+unihan+wikidata 䭡:𱄉=unihan+wikidata 䭪:𩞯=cjkvi-variants+opencc+unihan+wikidata+yitizi 蚀:蝕=cjkvi-variants+opencc+unihan+wikidata+yitizi 飢:饥=cjkvi-variants+opencc+unihan+wikidata+yitizi 飣:饤=cjkvi-variants+opencc+unihan+wikidata+yitizi 飤:𬲦=cjkvi-variants+unihan+wikidata 飥:饦=cjkvi-variants+opencc+unihan+wikidata+yitizi 飦:𫗞=cjkvi-variants+opencc+unihan+wikidata 飩:饨=cjkvi-variants+opencc+unihan+wikidata+yitizi 飪:饪=cjkvi-variants+opencc+unihan+wikidata+yitizi 飫:饫=cjkvi-variants+opencc+unihan+wikidata+yitizi 飭:饬=cjkvi-variants+opencc+unihan+wikidata+yitizi 飯:饭=cjkvi-variants+opencc+unihan+wikidata+yitizi 飰:𱃴=unihan+wikidata 飲:饮=cjkvi-variants+opencc+unihan+wikidata+yitizi 飴:饴=cjkvi-variants+opencc+unihan+wikidata+yitizi 飵:𫗢=cjkvi-variants+opencc+unihan+wikidata 飶:𫗣=cjkvi-variants+opencc+unihan+wikidata 飷:𬲭=cjkvi-variants+unihan+wikidata 飼:饲=cjkvi-variants+opencc+unihan+wikidata+yitizi 飽:饱=cjkvi-variants+opencc+unihan+wikidata+yitizi 飾:饰=cjkvi-variants+opencc+unihan+wikidata+yitizi 飿:饳=cjkvi-variants+opencc+unihan+wikidata+yitizi 餀:𮩜=unihan+wikidata 餂:𱃺=unihan+wikidata 餃:饺=cjkvi-variants+opencc+unihan+wikidata+yitizi 餄:饸=cjkvi-variants+opencc+unihan+wikidata+yitizi 餅:饼=cjkvi-variants+opencc+unihan+wikidata+yitizi 餉:饷=cjkvi-variants+opencc+unihan+wikidata+yitizi 餌:饵=cjkvi-variants+opencc+unihan+wikidata+yitizi 餎:饹=cjkvi-variants+opencc+unihan+wikidata+yitizi 餏:饻=cjkvi-variants+opencc+unihan+wikidata+yitizi 餑:饽=cjkvi-variants+opencc+unihan+wikidata+yitizi 餒:馁=cjkvi-variants+opencc+unihan+wikidata+yitizi 餓:饿=cjkvi-variants+opencc+unihan+wikidata+yitizi 餔:𫗦=cjkvi-variants+opencc+unihan+wikidata+yitizi 餕:馂=cjkvi-variants+opencc+unihan+wikidata+yitizi 餖:饾=cjkvi-variants+opencc+unihan+wikidata+yitizi 餗:𫗧=cjkvi-variants+opencc+unihan+wikidata+yitizi 餘:馀=opencc+unihan+wikidata+yitizi 餚:𬳁=cjkvi-variants+unihan+wikidata 餛:馄=cjkvi-variants+opencc+unihan+wikidata+yitizi 餜:馃=cjkvi-variants+opencc+unihan+wikidata+yitizi 餟:𬳂=cjkvi-variants+unihan+wikidata 餡:馅=cjkvi-variants+opencc+unihan+wikidata+yitizi 餢:𱃾=unihan+wikidata 餣:𬲼=cjkvi-variants+unihan+wikidata 餤:𱃿=unihan+wikidata 餧:𫗪=cjkvi-variants+opencc+unihan+wikidata 館:馆=cjkvi-variants+opencc+unihan+wikidata+yitizi 餩:𱃽=unihan+wikidata 餪:𫗬=cjkvi-variants+opencc+unihan+wikidata 餬:𫗫=cjkvi-variants+opencc+unihan+wikidata 餭:𫗮=cjkvi-variants+opencc+unihan+wikidata+yitizi 餯:𱄄=unihan+wikidata 餰:𬳆=cjkvi-variants+unihan+wikidata 餱:𫗯=cjkvi-variants+opencc+unihan+wikidata 餲:𮩝=unihan+wikidata 餴:𱃼=unihan+wikidata 餵:𫗭=cjkvi-variants+opencc+unihan+wikidata 餶:馉=cjkvi-variants+opencc+unihan+wikidata+yitizi 餷:馇=cjkvi-variants+opencc+unihan+wikidata+yitizi 餸:𩠌=cjkvi-variants+opencc+unihan+wikidata+yitizi 餹:𬳍=cjkvi-variants+unihan+wikidata 餺:馎=cjkvi-variants+opencc+unihan+wikidata+yitizi 餾:馏=cjkvi-variants+opencc+unihan+wikidata+yitizi 餿:馊=cjkvi-variants+opencc+unihan+wikidata+yitizi 饀:𬳊=cjkvi-variants+unihan+wikidata 饁:馌=cjkvi-variants+opencc+unihan+wikidata+yitizi 饃:馍=cjkvi-variants+opencc+unihan+wikidata+yitizi 饅:馒=cjkvi-variants+opencc+unihan+wikidata+yitizi 饈:馐=cjkvi-variants+opencc+unihan+wikidata+yitizi 饉:馑=cjkvi-variants+opencc+unihan+wikidata+yitizi 饊:馓=cjkvi-variants+opencc+unihan+wikidata+yitizi 饌:馔=cjkvi-variants+opencc+unihan+wikidata+yitizi 饎:𱄆=unihan+wikidata 饐:𮩞=unihan+wikidata 饘:𫗴=cjkvi-variants+opencc+unihan+wikidata+yitizi 饛:𱄈=unihan+wikidata 饟:𫗵=cjkvi-variants+opencc+unihan+wikidata 饢:馕=cjkvi-variants+opencc+unihan+wikidata+yitizi 𩚅:𬲥=cjkvi-variants+unihan+wikidata 𩚚:𬲩=cjkvi-variants+unihan+wikidata 𩚛:𩟿=cjkvi-variants+opencc+unihan+wikidata+yitizi 𩚥:𩠀=cjkvi-variants+opencc+unihan+wikidata+yitizi 𩚩:𫗡=cjkvi-variants+opencc+unihan+wikidata 𩚵:𩠁=cjkvi-variants+opencc+unihan+wikidata+yitizi 𩛆:𩠂=cjkvi-variants+opencc+unihan+wikidata+yitizi 𩛌:𫗤=cjkvi-variants+opencc+unihan+wikidata 𩛎:𬲴=cjkvi-variants+unihan+wikidata 𩛞:𬲺=cjkvi-variants+unihan+wikidata 𩛡:𫗨=cjkvi-variants+opencc+unihan+wikidata 𩛲:𬲹=cjkvi-variants+unihan+wikidata 𩜇:𩠉=cjkvi-variants+opencc+unihan+wikidata+yitizi 𩜋:𲋧=unihan 𩜠:𬲿=cjkvi-variants+unihan+wikidata 𩜦:𩠆=cjkvi-variants+opencc+unihan+wikidata+yitizi 𩜯:𱄂=unihan+wikidata 𩜰:𬳃=cjkvi-variants+unihan+wikidata 𩜵:𩠊=cjkvi-variants+opencc+unihan+wikidata+yitizi 𩜶:𱄁=unihan+wikidata 𩝑:𬳇=cjkvi-variants+unihan+wikidata 𩝔:𩠋=cjkvi-variants+opencc+unihan+wikidata+yitizi 𩝠:𬳌=cjkvi-variants+unihan+wikidata 𩝡:𬳈=cjkvi-variants+unihan+wikidata 𩝣:𬳉=cjkvi-variants+unihan+wikidata 𩝥:𲋩=unihan 𩝧:𱄅=unihan+wikidata 𩝱:𲋫=unihan 𩝽:𫗳=opencc+unihan+wikidata 𩞄:𩠎=cjkvi-variants+opencc+unihan+wikidata+yitizi 𩞉:𬳐=cjkvi-variants+unihan+wikidata 𩞦:𩠏=cjkvi-variants+opencc+unihan+wikidata+yitizi 𩞧:𱄇=unihan+wikidata 𩞬:𬳒=cjkvi-variants+unihan+wikidata 𩟀:𬳓=cjkvi-variants+unihan+wikidata 𫗑:𬲵=cjkvi-variants+unihan+wikidata 𫗕:𬳄=cjkvi-variants+unihan+wikidata 𫗲:𬲛=unihan+wikidata 𬲚:𬳎=cjkvi-variants+unihan+wikidata 𬲧:𱃢=unihan+wikidata 𬲨:𱃡=unihan+wikidata 𬲱:𮨻=unihan+wikidata 𬲽:𱃪=unihan+wikidata 𮸾:𲋢=unihan 𲋕:𲋣=unihan 𲋜:𲋨=unihan
饣	𩙿	12	78	77	䬣:𱃱=unihan+wikidata 䬬:𱃵=unihan+wikidata 飮:饮=yitizi 飰:𱃴=unihan+wikidata 餂:𱃺=unihan+wikidata 餢:𱃾=unihan+wikidata 餤:𱃿=unihan+wikidata 餩:𱃽=unihan+wikidata 餯:𱄄=unihan+wikidata 餴:𱃼=unihan+wikidata 饎:𱄆=unihan+wikidata 饛:𱄈=unihan+wikidata
首	𩠐	6	12	8	導:𡭎=cjkvi-variants+mj-shrink-map+opencc+wikidata 艏:𦩽=cjkvi-variants+mj-shrink-map+wikidata 衜:衟=cjkvi-variants 道:𨕥=cjkvi-variants+mj-shrink-map+wikidata 馘:𱄍=wikidata 𣮹:𣯐=cjkvi-variants+wikidata 𩠛:𩠡=cjkvi-variants
香	𪏽	2	1	1	馨:𤯒=cjkvi-variants+wikidata 馨:𪐕=cjkvi-variants+mj-shrink-map+opencc+wikidata
馬	马	217	238	229	㐷:傌=cjkvi-variants+opencc+unihan+wikidata 㩷:𰔲=unihan+wikidata 㵗:𣳆=cjkvi-variants+opencc+unihan+wikidata 㾺:𬏜=cjkvi-variants+unihan+wikidata 䘞:𧜗=cjkvi-variants+opencc+unihan+wikidata+yitizi 䠮:𬧃=cjkvi-variants+unihan+wikidata 䧞:𬮺=cjkvi-variants+unihan+wikidata 䭿:𩧭=cjkvi-variants+opencc+unihan+wikidata+yitizi 䮂:𱅄=unihan+wikidata 䮄:𫠊=cjkvi-variants+opencc+unihan+wikidata 䮈:𬳾=cjkvi-variants+unihan+wikidata 䮗:𬴁=cjkvi-variants+unihan+wikidata 䮞:𩨁=cjkvi-variants+opencc+unihan+wikidata+yitizi 䮠:𩧿=cjkvi-variants+opencc+unihan+wikidata+yitizi 䮧:𱅠=unihan+wikidata 䮰:𫘮=cjkvi-variants+opencc+unihan+wikidata 䮲:𱅦=unihan+wikidata 䮳:𩨏=cjkvi-variants+opencc+unihan+wikidata+yitizi 䮴:𲌋=unihan 䮽:𬴍=cjkvi-variants+unihan+wikidata 䮿:𬴏=cjkvi-variants+unihan+wikidata 䯃:𩣑=cjkvi-variants+opencc+unihan+wikidata+yitizi 儯:𱎾=wikidata 冯:馮=cjkvi-variants+opencc+unihan+wikidata+yitizi 凴:𮰉=unihan+wikidata 吗:嗎=cjkvi-variants+opencc+unihan+wikidata+yitizi 妈:媽=cjkvi-variants+opencc+unihan+wikidata+yitizi 杩:榪=cjkvi-variants+opencc+unihan+wikidata+yitizi 溤:𰛊=unihan+wikidata 犸:獁=cjkvi-variants+opencc+unihan+wikidata+yitizi 玛:瑪=cjkvi-variants+opencc+unihan+wikidata+yitizi 码:碼=cjkvi-variants+opencc+unihan+wikidata+yitizi 礮:𪿫=opencc+unihan+wikidata 祃:禡=cjkvi-variants+opencc+unihan+wikidata+yitizi 笃:篤=cjkvi-variants+opencc+unihan+wikidata+yitizi 羁:羈=cjkvi-variants+opencc+unihan+wikidata+yitizi 腾:騰=cjkvi-variants+opencc+unihan+wikidata+yitizi 蓦:驀=cjkvi-variants+opencc+unihan+wikidata+yitizi 虅:𰲂=unihan+wikidata 蚂:螞=cjkvi-variants+opencc+unihan+wikidata+yitizi 褭:𬡇=cjkvi-variants+unihan+wikidata 隲:𱀑=unihan+wikidata 馭:驭=cjkvi-variants+opencc+unihan+wikidata+yitizi 馯:𫘛=cjkvi-variants+opencc+unihan+wikidata 馱:驮=cjkvi-variants+opencc+unihan+wikidata+yitizi 馲:𱄽=unihan+wikidata 馳:驰=cjkvi-variants+opencc+unihan+wikidata+yitizi 馴:驯=cjkvi-variants+opencc+unihan+wikidata+yitizi 馵:𱄼=unihan+wikidata 馹:驲=cjkvi-variants+opencc+unihan+wikidata+yitizi 馺:𱅂=unihan+wikidata 馼:𫘜=cjkvi-variants+opencc+unihan+wikidata 馽:𱅁=unihan+wikidata 駁:驳=cjkvi-variants+opencc+unihan+wikidata+yitizi 駂:𱅀=unihan+wikidata 駃:𫘝=cjkvi-variants+opencc+unihan+wikidata+yitizi 駉:𬳶=cjkvi-variants+opencc+unihan+wikidata 駊:𫘟=cjkvi-variants+opencc+unihan+wikidata 駍:𬳴=cjkvi-variants+unihan+wikidata 駎:𩧨=cjkvi-variants+opencc+unihan+wikidata+yitizi 駏:𱅃=unihan+wikidata 駐:驻=cjkvi-variants+opencc+unihan+wikidata+yitizi 駑:驽=cjkvi-variants+opencc+unihan+wikidata+yitizi 駒:驹=cjkvi-variants+opencc+unihan+wikidata+yitizi 駓:𬳵=cjkvi-variants+opencc+unihan+wikidata 駔:驵=cjkvi-variants+opencc+unihan+wikidata+yitizi 駕:驾=cjkvi-variants+opencc+unihan+wikidata+yitizi 駖:𲌅=unihan 駗:𱅇=unihan+wikidata 駘:骀=cjkvi-variants+opencc+unihan+wikidata+yitizi 駙:驸=cjkvi-variants+opencc+unihan+wikidata+yitizi 駚:𩧫=cjkvi-variants+opencc+unihan+wikidata+yitizi 駛:驶=cjkvi-variants+opencc+unihan+wikidata+yitizi 駜:𱅈=unihan+wikidata 駝:驼=cjkvi-variants+opencc+unihan+wikidata+yitizi 駞:𫘞=cjkvi-variants+opencc+unihan+wikidata 駟:驷=cjkvi-variants+opencc+unihan+wikidata+yitizi 駡:骂=cjkvi-variants+opencc+unihan 駢:骈=cjkvi-variants+opencc+unihan+wikidata+yitizi 駣:𱅏=unihan+wikidata 駤:𫘠=cjkvi-variants+opencc+unihan+wikidata 駥:𱅉=unihan+wikidata 駦:𱅑=unihan+wikidata 駧:𩧲=cjkvi-variants+opencc+unihan+wikidata+yitizi 駩:𩧴=cjkvi-variants+opencc+unihan+wikidata+yitizi 駪:𬳽=cjkvi-variants+opencc+unihan+wikidata 駫:𫘡=cjkvi-variants+opencc+unihan+wikidata 駬:𱅋=unihan+wikidata 駭:骇=cjkvi-variants+opencc+unihan+wikidata+yitizi 駮:𱅐=unihan+wikidata 駰:骃=cjkvi-variants+opencc+unihan+wikidata+yitizi 駱:骆=cjkvi-variants+opencc+unihan+wikidata+yitizi 駴:𮪢=unihan+wikidata 駶:𩧺=cjkvi-variants+opencc+unihan+wikidata+yitizi 駷:𱅔=unihan+wikidata 駸:骎=cjkvi-variants+opencc+unihan+wikidata+yitizi 駹:𮪡=unihan+wikidata 駺:𬴀=cjkvi-variants+unihan+wikidata 駻:𫘣=cjkvi-variants+opencc+unihan+wikidata+yitizi 駼:𬳿=cjkvi-variants+opencc+unihan+wikidata 駽:𱅖=unihan+wikidata 駾:𱅙=unihan+wikidata 駿:骏=cjkvi-variants+opencc+unihan+wikidata+yitizi 騀:𱅗=unihan 騁:骋=cjkvi-variants+opencc+unihan+wikidata+yitizi 騂:骍=cjkvi-variants+opencc+unihan+wikidata+yitizi 騃:𫘤=cjkvi-variants+opencc+unihan+wikidata+yitizi 騄:𫘧=cjkvi-variants+opencc+unihan+wikidata 騅:骓=cjkvi-variants+opencc+unihan+wikidata+yitizi 騆:𮹋=unihan+wikidata 騇:𱅚=unihan+wikidata 騉:𫘥=cjkvi-variants+opencc+unihan+wikidata 騊:𫘦=cjkvi-variants+opencc+unihan+wikidata 騌:骔=cjkvi-variants+opencc+unihan+wikidata+yitizi 騍:骒=cjkvi-variants+opencc+unihan+wikidata+yitizi 騎:骑=cjkvi-variants+opencc+unihan+wikidata+yitizi 騏:骐=cjkvi-variants+opencc+unihan+wikidata+yitizi 騑:𬴂=cjkvi-variants+opencc+unihan+wikidata 騔:𩨀=cjkvi-variants+opencc+unihan+wikidata+yitizi 騕:𱅜=unihan+wikidata 騖:骛=cjkvi-variants+opencc+unihan+wikidata+yitizi 騗:𱅝=unihan+wikidata 騙:骗=cjkvi-variants+opencc+unihan+wikidata+yitizi 騚:𩨊=cjkvi-variants+opencc+unihan+wikidata+yitizi 騜:𫘩=cjkvi-variants+opencc+unihan+wikidata 騝:𩨃=cjkvi-variants+opencc+unihan+wikidata+yitizi 騞:𬴃=cjkvi-variants+opencc+unihan+wikidata 騟:𩨈=cjkvi-variants+opencc+unihan+wikidata+yitizi 騠:𫘨=cjkvi-variants+opencc+unihan+wikidata+yitizi 騢:𱅞=unihan+wikidata 騣:𮪣=unihan+wikidata 騤:骙=cjkvi-variants+opencc+unihan+wikidata+yitizi 騥:𱅟=unihan+wikidata 騩:𱅡=unihan+wikidata 騪:𩨄=cjkvi-variants+opencc+unihan+wikidata+yitizi 騫:骞=cjkvi-variants+opencc+unihan+wikidata+yitizi 騬:𱅢=unihan+wikidata 騭:骘=cjkvi-variants+opencc+unihan+wikidata+yitizi 騮:骝=cjkvi-variants+opencc+unihan+wikidata+yitizi 騯:𬴅=cjkvi-variants+unihan+wikidata 騱:𫘬=cjkvi-variants+opencc+unihan+wikidata 騲:𮪤=unihan+wikidata 騴:𫘫=cjkvi-variants+opencc+unihan+wikidata 騵:𫘪=cjkvi-variants+opencc+unihan+wikidata 騷:骚=cjkvi-variants+opencc+unihan+wikidata+yitizi 騸:骟=cjkvi-variants+opencc+unihan+wikidata+yitizi 騹:𬴆=cjkvi-variants+unihan+wikidata 騻:𫘭=cjkvi-variants+opencc+unihan+wikidata 騼:𫠋=cjkvi-variants+opencc+unihan+wikidata 騽:𱅩=unihan+wikidata 騾:骡=cjkvi-variants+opencc+unihan+wikidata+yitizi 驁:骜=cjkvi-variants+opencc+unihan+wikidata+yitizi 驃:骠=cjkvi-variants+opencc+unihan+wikidata+yitizi 驄:骢=cjkvi-variants+opencc+unihan+wikidata+yitizi 驈:𱅫=unihan+wikidata 驉:𱅧=unihan+wikidata 驎:𬴊=cjkvi-variants+opencc+unihan+wikidata 驏:骣=cjkvi-variants+opencc+unihan+wikidata+yitizi 驐:𮪥=unihan+wikidata 驓:𫘯=cjkvi-variants+opencc+unihan+wikidata 驔:𱅪=unihan+wikidata 驖:𬴋=cjkvi-variants+unihan+wikidata 驙:𫘰=cjkvi-variants+opencc+unihan+wikidata 驟:骤=cjkvi-variants+opencc+unihan+wikidata+yitizi 驠:𱅬=unihan+wikidata 驤:骧=cjkvi-variants+opencc+unihan+wikidata+yitizi 驥:骥=cjkvi-variants+opencc+unihan+wikidata+yitizi 驦:骦=cjkvi-variants+opencc+unihan+wikidata+yitizi 驨:𫘱=cjkvi-variants+opencc+unihan+wikidata 驩:𬴐=cjkvi-variants+unihan+wikidata 龭:𩨎=cjkvi-variants+opencc+unihan+wikidata+yitizi 𡧁:𱚏=wikidata 𢉿:𰏲=unihan+wikidata 𢲫:𫼗=cjkvi-variants+unihan+wikidata 𤒘:𬊯=cjkvi-variants+wikidata 𤚴:𮳺=unihan+wikidata 𦟐:𬁳=cjkvi-variants+unihan+wikidata 𧞶:𬡦=cjkvi-variants+unihan+wikidata 𨆱:𬦴=cjkvi-variants+unihan+wikidata 𩡭:𲌄=unihan 𩡺:𩧦=cjkvi-variants+opencc+unihan+wikidata+yitizi 𩢀:𮹄=unihan+wikidata 𩢍:𬳷=cjkvi-variants+unihan+wikidata 𩢖:𮹅=unihan+wikidata 𩢡:𩧬=cjkvi-variants+opencc+unihan+wikidata+yitizi 𩢰:𱅎=unihan+wikidata 𩢲:𬳺=cjkvi-variants+unihan+wikidata 𩢴:𩧵=cjkvi-variants+opencc+unihan+wikidata+yitizi 𩢸:𩧳=cjkvi-variants+opencc+unihan+wikidata+yitizi 𩢼:𬳻=cjkvi-variants+unihan+wikidata 𩢾:𩧮=cjkvi-variants+opencc+unihan+wikidata+yitizi 𩣊:𱅍=unihan+wikidata 𩣋:𬳼=cjkvi-variants+unihan+wikidata 𩣏:𩧶=cjkvi-variants+opencc+unihan+wikidata+yitizi 𩣔:𬳹=cjkvi-variants+unihan+wikidata 𩣡:𱅓=unihan+wikidata 𩣵:𩧻=opencc+unihan+wikidata 𩣺:𩧼=cjkvi-variants+opencc+unihan+wikidata+yitizi 𩤅:𲌉=unihan 𩤙:𩨆=cjkvi-variants+opencc+unihan+wikidata+yitizi 𩤲:𩨉=cjkvi-variants+opencc+unihan+wikidata+yitizi 𩤵:𬴄=cjkvi-variants+unihan+wikidata 𩤸:𩨅=cjkvi-variants+opencc+unihan+wikidata+yitizi 𩥃:𱅥=unihan+wikidata 𩥄:𩨋=cjkvi-variants+opencc+unihan+wikidata+yitizi 𩥅:𱅣=unihan+wikidata 𩥇:𩨍=cjkvi-variants+opencc+unihan+wikidata+yitizi 𩥈:𮹌=unihan+wikidata 𩥎:𱅨=unihan+wikidata 𩥑:𩨌=cjkvi-variants+opencc+unihan+wikidata+yitizi 𩥲:𬴇=cjkvi-variants+unihan+wikidata 𩥼:𬴈=cjkvi-variants+unihan+wikidata 𩦐:𲌊=unihan 𩦚:𬴉=cjkvi-variants+unihan+wikidata 𩦠:𫠌=cjkvi-variants+opencc+unihan+wikidata 𩦺:𬴌=cjkvi-variants+unihan+wikidata 𩧆:𩨐=cjkvi-variants+opencc+unihan+wikidata+yitizi 𩧐:𬴎=cjkvi-variants+unihan+wikidata 𩨂:𲋼=unihan 𪒿:𬹘=cjkvi-variants+unihan+wikidata 𪠃:𫨑=cjkvi-variants+unihan+wikidata 𫘋:𮹉=unihan+wikidata 𫽢:𰔺=unihan+wikidata 𬈏:𬉤=cjkvi-variants+unihan+wikidata 𬳮:𲌈=unihan 𰪪:𰫆=unihan+wikidata 𱄙:𱅌=unihan+wikidata 𱄝:𲌆=unihan
馬	𮩴	2	5	3	凴:𠙥=cjkvi-variants 慿:憑=cjkvi-variants+mj-shrink-map+wikidata 獁:𤟨=cjkvi-variants 馮:𠗦=cjkvi-variants+mj-shrink-map+wikidata
馮	𠗦	2	1	1	凴:𠙥=cjkvi-variants 慿:憑=cjkvi-variants+mj-shrink-map+wikidata
駦	𱅑	4	6	6	䠮:𬧃=cjkvi-variants+unihan+wikidata 儯:𱎾=wikidata 腾:騰=cjkvi-variants+opencc+unihan+wikidata+yitizi 虅:𰲂=unihan+wikidata 𪒿:𬹘=cjkvi-variants+unihan+wikidata
高	{87}	6	13	6	亭:𱅴=wikidata 毫:𰚫=wikidata 稁:稾=cjkvi-variants+mj-shrink-map 薧:𧂎=cjkvi-variants+wikidata 豪:𩫕=cjkvi-variants+mj-shrink-map+wikidata
鬲	⿳一{67}⿵冂𢆉	2	2	1	滆:𣽐=cjkvi-variants+wikidata 鎘:𨭀=cjkvi-variants+wikidata
鬵	𩱕	2	1	1	灊:𤅬=cjkvi-variants+wikidata+yitizi 𣠟:𭭁=wikidata
魚	鱼	310	332	324	㢝:𢋈=cjkvi-variants+opencc+unihan+wikidata+yitizi 㶍:𰝟=unihan+wikidata 䔡:𬝁=cjkvi-variants+unihan+wikidata 䰲:𱇍=unihan+wikidata 䰶:𲍈=unihan 䰷:𬶆=cjkvi-variants+unihan+wikidata 䰻:𱇕=unihan+wikidata 䰽:𱇑=unihan+wikidata 䰾:鲃=cjkvi-variants+opencc+unihan+wikidata+yitizi 䱀:𫚐=cjkvi-variants+opencc+unihan+wikidata 䱁:𫚏=cjkvi-variants+opencc+unihan+wikidata 䱂:𱇤=unihan+wikidata 䱅:𱇚=unihan+wikidata 䱇:𱇞=unihan+wikidata 䱊:𲍐=unihan 䱋:𲍎=unihan 䱌:𱇬=unihan+wikidata 䱎:𱇥=unihan+wikidata 䱐:𱇲=unihan+wikidata 䱒:𱇰=unihan+wikidata 䱓:𬶓=cjkvi-variants+unihan+wikidata 䱗:𮬞=unihan+wikidata 䱙:𩾈=cjkvi-variants+opencc+unihan+wikidata+yitizi 䱚:𮬠=unihan+wikidata 䱛:𮬟=unihan+wikidata 䱜:𱇷=unihan+wikidata 䱝:𲍕=unihan 䱟:𱈀=unihan+wikidata 䱡:𱇽=unihan+wikidata 䱤:𱇻=unihan+wikidata 䱥:𱇹=unihan+wikidata 䱧:𫚠=cjkvi-variants+opencc+unihan+wikidata 䱬:𩾊=cjkvi-variants+opencc+unihan+wikidata+yitizi 䱭:𱈇=unihan+wikidata 䱰:𩾋=cjkvi-variants+opencc+unihan+wikidata+yitizi 䱱:𬶤=cjkvi-variants+unihan+wikidata 䱴:𱈈=unihan+wikidata 䱵:𮬢=unihan+wikidata 䱷:䲣=cjkvi-variants+opencc+unihan+wikidata+yitizi 䱸:𫠑=cjkvi-variants+opencc+unihan+wikidata 䱹:𬶣=cjkvi-variants+unihan+wikidata 䱻:𮬡=unihan+wikidata 䲁:鳚=cjkvi-variants+opencc+unihan+wikidata+yitizi 䲉:𱈒=unihan+wikidata 䲎:𲍙=unihan 䲕:𬶴=cjkvi-variants+unihan+wikidata 䲘:鳤=cjkvi-variants+opencc+unihan+wikidata 䲛:𱈛=unihan+wikidata 䲞:𩶘=cjkvi-variants+opencc+unihan+wikidata+yitizi 䲟:鮣=cjkvi-variants+opencc+unihan+wikidata+yitizi 䲠:鰆=cjkvi-variants+opencc+unihan+wikidata+yitizi 䲡:鰌=cjkvi-variants+opencc+unihan+wikidata+yitizi 䲢:鰧=cjkvi-variants+opencc+unihan+wikidata+yitizi 䲤:鿐=unihan+wikidata 噜:嚕=cjkvi-variants+opencc+unihan+wikidata+yitizi 撸:擼=cjkvi-variants+opencc+unihan+wikidata+yitizi 橹:櫓=cjkvi-variants+opencc+unihan+wikidata+yitizi 櫯:𰘶=unihan+wikidata 氇:氌=cjkvi-variants+opencc+unihan+wikidata+yitizi 渔:漁=cjkvi-variants+opencc+unihan+wikidata+yitizi 澛:瀂=cjkvi-variants+opencc+unihan+wikidata+yitizi 癣:癬=cjkvi-variants+opencc+unihan+wikidata+yitizi 稣:穌=cjkvi-variants+opencc+unihan+wikidata+yitizi 穞:穭=cjkvi-variants+opencc+yitizi 蓟:薊=cjkvi-variants+opencc+unihan+wikidata+yitizi 藓:蘚=cjkvi-variants+opencc+unihan+wikidata+yitizi 魛:鱽=cjkvi-variants+opencc+unihan+wikidata+yitizi 魜:𬶁=cjkvi-variants+unihan+wikidata 魝:𬶀=cjkvi-variants+unihan+wikidata 魟:𫚉=cjkvi-variants+opencc+unihan+wikidata+yitizi 魠:𱇏=unihan+wikidata 魡:𬶄=cjkvi-variants+unihan+wikidata 魢:鱾=cjkvi-variants+opencc+unihan+wikidata+yitizi 魣:𮬛=unihan+wikidata 魥:𩽹=cjkvi-variants+opencc+unihan+wikidata+yitizi 魦:𫚌=cjkvi-variants+opencc+unihan+wikidata 魧:𱇘=unihan+wikidata 魨:鲀=cjkvi-variants+opencc+unihan+wikidata+yitizi 魪:𬶇=cjkvi-variants+unihan+wikidata 魫:𱇙=unihan+wikidata 魬:𱇖=unihan+wikidata 魭:𱇐=unihan+wikidata 魮:𱇒=unihan+wikidata 魯:鲁=cjkvi-variants+opencc+unihan+wikidata+yitizi 魱:𱇓=unihan+wikidata 魴:鲂=cjkvi-variants+opencc+unihan+wikidata+yitizi 魵:𫚍=cjkvi-variants+opencc+unihan+wikidata 魶:𱇔=unihan+wikidata 魷:鱿=cjkvi-variants+opencc+unihan+wikidata+yitizi 魺:鲄=cjkvi-variants+opencc+unihan+wikidata+yitizi 魻:𱇟=unihan+wikidata 魼:𱇜=unihan+wikidata 魽:𫠐=cjkvi-variants+opencc+unihan+wikidata 魾:𱇝=unihan+wikidata 鮀:𬶍=cjkvi-variants+opencc+unihan+wikidata 鮁:鲅=cjkvi-variants+opencc+unihan+wikidata+yitizi 鮂:𱇠=unihan+wikidata 鮃:鲆=cjkvi-variants+opencc+unihan+wikidata+yitizi 鮄:𫚒=cjkvi-variants+opencc+unihan+wikidata+yitizi 鮅:𫚑=cjkvi-variants+opencc+unihan+wikidata 鮆:𫚖=cjkvi-variants+opencc+unihan+wikidata 鮇:𱇛=unihan+wikidata 鮈:𬶋=cjkvi-variants+opencc+unihan+wikidata 鮊:鲌=cjkvi-variants+opencc+unihan+wikidata+yitizi 鮋:鲉=cjkvi-variants+opencc+unihan+wikidata+yitizi 鮌:𱇢=unihan+wikidata 鮍:鲏=cjkvi-variants+opencc+unihan+wikidata+yitizi 鮎:鲇=cjkvi-variants+opencc+unihan 鮏:𱇡=unihan+wikidata 鮐:鲐=cjkvi-variants+opencc+unihan+wikidata+yitizi 鮑:鲍=cjkvi-variants+opencc+unihan+wikidata+yitizi 鮒:鲋=cjkvi-variants+opencc+unihan+wikidata+yitizi 鮓:鲊=cjkvi-variants+opencc+unihan+wikidata+yitizi 鮕:𲍌=unihan 鮗:鿴=unihan+wikidata 鮘:𬶌=cjkvi-variants+unihan+wikidata 鮚:鲒=cjkvi-variants+opencc+unihan+wikidata+yitizi 鮛:𱇨=unihan+wikidata 鮜:鲘=cjkvi-variants+opencc+unihan+wikidata+yitizi 鮝:鲞=cjkvi-variants+opencc+unihan 鮞:鲕=cjkvi-variants+opencc+unihan+wikidata+yitizi 鮟:𩽾=cjkvi-variants+opencc+unihan+wikidata+yitizi 鮠:𬶏=cjkvi-variants+opencc+unihan+wikidata 鮡:𬶐=cjkvi-variants+opencc+unihan+wikidata 鮤:𫚓=cjkvi-variants+opencc+unihan+wikidata 鮥:𱇪=unihan+wikidata 鮦:鲖=cjkvi-variants+opencc+unihan+wikidata+yitizi 鮧:𱇧=unihan+wikidata 鮨:𮬜=unihan+wikidata 鮪:鲔=cjkvi-variants+opencc+unihan+wikidata+yitizi 鮫:鲛=cjkvi-variants+opencc+unihan+wikidata+yitizi 鮬:𱇦=unihan+wikidata 鮭:鲑=cjkvi-variants+opencc+unihan+wikidata+yitizi 鮮:鲜=cjkvi-variants+opencc+unihan+wikidata+yitizi 鮯:𫚗=cjkvi-variants+opencc+unihan+wikidata 鮰:𫚔=cjkvi-variants+opencc+unihan+wikidata+yitizi 鮳:鲓=cjkvi-variants+opencc+unihan+wikidata+yitizi 鮵:𫚛=cjkvi-variants+opencc+unihan+wikidata 鮶:鲪=cjkvi-variants+opencc+unihan+wikidata+yitizi 鮷:𬶕=cjkvi-variants+unihan+wikidata 鮸:𩾃=cjkvi-variants+opencc+unihan+wikidata+yitizi 鮹:𱇯=unihan+wikidata 鮺:鲝=cjkvi-variants+opencc+unihan+wikidata+yitizi 鮻:𱇳=unihan+wikidata 鮿:𫚚=cjkvi-variants+opencc+unihan+wikidata 鯀:鲧=cjkvi-variants+opencc+unihan+wikidata+yitizi 鯁:鲠=cjkvi-variants+opencc+unihan+wikidata+yitizi 鯄:𩾁=cjkvi-variants+opencc+unihan+wikidata+yitizi 鯅:𱈁=unihan+wikidata 鯆:𫚙=cjkvi-variants+opencc+unihan+wikidata+yitizi 鯇:鲩=cjkvi-variants+opencc+unihan+wikidata+yitizi 鯈:𱇱=unihan+wikidata 鯉:鲤=cjkvi-variants+opencc+unihan+wikidata+yitizi 鯊:鲨=cjkvi-variants+opencc+unihan+wikidata+yitizi 鯋:𲍔=unihan 鯌:𬶔=cjkvi-variants+unihan+wikidata 鯎:𲍒=unihan 鯒:鲬=cjkvi-variants+opencc+unihan+wikidata+yitizi 鯔:鲻=cjkvi-variants+opencc+unihan+wikidata+yitizi 鯕:鲯=cjkvi-variants+opencc+unihan+wikidata+yitizi 鯖:鲭=cjkvi-variants+opencc+unihan+wikidata+yitizi 鯚:𱇺=unihan+wikidata 鯛:鲷=cjkvi-variants+opencc+unihan+wikidata+yitizi 鯝:鲴=cjkvi-variants+opencc+unihan+wikidata+yitizi 鯞:𫚡=cjkvi-variants+opencc+unihan+wikidata 鯡:鲱=cjkvi-variants+opencc+unihan+wikidata+yitizi 鯢:鲵=cjkvi-variants+opencc+unihan+wikidata+yitizi 鯤:鲲=cjkvi-variants+opencc+unihan+wikidata+yitizi 鯥:𱇶=unihan+wikidata 鯦:𱇼=unihan+wikidata 鯧:鲳=cjkvi-variants+opencc+unihan+wikidata+yitizi 鯨:鲸=cjkvi-variants+opencc+unihan+wikidata+yitizi 鯪:鲮=cjkvi-variants+opencc+unihan+wikidata+yitizi 鯫:鲰=cjkvi-variants+opencc+unihan+wikidata+yitizi 鯬:𫚞=cjkvi-variants+opencc+unihan 鯮:𱇾=unihan+wikidata 鯰:鲶=cjkvi-variants+opencc+unihan+wikidata 鯱:𩾇=cjkvi-variants+opencc+unihan+wikidata+yitizi 鯴:鲺=cjkvi-variants+opencc+unihan+wikidata+yitizi 鯷:鳀=cjkvi-variants+opencc+unihan+wikidata+yitizi 鯸:𱈄=unihan+wikidata 鯹:𬶢=cjkvi-variants+unihan+wikidata 鯻:𬶟=cjkvi-variants+opencc+unihan 鯼:𱈅=unihan+wikidata 鯽:鲫=cjkvi-variants+opencc+unihan+wikidata+yitizi 鯾:𫚣=cjkvi-variants+opencc+unihan+wikidata 鯿:鳊=cjkvi-variants+opencc+unihan+yitizi 鰀:𲍗=unihan 鰁:鳈=cjkvi-variants+opencc+unihan+wikidata+yitizi 鰃:鳂=cjkvi-variants+opencc+unihan+wikidata+yitizi 鰅:𱈂=unihan+wikidata 鰇:𬶧=cjkvi-variants+unihan+wikidata 鰈:鲽=cjkvi-variants+opencc+unihan+wikidata+yitizi 鰉:鳇=cjkvi-variants+opencc+unihan+wikidata+yitizi 鰊:𬶠=cjkvi-variants+opencc+unihan+wikidata 鰋:𫚢=cjkvi-variants+opencc+unihan+wikidata 鰍:鳅=cjkvi-variants+opencc+unihan+wikidata+yitizi 鰏:鲾=cjkvi-variants+opencc+unihan+wikidata+yitizi 鰐:鳄=cjkvi-variants+opencc+unihan 鰒:鳆=cjkvi-variants+opencc+unihan+wikidata+yitizi 鰓:鳃=cjkvi-variants+opencc+unihan+wikidata+yitizi 鰕:𫚥=cjkvi-variants+opencc+unihan+wikidata 鰗:𬶞=cjkvi-variants+unihan+wikidata 鰛:鳁=cjkvi-variants+opencc+unihan+yitizi 鰜:鳒=cjkvi-variants+opencc+unihan+wikidata+yitizi 鰝:𱈋=unihan+wikidata 鰟:鳑=cjkvi-variants+opencc+unihan+wikidata+yitizi 鰠:鳋=cjkvi-variants+opencc+unihan+wikidata+yitizi 鰡:𱈊=unihan+wikidata 鰥:鳏=cjkvi-variants+opencc+unihan+wikidata+yitizi 鰦:𫚤=cjkvi-variants+opencc+unihan+wikidata 鰨:鳎=cjkvi-variants+opencc+unihan+wikidata+yitizi 鰩:鳐=cjkvi-variants+opencc+unihan+wikidata+yitizi 鰫:𫚦=cjkvi-variants+opencc+unihan+wikidata 鰬:𱈉=unihan+wikidata 鰭:鳍=cjkvi-variants+opencc+unihan+wikidata+yitizi 鰯:𱈍=unihan+wikidata 鰲:鳌=cjkvi-variants+opencc+unihan+wikidata+yitizi 鰳:鳓=cjkvi-variants+opencc+unihan+wikidata+yitizi 鰴:𱈑=unihan+wikidata 鰵:鳘=cjkvi-variants+opencc+unihan+wikidata+yitizi 鰶:𬶭=cjkvi-variants+opencc+unihan+wikidata 鰻:鳗=cjkvi-variants+opencc+unihan+wikidata+yitizi 鰼:鳛=cjkvi-variants+opencc+unihan+wikidata+yitizi 鰽:𫚧=cjkvi-variants+opencc+unihan+wikidata 鰾:鳔=cjkvi-variants+opencc+unihan+wikidata+yitizi 鱀:𬶨=cjkvi-variants+opencc+unihan+wikidata 鱁:𱈏=unihan+wikidata 鱃:𱈌=unihan+wikidata 鱄:𱈐=unihan+wikidata 鱅:鳙=cjkvi-variants+opencc+unihan+wikidata+yitizi 鱆:𫠒=cjkvi-variants+opencc+unihan+wikidata 鱇:𩾌=cjkvi-variants+opencc+unihan+wikidata+yitizi 鱈:鳕=cjkvi-variants+opencc+unihan+wikidata+yitizi 鱉:鳖=cjkvi-variants+opencc+unihan+wikidata+yitizi 鱊:𫚪=cjkvi-variants+opencc+unihan+wikidata 鱋:𬶬=cjkvi-variants+unihan+wikidata 鱌:𬶲=cjkvi-variants+unihan+wikidata 鱏:𱈓=unihan+wikidata 鱑:𬶫=cjkvi-variants+unihan+wikidata 鱒:鳟=cjkvi-variants+opencc+unihan+wikidata+yitizi 鱔:鳝=cjkvi-variants+opencc+unihan+wikidata+yitizi 鱕:𱈕=unihan+wikidata 鱖:鳜=cjkvi-variants+opencc+unihan+wikidata+yitizi 鱗:鳞=cjkvi-variants+opencc+unihan+wikidata+yitizi 鱚:𬶮=cjkvi-variants+opencc+unihan+wikidata 鱞:𬶵=cjkvi-variants+unihan+wikidata 鱢:𫚫=cjkvi-variants+opencc+unihan+wikidata 鱣:鳣=cjkvi-variants+opencc+unihan+wikidata+yitizi 鱤:鳡=cjkvi-variants+opencc+unihan+wikidata+yitizi 鱧:鳢=cjkvi-variants+opencc+unihan+wikidata+yitizi 鱨:𱈘=unihan+wikidata 鱬:𱈗=unihan+wikidata 鱯:鳠=cjkvi-variants+opencc+unihan+wikidata+yitizi 鱲:𫚭=cjkvi-variants+opencc+unihan+wikidata 鱴:𱈙=unihan+wikidata 鱵:𮬤=unihan+wikidata 鱷:𱈚=unihan+wikidata 鱹:𬶺=cjkvi-variants+unihan+wikidata 龽:𰞳=unihan+wikidata 鿕:𱆥=unihan+wikidata 鿳:鿸=unihan+wikidata 鿵:𩷓=unihan+wikidata 鿶:𩷕=unihan+wikidata 鿷:𩹎=unihan+wikidata 鿹:𬵨=unihan+wikidata 𢐗:𰐚=unihan+wikidata 𣤿:𬶷=cjkvi-variants+unihan+wikidata 𣩕:𬆙=cjkvi-variants+unihan+wikidata 𧀦:𱾢=unihan 𨇤:𫏨=cjkvi-variants+opencc+unihan+wikidata 𩵚:𬶂=cjkvi-variants+unihan+wikidata 𩵠:𲍊=unihan 𩵦:𫠏=cjkvi-variants+opencc+unihan+wikidata 𩵩:𩽺=cjkvi-variants+opencc+unihan+wikidata+yitizi 𩵱:𬶉=cjkvi-variants+unihan+wikidata 𩵳:𮹓=unihan+wikidata 𩵶:𲍉=unihan 𩵹:𩽻=cjkvi-variants+opencc+unihan+wikidata+yitizi 𩵺:𬶈=cjkvi-variants+unihan+wikidata 𩶀:𬶅=cjkvi-variants+unihan+wikidata 𩶁:𫚎=cjkvi-variants+opencc+unihan+wikidata 𩶤:𲍏=unihan 𩶯:𱇫=unihan+wikidata 𩶰:𩽿=cjkvi-variants+opencc+unihan+wikidata+yitizi 𩶱:𩽽=cjkvi-variants+opencc+unihan+wikidata+yitizi 𩷒:𬶒=cjkvi-variants+unihan+wikidata 𩷰:𩾄=cjkvi-variants+opencc+unihan+wikidata+yitizi 𩷶:𱇮=unihan+wikidata 𩸃:𩾅=cjkvi-variants+opencc+unihan+wikidata+yitizi 𩸄:𫚝=cjkvi-variants+opencc+unihan+wikidata 𩸆:𬶖=cjkvi-variants+unihan+wikidata 𩸡:𫚟=cjkvi-variants+opencc+unihan+wikidata 𩸣:𬶙=cjkvi-variants+unihan+wikidata 𩸤:𬶚=cjkvi-variants+unihan+wikidata 𩸦:𩾆=cjkvi-variants+opencc+unihan+wikidata+yitizi 𩸩:𬶝=cjkvi-variants+unihan+wikidata 𩸬:𬶜=cjkvi-variants+unihan+wikidata 𩹂:𱈃=unihan+wikidata 𩹊:𬶦=cjkvi-variants+unihan+wikidata 𩹝:𬶡=cjkvi-variants+unihan+wikidata 𩹡:𬶘=cjkvi-variants+unihan+wikidata 𩹽:𬶩=cjkvi-variants+unihan 𩺝:𬶪=cjkvi-variants+unihan+wikidata 𩺞:𱈎=unihan+wikidata 𩻗:𫚨=cjkvi-variants+opencc+unihan+wikidata 𩻛:𱈔=unihan+wikidata 𩻧:𬶯=cjkvi-variants+unihan+wikidata 𩻬:𫚩=cjkvi-variants+opencc+unihan+wikidata 𩻰:𬶰=cjkvi-variants+unihan+wikidata 𩻱:𬶱=cjkvi-variants+unihan+wikidata 𩼔:𬶶=cjkvi-variants+unihan+wikidata 𩼶:𫚬=cjkvi-variants+opencc+unihan+wikidata 𩽅:𬶸=cjkvi-variants+unihan+wikidata 𩽇:𩾎=cjkvi-variants+opencc+unihan+wikidata 𩽔:𬶹=cjkvi-variants+unihan+wikidata 𩽷:𬶻=cjkvi-variants+unihan+wikidata 𫙱:𲍘=unihan 𬧔:𬧙=cjkvi-variants+unihan+wikidata 𬵂:𱇎=unihan+wikidata 𬵃:𬶃=cjkvi-variants+unihan+wikidata 𲌲:𲍋=unihan
魚	𩵋	6	9	8	蘅:𧄇=cjkvi-variants+wikidata 蘓:𧁨=cjkvi-variants+mj-shrink-map 衡:𢖍=cjkvi-variants+mj-shrink-map+wikidata 鮕:𩾀=cjkvi-variants+wikidata 𩷟:𩾉=cjkvi-variants+wikidata 𩸙:𩸺=cjkvi-variants 𩼇:𩾍=cjkvi-variants+wikidata
魚	𩺰	2	1	1	漁:𩼪=cjkvi-variants+mj-shrink-map+wikidata 𢐗:𪫅=wikidata
魯	鲁	8	10	9	噜:嚕=cjkvi-variants+opencc+unihan+wikidata+yitizi 撸:擼=cjkvi-variants+opencc+unihan+wikidata+yitizi 橹:櫓=cjkvi-variants+opencc+unihan+wikidata+yitizi 氇:氌=cjkvi-variants+opencc+unihan+wikidata+yitizi 澛:瀂=cjkvi-variants+opencc+unihan+wikidata+yitizi 穞:穭=cjkvi-variants+opencc+yitizi 𧀦:𱾢=unihan 𬧔:𬧙=cjkvi-variants+unihan+wikidata
鮮	鲜	4	5	5	㶍:𰝟=unihan+wikidata 癣:癬=cjkvi-variants+opencc+unihan+wikidata+yitizi 藓:蘚=cjkvi-variants+opencc+unihan+wikidata+yitizi 𨇤:𫏨=cjkvi-variants+opencc+unihan+wikidata
鳥	{47}	2	1	1	䙚:裊=cjkvi-variants+mj-shrink-map 嘄:𡂢=cjkvi-variants+wikidata
鳥	鸟	320	335	323	㭤:樢=cjkvi-variants+opencc+unihan+wikidata+yitizi 㶉:鸂=cjkvi-variants+opencc+unihan+wikidata+yitizi 䉆:𮵮=unihan+wikidata 䲨:𬷾=cjkvi-variants+unihan+wikidata 䲰:𪉂=cjkvi-variants+opencc+unihan+wikidata+yitizi 䲸:𮭡=unihan+wikidata 䲹:𱉖=unihan+wikidata 䲼:𬸆=cjkvi-variants+unihan+wikidata 䳂:𲍲=unihan 䳅:𱉙=unihan+wikidata 䳇:𱉞=unihan+wikidata 䳍:𮭥=unihan+wikidata 䳏:𱉤=unihan+wikidata 䳑:𲍳=unihan 䳒:𱉧=unihan+wikidata 䳓:𱉦=unihan+wikidata 䳕:𱉺=unihan+wikidata 䳚:𱉶=unihan+wikidata 䳜:𫛬=cjkvi-variants+opencc+unihan+wikidata 䳟:𱊂=unihan+wikidata 䳡:𲍾=unihan 䳢:𫛰=cjkvi-variants+opencc+unihan+wikidata 䳤:𫛮=cjkvi-variants+opencc+unihan+wikidata 䳥:𮹗=unihan+wikidata 䳧:𫛺=cjkvi-variants+opencc+unihan+wikidata 䳨:𬸛=cjkvi-variants+unihan+wikidata 䳫:𫛼=cjkvi-variants+opencc+unihan+wikidata 䳭:𱉼=unihan+wikidata 䳮:𱊓=unihan 䳲:𱊙=unihan+wikidata 䳺:𱊣=unihan+wikidata 䳽:𮹙=unihan+wikidata 䴇:𱊪=unihan+wikidata 䴈:𬸩=cjkvi-variants+unihan+wikidata 䴉:鹮=cjkvi-variants+opencc+unihan+wikidata+yitizi 䴋:𫜅=cjkvi-variants+opencc+unihan+wikidata 䴌:𲎈=unihan 䴏:𮹜=unihan+wikidata 䴓:鳾=cjkvi-variants+opencc+unihan+yitizi 䴔:鵁=cjkvi-variants+opencc+unihan+wikidata+yitizi 䴕:鴷=cjkvi-variants+opencc+unihan+wikidata+yitizi 䴖:鶄=cjkvi-variants+opencc+unihan+wikidata+yitizi 䴗:鶪=cjkvi-variants+opencc+unihan+wikidata+yitizi 䴘:鷉=cjkvi-variants+opencc+unihan+wikidata 䴙:鸊=cjkvi-variants+opencc+unihan+wikidata 窎:窵=cjkvi-variants+opencc+unihan+wikidata+yitizi 茑:蔦=cjkvi-variants+opencc+unihan+wikidata+yitizi 虉:𬟁=cjkvi-variants+opencc+unihan+wikidata 鳦:𱉇=unihan+wikidata 鳩:鸠=cjkvi-variants+opencc+unihan+wikidata+yitizi 鳭:𱉈=unihan+wikidata 鳱:𱉊=unihan+wikidata 鳲:鸤=cjkvi-variants+opencc+unihan+wikidata+yitizi 鳴:鸣=cjkvi-variants+opencc+unihan+wikidata+yitizi 鳶:鸢=cjkvi-variants+opencc+unihan+wikidata+yitizi 鳷:𫛛=cjkvi-variants+opencc+unihan+wikidata+yitizi 鳸:𱉓=unihan+wikidata 鳺:𱉎=unihan+wikidata 鳻:𱉑=unihan+wikidata 鳼:𪉃=cjkvi-variants+opencc+unihan+wikidata+yitizi 鳽:𫛚=cjkvi-variants+opencc+unihan+wikidata 鳿:𱉍=unihan+wikidata 鴀:𫛜=cjkvi-variants+opencc+unihan+wikidata 鴁:𮭢=unihan+wikidata 鴂:𱉔=unihan+wikidata 鴃:𫛞=cjkvi-variants+opencc+unihan+wikidata+yitizi 鴅:𫛝=cjkvi-variants+opencc+unihan+wikidata 鴆:鸩=cjkvi-variants+opencc+unihan+wikidata+yitizi 鴇:鸨=cjkvi-variants+opencc+unihan+wikidata+yitizi 鴉:鸦=cjkvi-variants+opencc+unihan+wikidata+yitizi 鴋:𲍮=unihan 鴍:𬸀=cjkvi-variants+unihan+wikidata 鴐:𫛤=cjkvi-variants+opencc+unihan+wikidata 鴒:鸰=cjkvi-variants+opencc+unihan+wikidata+yitizi 鴓:𮭤=unihan+wikidata 鴔:𫛡=cjkvi-variants+opencc+unihan+wikidata 鴕:鸵=cjkvi-variants+opencc+unihan+wikidata+yitizi 鴗:𫁡=cjkvi-variants+opencc+unihan+wikidata+yitizi 鴘:𱉡=unihan+wikidata 鴙:𱉛=unihan+wikidata 鴚:𱉕=unihan+wikidata 鴛:鸳=cjkvi-variants+opencc+unihan+wikidata+yitizi 鴜:𪉈=cjkvi-variants+opencc+unihan+wikidata+yitizi 鴝:鸲=cjkvi-variants+opencc+unihan+wikidata+yitizi 鴞:鸮=cjkvi-variants+opencc+unihan+wikidata+yitizi 鴟:鸱=cjkvi-variants+opencc+unihan+wikidata+yitizi 鴠:𱉗=unihan+wikidata 鴡:𱉘=unihan+wikidata 鴢:𱉢=unihan+wikidata 鴣:鸪=cjkvi-variants+opencc+unihan+wikidata+yitizi 鴥:𫛣=cjkvi-variants+opencc+unihan+wikidata 鴦:鸯=cjkvi-variants+opencc+unihan+wikidata+yitizi 鴨:鸭=cjkvi-variants+opencc+unihan+wikidata+yitizi 鴩:𱉚=unihan+wikidata 鴫:𮴿=unihan+wikidata 鴮:𫛦=cjkvi-variants+opencc+unihan+wikidata 鴯:鸸=cjkvi-variants+opencc+unihan+wikidata+yitizi 鴰:鸹=cjkvi-variants+opencc+unihan+wikidata+yitizi 鴱:𱉪=unihan+wikidata 鴲:𪉆=cjkvi-variants+opencc+unihan+wikidata+yitizi 鴳:𫛩=cjkvi-variants+opencc+unihan+wikidata 鴴:鸻=cjkvi-variants+opencc+unihan+wikidata+yitizi 鴶:𱉥=unihan+wikidata 鴸:𱉫=unihan+wikidata 鴹:𱉯=unihan+wikidata 鴺:𱉩=unihan+wikidata 鴻:鸿=cjkvi-variants+opencc+unihan+wikidata+yitizi 鴽:𫛪=cjkvi-variants+opencc+unihan+wikidata 鴾:𱉲=unihan+wikidata 鴿:鸽=cjkvi-variants+opencc+unihan+wikidata+yitizi 鵀:𬸊=cjkvi-variants+unihan+wikidata 鵂:鸺=cjkvi-variants+opencc+unihan+wikidata+yitizi 鵃:鸼=cjkvi-variants+opencc+unihan+wikidata+yitizi 鵄:𬸈=cjkvi-variants+unihan+wikidata 鵅:𱉮=unihan+wikidata 鵋:𱉽=unihan+wikidata 鵌:𱉸=unihan+wikidata 鵎:𱉻=unihan+wikidata 鵏:𬷕=cjkvi-variants+opencc+unihan+wikidata 鵐:鹀=cjkvi-variants+opencc+unihan+wikidata+yitizi 鵑:鹃=cjkvi-variants+opencc+unihan+wikidata+yitizi 鵒:鹆=cjkvi-variants+opencc+unihan+wikidata+yitizi 鵓:鹁=cjkvi-variants+opencc+unihan+wikidata+yitizi 鵔:𱉿=unihan+wikidata 鵕:𱉾=unihan+wikidata 鵖:𱉝=unihan+wikidata 鵗:𱉹=unihan+wikidata 鵚:𪉍=cjkvi-variants+opencc+unihan+wikidata+yitizi 鵜:鹈=cjkvi-variants+opencc+unihan+wikidata+yitizi 鵝:鹅=cjkvi-variants+opencc+unihan+wikidata+yitizi 鵟:𫛭=cjkvi-variants+opencc+unihan+wikidata 鵠:鹄=cjkvi-variants+opencc+unihan+wikidata+yitizi 鵡:鹉=cjkvi-variants+opencc+unihan+wikidata+yitizi 鵧:𫛨=cjkvi-variants+opencc+unihan+wikidata 鵩:𫛳=cjkvi-variants+opencc+unihan+wikidata 鵪:鹌=cjkvi-variants+opencc+unihan+wikidata+yitizi 鵫:𫛱=cjkvi-variants+opencc+unihan+wikidata 鵬:鹏=cjkvi-variants+opencc+unihan+wikidata+yitizi 鵮:鹐=cjkvi-variants+opencc+unihan+wikidata+yitizi 鵯:鹎=cjkvi-variants+opencc+unihan+wikidata+yitizi 鵰:𫛲=cjkvi-variants+opencc+unihan+wikidata 鵱:𱊀=unihan+wikidata 鵲:鹊=cjkvi-variants+opencc+unihan+wikidata+yitizi 鵳:𱊋=unihan+wikidata 鵴:𱊇=unihan+wikidata 鵵:𱊆=unihan+wikidata 鵷:鹓=cjkvi-variants+opencc+unihan+wikidata+yitizi 鵸:𱊁=unihan+wikidata 鵹:𱊃=unihan+wikidata 鵺:𲍿=unihan 鵻:𱊅=unihan+wikidata 鵼:𱊊=unihan+wikidata 鵽:𱊍=unihan+wikidata 鵾:鹍=cjkvi-variants+opencc+unihan+wikidata+yitizi 鶀:𬸒=cjkvi-variants+unihan+wikidata 鶂:𱊈=unihan+wikidata 鶃:𱊄=unihan+wikidata 鶅:𱊎=unihan+wikidata 鶉:鹑=cjkvi-variants+opencc+unihan+wikidata+yitizi 鶊:鹒=cjkvi-variants+opencc+unihan+wikidata+yitizi 鶋:𱊌=unihan+wikidata 鶌:𫛵=cjkvi-variants+opencc+unihan+wikidata 鶒:𫛶=cjkvi-variants+opencc+unihan+wikidata+yitizi 鶓:鹋=cjkvi-variants+opencc+unihan+wikidata+yitizi 鶔:𱊗=unihan+wikidata 鶕:𬸝=cjkvi-variants+unihan+wikidata 鶖:鹙=cjkvi-variants+opencc+unihan+wikidata+yitizi 鶗:𫛸=cjkvi-variants+opencc+unihan+wikidata+yitizi 鶘:鹕=cjkvi-variants+opencc+unihan+wikidata+yitizi 鶙:𱊕=unihan+wikidata 鶚:鹗=cjkvi-variants+opencc+unihan+wikidata+yitizi 鶛:𱊐=unihan+wikidata 鶝:𱊏=unihan+wikidata 鶞:𱊑=unihan+wikidata 鶟:𱊖=unihan+wikidata 鶠:𬸘=cjkvi-variants+opencc+unihan+wikidata 鶡:鹖=cjkvi-variants+opencc+unihan+wikidata+yitizi 鶢:𱊒=unihan+wikidata 鶣:𬸜=cjkvi-variants+unihan+wikidata 鶥:鹛=cjkvi-variants+opencc+unihan+wikidata+yitizi 鶦:𫛷=cjkvi-variants+opencc+unihan+wikidata 鶧:𲎀=unihan 鶨:𱊘=unihan+wikidata 鶩:鹜=cjkvi-variants+opencc+unihan+wikidata+yitizi 鶯:𮹘=unihan+wikidata 鶱:𬸣=cjkvi-variants+opencc+unihan+wikidata 鶲:鹟=cjkvi-variants+opencc+unihan+wikidata+yitizi 鶴:鹤=cjkvi-variants+opencc+unihan+wikidata+yitizi 鶶:𱊝=unihan+wikidata 鶷:𱊟=unihan+wikidata 鶹:鹠=cjkvi-variants+opencc+unihan+wikidata+yitizi 鶺:鹡=cjkvi-variants+opencc+unihan+wikidata+yitizi 鶻:鹘=cjkvi-variants+opencc+unihan+wikidata+yitizi 鶼:鹣=cjkvi-variants+opencc+unihan+wikidata+yitizi 鶽:𱊛=unihan+wikidata 鷀:鹚=cjkvi-variants+opencc+unihan 鷁:鹢=cjkvi-variants+opencc+unihan+wikidata+yitizi 鷂:鹞=cjkvi-variants+opencc+unihan+wikidata+yitizi 鷃:𮭨=unihan+wikidata 鷅:𫛽=cjkvi-variants+opencc+unihan+wikidata 鷊:鹝=cjkvi-variants+opencc+unihan+wikidata+yitizi 鷋:𱊠=unihan+wikidata 鷎:𬸢=cjkvi-variants+unihan+wikidata 鷏:𱊚=unihan+wikidata 鷐:𫜀=cjkvi-variants+opencc+unihan+wikidata 鷑:𱊢=unihan+wikidata 鷓:鹧=cjkvi-variants+opencc+unihan+wikidata+yitizi 鷔:𪉑=cjkvi-variants+opencc+unihan+wikidata+yitizi 鷕:𱊡=unihan+wikidata 鷖:鹥=cjkvi-variants+opencc+unihan+wikidata+yitizi 鷚:鹨=cjkvi-variants+opencc+unihan+wikidata+yitizi 鷛:𱊤=unihan+wikidata 鷞:𮭪=unihan+wikidata 鷟:𬸦=cjkvi-variants+opencc+unihan+wikidata 鷢:𱊧=unihan+wikidata 鷣:𫜃=cjkvi-variants+opencc+unihan+wikidata 鷦:鹪=cjkvi-variants+opencc+unihan+wikidata+yitizi 鷧:𱊦=unihan+wikidata 鷩:𫜁=cjkvi-variants+opencc+unihan+wikidata 鷭:𬸪=cjkvi-variants+opencc+unihan+wikidata 鷯:鹩=cjkvi-variants+opencc+unihan+wikidata+yitizi 鷰:𬸧=cjkvi-variants+unihan+wikidata 鷲:鹫=cjkvi-variants+opencc+unihan+wikidata+yitizi 鷵:𱊩=unihan+wikidata 鷷:𫜄=cjkvi-variants+opencc+unihan+wikidata 鷸:鹬=cjkvi-variants+opencc+unihan+wikidata+yitizi 鷹:鹰=cjkvi-variants+opencc+unihan+wikidata+yitizi 鷺:鹭=cjkvi-variants+opencc+unihan+wikidata+yitizi 鷾:𱊰=unihan+wikidata 鷿:𬸯=cjkvi-variants+opencc+unihan+wikidata 鸀:𱊬=unihan+wikidata 鸁:𱊮=unihan+wikidata 鸄:𱊯=unihan+wikidata 鸆:𱊫=unihan+wikidata 鸇:鹯=cjkvi-variants+opencc+unihan+wikidata+yitizi 鸌:鹱=cjkvi-variants+opencc+unihan+wikidata+yitizi 鸏:鹲=cjkvi-variants+opencc+unihan+wikidata+yitizi 鸐:𱊱=unihan+wikidata 鸒:𱊭=unihan+wikidata 鸓:𱊳=unihan+wikidata 鸖:𬸰=cjkvi-variants+unihan+wikidata 鸘:鹴=cjkvi-variants+opencc+unihan+wikidata+yitizi 鸙:𱊵=unihan+wikidata 鸛:鹳=cjkvi-variants+opencc+unihan+wikidata+yitizi 鸜:𬸱=cjkvi-variants+unihan+wikidata 𠑃:𱏅=wikidata 𧜣:𬡍=cjkvi-variants+unihan+wikidata 𩾐:𬷻=cjkvi-variants+unihan+wikidata 𩾒:𬷽=cjkvi-variants+unihan+wikidata 𩾝:𱉋=unihan+wikidata 𩿅:𫠖=cjkvi-variants+opencc+unihan+wikidata 𩿊:𱉒=unihan+wikidata 𩿞:𲍱=unihan 𩿤:𫛠=cjkvi-variants+opencc+unihan+wikidata 𩿥:𲍰=unihan 𩿧:𱉜=unihan+wikidata 𩿪:𪉄=cjkvi-variants+opencc+unihan+wikidata+yitizi 𩿱:𬸃=cjkvi-variants+unihan+wikidata 𩿺:𬸁=cjkvi-variants+unihan+wikidata 𪀉:𬸂=cjkvi-variants+unihan+wikidata 𪀖:𫛧=cjkvi-variants+opencc+unihan+wikidata 𪀗:𱉭=unihan+wikidata 𪀚:𱉣=unihan+wikidata 𪀛:𬸉=cjkvi-variants+unihan+wikidata 𪀢:𲍶=unihan 𪀦:𪉅=cjkvi-variants+opencc+unihan+wikidata+yitizi 𪀻:𬸋=cjkvi-variants+unihan+wikidata 𪀾:𪉋=cjkvi-variants+opencc+unihan+wikidata+yitizi 𪁈:𪉉=cjkvi-variants+opencc+unihan+wikidata+yitizi 𪁎:𲍸=unihan 𪁏:𮭦=unihan+wikidata 𪁐:𬸎=cjkvi-variants+unihan+wikidata 𪁑:𬸑=cjkvi-variants+unihan+wikidata 𪁕:𲍼=unihan 𪁖:𪉌=cjkvi-variants+opencc+unihan+wikidata+yitizi 𪁛:𱉷=unihan+wikidata 𪁣:𲍹=unihan 𪁱:𬸐=cjkvi-variants+unihan+wikidata 𪁿:𬸔=cjkvi-variants+unihan+wikidata 𪂆:𪉎=cjkvi-variants+opencc+unihan+wikidata+yitizi 𪂇:𲍽=unihan 𪂈:𬸖=cjkvi-variants+unihan+wikidata 𪂩:𬸗=cjkvi-variants+unihan+wikidata 𪂫:𬸓=cjkvi-variants+unihan+wikidata 𪃃:𱊔=unihan+wikidata 𪃍:𪉐=cjkvi-variants+opencc+unihan+wikidata+yitizi 𪃏:𪉏=cjkvi-variants+opencc+unihan+wikidata+yitizi 𪃒:𫛻=cjkvi-variants+opencc+unihan+wikidata 𪃦:𬸙=cjkvi-variants+unihan+wikidata 𪃧:𫛹=cjkvi-variants+opencc+unihan+wikidata 𪃮:𬸟=cjkvi-variants+unihan+wikidata 𪃿:𬸠=cjkvi-variants+unihan+wikidata 𪄆:𪉔=cjkvi-variants+opencc+unihan+wikidata+yitizi 𪄕:𪉒=cjkvi-variants+opencc+unihan+wikidata+yitizi 𪄠:𱊞=unihan+wikidata 𪄲:𱊥=unihan+wikidata 𪅂:𫜂=cjkvi-variants+opencc+unihan+wikidata 𪅃:𬸤=cjkvi-variants+unihan+wikidata 𪅖:𬸥=cjkvi-variants+unihan+wikidata 𪅾:𬸨=cjkvi-variants+unihan+wikidata 𪆃:𬸫=cjkvi-variants+unihan+wikidata 𪆏:𲎆=unihan 𪆫:𱊨=unihan+wikidata 𪆰:𬸭=cjkvi-variants+unihan+wikidata 𪆴:𬸮=cjkvi-variants+unihan+wikidata 𪇄:𬸬=cjkvi-variants+unihan+wikidata 𪇰:𱊲=unihan+wikidata 𪇳:𪉕=cjkvi-variants+opencc+unihan+wikidata+yitizi 𪈏:𱊴=unihan 𬶼:𱉉=unihan+wikidata 𬷈:𮹕=unihan+wikidata 𬷚:𲍺=unihan 𬷨:𲎁=unihan 𬷩:𲎂=unihan 𮬨:𲍫=unihan 𮬭:𮭣=unihan+wikidata 𮭒:𲎃=unihan 𲍛:𲍭=unihan 𲍟:𲍷=unihan
鳧	鳬	2	1	1	𣹋:𣿆=cjkvi-variants+wikidata 𦳓:𦽏=cjkvi-variants+wikidata
鹿	𢉖	4	5	5	螰:𧐳=cjkvi-variants+wikidata 蹗:𨄭=cjkvi-variants+wikidata 鄜:𨝧=cjkvi-variants+wikidata 𥛞:𥛪=cjkvi-variants+wikidata
麗	𪋘	8	9	9	䕻:𧅳=cjkvi-variants+wikidata 䚕:𧢮=cjkvi-variants+wikidata 廲:𢌒=cjkvi-variants+wikidata 灑:𭳺=wikidata 纚:𮉟=mj-shrink-map+wikidata 酈:𨟫=cjkvi-variants+mj-shrink-map+wikidata 鸝:𪈹=cjkvi-variants+mj-shrink-map+wikidata 𧥖:𧥗=cjkvi-variants+wikidata
麥	麦	68	75	72	䥑:𨦎=cjkvi-variants 䴬:𪎈=cjkvi-variants+opencc+unihan+wikidata+yitizi 䴭:𬹅=cjkvi-variants+unihan+wikidata 䴮:𱋆=unihan+wikidata 䴱:𫜒=cjkvi-variants+opencc+unihan+wikidata 䴲:𱋊=unihan+wikidata 䴳:𱋎=unihan+wikidata 䴴:𪎋=cjkvi-variants+opencc+unihan+wikidata+yitizi 䴵:𱋔=unihan+wikidata 䴷:𬹉=cjkvi-variants+unihan+wikidata 䴸:𱋗=unihan+wikidata 䴹:𱋙=unihan+wikidata 䴺:𱋝=unihan+wikidata 䴽:𫜔=cjkvi-variants+opencc+unihan+wikidata 䵂:𱋪=unihan+wikidata 䵃:𱋫=unihan+wikidata 䵆:𱋮=unihan+wikidata 唛:嘜=cjkvi-variants+opencc+unihan+wikidata+yitizi 麧:𱋇=unihan+wikidata 麨:𪎊=cjkvi-variants+opencc+unihan+wikidata+yitizi 麩:麸=cjkvi-variants+opencc+unihan+wikidata+yitizi 麪:𮮄=unihan+wikidata 麬:𤿲=cjkvi-variants+opencc+unihan+wikidata 麭:𮮆=unihan+wikidata 麮:𱋋=unihan+wikidata 麯:𱋐=unihan+wikidata 麰:𮮇=unihan+wikidata 麱:𱋖=unihan+wikidata 麴:麹=cjkvi-variants+opencc+unihan+wikidata+yitizi 麵:麺=cjkvi-variants+opencc+unihan+wikidata+yitizi 𣼊:𭰗=unihan 𨀱:𨄣=opencc+unihan+yitizi 𨅫:𨇞=cjkvi-variants+opencc+unihan+wikidata+yitizi 𪋼:𱋅=unihan+wikidata 𪋽:𱋄=unihan 𪋿:𫧮=cjkvi-variants+opencc+unihan+wikidata 𪌐:𱋉=unihan+wikidata 𪌗:𱋌=unihan+wikidata 𪌘:𱋍=unihan+wikidata 𪌣:𱋓=unihan+wikidata 𪌨:𰎴=unihan 𪌬:𱋕=unihan+wikidata 𪌭:𫜓=cjkvi-variants+opencc+unihan+wikidata 𪌮:𱋘=unihan+wikidata 𪌯:𬹈=cjkvi-variants+unihan+wikidata 𪌰:𬹇=cjkvi-variants+unihan+wikidata 𪌽:𬹋=cjkvi-variants+unihan+wikidata 𪌾:𱋚=unihan+wikidata 𪌿:𬹌=cjkvi-variants+unihan+wikidata 𪍀:𬹊=cjkvi-variants+unihan+wikidata 𪍅:𲎒=unihan 𪍇:𱋜=unihan+wikidata 𪍍:𱋠=unihan+wikidata 𪍑:𱋢=unihan+wikidata 𪍒:𱋟=unihan+wikidata 𪍓:𱋥=unihan+wikidata 𪍘:𱋤=unihan+wikidata 𪍚:𱋣=unihan+wikidata 𪍞:𱋦=unihan+wikidata 𪍠:𫜕=cjkvi-variants+opencc+unihan+wikidata 𪍤:𬹍=cjkvi-variants+unihan+wikidata 𪍬:𱋨=unihan+wikidata 𪍮:𲎓=unihan 𪍰:𱋩=unihan+wikidata 𪍴:𱋬=unihan+wikidata 𪍶:𬹎=cjkvi-variants+unihan+wikidata 𫉍:𮏀=unihan+wikidata 𬹂:𬹆=cjkvi-variants+unihan+wikidata
黑	𪐗	2	3	1	䕸:𧅡=cjkvi-variants+wikidata 𨾄:𪑠=cjkvi-variants
黽	{93}	3	7	3	竃:竈=cjkvi-variants+hng-basic-data+opencc 縄:繩=cjkvi-variants+hng-basic-data+mj-shrink-map+opencc+unihan+wikidata+yitizi 蝿:蠅=cjkvi-variants+hng-basic-data+wikidata+yitizi
黽	⿱罒电	4	5	4	䵴:𪒎=cjkvi-variants+wikidata 僶:𬿄=wikidata 繩:𦃰=cjkvi-variants+wikidata 鄳:𰻵=wikidata
黽	黾	27	32	30	䋲:繩=cjkvi-variants+unihan+wikidata+yitizi 䵴:𫜙=cjkvi-variants+opencc+unihan+wikidata 䵶:𱌁=unihan+wikidata 䵷:𱌃=unihan+wikidata 僶:𠊟=cjkvi-variants+wikidata 憴:𰑪=unihan+wikidata 渑:澠=cjkvi-variants+opencc+unihan+wikidata+yitizi 蝇:蠅=cjkvi-variants+mj-shrink-map+opencc+unihan+wikidata+yitizi 鄳:𫑡=cjkvi-variants+opencc+unihan+wikidata 黿:鼋=cjkvi-variants+opencc+unihan+wikidata+yitizi 鼀:𱋾=unihan+wikidata 鼁:𱋿=unihan+wikidata 鼂:鼌=cjkvi-variants+opencc+unihan+wikidata+yitizi 鼄:𬹣=cjkvi-variants+unihan+wikidata 鼅:𱌄=unihan+wikidata 鼆:𱌆=unihan+wikidata 鼈:𱌇=unihan+wikidata 鼊:𱌉=unihan+wikidata 𡢘:𰌉=unihan+wikidata 𣈣:𣋋=cjkvi-variants+opencc+unihan+wikidata 𣎜:𰮭=unihan+wikidata 𣤶:𬅲=cjkvi-variants+unihan+wikidata 𥋝:𰥭=unihan+wikidata 𥜐:𫀓=cjkvi-variants+opencc+unihan+wikidata 𪓛:𱌀=unihan+wikidata 𪓬:𱌅=unihan+wikidata 𪓰:𫜟=cjkvi-variants+opencc+unihan+wikidata 𪓹:𱌈=unihan+wikidata
黾	⿷⿹{91}{71}𫜹	3	6	6	憴:𰑪=unihan+wikidata 蝇:蠅=cjkvi-variants+mj-shrink-map+opencc+unihan+wikidata+yitizi 鼈:𱌇=unihan+wikidata
鼠	鼡	2	3	1	蝋:𧒑=cjkvi-variants 鼬:𫠘=cjkvi-variants+mj-shrink-map+wikidata
齊	齐	24	28	25	䍤:𫅅=cjkvi-variants+opencc+unihan+wikidata 侪:儕=cjkvi-variants+opencc+unihan+wikidata+yitizi 剂:劑=cjkvi-variants+opencc+unihan+wikidata+yitizi 哜:嚌=cjkvi-variants+opencc+unihan+wikidata+yitizi 懠:𫺊=cjkvi-variants+unihan+wikidata 挤:擠=cjkvi-variants+opencc+unihan+wikidata+yitizi 櫅:𪲎=cjkvi-variants+opencc+unihan+wikidata 济:濟=cjkvi-variants+opencc+unihan+wikidata+yitizi 璾:𫞦=cjkvi-variants+opencc+unihan+wikidata 癠:𰣬=unihan+wikidata 穧:𰨦=unihan+wikidata 脐:臍=cjkvi-variants+opencc+unihan+wikidata+yitizi 荠:薺=cjkvi-variants+opencc+unihan+wikidata+yitizi 蛴:蠐=cjkvi-variants+opencc+unihan+wikidata+yitizi 跻:躋=cjkvi-variants+opencc+unihan+wikidata+yitizi 隮:𬯀=cjkvi-variants+opencc+unihan+wikidata 霁:霽=cjkvi-variants+opencc+unihan+wikidata+yitizi 麡:𬸾=cjkvi-variants+unihan+wikidata 齌:𱌗=unihan+wikidata 齍:𱌘=unihan+wikidata 齎:𮚁=wikidata 齏:齑=cjkvi-variants+opencc+unihan+wikidata+yitizi 𨠨:𨣧=cjkvi-variants+opencc+unihan+wikidata 𪗋:𱌙=unihan+wikidata
齒	齿	68	72	71	䶕:𫜨=cjkvi-variants+opencc+unihan+wikidata 䶗:𮯙=unihan+wikidata 䶢:𬺍=cjkvi-variants+unihan 䶪:𬺕=cjkvi-variants+unihan+wikidata 啮:嚙=cjkvi-variants+opencc+unihan+wikidata+yitizi 齔:龀=cjkvi-variants+opencc+unihan+wikidata+yitizi 齕:龁=cjkvi-variants+opencc+unihan+wikidata+yitizi 齖:𬹺=cjkvi-variants+unihan+wikidata 齗:龂=cjkvi-variants+opencc+unihan+wikidata+yitizi 齘:𬹼=cjkvi-variants+opencc+unihan+wikidata 齙:龅=cjkvi-variants+opencc+unihan+wikidata+yitizi 齚:𱌬=unihan+wikidata 齜:龇=cjkvi-variants+opencc+unihan+wikidata+yitizi 齝:𱌯=unihan+wikidata 齞:𱌫=unihan+wikidata 齟:龃=cjkvi-variants+opencc+unihan+wikidata+yitizi 齠:龆=cjkvi-variants+opencc+unihan+wikidata+yitizi 齡:龄=cjkvi-variants+opencc+unihan+wikidata+yitizi 齣:𱌮=unihan+wikidata 齤:𱌲=unihan+wikidata 齥:𱌱=unihan+wikidata 齦:龈=cjkvi-variants+opencc+unihan+wikidata+yitizi 齧:𫜩=cjkvi-variants+opencc+unihan+wikidata 齩:𫜪=cjkvi-variants+opencc+unihan+wikidata 齪:龊=cjkvi-variants+opencc+unihan+wikidata+yitizi 齬:龉=cjkvi-variants+opencc+unihan+wikidata+yitizi 齭:𫜭=cjkvi-variants+opencc+unihan+wikidata 齮:𬺈=cjkvi-variants+opencc+unihan+wikidata 齯:𫠜=cjkvi-variants+opencc+unihan+wikidata 齰:𫜬=cjkvi-variants+opencc+unihan+wikidata 齱:𱌶=unihan+wikidata 齲:龋=cjkvi-variants+opencc+unihan+wikidata+yitizi 齴:𫜮=cjkvi-variants+opencc+unihan+wikidata 齵:𱌹=unihan+wikidata 齷:龌=cjkvi-variants+opencc+unihan+wikidata+yitizi 齸:𱌽=unihan+wikidata 齹:𬺎=cjkvi-variants+unihan+wikidata 齻:𱌺=unihan+wikidata 齼:𬺓=cjkvi-variants+opencc+unihan+wikidata 齽:𬺔=cjkvi-variants+unihan+wikidata 𡤫:𫱿=cjkvi-variants+unihan+wikidata 𡿖:𪩛=cjkvi-variants+opencc+unihan+wikidata 𪗜:𬹽=cjkvi-variants+unihan+wikidata 𪗝:𬹻=cjkvi-variants+unihan+wikidata 𪗪:𬹿=cjkvi-variants+unihan+wikidata 𪗭:𬺀=cjkvi-variants+unihan+wikidata 𪗳:𬹾=cjkvi-variants+unihan+wikidata 𪗻:𬺁=cjkvi-variants+unihan+wikidata 𪗽:𬺄=cjkvi-variants+unihan+wikidata 𪘀:𪚏=cjkvi-variants+opencc+unihan+wikidata+yitizi 𪘁:𲎨=unihan 𪘅:𰳆=unihan+wikidata 𪘓:𬺇=cjkvi-variants+unihan+wikidata 𪘞:𬺆=cjkvi-variants+unihan+wikidata 𪘥:𱌸=unihan+wikidata 𪘧:𬺋=cjkvi-variants+unihan+wikidata 𪘩:𬺊=cjkvi-variants+unihan+wikidata 𪘬:𱌷=unihan+wikidata 𪘯:𪚐=cjkvi-variants+opencc+unihan+wikidata+yitizi 𪘲:𬺌=cjkvi-variants+unihan+wikidata 𪘵:𲎩=unihan 𪙉:𱌼=unihan+wikidata 𪙍:𬺏=cjkvi-variants+unihan+wikidata 𪙏:𫜯=cjkvi-variants+opencc+unihan+wikidata 𪙑:𬺑=cjkvi-variants+unihan+wikidata 𪙕:𬺐=cjkvi-variants+unihan+wikidata 𪙦:𲎪=unihan 𪚅:𬺖=cjkvi-variants+unihan+wikidata 𫜦:𫜫=cjkvi-variants+opencc+unihan+wikidata 𫠙:𲎧=unihan
龍	⿱立电	3	5	3	儱:𫣏=cjkvi-variants 朧:𪱨=cjkvi-variants+mj-shrink-map 𤳽:𬏑=wikidata
龍	⿳丶𰀆电	3	5	3	儱:𫣏=cjkvi-variants 朧:𪱨=cjkvi-variants+mj-shrink-map 𤳽:𬏑=wikidata
龍	⿳亠䒑电	3	5	3	儱:𫣏=cjkvi-variants 朧:𪱨=cjkvi-variants+mj-shrink-map 𤳽:𬏑=wikidata
龍	龙	47	52	49	㰍:𬺜=cjkvi-variants+unihan+wikidata 䏊:𰭹=unihan+wikidata 䡁:𬧢=cjkvi-variants+unihan+wikidata 䪊:𫖅=cjkvi-variants+opencc+unihan+wikidata 䶮:龑=cjkvi-variants+opencc+unihan+wikidata+yitizi 儱:𫢒=cjkvi-variants+unihan+wikidata 厐:龎=cjkvi-variants+opencc+unihan+wikidata+yitizi 咙:嚨=cjkvi-variants+opencc+unihan+wikidata+yitizi 垄:壟=cjkvi-variants+opencc+unihan+wikidata+yitizi 垅:壠=cjkvi-variants+opencc+unihan+wikidata+yitizi 宠:寵=cjkvi-variants+opencc+unihan+wikidata+yitizi 巃:𰎎=unihan+wikidata 巄:𱛓=unihan 庞:龐=cjkvi-variants+opencc+unihan+wikidata+yitizi 徿:𪫌=cjkvi-variants+opencc+unihan+wikidata 拢:攏=cjkvi-variants+opencc+unihan+wikidata+yitizi 昽:曨=cjkvi-variants+opencc+unihan+wikidata+yitizi 朧:胧=cjkvi-variants+opencc+unihan+wikidata+yitizi 栊:櫳=cjkvi-variants+opencc+unihan+wikidata+yitizi 泷:瀧=cjkvi-variants+opencc+unihan+wikidata+yitizi 爖:𤇭=cjkvi-variants+opencc+unihan+wikidata 珑:瓏=cjkvi-variants+opencc+unihan+wikidata+yitizi 眬:矓=cjkvi-variants+opencc+unihan+wikidata+yitizi 砻:礱=cjkvi-variants+opencc+unihan+wikidata+yitizi 礲:𰦭=unihan+wikidata 竉:𰩅=unihan+wikidata 笼:籠=cjkvi-variants+opencc+unihan+wikidata+yitizi 聋:聾=cjkvi-variants+opencc+unihan+wikidata+yitizi 茏:蘢=cjkvi-variants+opencc+unihan+wikidata+yitizi 蠪:𰲴=unihan+wikidata 袭:襲=cjkvi-variants+opencc+unihan+wikidata+yitizi 襱:𰳲=unihan+wikidata 詟:讋=cjkvi-variants+opencc+unihan+wikidata+yitizi 豅:𰶑=unihan+wikidata 躘:𨀁=cjkvi-variants+opencc+unihan+wikidata 陇:隴=cjkvi-variants+opencc+unihan+wikidata+yitizi 龏:𱍁=unihan+wikidata 龓:𫜲=cjkvi-variants+opencc+unihan+wikidata 龔:龚=cjkvi-variants+opencc+unihan+wikidata+yitizi 龕:龛=cjkvi-variants+opencc+unihan+wikidata+yitizi 𠑙:𫢹=cjkvi-variants+unihan+wikidata 𠖥:𮰄=unihan+wikidata 𢘙:𢤱=cjkvi-variants+opencc+unihan+wikidata 𤜆:𪺪=cjkvi-variants+opencc+unihan 𦨩:𦪽=cjkvi-variants+opencc+unihan+wikidata+yitizi 𩬤:𩰀=cjkvi-variants+opencc+unihan+wikidata+yitizi 𪚔:𬺛=cjkvi-variants+unihan+wikidata 𪚣:𬺝=cjkvi-variants+unihan+wikidata
龜	龟	8	10	9	䶱:𱍇=unihan+wikidata 䶲:𫜳=cjkvi-variants+opencc+unihan+wikidata 龝:𬓫=cjkvi-variants+unihan+wikidata 龞:𱍈=unihan+wikidata 𪚭:𱍅=unihan+wikidata 𪚮:𱍄=unihan+wikidata 𪚰:𱍆=unihan+wikidata 𪛕:𱍉=unihan+wikidata
龠	⿱合𠕁	3	6	3	瀹:𣼕=cjkvi-variants 爚:𤍼=cjkvi-variants+wikidata 鑰:𫓂=cjkvi-variants
龠	⿳{88}口𠕁	3	4	3	瀹:𣼕=cjkvi-variants 爚:𤍼=cjkvi-variants+wikidata 鑰:𫓂=cjkvi-variants
龠	⿳𠆢𠮛𠕁	3	4	3	瀹:𣼕=cjkvi-variants 爚:𤍼=cjkvi-variants+wikidata 鑰:𫓂=cjkvi-variants
龠	𠎤	5	9	7	㵸:瀹=cjkvi-variants+mj-shrink-map+wikidata 爚:𤐯=cjkvi-variants+wikidata 蘥:𦿈=cjkvi-variants+wikidata 讑:𧭆=cjkvi-variants+wikidata 𥌉:𥌺=cjkvi-variants+wikidata
龰	⿻丶𬼂	4	3	3	縦:𦂵=mj-shrink-map 走:赱=cjkvi-variants+hng-basic-data+mj-shrink-map+wikidata+yitizi 足:𠯁=cjkvi-variants+mj-shrink-map+wikidata
龱	𠔿	3	7	3	獵:𤢪=cjkvi-variants+mj-shrink-map+unihan+wikidata+yitizi 硇:𥑚=cjkvi-variants+mj-shrink-map+wikidata 𢞗:𭝰=wikidata
龱	𱕻	2	19	16	䴚:𮭰=unihan+wikidata 䴝:𱊼=unihan+wikidata 卤:鹵=cjkvi-variants+opencc+unihan+wikidata+yitizi 滷:𰛮=unihan+wikidata 硵:磠=cjkvi-variants+opencc+unihan+wikidata+yitizi 鹺:鹾=cjkvi-variants+opencc+unihan+wikidata+yitizi 𢲸:𫼵=cjkvi-variants+unihan+wikidata 𪉖:𱊺=unihan+wikidata 𪉜:𬸵=cjkvi-variants+unihan+wikidata 𪉣:𱊻=unihan+wikidata 𪉨:𬸶=cjkvi-variants+unihan+wikidata 𪉮:𬸷=cjkvi-variants+unihan+wikidata 𪉱:𬸸=cjkvi-variants+unihan+wikidata 𪉸:𫜊=cjkvi-variants+opencc+unihan+wikidata 𪉿:𬸹=cjkvi-variants+unihan+wikidata 𪊉:𱊽=unihan+wikidata
龶	{114}	2	19	12	堎:𮰢=wikidata 夌:麦=cjkvi-variants+wikidata 棱:𭪄=wikidata 淩:𭰗=wikidata 碐:𰦽=wikidata 稜:𥟀=cjkvi-variants+wikidata 菱:𮏀=mj-shrink-map+wikidata 踜:𨀱=wikidata 輘:𨌐=cjkvi-variants+wikidata 陵:𨹧=cjkvi-variants+mj-shrink-map+wikidata 𤊥:𮳩=wikidata 𪅋:𮭏=wikidata 𮌕:𮌜=wikidata
龹	𡗗	9	30	9	㫪:𣇃=cjkvi-variants 䅈:秦=mj-shrink-map 奏:𫝤=cjkvi-variants+wikidata 春:𬀴=cjkvi-variants 榛:𭫰=mj-shrink-map+wikidata 泰:𣳾=cjkvi-variants+mj-shrink-map+wikidata 湊:𭱱=mj-shrink-map+wikidata 箞:𮅒=wikidata 舂:𮍨=mj-shrink-map+wikidata
𠀁	𬺰	5	33	27	㐵:𠆬=cjkvi-variants 㻬:𤨹=cjkvi-variants+wikidata 䍂:𦈣=cjkvi-variants+wikidata 䖉:𧆜=cjkvi-variants 䣿:𨡖=cjkvi-variants+wikidata 䨕:𩂧=cjkvi-variants+wikidata 䩒:𩉞=cjkvi-variants+wikidata 于:亐=cjkvi-variants+mj-shrink-map+wikidata 宇:𡧈=cjkvi-variants+mj-shrink-map+wikidata 弙:𢎰=cjkvi-variants+wikidata 杅:𣏓=wikidata 汙:汚=cjkvi-variants+hng-basic-data+mj-shrink-map+unihan+yitizi 盂:𥁄=cjkvi-variants+mj-shrink-map+wikidata 盓:𥁡=cjkvi-variants+wikidata 盱:𥃳=cjkvi-variants+mj-shrink-map+wikidata 竽:𥫡=cjkvi-variants+mj-shrink-map+opencc+wikidata 虶:𧈯=cjkvi-variants+wikidata 訏:𧥦=cjkvi-variants+wikidata 趶:𧿉=cjkvi-variants+wikidata 迂:迃=cjkvi-variants+mj-shrink-map+wikidata 骬:𩨗=cjkvi-variants+wikidata 𦰲:𦲰=cjkvi-variants+wikidata 𨊱:𫏲=cjkvi-variants 𨖛:𨖜=cjkvi-variants+wikidata
𠁁	⿱⿰{58}刀亞	3	4	4	斲:斵=cjkvi-variants+mj-shrink-map+unihan+wikidata+yitizi 𤂊:𤃮=cjkvi-variants+wikidata 𧡸:𧢗=cjkvi-variants+wikidata 𨷖:𨷵=cjkvi-variants
𠁁	⿳⿰{58}刀{40}一	3	4	4	斲:斵=cjkvi-variants+mj-shrink-map+unihan+wikidata+yitizi 𤂊:𤃮=cjkvi-variants+wikidata 𧡸:𧢗=cjkvi-variants+wikidata 𨷖:𨷵=cjkvi-variants
𠂎	{39}	5	24	8	㧕:抑=cjkvi-variants+wikidata 卬:卯=cjkvi-variants+wikidata 昂:昴=cjkvi-variants+wikidata 枊:柳=cjkvi-variants+wikidata 泖:𭯹=wikidata 聊:𦕅=wikidata 迎:𨒖=cjkvi-variants+wikidata 𠵫:𭈾=wikidata
𠂔	𠥽	2	1	1	枾:柹=cjkvi-variants+mj-shrink-map+unihan+yitizi 泲:𭰉=wikidata
𠂔	𪩲	7	9	8	䙻:𧠥=cjkvi-variants 䪢:䪣=cjkvi-variants 姊:𡛷=cjkvi-variants+wikidata+yitizi 柹:𣐈=mj-shrink-map+yitizi 牬:𤙂=cjkvi-variants+wikidata 𨒉:𨒘=cjkvi-variants+wikidata 𨥦:𨥳=cjkvi-variants+wikidata
𠂤	{49}	7	10	9	帅:帥=cjkvi-variants+mj-shrink-map+opencc+unihan+wikidata+yitizi 师:師=cjkvi-variants+mj-shrink-map+opencc+unihan+wikidata+yitizi 浉:溮=cjkvi-variants+opencc+unihan+wikidata+yitizi 狮:獅=cjkvi-variants+opencc+unihan+wikidata+yitizi 筛:篩=cjkvi-variants+opencc+unihan+wikidata+yitizi 蒒:𰰳=unihan+wikidata 蛳:螄=cjkvi-variants+opencc+unihan+wikidata+yitizi 𢲐:𰓝=unihan+wikidata 𧜂:𬡔=cjkvi-variants+unihan+wikidata
𠂤	{6}	3	6	3	椴:𫞌=cjkvi-variants 段:𭮫=mj-shrink-map+wikidata 煅:𬊷=wikidata
𠆢	{88}	7	22	12	俞:𠈛=wikidata 傘:𠍘=cjkvi-variants+mj-shrink-map+wikidata 嗏:𠻬=cjkvi-variants 搽:𢴉=cjkvi-variants+wikidata 瀚:𬉥=wikidata 瑹:𤨓=cjkvi-variants+wikidata 翰:𦒋=wikidata 茶:荼=cjkvi-variants 𠈮:𧿍=cjkvi-variants 𣗪:𣘻=cjkvi-variants 𨢕:𨢬=cjkvi-variants 𩸈:𩹑=cjkvi-variants+wikidata
𠆢	⿰㇒乛	2	30	11	䂧:𥑒=cjkvi-variants 伱:你=cjkvi-variants+mj-shrink-map+unihan+wikidata+yitizi 尒:尔=cjkvi-variants+unihan+wikidata+yitizi 弥:𢏏=cjkvi-variants+yitizi 狝:𤝝=cjkvi-variants 苶:𦬼=cjkvi-variants+wikidata 迩:𨒛=yitizi 𠰒:𠰚=cjkvi-variants 𡊑:𡊒=cjkvi-variants 𡝠:𡝡=cjkvi-variants
𠕒	𦓐	2	57	32	䞕:𧹸=cjkvi-variants+wikidata 䫱:顬=cjkvi-variants+mj-shrink-map+wikidata 䰭:䰰=cjkvi-variants+wikidata 儒:𪝥=cjkvi-variants+wikidata 嚅:𠽴=cjkvi-variants 壖:𡑂=cjkvi-variants+wikidata 嬬:𡢉=cjkvi-variants+mj-shrink-map+wikidata 孺:𡦘=cjkvi-variants+mj-shrink-map+wikidata 懦:𢡼=cjkvi-variants+wikidata 擩:𭢛=wikidata 曘:𣊵=cjkvi-variants 濡:𣽈=cjkvi-variants+mj-shrink-map+wikidata 燸:𤏙=cjkvi-variants 獳:𤡤=cjkvi-variants+wikidata 瓀:𰢏=wikidata 礝:𥕷=cjkvi-variants+wikidata 糥:糯=cjkvi-variants+mj-shrink-map+wikidata 繻:𦅏=cjkvi-variants+mj-shrink-map+wikidata 羺:𦏌=cjkvi-variants+wikidata 蠕:𧑮=cjkvi-variants+mj-shrink-map+wikidata 襦:𮖲=wikidata 譳:𧬐=cjkvi-variants+wikidata 轜:𨎪=mj-shrink-map 醹:𨢾=cjkvi-variants+wikidata 需:𦓔=cjkvi-variants+mj-shrink-map+wikidata 鱬:𩻞=cjkvi-variants+wikidata 𥋃:𥌎=cjkvi-variants 𧂦:𧄨=cjkvi-variants 𨅲:𫏧=cjkvi-variants 𩍄:𩍥=cjkvi-variants 𩞪:𫗜=cjkvi-variants 𪋣:𪋯=cjkvi-variants+wikidata
𠚕	⿶凵人	8	72	71	䶕:𫜨=cjkvi-variants+opencc+unihan+wikidata 䶗:𮯙=unihan+wikidata 䶢:𬺍=cjkvi-variants+unihan 䶪:𬺕=cjkvi-variants+unihan+wikidata 啮:嚙=cjkvi-variants+opencc+unihan+wikidata+yitizi 齒:齿=cjkvi-variants+opencc+unihan+wikidata+yitizi 齔:龀=cjkvi-variants+opencc+unihan+wikidata+yitizi 齕:龁=cjkvi-variants+opencc+unihan+wikidata+yitizi 齖:𬹺=cjkvi-variants+unihan+wikidata 齗:龂=cjkvi-variants+opencc+unihan+wikidata+yitizi 齘:𬹼=cjkvi-variants+opencc+unihan+wikidata 齙:龅=cjkvi-variants+opencc+unihan+wikidata+yitizi 齚:𱌬=unihan+wikidata 齜:龇=cjkvi-variants+opencc+unihan+wikidata+yitizi 齝:𱌯=unihan+wikidata 齞:𱌫=unihan+wikidata 齟:龃=cjkvi-variants+opencc+unihan+wikidata+yitizi 齠:龆=cjkvi-variants+opencc+unihan+wikidata+yitizi 齡:龄=cjkvi-variants+opencc+unihan+wikidata+yitizi 齣:𱌮=unihan+wikidata 齤:𱌲=unihan+wikidata 齥:𱌱=unihan+wikidata 齦:龈=cjkvi-variants+opencc+unihan+wikidata+yitizi 齧:𫜩=cjkvi-variants+opencc+unihan+wikidata 齩:𫜪=cjkvi-variants+opencc+unihan+wikidata 齪:龊=cjkvi-variants+opencc+unihan+wikidata+yitizi 齬:龉=cjkvi-variants+opencc+unihan+wikidata+yitizi 齭:𫜭=cjkvi-variants+opencc+unihan+wikidata 齮:𬺈=cjkvi-variants+opencc+unihan+wikidata 齯:𫠜=cjkvi-variants+opencc+unihan+wikidata 齰:𫜬=cjkvi-variants+opencc+unihan+wikidata 齱:𱌶=unihan+wikidata 齲:龋=cjkvi-variants+opencc+unihan+wikidata+yitizi 齴:𫜮=cjkvi-variants+opencc+unihan+wikidata 齵:𱌹=unihan+wikidata 齷:龌=cjkvi-variants+opencc+unihan+wikidata+yitizi 齸:𱌽=unihan+wikidata 齹:𬺎=cjkvi-variants+unihan+wikidata 齻:𱌺=unihan+wikidata 齼:𬺓=cjkvi-variants+opencc+unihan+wikidata 齽:𬺔=cjkvi-variants+unihan+wikidata 𡤫:𫱿=cjkvi-variants+unihan+wikidata 𡿖:𪩛=cjkvi-variants+opencc+unihan+wikidata 𪗜:𬹽=cjkvi-variants+unihan+wikidata 𪗝:𬹻=cjkvi-variants+unihan+wikidata 𪗪:𬹿=cjkvi-variants+unihan+wikidata 𪗭:𬺀=cjkvi-variants+unihan+wikidata 𪗳:𬹾=cjkvi-variants+unihan+wikidata 𪗻:𬺁=cjkvi-variants+unihan+wikidata 𪗽:𬺄=cjkvi-variants+unihan+wikidata 𪘀:𪚏=cjkvi-variants+opencc+unihan+wikidata+yitizi 𪘁:𲎨=unihan 𪘅:𰳆=unihan+wikidata 𪘓:𬺇=cjkvi-variants+unihan+wikidata 𪘞:𬺆=cjkvi-variants+unihan+wikidata 𪘥:𱌸=unihan+wikidata 𪘧:𬺋=cjkvi-variants+unihan+wikidata 𪘩:𬺊=cjkvi-variants+unihan+wikidata 𪘬:𱌷=unihan+wikidata 𪘯:𪚐=cjkvi-variants+opencc+unihan+wikidata+yitizi 𪘲:𬺌=cjkvi-variants+unihan+wikidata 𪘵:𲎩=unihan 𪙉:𱌼=unihan+wikidata 𪙍:𬺏=cjkvi-variants+unihan+wikidata 𪙏:𫜯=cjkvi-variants+opencc+unihan+wikidata 𪙑:𬺑=cjkvi-variants+unihan+wikidata 𪙕:𬺐=cjkvi-variants+unihan+wikidata 𪙦:𲎪=unihan 𪚅:𬺖=cjkvi-variants+unihan+wikidata 𫜦:𫜫=cjkvi-variants+opencc+unihan+wikidata 𫠙:𲎧=unihan
𠚕	𱐍	2	17	15	噛:嚙=cjkvi-variants+opencc+wikidata 囓:𭌰=wikidata 歯:齒=cjkvi-variants+hng-basic-data+mj-shrink-map+opencc+unihan+wikidata+yitizi 鑡:𮣁=wikidata 齔:𮮾=wikidata 齟:𪗱=cjkvi-variants+mj-shrink-map+wikidata 齠:𮯃=wikidata 齡:齢=cjkvi-variants+mj-shrink-map+opencc+unihan+wikidata+yitizi 齣:𫠚=cjkvi-variants+wikidata 齦:𮯅=wikidata 齪:𮯇=wikidata 齬:𪘚=cjkvi-variants+mj-shrink-map+wikidata 齲:𮯌=wikidata 齶:𮯋=wikidata 齷:𮯎=wikidata
𠤕	𰧭	4	13	5	䕀:𦹔=wikidata 䲌:𩺶=cjkvi-variants+wikidata 欵:款=cjkvi-variants+mj-shrink-map+unihan+wikidata+yitizi 窽:窾=cjkvi-variants+wikidata 𣟌:𭬠=wikidata
𠦬	⿻千龷	2	19	16	䅜:𥢤=cjkvi-variants+wikidata 倕:𠍮=cjkvi-variants+wikidata 厜:𠪪=cjkvi-variants+opencc+wikidata 唾:𠾊=cjkvi-variants+mj-shrink-map+wikidata 垂:𡍮=cjkvi-variants+mj-shrink-map+wikidata 埵:𡑊=cjkvi-variants+mj-shrink-map+opencc+wikidata 捶:𢴹=cjkvi-variants+mj-shrink-map+opencc+wikidata 睡:𥋍=cjkvi-variants+mj-shrink-map+wikidata 硾:𥖌=cjkvi-variants+opencc+wikidata 箠:𥴓=cjkvi-variants+opencc+wikidata 諈:𧬡=cjkvi-variants+opencc+wikidata 郵:𨞄=cjkvi-variants+mj-shrink-map+opencc+wikidata 錘:𨭇=cjkvi-variants+mj-shrink-map+opencc+wikidata 陲:𨼦=cjkvi-variants+wikidata 𡙇:𡚆=cjkvi-variants+mj-shrink-map 𨙔:𨙦=cjkvi-variants+wikidata+yitizi 𨿠:𩁅=cjkvi-variants+wikidata
𠧪	𠨋	2	1	1	㮚:𣡼=cjkvi-variants 𥻆:𥾄=cjkvi-variants
𠩺	𭆆	7	9	8	嫠:𡠉=cjkvi-variants+wikidata 斄:𣀗=wikidata 氂:𣯛=cjkvi-variants+wikidata 漦:𣺶=wikidata 犛:𤛆=cjkvi-variants+wikidata 釐:𨤲=cjkvi-variants+wikidata 𥼅:𥼋=wikidata
𠪘	𠪚	2	1	1	䉷:𥸂=cjkvi-variants+wikidata 嚴:𡃫=cjkvi-variants+mj-shrink-map+opencc+wikidata
𠫔	𭥴	5	39	36	㻅:璯=cjkvi-variants+opencc+unihan+wikidata+yitizi 䢈:𰺭=unihan+wikidata 䯤:𩩈=cjkvi-variants+opencc+unihan+wikidata 䵳:𪑅=cjkvi-variants+opencc+unihan+wikidata 会:會=cjkvi-variants+hng-basic-data+mj-shrink-map+opencc+unihan+wikidata+yitizi 侩:儈=cjkvi-variants+opencc+unihan+wikidata+yitizi 刽:劊=cjkvi-variants+opencc+unihan+wikidata+yitizi 哙:噲=cjkvi-variants+opencc+unihan+wikidata+yitizi 嬒:𫰢=cjkvi-variants+unihan+wikidata 廥:𰏶=unihan+wikidata 懀:𢙓=cjkvi-variants+opencc+unihan+wikidata+yitizi 旝:𰕭=unihan+wikidata 桧:檜=cjkvi-variants+opencc+unihan+wikidata+yitizi 浍:澮=cjkvi-variants+opencc+unihan+wikidata+yitizi 烩:燴=cjkvi-variants+opencc+unihan+wikidata+yitizi 狯:獪=cjkvi-variants+opencc+unihan+wikidata+yitizi 癐:𤶊=cjkvi-variants+opencc+unihan 禬:𰧻=unihan+wikidata 絵:繪=cjkvi-variants+hng-basic-data+mj-shrink-map+opencc+unihan+wikidata+yitizi 脍:膾=cjkvi-variants+mj-shrink-map+opencc+unihan+wikidata+yitizi 荟:薈=cjkvi-variants+opencc+unihan+wikidata+yitizi 襘:𫋻=cjkvi-variants+opencc+unihan+wikidata 郐:鄶=cjkvi-variants+opencc+unihan+wikidata+yitizi 鬠:𫘽=cjkvi-variants+opencc+unihan+wikidata 鱠:𩷆=cjkvi-variants+wikidata 𠀾:𠁞=cjkvi-variants+opencc+unihan+wikidata 𡋗:𡑭=cjkvi-variants+mj-shrink-map+opencc+unihan+wikidata+yitizi 𡳃:𡳳=cjkvi-variants+opencc+unihan+wikidata 𡼾:𰎛=unihan+wikidata 𢶒:𪭯=cjkvi-variants+opencc+unihan+wikidata 𣍐:𫧃=cjkvi-variants+opencc+unihan+wikidata 𥖩:𬒊=cjkvi-variants+unihan+wikidata 𥢶:𫞷=cjkvi-variants+opencc+unihan+wikidata 𥭉:𥵊=cjkvi-variants+opencc+unihan+wikidata+yitizi 𧒯:𫊹=cjkvi-variants+opencc+unihan+wikidata 𩠠:𩠴=cjkvi-variants+opencc+unihan+wikidata+yitizi
𠬶	⿱帚又	12	15	12	㑴:侵=cjkvi-variants+mj-shrink-map+opencc+wikidata 埐:𡎹=cjkvi-variants+opencc+wikidata 寑:𡪢=cjkvi-variants+opencc+wikidata 寢:𡫒=cjkvi-variants+mj-shrink-map+wikidata 梫:𣖽=cjkvi-variants+mj-shrink-map+opencc+wikidata 浸:𣹰=cjkvi-variants+mj-shrink-map+wikidata 祲:𥛆=cjkvi-variants+opencc+wikidata 綅:𦃌=cjkvi-variants+opencc+wikidata 葠:𦺭=opencc 駸:𩤿=cjkvi-variants+mj-shrink-map+opencc+wikidata 𢬶:𢱥=cjkvi-variants+wikidata
𠬸	⿱勹又	3	3	3	沒:𣴬=cjkvi-variants+opencc+wikidata 𤣻:𤥜=cjkvi-variants+wikidata 𩑦:𩓔=cjkvi-variants+wikidata
𠮷	⿱丰口	2	1	1	周:𠕛=cjkvi-variants 周:𠱬=cjkvi-variants+mj-shrink-map+wikidata
𠷎	⿹{120}口	5	6	6	𢄛:𢅂=cjkvi-variants 𤛒:𤛴=cjkvi-variants 𦒛:𦒞=cjkvi-variants 𦒫:𦒯=cjkvi-variants 𨢫:𨣊=cjkvi-variants
𡏳	𦰩	4	11	5	漢:𤁉=cjkvi-variants+mj-shrink-map+opencc+wikidata 熯:𤑆=cjkvi-variants+mj-shrink-map+opencc+wikidata 臡:𦣚=cjkvi-variants+wikidata 難:𩁘=cjkvi-variants+mj-shrink-map+wikidata 𪄿:𪇠=cjkvi-variants+wikidata
𡕥	𥄎	5	8	8	䦩:闅=wikidata 夐:敻=cjkvi-variants+mj-shrink-map+wikidata+yitizi 藑:𧁰=cjkvi-variants+opencc+wikidata 觼:𧥎=cjkvi-variants+wikidata 讂:𧭦=cjkvi-variants+opencc+wikidata 𡙋:𥆗=cjkvi-variants
𡧍	𡧎	3	4	4	𡜷:𡝏=cjkvi-variants 𡪛:𧶎=cjkvi-variants 𣴩:𣵈=cjkvi-variants
𡨄	𡫟	3	6	3	㥶:𢥛=cjkvi-variants+wikidata 㥶:𢥜=cjkvi-variants+wikidata 塞:𡫼=cjkvi-variants+wikidata
𡭴	𡭽	5	6	6	隙:𨻶=cjkvi-variants+mj-shrink-map+unihan+wikidata+yitizi 𡄼:𡅗=cjkvi-variants 𧎾:𧐑=cjkvi-variants+wikidata 𧯈:𧯊=cjkvi-variants
𡭽	⿳⺌日小	2	1	1	虩:𧈅=cjkvi-variants+wikidata+yitizi 𡄼:𡅗=cjkvi-variants
𡱂	𡱒	2	1	1	澱:𣾮=cjkvi-variants+mj-shrink-map+opencc+wikidata 𪑣:𪑩=cjkvi-variants+wikidata
𡱒	⿸尸⿱几几	2	2	1	殿:𣪍=cjkvi-variants+mj-shrink-map+opencc+wikidata 𪑍:𪑩=cjkvi-variants+wikidata
𡿪	𣧄	4	8	4	㭮:桚=cjkvi-variants 㳨:𣴖=cjkvi-variants+wikidata 𠡝:𠡢=wikidata 𨀨:𫏎=cjkvi-variants+wikidata
𡿺	𭗼	10	14	11	㛴:𡜪=cjkvi-variants+wikidata 㺁:𤝾=cjkvi-variants+wikidata 惱:𢙉=cjkvi-variants+mj-shrink-map+wikidata 瑙:𤤼=cjkvi-variants+wikidata 碯:𥒤=cjkvi-variants+mj-shrink-map 腦:𦛁=cjkvi-variants+mj-shrink-map+wikidata 𣧽:𬆛=cjkvi-variants 𤇱:𤊲=cjkvi-variants+wikidata 𤶆:𤷻=cjkvi-variants+wikidata 𩣃:𩤘=cjkvi-variants+wikidata
𡿺	𰙩	3	4	3	㺁:𤠏=cjkvi-variants+wikidata 䜀:𧩣=cjkvi-variants+wikidata 𧳦:𧳺=cjkvi-variants
𢇁	𢇇	5	8	6	㶌:𭳝=wikidata 㺦:𤣆=cjkvi-variants+wikidata 聮:聯=cjkvi-variants+mj-shrink-map+wikidata+yitizi 闗:關=cjkvi-variants+mj-shrink-map+unihan+wikidata+yitizi 𢹶:𢺄=cjkvi-variants+wikidata 𤑿:𤒤=cjkvi-variants+wikidata
𢇂	𢇇	2	1	1	聨:聯=cjkvi-variants+mj-shrink-map+wikidata+yitizi 關:𨵿=cjkvi-variants+mj-shrink-map+opencc+wikidata
𢦏	𢦒	9	11	10	哉:𠳆=cjkvi-variants+mj-shrink-map+opencc+wikidata 戴:𢨚=cjkvi-variants+mj-shrink-map+opencc+wikidata 栽:𣒭=cjkvi-variants+mj-shrink-map+opencc+wikidata 烖:𤈮=cjkvi-variants 胾:𦛹=cjkvi-variants+opencc+wikidata 裁:𧚝=cjkvi-variants+mj-shrink-map+opencc+wikidata 載:𨌏=cjkvi-variants+mj-shrink-map+opencc+wikidata 酨:𨠾=cjkvi-variants+opencc+wikidata 𨚵:𨛚=cjkvi-variants+wikidata
𢧜	𢧤	3	4	3	䟈:𧾞=cjkvi-variants+wikidata 鐵:𨮯=cjkvi-variants+mj-shrink-map+opencc+wikidata 驖:𩧀=cjkvi-variants+wikidata
𢼄	𫼉	4	5	4	䁈:䁉=cjkvi-variants+wikidata 䋯:綮=cjkvi-variants+mj-shrink-map+wikidata 啓:啔=cjkvi-variants+mj-shrink-map+yitizi 肇:肈=cjkvi-variants+mj-shrink-map+unihan+wikidata+yitizi
𣌢	𱒃	2	19	16	㬌:景=cjkvi-variants+mj-shrink-map+wikidata 㹁:𤚒=cjkvi-variants+wikidata 䁁:𥈘=cjkvi-variants 勍:𠡽=cjkvi-variants+mj-shrink-map+wikidata 就:𭕒=mj-shrink-map+wikidata 弶:𰐞=wikidata 掠:𢱊=cjkvi-variants+wikidata 涼:鿌=cjkvi-variants+unihan+wikidata+yitizi 綡:𦂠=cjkvi-variants+wikidata 輬:𨍡=cjkvi-variants+wikidata 鶁:𬷦=wikidata 麖:𪋔=cjkvi-variants 𡌿:𫮎=cjkvi-variants 𣄴:𣄷=cjkvi-variants+wikidata 𧌬:𮔥=wikidata 𧤀:𧤚=cjkvi-variants
𣬉	⿱{3}比	5	6	5	㔡:𠢒=cjkvi-variants+wikidata 㮰:𣗽=wikidata 媲:嫓=cjkvi-variants+wikidata 貔:𧴀=cjkvi-variants+wikidata 𪄆:𪄢=cjkvi-variants+wikidata
𣶒	𫂱	3	7	6	㘤:𡈛=cjkvi-variants+unihan+wikidata 奫:𫯶=cjkvi-variants+unihan+wikidata 婣:𫰿=wikidata 淵:渊=cjkvi-variants+hng-basic-data+mj-shrink-map+opencc+unihan+wikidata+yitizi 蜵:𬠔=wikidata
𤇾	𫇦	26	68	62	㹙:𪺴=cjkvi-variants+wikidata 㼆:𬎆=cjkvi-variants+unihan+wikidata 䁝:𰥞=unihan+wikidata 䃕:𰦷=unihan+wikidata 䒮:𠙦=wikidata 䒿:膋=cjkvi-variants+unihan+wikidata 䓨:罃=cjkvi-variants+opencc+unihan+wikidata 僗:𫢬=cjkvi-variants+unihan+wikidata 劳:勞=cjkvi-variants+mj-shrink-map+opencc+unihan+wikidata+yitizi 唠:嘮=cjkvi-variants+opencc+unihan+wikidata+yitizi 塋:茔=cjkvi-variants+opencc+unihan+wikidata+yitizi 嫈:𰌀=unihan+wikidata 崂:嶗=cjkvi-variants+opencc+unihan+wikidata+yitizi 巆:𫶕=cjkvi-variants+unihan+wikidata 憦:𫺘=cjkvi-variants+unihan+wikidata 捞:撈=cjkvi-variants+opencc+unihan+wikidata+yitizi 橯:𣓿=cjkvi-variants+opencc+unihan 檾:𰘓=unihan+wikidata 涝:澇=cjkvi-variants+opencc+unihan+wikidata+yitizi 滎:荥=cjkvi-variants+opencc+unihan+wikidata+yitizi 滢:瀅=cjkvi-variants+opencc+unihan+wikidata+yitizi 潆:瀠=cjkvi-variants+opencc+unihan+wikidata+yitizi 濙:𣸨=cjkvi-variants+wikidata 濴:𬈜=cjkvi-variants+unihan+wikidata 瀯:𰝅=unihan+wikidata 煢:茕=cjkvi-variants+opencc+unihan+wikidata+yitizi 熒:荧=cjkvi-variants+opencc+unihan+wikidata+yitizi 營:营=cjkvi-variants+mj-shrink-map+opencc+unihan+wikidata+yitizi 犖:荦=cjkvi-variants+opencc+unihan+wikidata+yitizi 瑩:莹=cjkvi-variants+opencc+unihan+wikidata+yitizi 痨:癆=cjkvi-variants+opencc+unihan+wikidata+yitizi 磱:𮀤=unihan+wikidata 縈:萦=cjkvi-variants+opencc+unihan+wikidata+yitizi 耢:耮=cjkvi-variants+opencc+unihan+yitizi 莺:𮹘=unihan 萤:螢=cjkvi-variants+opencc+unihan+wikidata+yitizi 蒏:醟=cjkvi-variants+opencc+unihan 蓥:鎣=cjkvi-variants+opencc+unihan+wikidata+yitizi 蟧:𮔚=wikidata 謍:𰴯=unihan+wikidata 軂:𬧤=cjkvi-variants+unihan+wikidata 鶯:𦾉=cjkvi-variants+wikidata 鿲:𧰎=unihan+wikidata 𠠜:𫦕=cjkvi-variants+wikidata 𡑍:𫭼=cjkvi-variants+opencc+unihan+wikidata 𢄋:𦭬=cjkvi-variants+unihan+wikidata 𣂈:𦮜=unihan 𤎤:𬝃=cjkvi-variants+unihan+wikidata 𤑚:𮳶=unihan+wikidata 𤒨:𮳸=unihan+wikidata 𤙯:𤛮=cjkvi-variants+opencc+unihan+wikidata 𤩂:𫞧=cjkvi-variants+opencc+unihan+wikidata 𤫎:𮴶=unihan+wikidata 𥣻:𦼖=unihan 𨣃:𰼋=unihan+wikidata 𨯗:𮢽=wikidata 𪦯:𮱕=unihan+wikidata 𫃑:𰪿=unihan+wikidata 𫦰:𫦸=cjkvi-variants+unihan+wikidata
𤇾	𰃮	6	20	11	労:勞=cjkvi-variants+hng-basic-data+mj-shrink-map+opencc+unihan+wikidata+yitizi 営:營=cjkvi-variants+hng-basic-data+mj-shrink-map+opencc+unihan+wikidata+yitizi 撈:𢭐=cjkvi-variants+wikidata 栄:榮=cjkvi-variants+hng-basic-data+mj-shrink-map+opencc+unihan+wikidata+yitizi 濚:𭱚=wikidata 瑩:𭸼=wikidata 癆:𭼎=wikidata 蛍:螢=cjkvi-variants+hng-basic-data+mj-shrink-map+opencc+unihan+wikidata+yitizi 鑅:𮢚=wikidata 鴬:鶯=cjkvi-variants+wikidata+yitizi 𦆱:𮈰=wikidata
𤰇	𤰈	7	11	10	㷶:𤏹=cjkvi-variants 㸢:𤗩=cjkvi-variants+wikidata 備:僃=cjkvi-variants+mj-shrink-map+opencc+wikidata 憊:𢣍=cjkvi-variants+mj-shrink-map+wikidata 犕:𤛟=cjkvi-variants+wikidata 糒:𥼓=cjkvi-variants+mj-shrink-map+wikidata 鞴:𩍁=cjkvi-variants+mj-shrink-map+wikidata 韛:𩏕=cjkvi-variants+mj-shrink-map 𢞎:𢟡=cjkvi-variants
𤰔	{7}	2	6	5	傳:𫝊=cjkvi-variants+mj-shrink-map+wikidata 専:專=cjkvi-variants+hng-basic-data+mj-shrink-map+opencc+unihan+wikidata+yitizi 恵:惠=cjkvi-variants+hng-basic-data+mj-shrink-map+opencc+unihan+wikidata+yitizi 穂:穗=cjkvi-variants+hng-basic-data+mj-shrink-map+opencc+unihan+wikidata+yitizi 鏸:𨫍=cjkvi-variants+wikidata
𤴔	𧾷	4	11	5	䟽:疏=cjkvi-variants+mj-shrink-map+wikidata+yitizi 疎:踈=cjkvi-variants+mj-shrink-map+yitizi 蔬:𬞞=wikidata 跛:𭼀=wikidata 踰:𭼄=wikidata
𥄳	⿱罒⿴{11}丨	2	1	1	瘝:𤸄=cjkvi-variants+wikidata 鰥:𩹌=cjkvi-variants+wikidata
𥇛	𥈜	2	3	1	𥋢:𥌪=cjkvi-variants+wikidata 𩕦:𩖀=cjkvi-variants+wikidata
𥘈	⿱匕禾	3	8	4	穎:頴=cjkvi-variants+mj-shrink-map+opencc+unihan+wikidata+yitizi 蘏:蘔=cjkvi-variants+yitizi 𣟓:𣟤=cjkvi-variants+wikidata 𤃡:𪷿=cjkvi-variants
𥘈	⿳匕㇒木	3	8	4	穎:頴=cjkvi-variants+mj-shrink-map+opencc+unihan+wikidata+yitizi 蘏:蘔=cjkvi-variants+yitizi 𣟓:𣟤=cjkvi-variants+wikidata 𤃡:𪷿=cjkvi-variants
𥘈	𰧭	4	8	5	㘑:𭋺=wikidata 䕀:𬝺=wikidata 款:𣢾=wikidata 窾:𥧾=wikidata 𢸀:𭢿=wikidata
𦎧	𦎫	2	2	1	𤜀:𤜃=cjkvi-variants 𨯢:𫓜=cjkvi-variants
𦐇	⿱罒羽	3	5	3	搨:𢴄=cjkvi-variants+wikidata 榻:𮲹=wikidata 蹋:𮜍=wikidata
𦣞	𱼧	2	7	4	㼢:𤭘=cjkvi-variants+wikidata 凞:𠘕=cjkvi-variants 煕:熈=cjkvi-variants+hng-basic-data+mj-shrink-map+yitizi 熈:熙=cjkvi-variants+mj-shrink-map+unihan+wikidata+yitizi
𦥯	𰃮	9	20	17	㙾:𰉽=unihan+wikidata 㩭:𫽊=cjkvi-variants+unihan+wikidata 喾:嚳=cjkvi-variants+opencc+unihan+wikidata+yitizi 学:學=cjkvi-variants+hng-basic-data+mj-shrink-map+opencc+unihan+wikidata+yitizi 峃:嶨=cjkvi-variants+opencc+unihan+wikidata 撹:攪=cjkvi-variants+hng-basic-data+opencc+wikidata+yitizi 敩:斆=cjkvi-variants+opencc+unihan+wikidata+yitizi 斅:𢽾=cjkvi-variants+opencc+unihan+wikidata+yitizi 泶:澩=cjkvi-variants+opencc+unihan+wikidata+yitizi 礐:𬒈=cjkvi-variants+opencc+unihan+wikidata 覚:覺=cjkvi-variants+hng-basic-data+mj-shrink-map+opencc+unihan+wikidata+yitizi 觷:𰴣=unihan+wikidata 黉:黌=cjkvi-variants+opencc+unihan+wikidata+yitizi 𠐮:𬾣=unihan+wikidata 𤊀:𤒎=cjkvi-variants+opencc+unihan+yitizi 𤛱:𫞢=cjkvi-variants+opencc+unihan+wikidata
𦰩	⿳廿⿻口{114}土	2	2	2	䕿:𧆖=cjkvi-variants+wikidata 難:𩁢=cjkvi-variants+mj-shrink-map+wikidata 𪄿:𪇼=cjkvi-variants+wikidata
𦰩	⿳廿⿻口圥土	2	2	2	䕿:𧆖=cjkvi-variants+wikidata 難:𩁢=cjkvi-variants+mj-shrink-map+wikidata 𪄿:𪇼=cjkvi-variants+wikidata
𧴪	𧴲	6	8	7	䣔:𨝉=cjkvi-variants+wikidata 瑣:𤨏=cjkvi-variants+mj-shrink-map+wikidata 鎖:鎻=cjkvi-variants+mj-shrink-map+unihan+wikidata+yitizi 𥔭:𮁁=wikidata 𨻈:𨻨=cjkvi-variants+wikidata 𩪇:𩪈=cjkvi-variants
𧴪	𭕆	4	5	5	唢:嗩=cjkvi-variants+opencc+unihan+wikidata+yitizi 琐:瑣=cjkvi-variants+opencc+unihan+wikidata+yitizi 𠝿:𫦁=cjkvi-variants+unihan+wikidata 𢱡:𫼶=cjkvi-variants+unihan+wikidata
𨥫	⿱丣金	2	3	3	䉧:𥷢=cjkvi-variants+wikidata 瀏:𤄉=cjkvi-variants+mj-shrink-map+opencc+wikidata 𢤐:𢥍=cjkvi-variants+wikidata
𪠲	⿱勹又	3	3	3	歿:𭮈=mj-shrink-map+wikidata 沒:𣳚=cjkvi-variants+wikidata 𩑦:𮨄=wikidata
𫀄	⿵戌𣥂	3	3	3	奯:𡚓=cjkvi-variants+wikidata 嵗:𡻕=cjkvi-variants 薉:𦿧=cjkvi-variants+wikidata
𫠤	⿱出方	3	17	15	䦋:𨲶=cjkvi-variants+wikidata 䵅:𪍾=cjkvi-variants 厫:𠪭=cjkvi-variants 摮:𢶗=cjkvi-variants+wikidata 敖:𢾕=cjkvi-variants+wikidata 滶:𣿗=cjkvi-variants+wikidata 熬:𤏺=cjkvi-variants+mj-shrink-map+wikidata 獒:𤢝=cjkvi-variants+mj-shrink-map+wikidata 聱:𦗷=cjkvi-variants+wikidata 蔜:𦽠=cjkvi-variants+wikidata 贅:𧸟=cjkvi-variants+wikidata 遨:𨗯=cjkvi-variants+mj-shrink-map+wikidata 鰲:𩼡=cjkvi-variants+mj-shrink-map+wikidata 鼇:𪓾=cjkvi-variants+mj-shrink-map+wikidata 𦪈:𦪰=cjkvi-variants+wikidata
𫠤	⿳⿱屮凵丶万	3	17	15	䦋:𨲶=cjkvi-variants+wikidata 䵅:𪍾=cjkvi-variants 厫:𠪭=cjkvi-variants 摮:𢶗=cjkvi-variants+wikidata 敖:𢾕=cjkvi-variants+wikidata 滶:𣿗=cjkvi-variants+wikidata 熬:𤏺=cjkvi-variants+mj-shrink-map+wikidata 獒:𤢝=cjkvi-variants+mj-shrink-map+wikidata 聱:𦗷=cjkvi-variants+wikidata 蔜:𦽠=cjkvi-variants+wikidata 贅:𧸟=cjkvi-variants+wikidata 遨:𨗯=cjkvi-variants+mj-shrink-map+wikidata 鰲:𩼡=cjkvi-variants+mj-shrink-map+wikidata 鼇:𪓾=cjkvi-variants+mj-shrink-map+wikidata 𦪈:𦪰=cjkvi-variants+wikidata
𫢉	⿱𠆢木	2	3	2	幹:榦=cjkvi-variants+mj-shrink-map+yitizi 檊:𭬕=wikidata 𦼮:𦾮=cjkvi-variants+wikidata
𬀷	⿱𠂉𠃓	5	5	5	慯:𫹽=cjkvi-variants+unihan+wikidata 摥:𫼟=cjkvi-variants+wikidata 殇:殤=cjkvi-variants+opencc+unihan+wikidata+yitizi 觞:觴=cjkvi-variants+opencc+unihan+wikidata+yitizi 鬺:𱆌=unihan+wikidata
𬯁	⿰𠂤辛	3	7	3	孽:𦽆=cjkvi-variants+wikidata 嶭:𡺰=cjkvi-variants+wikidata 薛:𦵮=cjkvi-variants+wikidata
𭕄	⿴𦥑{23}	2	12	9	举:舉=cjkvi-variants+opencc+unihan+wikidata+yitizi 学:𫝯=mj-shrink-map 挙:擧=cjkvi-variants+hng-basic-data+mj-shrink-map+opencc+unihan+wikidata+yitizi 攑:𫽥=cjkvi-variants+unihan+wikidata 榉:櫸=cjkvi-variants+opencc+unihan+wikidata+yitizi 欅:﨔=cjkvi-variants 礜:𪿝=wikidata 襷:𧜎=cjkvi-variants+wikidata 誉:譽=cjkvi-variants+hng-basic-data+mj-shrink-map+opencc+unihan+wikidata+yitizi 𡒊:𮰡=wikidata
𭕄	⿴𦥑爻	8	20	17	㙾:𰉽=unihan+wikidata 㩭:𫽊=cjkvi-variants+unihan+wikidata 喾:嚳=cjkvi-variants+opencc+unihan+wikidata+yitizi 学:學=cjkvi-variants+hng-basic-data+mj-shrink-map+opencc+unihan+wikidata+yitizi 峃:嶨=cjkvi-variants+opencc+unihan+wikidata 撹:攪=cjkvi-variants+hng-basic-data+opencc+wikidata+yitizi 敩:斆=cjkvi-variants+opencc+unihan+wikidata+yitizi 斅:𢽾=cjkvi-variants+opencc+unihan+wikidata+yitizi 泶:澩=cjkvi-variants+opencc+unihan+wikidata+yitizi 礐:𬒈=cjkvi-variants+opencc+unihan+wikidata 覚:覺=cjkvi-variants+hng-basic-data+mj-shrink-map+opencc+unihan+wikidata+yitizi 觷:𰴣=unihan+wikidata 黉:黌=cjkvi-variants+opencc+unihan+wikidata+yitizi 𠐮:𬾣=unihan+wikidata 𤊀:𤒎=cjkvi-variants+opencc+unihan+yitizi 𤛱:𫞢=cjkvi-variants+opencc+unihan+wikidata 𦥯:𰃮=unihan+wikidata
𮥶	⿱龷隹	4	6	4	勧:𭄿=mj-shrink-map 権:𫞐=cjkvi-variants+mj-shrink-map 歓:𭭕=mj-shrink-map 観:𮗚=mj-shrink-map
𮥶	⿳卄一隹	4	6	4	勧:𭄿=mj-shrink-map 権:𫞐=cjkvi-variants+mj-shrink-map 歓:𭭕=mj-shrink-map 観:𮗚=mj-shrink-map
𰀁	⿻丨⿱凵凵	2	2	2	𠨭:𠩀=cjkvi-variants+wikidata 𠯎:𠱨=cjkvi-variants+wikidata 𤜾:𤞁=cjkvi-variants+wikidata
𰀕	⿰⿱一⿵冂丨⿱一⿵冂丨	2	9	8	䕻:𧅳=cjkvi-variants+wikidata 䚕:𧢮=cjkvi-variants+wikidata 廲:𢌒=cjkvi-variants+wikidata 灑:𭳺=wikidata 纚:𮉟=mj-shrink-map+wikidata 酈:𨟫=cjkvi-variants+mj-shrink-map+wikidata 鸝:𪈹=cjkvi-variants+mj-shrink-map+wikidata 𧥖:𧥗=cjkvi-variants+wikidata
𰀕	⿰⿱一𠔼⿱一𠔼	2	9	8	䕻:𧅳=cjkvi-variants+wikidata 䚕:𧢮=cjkvi-variants+wikidata 廲:𢌒=cjkvi-variants+wikidata 灑:𭳺=wikidata 纚:𮉟=mj-shrink-map+wikidata 酈:𨟫=cjkvi-variants+mj-shrink-map+wikidata 鸝:𪈹=cjkvi-variants+mj-shrink-map+wikidata 𧥖:𧥗=cjkvi-variants+wikidata
𰀡	⿰臣⿱𠂉一	4	11	7	㩜:𫽝=cjkvi-variants 濫:𬈋=cjkvi-variants+wikidata 灆:𪷞=cjkvi-variants 𣠩:𬄱=wikidata 𤂺:𪷃=cjkvi-variants
𰀡	⿰臣⿱𠂉丶	5	11	7	㩜:𫽝=cjkvi-variants 濫:𬈋=cjkvi-variants+wikidata 灆:𪷞=cjkvi-variants 監:𪾋=cjkvi-variants 紧:𦂳=cjkvi-variants 𣠩:𬄱=wikidata 𤂺:𪷃=cjkvi-variants
𰀢	⿰臣⿱𠂉一	8	36	30	㔋:𪟎=cjkvi-variants+opencc+unihan+wikidata 㜮:𫱕=cjkvi-variants+unihan+wikidata 㨫:㩜=cjkvi-variants+opencc+unihan+wikidata+yitizi 㰖:𬄦=cjkvi-variants+wikidata 㲯:𰚪=unihan+wikidata 䰐:𱆅=unihan+wikidata 儖:𫣉=cjkvi-variants+unihan+wikidata 嚂:𰈓=unihan+wikidata 壏:𰊑=unihan+wikidata 尴:尷=cjkvi-variants+opencc+unihan+wikidata+yitizi 槛:檻=cjkvi-variants+opencc+unihan+wikidata+yitizi 滥:濫=cjkvi-variants+opencc+unihan+wikidata+yitizi 爁:𬊶=cjkvi-variants+unihan+wikidata 璼:𫞨=cjkvi-variants+opencc+unihan+wikidata 礛:𰧔=unihan+wikidata 篮:籃=cjkvi-variants+opencc+unihan+wikidata+yitizi 糮:𬖮=cjkvi-variants+unihan+wikidata 艦:𮶙=unihan+wikidata 蓝:藍=cjkvi-variants+opencc+unihan+wikidata+yitizi 蘫:𬞫=cjkvi-variants+unihan+wikidata 褴:襤=cjkvi-variants+opencc+unihan+wikidata+yitizi 鉴:鍳=cjkvi-variants 𡽳:𫶊=cjkvi-variants+unihan+wikidata 𢅡:𫷌=cjkvi-variants+unihan+wikidata 𣔿:𰗘=unihan 𣞎:𣠩=cjkvi-variants+opencc+unihan 𦡶:𰯂=unihan+wikidata 𨣨:𰼏=unihan+wikidata 𩴌:𩴵=cjkvi-variants+opencc+unihan+wikidata
𰀢	⿰臣⿱𠂉丶	8	36	30	㔋:𪟎=cjkvi-variants+opencc+unihan+wikidata 㜮:𫱕=cjkvi-variants+unihan+wikidata 㨫:㩜=cjkvi-variants+opencc+unihan+wikidata+yitizi 㰖:𬄦=cjkvi-variants+wikidata 㲯:𰚪=unihan+wikidata 䰐:𱆅=unihan+wikidata 儖:𫣉=cjkvi-variants+unihan+wikidata 嚂:𰈓=unihan+wikidata 壏:𰊑=unihan+wikidata 尴:尷=cjkvi-variants+opencc+unihan+wikidata+yitizi 槛:檻=cjkvi-variants+opencc+unihan+wikidata+yitizi 滥:濫=cjkvi-variants+opencc+unihan+wikidata+yitizi 爁:𬊶=cjkvi-variants+unihan+wikidata 璼:𫞨=cjkvi-variants+opencc+unihan+wikidata 监:監=cjkvi-variants+opencc+unihan+wikidata+yitizi 礛:𰧔=unihan+wikidata 篮:籃=cjkvi-variants+opencc+unihan+wikidata+yitizi 糮:𬖮=cjkvi-variants+unihan+wikidata 艦:𮶙=unihan+wikidata 蓝:藍=cjkvi-variants+opencc+unihan+wikidata+yitizi 蘫:𬞫=cjkvi-variants+unihan+wikidata 褴:襤=cjkvi-variants+opencc+unihan+wikidata+yitizi 鉴:鍳=cjkvi-variants 𡽳:𫶊=cjkvi-variants+unihan+wikidata 𢅡:𫷌=cjkvi-variants+unihan+wikidata 𣔿:𰗘=unihan 𣞎:𣠩=cjkvi-variants+opencc+unihan 𦡶:𰯂=unihan+wikidata 𨣨:𰼏=unihan+wikidata 𩴌:𩴵=cjkvi-variants+opencc+unihan+wikidata
𰀢	𰯲	6	11	7	㧛:擥=cjkvi-variants+unihan+wikidata 㯺:𰗘=wikidata 䛓:譼=unihan+wikidata 鉴:鑒=cjkvi-variants+opencc+unihan+wikidata+yitizi 𧒋:𧖐=cjkvi-variants 𨈇:𫏠=cjkvi-variants
𰯲	⿰臣⿱𠂉一	5	19	12	㯺:𣔿=cjkvi-variants 㰖:欖=cjkvi-variants+mj-shrink-map+wikidata 䌫:纜=cjkvi-variants+mj-shrink-map+unihan+wikidata+yitizi 嚂:𡅞=cjkvi-variants+wikidata 攬:𭣄=wikidata 灠:𤂺=cjkvi-variants+wikidata 爦:𤑸=cjkvi-variants 覧:覽=cjkvi-variants+hng-basic-data+mj-shrink-map+opencc+unihan+wikidata+yitizi 鍳:鑒=cjkvi-variants+unihan+wikidata 𨇣:𨈇=cjkvi-variants+wikidata 𨍒:𨏊=cjkvi-variants 𨣸:𨤋=cjkvi-variants+wikidata
𰯲	⿰臣⿱𠂉丶	5	19	12	㯺:𣔿=cjkvi-variants 㰖:欖=cjkvi-variants+mj-shrink-map+wikidata 䌫:纜=cjkvi-variants+mj-shrink-map+unihan+wikidata+yitizi 嚂:𡅞=cjkvi-variants+wikidata 攬:𭣄=wikidata 灠:𤂺=cjkvi-variants+wikidata 爦:𤑸=cjkvi-variants 覧:覽=cjkvi-variants+hng-basic-data+mj-shrink-map+opencc+unihan+wikidata+yitizi 鍳:鑒=cjkvi-variants+unihan+wikidata 𨇣:𨈇=cjkvi-variants+wikidata 𨍒:𨏊=cjkvi-variants 𨣸:𨤋=cjkvi-variants+wikidata
